OCC_CODE,Title,L0,reinst_gradual,reinst_congested,claim_unconstrained,size_task_mass
11-1011,Chief Executives,0.0011654111402557383,0.0005805468301265089,0.0005043073393650422,0.0031086855199126077,0.0011654111402557383
11-1011,Chief Sustainability Officers,0.0011654111402557383,8.397098261567165e-05,0.0002951624980900933,0.0005191508154827192,0.0011654111402557385
11-1021,General and Operations Managers,0.019353504956211152,2.443837089215308e-05,7.870261138787722e-05,0.00022826420454482378,0.019353504956211152
11-2011,Advertising and Promotions Managers,0.00011382110412098604,6.22278720926131e-05,4.190009244499807e-05,0.0006823697558624851,0.00011382110412098604
11-2021,Marketing Managers,0.002035538446650344,6.601078045545978e-05,0.0002887095129638211,0.0005344414593724299,0.002035538446650344
11-2022,Sales Managers,0.0031772805352008452,3.5449509100711273e-05,0.0001435832854415698,0.00036518039060575265,0.003177280535200845
11-2033,Fundraising Managers,0.00017550408735281464,8.229911137235659e-05,6.016692026179828e-05,0.001034646945798625,0.00017550408735281467
11-3012,Administrative Services Managers,0.0013380462516442819,5.0722915149200865e-05,0.00015198821945786227,0.0005829980868130263,0.0013380462516442817
11-3013,Facilities Managers,0.0007249681571254273,2.79837815014978e-05,8.775386174535509e-05,0.0002733880831574835,0.0007249681571254273
11-3013,Security Managers,0.0007249681571254273,3.044264756643253e-05,9.481232706489473e-05,0.00021324126725513862,0.0007249681571254275
11-3021,Computer and Information Systems Managers,0.0032695291469751007,3.355224265820245e-05,0.00013587830561464012,0.00022848764561753853,0.0032695291469751007
11-3031,Financial Managers,0.004343960645594626,3.851575513491543e-05,0.00013633532594880304,0.0003721105393203815,0.004343960645594627
11-3031,Treasurers and Controllers,0.004343960645594626,8.557677429028901e-05,0.00037265584103475606,0.0008586932077531808,0.004343960645594626
11-3031,Investment Fund Managers,0.004343960645594626,3.724858206242605e-05,0.00013001385495859579,0.00034570651012172436,0.004343960645594627
11-3051,Industrial Production Managers,0.001229742408993048,5.6298721502939725e-05,0.00022703218279903497,0.0004508999326537347,0.0012297424089930482
11-3051,Quality Control Systems Managers,0.001229742408993048,0.0002027724641835186,0.0003472185902806942,0.0016895357913788128,0.0012297424089930482
11-3051,Geothermal Production Managers,0.001229742408993048,0.00017126271874348532,0.00031670647660778567,0.0019198508519569046,0.0012297424089930482
11-3051,Biofuels Production Managers,0.001229742408993048,7.628507340639331e-05,0.00023684339154097275,0.0007615765527941454,0.001229742408993048
11-3051,Biomass Power Plant Managers,0.001229742408993048,0.0001438566536699292,0.0003036639194145923,0.001719025591659828,0.001229742408993048
11-3051,Hydroelectric Production Managers,0.001229742408993048,0.00014835386025160955,0.00030739387662212427,0.0016328083089242476,0.001229742408993048
11-3061,Purchasing Managers,0.00042775328174988114,2.311265293900071e-05,8.303661375326065e-05,0.00020294132279393258,0.00042775328174988103
11-3071,Supply Chain Managers,0.0010967212349573246,2.3744781557579683e-05,8.086542422555945e-05,0.00017728492152585928,0.001096721234957325
11-3111,Compensation and Benefits Managers,0.00010311761686966694,6.511624847066083e-05,3.801589080374457e-05,0.0007290129449866486,0.00010311761686966698
11-3121,Human Resources Managers,0.0011067626508322733,9.479653954287588e-05,0.0002699495699299074,0.0009713919192077513,0.001106762650832273
11-3131,Training and Development Managers,0.00022918704145350269,0.000110016524878145,8.713971808890243e-05,0.000977803861481654,0.00022918704145350266
11-9021,Construction Managers,0.0018162273032276972,7.771678901910031e-05,0.000340502588131745,0.0004753425180128777,0.0018162273032276965
11-9031,"Education and Childcare Administrators, Preschool and Daycare",0.00035360128759641277,9.335875793270966e-05,0.00011082244643742898,0.0011170047109341976,0.00035360128759641277
11-9032,"Education Administrators, Kindergarten through Secondary",0.0016694129755175937,0.0003124213722323613,0.0005902579604082747,0.0024225801167754605,0.0016694129755175932
11-9033,"Education Administrators, Postsecondary",0.0009228723260454355,0.00015962668234922308,0.0002670293206075185,0.0020166696981732835,0.0009228723260454353
11-9041,Architectural and Engineering Managers,0.0011464869334144887,8.089513222128389e-05,0.00027728274686667626,0.00040755636989856225,0.0011464869334144889
11-9041,Biofuels/Biodiesel Technology and Product Development Managers,0.0011464869334144887,0.00010771609439640565,0.0002618294885991163,0.0010541519978549535,0.0011464869334144887
11-9051,Food Service Managers,0.0013576325298619019,2.7099147156428515e-05,7.950702363084414e-05,0.00027847849133446365,0.0013576325298619016
11-9071,Gambling Managers,2.532423014616219e-05,1.716757415447906e-05,9.248942896350247e-06,0.00019411332880302622,2.5324230146162185e-05
11-9072,"Entertainment and Recreation Managers, Except Gambling",0.00016380749303694016,2.8615923612635293e-05,4.3123149875945395e-05,0.0003429872502859342,0.00016380749303694013
11-9081,Lodging Managers,0.0002316146365001936,1.0630155455362853e-05,3.771655151878633e-05,0.00012371804044964893,0.00023161463650019367
11-9111,Medical and Health Services Managers,0.002841941383069312,0.00014200552878965194,0.0005815494871336628,0.0012781987358393252,0.002841941383069312
11-9121,Natural Sciences Managers,0.0005325260770604737,0.0007306633218772075,0.0002647120234460151,0.003332961484944524,0.0005325260770604736
11-9121,Clinical Research Coordinators,0.0005325260770604737,5.010741281650613e-05,0.00012538784789413104,0.00048588843511082375,0.000532526077060474
11-9121,Water Resource Specialists,0.0005325260770604737,6.0384934302827335e-05,0.0001405292440498773,0.0003566507844368733,0.0005325260770604737
11-9131,Postmasters and Mail Superintendents,7.619338089727664e-05,3.403481204683122e-05,2.50392763418886e-05,0.00043909296968583616,7.619338089727664e-05
11-9141,"Property, Real Estate, and Community Association Managers",0.0015675643287859696,5.9979813340910765e-05,0.0001706149026679084,0.0007103849884619953,0.0015675643287859696
11-9151,Social and Community Service Managers,0.0009580724542224539,0.00015431805849732734,0.000286789834677405,0.0015499161968803791,0.0009580724542224538
11-9161,Emergency Management Directors,6.571058410474764e-05,0.00020933031134646936,3.420905077067175e-05,0.0013677327514588903,6.571058410474761e-05
11-9171,Funeral Home Managers,7.834511287047997e-05,6.852196576138287e-05,2.918910983591004e-05,0.000887557640244928,7.834511287047995e-05
11-9179,Fitness and Wellness Coordinators,6.162781061713108e-05,4.85698455866421e-05,2.2914640432035628e-05,0.0004941437169525784,6.162781061713109e-05
11-9179,Spa Managers,6.162781061713108e-05,2.370546625051192e-05,2.0066686286227216e-05,0.0002510580177181972,6.162781061713108e-05
11-9199,Regulatory Affairs Managers,0.0032538049517863072,2.7485891805484236e-05,0.00010242682722429434,0.0002541939071752686,0.0032538049517863064
11-9199,Compliance Managers,0.0032538049517863072,2.5063160624889617e-05,7.950279649017877e-05,0.00023738677717954443,0.0032538049517863072
11-9199,Loss Prevention Managers,0.0032538049517863072,3.230245821856471e-05,9.415879197097195e-05,0.00022594060760863284,0.003253804951786308
11-9199,Wind Energy Operations Managers,0.0032538049517863072,3.9928128917625186e-05,0.00014064676392719694,0.00040065639628825026,0.0032538049517863072
11-9199,Wind Energy Development Managers,0.0032538049517863072,4.6685757012173736e-05,0.00014179577992333068,0.0003398274249829876,0.0032538049517863072
11-9199,Brownfield Redevelopment Specialists and Site Managers,0.0032538049517863072,7.531853574909041e-05,0.0003133836689530066,0.0004149553860011175,0.003253804951786307
13-1011,"Agents and Business Managers of Artists, Performers, and Athletes",7.100715511570966e-05,0.0001356248248056746,3.0390139645169193e-05,0.0019999941913478934,7.100715511570964e-05
13-1031,"Claims Adjusters, Examiners, and Investigators",0.001620861074583775,4.5169536493824234e-05,0.00012850286496813782,0.0004845925790799735,0.0016208610745837755
13-1032,"Insurance Appraisers, Auto Damage",4.78346569427508e-05,5.4254129941366165e-05,1.967479256040378e-05,0.0008126246680601281,4.78346569427508e-05
13-1041,Environmental Compliance Inspectors,0.0021165318450263046,5.385672575178479e-05,0.00015908950742832539,0.00041671025105740207,0.0021165318450263046
13-1041,Equal Opportunity Representatives and Officers,0.0021165318450263046,4.531790598399246e-05,0.00015420844314778612,0.000497940747110872,0.0021165318450263046
13-1041,Government Property Inspectors and Investigators,0.0021165318450263046,4.2526561566629995e-05,0.00012812743157957738,0.00035282034421911816,0.002116531845026304
13-1041,Coroners,0.0021165318450263046,6.583334694265744e-05,0.00018246714650340862,0.0007463444933235718,0.002116531845026304
13-1041,Regulatory Affairs Specialists,0.0021165318450263046,2.735522722368004e-05,9.184252962291236e-05,0.00021550735214170114,0.002116531845026305
13-1041,Customs Brokers,0.0021165318450263046,3.955464050466508e-05,0.00011896094521374012,0.0005291597176725462,0.002116531845026304
13-1051,Cost Estimators,0.001219149266971124,2.4988267706761712e-05,7.633867669664066e-05,0.00022287514193320302,0.0012191492669711237
13-1071,Human Resources Specialists,0.004943300759053798,9.100992594178662e-05,0.00027535217464078797,0.0013188897962164803,0.004943300759053799
13-1074,Farm Labor Contractors,2.5379402760859707e-06,6.798168061612914e-05,1.2927997356616034e-06,0.001848271569512741,2.5379402760859707e-06
13-1075,Labor Relations Specialists,0.00034648402030043254,4.985215143922498e-05,8.875643392029884e-05,0.0005672207529965961,0.0003464840203004325
13-1081,Logisticians,0.0012605287279942646,3.184224471229133e-05,0.00011790152216670782,0.0002564384787037418,0.0012605287279942646
13-1081,Logistics Engineers,0.0012605287279942646,9.178454835292952e-05,0.0003170018524349346,0.0005332979866880322,0.0012605287279942644
13-1081,Logistics Analysts,0.0012605287279942646,2.7814506596304455e-05,8.214417015834623e-05,0.00023501602129662435,0.0012605287279942648
13-1111,Management Analysts,0.004624237528258034,3.5195539561086603e-05,0.00013629717922405082,0.0002459585233302252,0.004624237528258035
13-1121,"Meeting, Convention, and Event Planners",0.0006738231433008252,4.25667111559245e-05,0.0001219456166305139,0.0004537375624883288,0.0006738231433008252
13-1131,Fundraisers,0.0005612710093178822,7.921637154034245e-05,0.00014419897849640205,0.00101996051725238,0.0005612710093178822
13-1141,"Compensation, Benefits, and Job Analysis Specialists",0.0005508985577547483,4.757784662326514e-05,0.00011959861949748836,0.000558874782933093,0.0005508985577547483
13-1151,Training and Development Specialists,0.0022261046578155815,6.736098438968964e-05,0.0002604993630355589,0.0006890117180979004,0.0022261046578155815
13-1161,Market Research Analysts and Marketing Specialists,0.004669644590154094,2.917463288024471e-05,0.00010143206650563714,0.0002622817661227424,0.004669644590154094
13-1161,Search Marketing Strategists,0.004669644590154094,3.57281430941319e-05,0.00010945979734528361,0.00030762668177232493,0.004669644590154095
13-1199,Business Continuity Planners,0.006087966996183269,4.738364604551376e-05,0.0001958637002412676,0.00030507903666122276,0.006087966996183267
13-1199,Sustainability Specialists,0.006087966996183269,1.6607885345953365e-05,5.376013742789098e-05,0.00015019658296657333,0.006087966996183269
13-1199,Online Merchants,0.006087966996183269,5.8758608412713055e-05,0.00017146518560963393,0.0007946326289405008,0.006087966996183271
13-1199,Security Management Specialists,0.006087966996183269,6.827788586562739e-05,0.000216165649627054,0.0005001825023091331,0.006087966996183266
13-2031,Budget Analysts,0.00026102164013397237,3.8865012017356756e-05,6.517188991770596e-05,0.00048191188717680756,0.00026102164013397237
13-2041,Credit Analysts,0.0004038635395858545,3.102818666124409e-05,7.751770436253231e-05,0.00042484341299139276,0.0004038635395858545
13-2052,Personal Financial Advisors,0.001501743399451827,6.855435445239888e-05,0.00023801263834596694,0.0008650235654107725,0.0015017433994518273
13-2053,Insurance Underwriters,0.0005589537595005863,2.6435604720049365e-05,8.083314994543238e-05,0.00037433663110561174,0.0005589537595005863
13-2061,Financial Examiners,0.0003500150676410739,3.270423613133435e-05,8.088528953953607e-05,0.0002782117807070943,0.00035001506764107396
13-2071,Credit Counselors,0.0001542074580795715,0.00012383424475877368,5.639313733863247e-05,0.0018565736443904447,0.00015420745807957152
13-2072,Loan Officers,0.001771537485322705,8.709348683505602e-05,0.00025483211308660966,0.0012607258713716585,0.001771537485322705
13-2081,"Tax Examiners and Collectors, and Revenue Agents",0.00027724238885504357,7.479075827428357e-05,7.801886756212667e-05,0.0011062409074373198,0.00027724238885504357
13-2082,Tax Preparers,0.00045048439900525984,8.966720411415694e-05,0.0001157656981149487,0.0013710299163122342,0.00045048439900525973
13-2099,Financial Quantitative Analysts,0.0006771335001826765,2.3323590188841693e-05,9.20875739952349e-05,0.00016535889023458003,0.0006771335001826766
13-2099,"Fraud Examiners, Investigators and Analysts",0.0006771335001826765,2.8538688699299904e-05,8.719986669785013e-05,0.0003296350778135813,0.0006771335001826765
15-1211,Computer Systems Analysts,0.00275206519372705,6.238751825479295e-05,0.00023281226300501124,0.0005154789886415506,0.00275206519372705
15-1211,Health Informatics Specialists,0.00275206519372705,8.645933656161382e-05,0.0004164927612743824,0.0004991637833443888,0.0027520651937270506
15-1212,Information Security Analysts,0.0009674517987210326,4.78535036015635e-05,0.00014157046782903648,0.00041631178309602893,0.0009674517987210326
15-1221,Computer and Information Research Scientists,0.0001942627763499718,0.0001766106749390497,9.06283636161531e-05,0.0009005711972848557,0.00019426277634997175
15-1231,Computer Network Support Specialists,0.000875699740479055,6.342243982092931e-05,0.00021168523546814875,0.0008568343415079128,0.0008756997404790554
15-1232,Computer User Support Specialists,0.0038052552356880307,8.203652654469622e-05,0.0003635455952024643,0.0011011203707604214,0.0038052552356880307
15-1241,Computer Network Architects,0.0009605552218838424,6.0950973971343725e-05,0.00019223473473730288,0.0005837348475971684,0.0009605552218838427
15-1241,Telecommunications Engineering Specialists,0.0009605552218838424,8.474136803572847e-05,0.00022602923434884443,0.000951296468238594,0.0009605552218838427
15-1242,Database Administrators,0.0004200842883069257,4.2163497328570107e-05,9.127983155557055e-05,0.0002792899948962499,0.0004200842883069257
15-1243,Database Architects,0.00033059430726754645,4.030451188087857e-05,7.665252259172807e-05,0.0002661619244442588,0.00033059430726754634
15-1243,Data Warehousing Specialists,0.00033059430726754645,5.397166849315547e-05,8.584995052295606e-05,0.00046237347797052283,0.0003305943072675464
15-1244,Network and Computer Systems Administrators,0.0017821857999593268,3.035940085831029e-05,0.00011828761535860657,0.0003643404741664126,0.0017821857999593268
15-1251,Computer Programmers,0.0006641127631140615,4.749656013573243e-05,0.00011996222595232425,0.0003709492816033357,0.0006641127631140615
15-1252,Software Developers,0.009141440184002876,7.169451659373876e-05,0.0002343488374311795,0.0005667236670102604,0.009141440184002876
15-1253,Software Quality Assurance Analysts and Testers,0.0011202247688184685,5.753588259739999e-05,0.00020078033371906184,0.0005919568792709381,0.0011202247688184683
15-1254,Web Developers,0.0004708982664433426,5.3466155279107456e-05,0.00010435029372591292,0.0004078650157060647,0.0004708982664433426
15-1255,Video Game Designers,0.0006127470588306694,3.179804167625233e-05,9.374229005090641e-05,0.00024107845991176702,0.0006127470588306693
15-1299,Web Administrators,0.00241198119673153,5.1742145738669126e-05,0.00015267722097195925,0.0004188268495516633,0.00241198119673153
15-1299,Document Management Specialists,0.00241198119673153,3.099906108713634e-05,9.26096707613917e-05,0.0003540261825076049,0.00241198119673153
15-1299,Information Security Engineers,0.00241198119673153,4.387237167752645e-05,0.00014437840102193662,0.0003665915718636472,0.002411981196731529
15-1299,Computer Systems Engineers/Architects,0.00241198119673153,0.00011672438311202353,0.00042676167849663307,0.0008204993123056035,0.0024119811967315296
15-1299,Information Technology Project Managers,0.00241198119673153,6.742362281490217e-05,0.0002905744212743447,0.0005054770009792352,0.0024119811967315296
15-2011,Actuaries,0.00014052464963458625,8.733539995746227e-05,5.7174113333114735e-05,0.0006937956285221708,0.00014052464963458628
15-2021,Mathematicians,1.2248320462849686e-05,3.1441315562972284e-05,5.914774037363262e-06,0.0002654236109645026,1.2248320462849686e-05
15-2031,Operations Research Analysts,0.0006503747820543788,2.9402460001048938e-05,0.00010952863027651197,0.00020822388902092676,0.0006503747820543788
15-2041,Statisticians,0.0001652419810190757,1.838333146490312e-05,4.11074490211211e-05,0.00015316698223241123,0.00016524198101907568
15-2041,Biostatisticians,0.0001652419810190757,0.0001761042341727596,7.680441274602034e-05,0.0010614271523467621,0.0001652419810190757
15-2051,Business Intelligence Analysts,0.0010632314578359293,2.2233416968193092e-05,6.86452477316476e-05,0.00021417598800502354,0.001063231457835929
15-2051,Clinical Data Managers,0.0010632314578359293,3.593696052302186e-05,0.00010792776882434326,0.00023129417063796415,0.001063231457835929
15-2099,Bioinformatics Technicians,2.383456954932912e-05,2.9346774712545268e-05,9.892336903951005e-06,0.00023811316848734845,2.3834569549329116e-05
17-1011,"Architects, Except Landscape and Naval",0.0006133539575923421,7.219037367214066e-05,0.0001777151474757537,0.0004102623903414883,0.000613353957592342
17-1012,Landscape Architects,0.00011238661613885049,3.645221924899013e-05,3.7066126698442645e-05,0.0002310492682951084,0.00011238661613885043
17-1021,Cartographers and Photogrammetrists,6.802783392204353e-05,3.36888526408989e-05,2.4022525709125894e-05,0.0004771073250432179,6.802783392204353e-05
17-1022,Surveyors,0.0002799458469752221,0.00010414180893740718,9.506405572550874e-05,0.0010971468624985483,0.00027994584697522214
17-1022,Geodetic Surveyors,0.0002799458469752221,0.00010790852657112245,9.289009536338723e-05,0.0010189449057023973,0.0002799458469752221
17-2011,Aerospace Engineers,0.00036778064957367567,0.00020692837645447848,0.00014758646090110228,0.001415298778402751,0.00036778064957367567
17-2021,Agricultural Engineers,1.0262106333738926e-05,8.085267821544557e-05,5.319854508037558e-06,0.0006521277251302489,1.0262106333738924e-05
17-2031,Bioengineers and Biomedical Engineers,0.00010659349159561078,0.0003859468370924708,5.516718191752381e-05,0.003133152559754165,0.00010659349159561075
17-2041,Chemical Engineers,0.00011663490747055962,0.00029076756844254086,5.821499496546354e-05,0.0023594729793152288,0.00011663490747055964
17-2051,Civil Engineers,0.0018093858990052046,0.00017245340598939083,0.0005045932373054712,0.0010947085293619768,0.0018093858990052046
17-2051,Transportation Engineers,0.0018093858990052046,9.090347786676322e-05,0.000380038784238382,0.0005455685013651239,0.0018093858990052046
17-2051,Water/Wastewater Engineers,0.0018093858990052046,0.00024100769709186237,0.0005425809467809596,0.0015349865567628256,0.0018093858990052042
17-2061,Computer Hardware Engineers,0.00045605683308970945,0.00016474875575516463,0.0001478825269095311,0.0017349247174661836,0.00045605683308970945
17-2071,Electrical Engineers,0.0010230657943361338,0.00014941663737042015,0.0002634113948136302,0.0013826486340069355,0.0010230657943361336
17-2072,"Electronics Engineers, Except Computer",0.000531919178298801,0.0002589083260346235,0.0001841964051581598,0.002953021157111723,0.0005319191782988011
17-2072,Radio Frequency Identification Device Specialists,0.000531919178298801,0.000132387126766428,0.00016297706638129938,0.0014876425678865392,0.0005319191782988011
17-2081,Environmental Engineers,0.00022002838741371416,4.3563136623649205e-05,6.8553601876637e-05,0.00024688617099964997,0.00022002838741371427
17-2111,Fire-Prevention and Protection Engineers,0.00012419355568412,8.094976364425199e-05,4.934456638266709e-05,0.00048724264754974926,0.00012419355568411998
17-2112,Industrial Engineers,0.001836530825436385,6.821626467582173e-05,0.00022558228922622912,0.0006494340726773691,0.001836530825436385
17-2112,Human Factors Engineers and Ergonomists,0.001836530825436385,0.00012490836940075542,0.00043212427616496783,0.000708118147910411,0.0018365308254363849
17-2112,Validation Engineers,0.001836530825436385,8.684299683753181e-05,0.0003012022554420207,0.000818188576238917,0.0018365308254363849
17-2112,Manufacturing Engineers,0.001836530825436385,0.0001485818094409985,0.0004849536312107054,0.001335313558245791,0.0018365308254363847
17-2121,Marine Engineers and Naval Architects,5.495192423873102e-05,0.0002113665583772591,2.680478484459893e-05,0.002366464619337188,5.495192423873102e-05
17-2131,Materials Engineers,0.0001358901499999945,0.00015216217685482496,6.001148813185945e-05,0.0010694735143713878,0.00013589014999999452
17-2141,Mechanical Engineers,0.0015519504788265711,0.0003761791605681233,0.0004876014380380268,0.003937925995585811,0.0015519504788265718
17-2141,Fuel Cell Engineers,0.0015519504788265711,0.00032051442707648967,0.0004434384161854117,0.0035141485064122606,0.0015519504788265716
17-2141,Automotive Engineers,0.0015519504788265711,0.0001956998990350624,0.0004422942699797495,0.0013801947161270485,0.0015519504788265711
17-2151,"Mining and Geological Engineers, Including Mining Safety Engineers",3.8841520747054855e-05,0.00026667775461585206,2.119751555671083e-05,0.0018326701261112493,3.884152074705485e-05
17-2161,Nuclear Engineers,7.012439328054933e-05,0.0002596609376748611,3.609747748862083e-05,0.0018374923195109028,7.012439328054934e-05
17-2171,Petroleum Engineers,0.00011249696136824554,9.184668564617699e-05,4.4568811890788504e-05,0.0007611043271838419,0.00011249696136824554
17-2199,"Energy Engineers, Except Wind and Solar",0.0008330513093178711,7.977603746706259e-05,0.00020487446676707548,0.0005239868620959136,0.0008330513093178711
17-2199,Mechatronics Engineers,0.0008330513093178711,0.00019715219617991533,0.00024547895278677264,0.002185749600313119,0.0008330513093178711
17-2199,Microsystems Engineers,0.0008330513093178711,0.00031046084346546396,0.00027660860338693007,0.0031413062170909402,0.0008330513093178714
17-2199,Photonics Engineers,0.0008330513093178711,0.00019069260143405947,0.0002537858529080067,0.001981486131723249,0.0008330513093178711
17-2199,Robotics Engineers,0.0008330513093178711,5.067521500727095e-05,0.0001863015944348169,0.000530741907558952,0.000833051309317871
17-2199,Nanosystems Engineers,0.0008330513093178711,0.00028910967154965303,0.00030477783797938006,0.0022818253127272555,0.0008330513093178714
17-2199,Wind Energy Engineers,0.0008330513093178711,0.00011144186448505442,0.00021233465007110776,0.001220865677423509,0.0008330513093178711
17-2199,Solar Energy Systems Engineers,0.0008330513093178711,0.00017448645002393056,0.00023798838766354958,0.0017880490346893108,0.0008330513093178711
17-3012,Electrical and Electronics Drafters,0.00011409696719447364,7.677423743276902e-05,4.460911577044592e-05,0.0010208339777354899,0.00011409696719447367
17-3013,Mechanical Drafters,0.00024744917691838213,6.582872113397002e-05,8.157523679651536e-05,0.0008624848598964066,0.00024744917691838213
17-3021,Aerospace Engineering and Operations Technologists and Technicians,5.8703662038162454e-05,0.000481451291648211,3.126032392010176e-05,0.007657204145399451,5.8703662038162454e-05
17-3022,Civil Engineering Technologists and Technicians,0.0003506771390174441,3.171997150376955e-05,8.276136489544042e-05,0.0003818543037476042,0.0003506771390174441
17-3024,Electro-Mechanical and Mechatronics Technologists and Technicians,8.474513617539242e-05,0.0002587638316271537,4.222728724520535e-05,0.003863968990727152,8.474513617539242e-05
17-3024,Robotics Technicians,8.474513617539242e-05,0.0001056667266070984,3.8130014484928884e-05,0.0015301520287932446,8.474513617539242e-05
17-3025,Environmental Engineering Technologists and Technicians,7.602786305318408e-05,0.0001421492588116033,3.392582104201101e-05,0.0014835889949488374,7.602786305318406e-05
17-3026,Industrial Engineering Technologists and Technicians,0.0004028704325212991,0.0001741900448970635,0.00013802288744384,0.0020598510703678384,0.0004028704325212991
17-3026,Nanotechnology Engineering Technologists and Technicians,0.0004028704325212991,0.00024410409825347229,0.0001587708752607305,0.00321032085210937,0.0004028704325212991
17-3027,Mechanical Engineering Technologists and Technicians,0.00021478698901744966,0.0004615902775624786,0.0001021992214804571,0.006399580799831048,0.00021478698901744966
17-3027,Automotive Engineering Technicians,0.00021478698901744966,0.00024210513304030298,9.512167567485016e-05,0.0035375990756771293,0.00021478698901744966
17-3029,Non-Destructive Testing Specialists,0.00036524270929758974,0.00012096571195626817,0.0001322041275872181,0.0017597094569010185,0.00036524270929758974
17-3029,Photonics Technicians,0.00036524270929758974,0.0001966478831145979,0.00014430105531849943,0.002922723596750425,0.0003652427092975897
19-1011,Animal Scientists,1.3572463215590192e-05,3.909171601654526e-05,6.784243265269332e-06,0.00023195844436642985,1.3572463215590192e-05
19-1012,Food Scientists and Technologists,7.779338672350476e-05,6.776436941677906e-05,3.02463444017786e-05,0.000505622064431596,7.779338672350475e-05
19-1013,Soil and Plant Scientists,8.717273122208334e-05,7.862621451681981e-05,3.877912888574651e-05,0.00040687530161150146,8.717273122208333e-05
19-1021,Biochemists and Biophysicists,0.00018306273556637504,0.00029515744618573023,9.075301190283354e-05,0.0015903692221616846,0.000183062735566375
19-1022,Microbiologists,0.00011884181205846046,8.550739728436256e-05,5.0182869292155506e-05,0.0004686881251113388,0.00011884181205846044
19-1023,Zoologists and Wildlife Biologists,9.434517113276108e-05,3.137380580140049e-05,3.1506344677023223e-05,0.0002368183946202157,9.434517113276108e-05
19-1029,Bioinformatics Scientists,0.0003377667471782242,6.014938616337858e-05,0.00010752706630699698,0.0003274886479964706,0.0003377667471782242
19-1029,Molecular and Cellular Biologists,0.0003377667471782242,0.00032197360313802924,0.00015930253236279342,0.0015185413993170317,0.0003377667471782242
19-1029,Geneticists,0.0003377667471782242,4.3968668078518725e-05,9.489984933276795e-05,0.00025333773495797774,0.0003377667471782242
19-1029,Biologists,0.0003377667471782242,6.658939497208944e-05,0.00011132371829763974,0.0004093555883989885,0.00033776674717822427
19-1031,Conservation Scientists,0.0001257383888956506,2.4735548515271523e-05,3.507085679199289e-05,0.00019835000950124714,0.00012573838889565068
19-1031,Range Managers,0.0001257383888956506,3.690592798804156e-05,3.813129717947989e-05,0.0002482994411497377,0.0001257383888956506
19-1031,Park Naturalists,0.0001257383888956506,6.324196557728471e-05,4.187474519676411e-05,0.000813067757867143,0.00012573838889565062
19-1032,Foresters,5.2138120889157444e-05,3.8651645695828124e-05,2.0479329666256965e-05,0.00025862870444277484,5.213812088915743e-05
19-1041,Epidemiologists,5.644158483556409e-05,0.0004629446410223866,3.038004596130731e-05,0.003720674080594419,5.644158483556408e-05
19-1042,"Medical Scientists, Except Epidemiologists",0.0007537682619975333,0.000122113828616977,0.00024865961913548076,0.0006024758188849096,0.0007537682619975333
19-2011,Astronomers,1.147590385708439e-05,8.173460794964791e-05,6.127762624978691e-06,0.0006361168912360278,1.1475903857084389e-05
19-2012,Physicists,0.00010124174796995122,0.0009917777844328584,5.743931385290018e-05,0.0056082987749791246,0.00010124174796995122
19-2021,Atmospheric and Space Scientists,5.136570428339215e-05,2.73642651264353e-05,1.9086207911455386e-05,0.0002012148641009969,5.136570428339213e-05
19-2031,Chemists,0.0004608568505683938,0.0002465337576696483,0.00016241301074062224,0.0026468229399209337,0.0004608568505683938
19-2032,Materials Scientists,4.860707354851609e-05,8.445535865969946e-05,2.1560006168527166e-05,0.0006891502782348342,4.860707354851609e-05
19-2041,"Environmental Scientists and Specialists, Including Health",0.00044540851845308786,0.00010924352275965296,0.00016188752303646707,0.0005236953606771575,0.00044540851845308786
19-2041,Climate Change Policy Analysts,0.00044540851845308786,2.7344493267344994e-05,9.689843728710618e-05,0.00025750105212457596,0.0004454085184530878
19-2041,Environmental Restoration Planners,0.00044540851845308786,5.4522841855431954e-05,0.00012421466622942307,0.00031120783658824234,0.0004454085184530881
19-2041,Industrial Ecologists,0.00044540851845308786,4.548769490828401e-05,0.00012232244471342097,0.00028315691778966855,0.0004454085184530876
19-2042,"Geoscientists, Except Hydrologists and Geographers",0.00013583497738529695,3.828044244917287e-05,4.253486804389251e-05,0.00031577067710340784,0.00013583497738529695
19-2043,Hydrologists,3.393115803897548e-05,8.215987597524678e-05,1.6335279167392862e-05,0.0006075338436731143,3.393115803897547e-05
19-2099,Remote Sensing Scientists and Technologists,0.00011486938380023895,4.945012494738427e-05,4.248340120783831e-05,0.0002984214999681921,0.0001148693838002389
19-3011,Economists,9.059343333332966e-05,3.345234118516828e-05,3.138027932982572e-05,0.00034157577677804564,9.059343333332966e-05
19-3011,Environmental Economists,9.059343333332966e-05,3.39177698836211e-05,3.492501420654018e-05,0.00023912928325464097,9.059343333332965e-05
19-3022,Survey Researchers,4.518637143726979e-05,4.169887509685118e-05,1.9135709679676217e-05,0.00033277484439389566,4.518637143726979e-05
19-3032,Industrial-Organizational Psychologists,5.682779313844674e-06,0.00018207168104561274,3.181275910552756e-06,0.002765049206697574,5.682779313844675e-06
19-3033,Clinical and Counseling Psychologists,0.0003957531652253189,6.65299318759651e-05,0.00011046437587480569,0.000809529166594749,0.00039575316522531877
19-3034,School Psychologists,0.000346428847685735,0.00011036807691322461,0.00011176238294057905,0.0014576451652928025,0.00034642884768573494
19-3039,Neuropsychologists,7.988994608201056e-05,0.00014098520847998872,3.7616321514504e-05,0.0012026520654116934,7.988994608201058e-05
19-3039,Clinical Neuropsychologists,7.988994608201056e-05,7.923815860855143e-05,3.328217648490155e-05,0.0007844663379363644,7.988994608201055e-05
19-3041,Sociologists,1.59448856475836e-05,6.730047303567367e-05,8.087841378262081e-06,0.0006843580847461122,1.5944885647583603e-05
19-3051,Urban and Regional Planners,0.0002355318921437176,6.430715025324006e-05,8.539666266880192e-05,0.000419119154166321,0.00023553189214371766
19-3091,Anthropologists and Archeologists,4.2593258546486294e-05,3.888982609980857e-05,1.6994539007279843e-05,0.00037813396692545404,4.2593258546486294e-05
19-3092,Geographers,8.055201745838082e-06,2.6508793793877883e-05,3.885499375961102e-06,0.0002461479009971288,8.05520174583808e-06
19-3093,Historians,1.6772474868046416e-05,5.87718488076707e-05,7.831704849224151e-06,0.000859032572298874,1.6772474868046416e-05
19-3094,Political Scientists,3.078631900121678e-05,4.7675819435577065e-05,1.3564131599601726e-05,0.0005432306952271125,3.078631900121677e-05
19-3099,Transportation Planners,0.0001942627763499718,3.2528448310767935e-05,5.7687182739381066e-05,0.00021543588605339077,0.00019426277634997175
19-4012,Agricultural Technicians,7.255198832724026e-05,8.280944098715037e-05,2.999950771314745e-05,0.0011776698816296706,7.255198832724026e-05
19-4012,Precision Agriculture Technicians,7.255198832724026e-05,9.42329426681722e-05,3.185969158033524e-05,0.0011787283775951877,7.255198832724026e-05
19-4013,Food Science Technicians,8.380720172553456e-05,4.5114651583994126e-05,3.085251991893765e-05,0.0006612251493726525,8.380720172553456e-05
19-4021,Biological Technicians,0.000424773960556215,0.0001098918613275956,0.00013496201444964629,0.0013366795951846434,0.000424773960556215
19-4031,Chemical Technicians,0.00030830457092974794,0.00015216727313422404,0.00011704115904373617,0.0019424534517956922,0.0003083045709297479
19-4042,"Environmental Science and Protection Technicians, Including Health",0.00017870409900527085,9.087491210317912e-05,6.531385727804776e-05,0.000970695103221192,0.00017870409900527085
19-4051,Nuclear Monitoring Technicians,2.9793211936661398e-05,0.00012347512700741463,1.483926619990113e-05,0.0016425657619031347,2.9793211936661394e-05
19-4061,Social Science Research Assistants,0.0001704282068006427,4.014444929333038e-05,4.7525515716149896e-05,0.0003712706946505946,0.00017042820680064272
19-4071,Forest and Conservation Technicians,0.00015856609464067565,5.888627770034407e-05,5.349949748891822e-05,0.0007089339758547539,0.00015856609464067563
19-4092,Forensic Science Technicians,9.666242095005697e-05,8.723451441044103e-05,3.885089784579098e-05,0.000971789994231513,9.666242095005697e-05
19-4099,Quality Control Analysts,0.00039851179596019494,5.185121779940803e-05,0.00011369364050064743,0.000690159164289834,0.00039851179596019483
19-4099,Remote Sensing Technicians,0.00039851179596019494,0.00011892804291708031,0.00012895075332633191,0.0012773952693594345,0.0003985117959601949
19-5011,Occupational Health and Safety Specialists,0.0006747610777506831,6.603291718700218e-05,0.0001478902034937239,0.0005017887372391394,0.0006747610777506831
19-5012,Occupational Health and Safety Technicians,0.00015045572028014005,4.9061823407573316e-05,4.888216141495363e-05,0.0005026976178466507,0.00015045572028014005
21-1012,"Educational, Guidance, and Career Counselors and Advisors",0.0018077858931789766,0.00018071469812898212,0.0004199170265761817,0.002688394590571435,0.0018077858931789766
21-1013,Marriage and Family Therapists,0.0003494633414940987,0.00016194418696304516,0.00012374588956766216,0.0019299839465607154,0.0003494633414940986
21-1015,Rehabilitation Counselors,0.0004675879095614914,7.49667644646405e-05,0.00012637549847325635,0.0009378481885873555,0.00046758790956149133
21-1021,"Child, Family, and School Social Workers",0.0019429587991879032,7.268828608111307e-05,0.0002733404844768813,0.0008982235792547354,0.0019429587991879036
21-1022,Healthcare Social Workers,0.0010208037171335355,9.184147395069411e-05,0.00023707372935697003,0.0010530538993592919,0.0010208037171335355
21-1023,Mental Health and Substance Abuse Social Workers,0.000632719545351172,0.00010035233437697262,0.00017596120295158577,0.001154147615009605,0.000632719545351172
21-1091,Health Education Specialists,0.000318897712951672,7.416937470424494e-05,9.650640728461142e-05,0.0009337690587710777,0.000318897712951672
21-1092,Probation Officers and Correctional Treatment Specialists,0.0004737672424076137,8.048030275498361e-05,0.00011932131841073534,0.0010648786697808996,0.0004737672424076137
21-1093,Social and Human Service Assistants,0.002258270292184236,9.155500990712169e-05,0.00028361113774083243,0.001249636289424946,0.0022582702921842366
21-1094,Community Health Workers,0.0003230356590539861,5.584248268169211e-05,8.746271496983247e-05,0.0007227188558095352,0.00032303565905398614
21-2011,Clergy,0.0003124976896467595,6.987967885906462e-05,9.412035084855083e-05,0.0009339257957839468,0.0003124976896467596
21-2021,"Directors, Religious Activities and Education",0.00012838667440113162,9.78469693967228e-05,4.8786251683872416e-05,0.001303974124761441,0.00012838667440113165
23-1011,Lawyers,0.0040349940032885084,8.303039248689076e-05,0.00033310773078319434,0.0009009560750606774,0.0040349940032885084
23-1012,Judicial Law Clerks,8.099339837596098e-05,0.00012207877679060563,3.3225987845249836e-05,0.001853145923841145,8.099339837596099e-05
23-1021,"Administrative Law Judges, Adjudicators, and Hearing Officers",8.093822576126346e-05,4.751230012412082e-05,2.909931192180119e-05,0.000532925111917552,8.093822576126345e-05
23-1022,"Arbitrators, Mediators, and Conciliators",3.89518659764499e-05,6.716847872506564e-05,1.6441099000125752e-05,0.000915103594575254,3.89518659764499e-05
23-1023,"Judges, Magistrate Judges, and Magistrates",0.00013500738816483415,5.273661676750623e-05,4.6058936925603736e-05,0.0006441621379635457,0.00013500738816483418
23-2011,Paralegals and Legal Assistants,0.0019580209230003263,7.690605747488984e-05,0.0002138798229594386,0.0011814794769252207,0.0019580209230003263
23-2093,"Title Examiners, Abstractors, and Searchers",0.000274538930734865,2.9628379299774767e-05,5.927651453369966e-05,0.0004524822373491199,0.000274538930734865
25-1011,"Business Teachers, Postsecondary",0.00045782235676003014,0.00013314603747093082,0.00014518544923021538,0.0018857854902399433,0.00045782235676003003
25-1021,"Computer Science Teachers, Postsecondary",0.0001994490021315388,8.367827742537294e-05,7.077403981644095e-05,0.0010024084811686201,0.00019944900213153877
25-1022,"Mathematical Science Teachers, Postsecondary",0.0002660975206861443,0.0001537809160698465,9.499228943899025e-05,0.002253350412664491,0.0002660975206861443
25-1031,"Architecture Teachers, Postsecondary",4.606913327243012e-05,9.865515156893054e-05,2.1226072833231254e-05,0.001225670743282582,4.606913327243012e-05
25-1032,"Engineering Teachers, Postsecondary",0.0002116973225943885,7.763130977201873e-05,7.194682414812388e-05,0.0009548052003850583,0.0002116973225943885
25-1041,"Agricultural Sciences Teachers, Postsecondary",4.1655324096628434e-05,7.617297916880371e-05,1.8459971899589255e-05,0.000977645440063541,4.1655324096628434e-05
25-1042,"Biological Science Teachers, Postsecondary",0.00028717345950059734,6.433473939547905e-05,8.668854952651657e-05,0.0008165712433104688,0.0002871734595005973
25-1043,"Forestry and Conservation Science Teachers, Postsecondary",6.951749451887659e-06,7.464828836129394e-05,3.5729585119347643e-06,0.001137554444711865,6.951749451887659e-06
25-1051,"Atmospheric, Earth, Marine, and Space Sciences Teachers, Postsecondary",6.493816749898234e-05,0.00012620071254227348,2.9581486065151233e-05,0.0015498643170305502,6.493816749898234e-05
25-1052,"Chemistry Teachers, Postsecondary",0.00011150385430369016,6.02686676992615e-05,4.082032510640338e-05,0.0007404089729858374,0.00011150385430369015
25-1053,"Environmental Science Teachers, Postsecondary",3.9282901664635026e-05,0.00011379265876389112,1.8544218221889622e-05,0.0014796281945175377,3.9282901664635026e-05
25-1054,"Physics Teachers, Postsecondary",7.740717842062211e-05,4.011435759932296e-05,2.8489591638624642e-05,0.00047595094292336704,7.740717842062212e-05
25-1061,"Anthropology and Archeology Teachers, Postsecondary",2.7751825192853115e-05,0.0001537482454099741,1.3985919876643887e-05,0.0020037199685624253,2.7751825192853104e-05
25-1062,"Area, Ethnic, and Cultural Studies Teachers, Postsecondary",6.383471520503192e-05,0.0001401450663625606,2.84980530651673e-05,0.0019780408131145435,6.383471520503192e-05
25-1063,"Economics Teachers, Postsecondary",6.736576254567327e-05,0.0001474559470218834,2.9895716019129527e-05,0.0021331037337917655,6.736576254567326e-05
25-1064,"Geography Teachers, Postsecondary",1.9200069914737346e-05,0.00012319528916386285,9.654492912881582e-06,0.0017137979471162136,1.9200069914737342e-05
25-1065,"Political Science Teachers, Postsecondary",9.428999851806357e-05,0.00016223641147438154,4.0506017846776514e-05,0.002367281307774824,9.428999851806357e-05
25-1066,"Psychology Teachers, Postsecondary",0.00022405598828663322,0.0001378391812469627,8.37252271052842e-05,0.0017966979106755394,0.00022405598828663316
25-1067,"Sociology Teachers, Postsecondary",7.100715511570966e-05,0.00013594305913116182,3.1269439379588995e-05,0.0018784737471242436,7.100715511570966e-05
25-1071,"Health Specialties Teachers, Postsecondary",0.0012433700448233357,6.54548647688624e-05,0.00023848044705534013,0.0008807825600613664,0.001243370044823336
25-1072,"Nursing Instructors and Teachers, Postsecondary",0.0004011049088509784,8.123180805258086e-05,0.00012046863032799196,0.00101502951091147,0.0004011049088509784
25-1081,"Education Teachers, Postsecondary",0.00033578053304911346,0.00014869655259800463,0.00011597169056990895,0.0020925242464276046,0.0003357805330491135
25-1082,"Library Science Teachers, Postsecondary",2.3282843402353905e-05,0.00013408785201866888,1.153488782404309e-05,0.0019358811633354654,2.3282843402353912e-05
25-1111,"Criminal Justice and Law Enforcement Teachers, Postsecondary",7.387613107998075e-05,0.00018373368471781963,3.320738511673632e-05,0.0027225540129388495,7.387613107998077e-05
25-1112,"Law Teachers, Postsecondary",8.038649961428825e-05,0.00014235263649218507,3.473253968505496e-05,0.002055691179555017,8.038649961428824e-05
25-1113,"Social Work Teachers, Postsecondary",6.471747704019226e-05,0.0001413951621224985,2.9470755249959337e-05,0.001855601741864215,6.471747704019223e-05
25-1121,"Art, Drama, and Music Teachers, Postsecondary",0.0005600020391798393,0.00010686303361729563,0.0001588867680747453,0.0015245150279680798,0.0005600020391798392
25-1122,"Communications Teachers, Postsecondary",0.0001573522971173302,0.0001348540177011874,6.070391520915842e-05,0.0019241942258742457,0.00015735229711733018
25-1123,"English Language and Literature Teachers, Postsecondary",0.0003177942606577216,0.00017003947448571255,0.00011112502470383784,0.0025112889720090075,0.0003177942606577216
25-1124,"Foreign Language and Literature Teachers, Postsecondary",0.00011486938380023895,0.0001873852724859217,4.8552589075729885e-05,0.002798583306149339,0.00011486938380023895
25-1125,"History Teachers, Postsecondary",0.000113710758891591,0.00016645309552496112,4.768379001212285e-05,0.002427975619114962,0.000113710758891591
25-1126,"Philosophy and Religion Teachers, Postsecondary",0.00011211075306536289,0.00016659338349149936,4.69875449673219e-05,0.0024554228739549918,0.00011211075306536287
25-1192,"Family and Consumer Sciences Teachers, Postsecondary",1.4675915509540613e-05,0.00012332522325292827,7.38813679617635e-06,0.0019594275012742948,1.4675915509540613e-05
25-1193,"Recreation and Fitness Studies Teachers, Postsecondary",7.321405970361051e-05,0.00011615672382568265,3.119137001287033e-05,0.0016486198218591396,7.32140597036105e-05
25-1194,"Career/Technical Education Teachers, Postsecondary",0.0006134091302070397,3.3825829964210547e-05,0.00010067229168781579,0.00041533442648262044,0.0006134091302070398
25-2011,"Preschool Teachers, Except Special Education",0.002373746574746148,0.00020281332711067222,0.000455453261944872,0.003125264879427964,0.0023737465747461486
25-2012,"Kindergarten Teachers, Except Special Education",0.0006542368650832053,0.00020252679296679354,0.00019337844343945816,0.0030845356959381307,0.0006542368650832053
25-2021,"Elementary School Teachers, Except Special Education",0.007779724880653358,0.00012035610383280883,0.0004310316210846208,0.0017612028360060028,0.007779724880653358
25-2022,"Middle School Teachers, Except Special and Career/Technical Education",0.00345761259047895,0.00017646743236455356,0.0005710954456634918,0.0026461014019263734,0.00345761259047895
25-2023,"Career/Technical Education Teachers, Middle School",6.736576254567327e-05,8.075043965889448e-05,2.6913725621720758e-05,0.001174445776375218,6.736576254567327e-05
25-2031,"Secondary School Teachers, Except Special and Career/Technical Education",0.005766476170340813,0.0001324067234533119,0.0004762234693070898,0.0019420534560509618,0.005766476170340813
25-2032,"Career/Technical Education Teachers, Secondary School",0.0004969397405805726,4.432576864651721e-05,0.00010942736688897721,0.0006160101100613374,0.0004969397405805727
25-2051,"Special Education Teachers, Preschool",0.00013710394752333995,0.00011632141911872895,5.1231675177506526e-05,0.0016594981962970374,0.00013710394752333992
25-2057,"Special Education Teachers, Middle School",0.000490208681587475,0.00020543063166047955,0.00015858366648898806,0.0030973410268102237,0.0004902086815874749
25-2058,"Special Education Teachers, Secondary School",0.0008725549014412963,0.00011649813822982824,0.00022197255090562415,0.001666616364552702,0.0008725549014412963
25-2059,Adapted Physical Education Specialists,0.00024110432622816724,6.931843956885266e-05,7.236106787555933e-05,0.0008560202519551794,0.00024110432622816735
25-3011,"Adult Basic Education, Adult Secondary Education, and English as a Second Language Instructors",0.00020353177561915537,0.00022853429731652507,7.928149634130679e-05,0.0034924949582559677,0.00020353177561915542
25-3021,Self-Enrichment Teachers,0.0015013020185342468,0.00012361031424692513,0.0002819084941020498,0.0019039310646536411,0.0015013020185342472
25-3031,"Substitute Teachers, Short-Term",0.002452588241148906,0.00034895327460519377,0.0005658385365972192,0.0053930469560169465,0.002452588241148906
25-3041,Tutors,0.0008954515365407676,0.00019721862613456413,0.00024196252586863393,0.003015958536936589,0.0008954515365407676
25-4011,Archivists,3.9448419508727594e-05,9.446377851069912e-05,1.7456578126175076e-05,0.001315323586219332,3.9448419508727594e-05
25-4012,Curators,6.90209409865989e-05,6.454805631473119e-05,2.804046384466331e-05,0.000708831326111574,6.90209409865989e-05
25-4013,Museum Technicians and Conservators,6.990370282175924e-05,9.545341726638487e-05,2.892137700051328e-05,0.0013348777991346395,6.990370282175926e-05
25-4022,Librarians and Media Collections Specialists,0.0007379888941940423,0.0001385310581583207,0.00018848208978730708,0.0020662644308595186,0.0007379888941940422
25-4031,Library Technicians,0.0004230084368858943,0.00017136515150517425,0.00013153339290543085,0.0026399315748794274,0.00042300843688589443
25-9021,Farm and Home Management Educators,4.4744990519689616e-05,7.19699401226016e-05,2.073954319559159e-05,0.0006267863962577812,4.4744990519689616e-05
25-9031,Instructional Coordinators,0.00114356278483552,0.00013055114386228864,0.0002945302589708366,0.0016142840902272754,0.00114356278483552
25-9044,"Teaching Assistants, Postsecondary",0.0008052994841250181,0.00021385947128477875,0.00022442905319156116,0.0032781833097975223,0.0008052994841250183
27-1011,Art Directors,0.0002824837872513081,3.2783569156858654e-05,6.562677353472426e-05,0.00031017264939003133,0.00028248378725130797
27-1012,Craft Artists,3.21656343686548e-05,7.209503413567895e-05,1.4309065546879947e-05,0.001106508959382526,3.2165634368654796e-05
27-1013,"Fine Artists, Including Painters, Sculptors, and Illustrators",6.019332263499553e-05,6.238241924997413e-05,2.3396779031012704e-05,0.0009552240603265487,6.0193322634995513e-05
27-1014,Special Effects Artists and Animators,0.0001651868084043782,6.163518881294805e-05,5.307949092060074e-05,0.0007764652581055051,0.0001651868084043782
27-1021,Commercial and Industrial Designers,0.00016998682588306252,5.652470532066897e-05,5.3855215085524497e-05,0.0004366116837903952,0.0001699868258830625
27-1022,Fashion Designers,0.00011001419370685708,3.3287551247674245e-05,3.338216013779127e-05,0.00031948534210167186,0.00011001419370685708
27-1023,Floral Designers,0.00023917328471375398,0.00010383430377083067,7.579480931639701e-05,0.0015966858926357193,0.00023917328471375403
27-1024,Graphic Designers,0.001173631859845669,5.7977277150969496e-05,0.00017573811122118308,0.0007939683380196415,0.001173631859845669
27-1025,Interior Designers,0.000373849637190403,3.972253765716827e-05,8.10054951367591e-05,0.0003327498702175443,0.00037384963719040313
27-1026,Merchandise Displayers and Window Trimmers,0.0009698793937677235,9.589516312679025e-05,0.0002032370227582953,0.0014666698332958408,0.0009698793937677234
27-1027,Set and Exhibit Designers,5.5669168229798797e-05,4.0024548885021474e-05,2.065002669365831e-05,0.00037325183618139746,5.5669168229798797e-05
27-2011,Actors,0.00034515987754769206,0.00011126534368804996,0.0001020987231826669,0.0017173822265373374,0.00034515987754769206
27-2012,Producers and Directors,0.0008522513792326085,1.867916535010425e-05,5.934299397789634e-05,0.00015455914725863546,0.0008522513792326087
27-2012,Media Programming Directors,0.0008522513792326085,2.4030543355686384e-05,8.017363847767425e-05,0.0002399739270000068,0.0008522513792326083
27-2012,Talent Directors,0.0008522513792326085,8.562412423579077e-05,0.00018016685590781004,0.001231316731624898,0.0008522513792326085
27-2012,Media Technical Directors/Managers,0.0008522513792326085,4.429824647241111e-05,0.00015412117542435772,0.0004973776733546187,0.0008522513792326084
27-2021,Athletes and Sports Competitors,8.237271374339901e-05,6.472234420625204e-05,2.986671192913487e-05,0.0009779404850947522,8.237271374339901e-05
27-2022,Coaches and Scouts,0.0013185151460413595,3.664521357159322e-05,0.00015201463840112784,0.00035652516670993167,0.0013185151460413593
27-2023,"Umpires, Referees, and Other Sports Officials",8.187616021112132e-05,4.263911927839911e-05,2.7266806994020588e-05,0.0006550008180700318,8.187616021112133e-05
27-2031,Dancers,6.35036795168468e-05,6.751845028709935e-05,2.439818320961218e-05,0.001047063937717888,6.350367951684681e-05
27-2032,Choreographers,2.3117325558261345e-05,8.822560901447826e-05,1.090084031352975e-05,0.0012821919556602985,2.3117325558261345e-05
27-2041,Music Directors and Composers,5.942090602923023e-05,5.893624908140022e-05,2.2817611426022336e-05,0.0007492114672712787,5.9420906029230215e-05
27-2042,Musicians and Singers,0.00019597312740559497,8.315065116146016e-05,6.207202863655714e-05,0.0012764486559464423,0.00019597312740559495
27-3011,Broadcast Announcers and Radio Disc Jockeys,0.00013831774504668542,9.979180545034785e-05,4.917252611736382e-05,0.0015190894711689972,0.00013831774504668542
27-3031,Public Relations Specialists,0.001520281397990194,8.548063471170025e-05,0.0002837409821750418,0.0010836265707047685,0.0015202813979901938
27-3041,Editors,0.000528001922655277,6.598129747367075e-05,0.00011923868097606434,0.0007937248181657324,0.0005280019226552769
27-3042,Technical Writers,0.00026466303270400877,3.360290782986809e-05,6.16962166826655e-05,0.000504429249267521,0.0002646630327040088
27-3043,Writers and Authors,0.00027282857967924186,5.081212179957378e-05,6.911480059243649e-05,0.0007706532928528668,0.0002728285796792418
27-3043,"Poets, Lyricists and Creative Writers",0.00027282857967924186,8.265934016347075e-05,7.867991945023727e-05,0.0012590868094132686,0.00027282857967924186
27-3091,Interpreters and Translators,0.00028447000138041883,5.2499609724426e-05,7.214390374731372e-05,0.0007888219004267144,0.0002844700013804188
27-3092,Court Reporters and Simultaneous Captioners,6.835886961022865e-05,5.141002707600808e-05,2.4581658913855028e-05,0.0007986721680413159,6.835886961022865e-05
27-4011,Audio and Video Technicians,0.0003680013400324658,5.3157071177967714e-05,0.0001027507145245545,0.0007878705838507541,0.0003680013400324658
27-4012,Broadcast Technicians,0.0001444970778928078,6.205860592234735e-05,5.3511024018216774e-05,0.0008983542652000271,0.0001444970778928078
27-4014,Sound Engineering Technicians,8.055201745838081e-05,8.62148586783845e-05,3.362164304523858e-05,0.0012886489548163663,8.055201745838081e-05
27-4021,Photographers,0.00029589073262280567,0.00010545100424250381,9.710915218314095e-05,0.0015574491915711754,0.00029589073262280567
27-4031,"Camera Operators, Television, Video, and Film",0.00013208323958586554,9.94923387894731e-05,5.144505330334768e-05,0.0015033848630764382,0.00013208323958586554
27-4032,Film and Video Editors,0.00016132472537555171,8.86844490730999e-05,5.69349677902992e-05,0.0013309443030697292,0.0001613247253755517
29-1011,Chiropractors,0.00022885600576531755,4.620978932421202e-05,6.168426333036042e-05,0.0004281499390433966,0.0002288560057653176
29-1021,"Dentists, General",0.0006711196851806467,1.5372032824176836e-05,6.286603181466362e-05,0.00011416118583408517,0.0006711196851806466
29-1022,Oral and Maxillofacial Surgeons,2.295180771416878e-05,9.825661371719335e-06,7.842981590224576e-06,8.556453376790497e-05,2.295180771416878e-05
29-1023,Orthodontists,3.531047340641351e-05,1.802033174362208e-05,1.2462114725504626e-05,0.00014340503393881914,3.5310473406413516e-05
29-1024,Prosthodontists,3.144839037758703e-06,2.9842639090698853e-05,1.6117949835925206e-06,0.00035944540617369804,3.144839037758703e-06
29-1031,Dietitians and Nutritionists,0.0004075049321558909,0.00014172859509450965,0.0001518808266988443,0.0010911280664096632,0.0004075049321558908
29-1041,Optometrists,0.00022835945223303986,2.529631420039551e-05,5.2511391811470854e-05,0.00020493432830039936,0.00022835945223303983
29-1051,Pharmacists,0.001830075629516775,3.0187458886208855e-05,0.00011188852121655804,0.0002793849724841512,0.0018300756295167755
29-1071,Physician Assistants,0.0008040856866016726,3.589562322875998e-05,0.0001334835785202988,0.000317134273894725,0.0008040856866016728
29-1071,Anesthesiologist Assistants,0.0008040856866016726,4.053178907254168e-05,0.00013867708696448512,0.00043573116010431996,0.0008040856866016726
29-1081,Podiatrists,5.2248466118552486e-05,9.520162030022475e-06,1.536831508756776e-05,7.894568083680735e-05,5.2248466118552486e-05
29-1122,Occupational Therapists,0.0007991201512788957,4.0260603922908485e-05,0.0001330497371482324,0.0003888711565058215,0.0007991201512788957
29-1122,"Low Vision Therapists, Orientation and Mobility Specialists, and Vision Rehabilitation Therapists",0.0007991201512788957,6.227113236852466e-05,0.0001535021125359079,0.0007787167314378062,0.0007991201512788955
29-1123,Physical Therapists,0.0013286669071457032,3.449101841643488e-05,0.0001001390376519738,0.00027500949659443885,0.0013286669071457032
29-1124,Radiation Therapists,9.180723085667512e-05,4.2052899373701134e-05,3.330663378215789e-05,0.0005281988146358508,9.18072308566751e-05
29-1125,Recreational Therapists,8.57382432399478e-05,5.999671796408929e-05,3.172905418765937e-05,0.000683743126445829,8.573824323994781e-05
29-1126,Respiratory Therapists,0.0007158646757003364,4.2762685933684474e-05,0.00013337601744059494,0.0004466259491694966,0.0007158646757003364
29-1127,Speech-Language Pathologists,0.0009495206989443382,5.252371308917205e-05,0.00017251606952110122,0.0005169128748211475,0.0009495206989443381
29-1128,Exercise Physiologists,4.446912744620201e-05,3.6292692026910986e-05,1.702444194186585e-05,0.00024671040603766207,4.4469127446202006e-05
29-1129,Art Therapists,9.09796416362123e-05,6.422984926482615e-05,3.366732798195982e-05,0.0007329782127591181,9.09796416362123e-05
29-1129,Music Therapists,9.09796416362123e-05,4.051301010533011e-05,3.0132781703652294e-05,0.0004430995904399188,9.097964163621229e-05
29-1131,Veterinarians,0.00043156019216401007,2.8791506832538753e-05,8.188282138040134e-05,0.00022573823219347106,0.00043156019216401007
29-1141,Registered Nurses,0.017519456898436155,3.219161376823785e-05,9.688229412186052e-05,0.0002741480645723366,0.01751945689843615
29-1141,Acute Care Nurses,0.017519456898436155,2.6288603390599458e-05,8.960759632429715e-05,0.0002190937789856679,0.017519456898436158
29-1141,Advanced Practice Psychiatric Nurses,0.017519456898436155,7.324694679208315e-05,0.00027452881805349616,0.0007797721562309887,0.017519456898436158
29-1141,Critical Care Nurses,0.017519456898436155,3.104136299689553e-05,9.194059893693334e-05,0.00021884389640574112,0.01751945689843615
29-1141,Clinical Nurse Specialists,0.017519456898436155,7.962218869634432e-05,0.0003227024341083317,0.0007582915285009419,0.017519456898436155
29-1151,Nurse Anesthetists,0.0002637802708688484,2.355009633443615e-05,5.7963131597189865e-05,0.0002284702329526746,0.0002637802708688483
29-1161,Nurse Midwives,3.840013982947469e-05,5.18108751595781e-05,1.5946898780143744e-05,0.0005537104674155145,3.84001398294747e-05
29-1171,Nurse Practitioners,0.0015456056281363563,5.991899304510369e-05,0.0002429949461930891,0.0005585866914416115,0.0015456056281363559
29-1181,Audiologists,7.65795892001593e-05,1.8837036195013078e-05,2.3721476704773433e-05,0.00015924352893105284,7.657958920015931e-05
29-1211,Anesthesiologists,0.00018466274139260314,1.9886145248139897e-05,4.558357621148545e-05,0.00015261445815686154,0.00018466274139260311
29-1213,Dermatologists,6.642782809581541e-05,3.943585366944562e-05,2.4303121564587302e-05,0.00035601083155560283,6.642782809581542e-05
29-1214,Emergency Medicine Physicians,0.00019365587758829908,4.199572822375009e-05,6.183799437806676e-05,0.00033829720041315514,0.00019365587758829908
29-1215,Family Medicine Physicians,0.0006179884572269339,6.413452096713501e-05,0.00015320584664332772,0.0006266767207696187,0.0006179884572269339
29-1216,General Internal Medicine Physicians,0.00037081514338203935,4.761742452581487e-05,9.851559475310686e-05,0.0004224960363260948,0.0003708151433820393
29-1217,Neurologists,5.158639474218224e-05,0.00013642468258859609,2.5974139688608973e-05,0.0010330319509733895,5.158639474218224e-05
29-1218,Obstetricians and Gynecologists,0.00010935212233048682,7.404310728360489e-05,4.365426985396197e-05,0.0006851861164923129,0.00010935212233048685
29-1221,"Pediatricians, General",0.0001923869074502561,8.713216282695092e-05,6.815780572839356e-05,0.0009154204605171911,0.0001923869074502561
29-1222,"Physicians, Pathologists",6.080022139666826e-05,0.00012830258985246877,3.082668173657089e-05,0.0006619769374517175,6.080022139666825e-05
29-1223,Psychiatrists,0.0001369936022939449,0.00020812986201651406,6.24966971948012e-05,0.00200964683398745,0.0001369936022939449
29-1224,Radiologists,0.00017633167657327744,3.1729000326305884e-05,5.036635678409152e-05,0.00021281863586413298,0.00017633167657327747
29-1229,Allergists and Immunologists,0.0017107924365407344,5.95014307890901e-05,0.00022158987431300053,0.000543960566226888,0.0017107924365407344
29-1229,Hospitalists,0.0017107924365407344,8.19367341763712e-05,0.0003198377911086964,0.0008926732150186651,0.0017107924365407348
29-1229,Urologists,0.0017107924365407344,2.376629515507678e-05,7.414971431688715e-05,0.000176620417989344,0.0017107924365407344
29-1229,Physical Medicine and Rehabilitation Physicians,0.0017107924365407344,4.650871459872836e-05,0.0001986507176658053,0.00030859024392002033,0.0017107924365407342
29-1229,Preventive Medicine Physicians,0.0017107924365407344,0.0010779082697966885,0.0007553369510379328,0.0060354444994075536,0.0017107924365407344
29-1229,Sports Medicine Physicians,0.0017107924365407344,3.765226948400791e-05,0.00015010107143315462,0.0002795945618798987,0.001710792436540734
29-1241,"Ophthalmologists, Except Pediatric",6.361402474624183e-05,4.176094717743162e-05,2.6380080351436223e-05,0.0003047348035500535,6.361402474624183e-05
29-1291,Acupuncturists,5.169673997157727e-05,6.484457635633164e-05,2.0572105629784703e-05,0.000939641575825339,5.169673997157727e-05
29-1292,Dental Hygienists,0.0011676180448436393,7.386471055188034e-05,0.00021467906987169524,0.0011046235082158408,0.0011676180448436393
29-1299,Naturopathic Physicians,0.00017158683170929062,4.4343849362312266e-05,5.24439461974915e-05,0.00042334434626372736,0.00017158683170929062
29-1299,Orthoptists,0.00017158683170929062,3.823574184778346e-05,4.904407386597742e-05,0.0003470433002943238,0.0001715868317092906
29-2031,Cardiovascular Technologists and Technicians,0.0003070907734064025,8.749752241825066e-05,0.00010063042687024722,0.0011851718679557939,0.00030709077340640255
29-2032,Diagnostic Medical Sonographers,0.0004567189044660797,5.6751352480145534e-05,0.00011988301496225504,0.0007696618916550609,0.0004567189044660797
29-2033,Nuclear Medicine Technologists,9.136584993909495e-05,8.834216536975873e-05,3.7440328732488334e-05,0.001139002079732776,9.136584993909494e-05
29-2034,Radiologic Technologists and Technicians,0.0012202527192650744,7.619029837716365e-05,0.00023626441341798382,0.0011465172627292452,0.0012202527192650744
29-2035,Magnetic Resonance Imaging Technologists,0.00022808358915955224,9.172611837184662e-05,7.856358189171966e-05,0.0012695264450095839,0.00022808358915955224
29-2036,Medical Dosimetrists,2.1517319732033232e-05,3.289292610120298e-05,9.208381333121078e-06,0.00026061557377642363,2.151731973203323e-05
29-2051,Dietetic Technicians,0.00013373841802679116,4.511194121996017e-05,4.063935461659025e-05,0.0005827383772043856,0.00013373841802679116
29-2052,Pharmacy Technicians,0.0025394851092975014,9.072065539934494e-05,0.00025819168803474355,0.0013824687246862706,0.0025394851092975014
29-2053,Psychiatric Technicians,0.0006396712948030596,0.00011331600004142692,0.00016099998814485188,0.0016597990224560394,0.0006396712948030596
29-2055,Surgical Technologists,0.0006086642853430529,3.5672189552502594e-05,0.00012628101142395012,0.0005170412363634332,0.0006086642853430529
29-2056,Veterinary Technologists and Technicians,0.0006731058993097575,4.4458609497104636e-05,0.0001347481846192151,0.0005898163284619069,0.0006731058993097574
29-2057,Ophthalmic Medical Technicians,0.0004049118192651074,4.903879890506576e-05,9.97079832320741e-05,0.0007467357196866326,0.00040491181926510735
29-2061,Licensed Practical and Licensed Vocational Nurses,0.0034772540413112677,3.931049214838727e-05,0.00011381040106421008,0.0004736579932003165,0.0034772540413112673
29-2081,"Opticians, Dispensing",0.0004235601630328695,6.281097768866647e-05,0.00010852137948393412,0.0008777304689090971,0.0004235601630328694
29-2091,Orthotists and Prosthetists,4.8662246163213615e-05,3.423644291951406e-05,1.8118230981707565e-05,0.00032062866449038204,4.866224616321363e-05
29-2092,Hearing Aid Specialists,5.655193006495913e-05,6.035154317820236e-05,2.2729909030897206e-05,0.0008189037013862157,5.6551930064959125e-05
29-2099,Neurodiagnostic Technologists,0.0009440586100892837,5.490743328510917e-05,0.0001967108668027815,0.0007552208833788734,0.0009440586100892839
29-2099,Ophthalmic Medical Technologists,0.0009440586100892837,7.004845857775584e-05,0.00019078921994748535,0.0009879031729182275,0.0009440586100892836
29-2099,Patient Representatives,0.0009440586100892837,0.00010364562290084318,0.00021781935404914415,0.0015278962341828723,0.0009440586100892836
29-9091,Athletic Trainers,0.0001571316066585401,4.3747053733959556e-05,4.553650904259619e-05,0.00043721276077313343,0.00015713160665854008
29-9092,Genetic Counselors,1.6827647482743938e-05,3.6835211081099914e-05,7.495257137881465e-06,0.0004893959427551423,1.6827647482743934e-05
29-9093,Surgical Assistants,0.00010361417040194463,4.717022820767968e-05,3.5878588423056954e-05,0.0006536769299262718,0.00010361417040194463
29-9099,Midwives,0.0002035869482338529,5.6374892315600145e-05,5.945330226794664e-05,0.0006010259469359032,0.0002035869482338528
31-1131,Nursing Assistants,0.007458013364352113,0.00010064774534429868,0.00028727143111188336,0.0015551085558785478,0.007458013364352113
31-1132,Orderlies,0.0002687458061916253,0.00011258734006933285,8.529620825195766e-05,0.001749099593470032,0.0002687458061916253
31-1133,Psychiatric Aides,0.0001782627180876907,0.00015830346457570865,6.570454999950848e-05,0.0024272075975809004,0.00017826271808769073
31-2011,Occupational Therapy Assistants,0.0002542905811408748,8.32545032431288e-05,7.577696151680881e-05,0.0011924669932423422,0.0002542905811408748
31-2012,Occupational Therapy Aides,2.444146831100185e-05,0.0001025037653765176,1.1676405506995058e-05,0.001557387940286873,2.4441468311001857e-05
31-2021,Physical Therapist Assistants,0.0005737951928542195,6.196459531282668e-05,0.0001308625753954581,0.0007986846436183397,0.0005737951928542195
31-2022,Physical Therapist Aides,0.00023387671370279196,0.00011124231283157483,7.723220341411072e-05,0.001705787197044218,0.00023387671370279196
31-9011,Massage Therapists,0.0005111742751725331,6.811244351736331e-05,0.00011746184871105755,0.0010511304741158086,0.0005111742751725332
31-9091,Dental Assistants,0.00204519365422241,8.937365444797998e-05,0.00027843435582923845,0.001364342127705284,0.00204519365422241
31-9092,Medical Assistants,0.0042098911918796505,7.49944253669516e-05,0.00021795556450199868,0.0010855720023117744,0.0042098911918796505
31-9093,Medical Equipment Preparers,0.0003684978935647435,4.4506067297129326e-05,9.779032276443688e-05,0.0006845436180386434,0.0003684978935647435
31-9094,Medical Transcriptionists,0.00028921484624440564,4.17949057513318e-05,6.854164598784345e-05,0.0006480163922027239,0.0002892148462444056
31-9095,Pharmacy Aides,0.000241821570219235,0.0001705888769548876,8.59650110003318e-05,0.002644241901589683,0.00024182157021923498
31-9096,Veterinary Assistants and Laboratory Animal Caretakers,0.0006387333603532019,0.00010581045881095084,0.00016044691182129305,0.0016041140599863204,0.0006387333603532019
31-9097,Phlebotomists,0.0007563062022736193,5.6639821695661516e-05,0.00014940531320956454,0.0008487005257633046,0.0007563062022736192
31-9099,Speech-Language Pathology Assistants,0.0005640296400527583,7.18412659726783e-05,0.00012776607329956262,0.0010406397735787198,0.0005640296400527583
31-9099,Endoscopy Technicians,0.0005640296400527583,5.09320329044146e-05,0.00013280928713949838,0.0007762064382926413,0.0005640296400527583
33-1011,First-Line Supervisors of Correctional Officers,0.00028844242963864034,4.9504371714019054e-05,7.298991361486936e-05,0.000591768638206843,0.0002884424296386404
33-1012,First-Line Supervisors of Police and Detectives,0.0007621544994315566,2.097653070509954e-05,7.165180749987504e-05,0.00021504449604725867,0.0007621544994315566
33-1021,First-Line Supervisors of Firefighting and Prevention Workers,0.00046411203483554756,5.626667482588805e-05,0.0001138662002003169,0.0005866830528446704,0.00046411203483554746
33-1091,First-Line Supervisors of Security Workers,0.00035807026938691197,5.355964214073605e-05,8.76090493719758e-05,0.0005935552260450216,0.000358070269386912
33-2011,Firefighters,0.0017404753032480007,6.532285090490221e-05,0.0002832147175455155,0.0009320483776697326,0.0017404753032480007
33-2021,Fire Inspectors and Investigators,7.834511287047997e-05,5.406395746088818e-05,2.914273886854587e-05,0.0005686736407212508,7.834511287047997e-05
33-2022,Forest Fire Inspectors and Prevention Specialists,1.2524183536337291e-05,8.817615626738153e-05,6.347653810114152e-06,0.0012038548701347662,1.2524183536337291e-05
33-3011,Bailiffs,8.772445736905856e-05,0.00019157456522276144,3.8233724926934e-05,0.002971939579771458,8.772445736905855e-05
33-3012,Correctional Officers and Jailers,0.0019388760257002867,8.958487774778047e-05,0.0002583030524830878,0.001353137226949749,0.0019388760257002867
33-3021,Detectives and Criminal Investigators,0.0005888573166666428,6.244130157759096e-05,0.00012663371565821332,0.0006703502722222273,0.0005888573166666429
33-3021,Police Identification and Records Officers,0.0005888573166666428,6.182734827937931e-05,0.0001294907459986004,0.0009022393280742038,0.0005888573166666429
33-3021,Intelligence Analysts,0.0005888573166666428,2.1691002017529396e-05,6.756102058408375e-05,0.00024175738404272652,0.0005888573166666427
33-3031,Fish and Game Wardens,3.470357464474078e-05,4.165245814337533e-05,1.427773311574663e-05,0.0004488877387437176,3.470357464474078e-05
33-3041,Parking Enforcement Workers,4.093808010556066e-05,7.759832089001668e-05,1.7599746628014635e-05,0.0011983146202380844,4.093808010556065e-05
33-3051,Police and Sheriff's Patrol Officers,0.0035658612605154864,8.454434718006067e-05,0.00023877649608438275,0.0011180796293246593,0.003565861260515486
33-3051,Customs and Border Protection Officers,0.0035658612605154864,7.200966167557606e-05,0.00021524004068658627,0.0009653746628065257,0.0035658612605154864
33-3052,Transit and Railroad Police,1.3020737068614981e-05,6.727263472582907e-05,6.385092592392723e-06,0.0009509570762121897,1.3020737068614981e-05
33-9011,Animal Control Workers,6.400023304912448e-05,8.14312964174426e-05,2.5447850169147374e-05,0.0012524895018813105,6.400023304912448e-05
33-9021,Private Detectives and Investigators,0.00019089724685342302,3.547289294072138e-05,4.999051821724319e-05,0.0004958009766366663,0.00019089724685342302
33-9031,Gambling Surveillance Officers and Gambling Investigators,5.88140072675575e-05,2.503366173029908e-05,1.914269799549219e-05,0.0003746958695932309,5.881400726755749e-05
33-9032,Security Guards,0.006636934512423604,6.856926432179493e-05,0.00020133682042073765,0.0010591666698679762,0.006636934512423604
33-9091,Crossing Guards and Flaggers,0.0005008569962240966,5.3215383217701886e-05,0.00010382687373235775,0.0008271035774030401,0.0005008569962240966
33-9092,"Lifeguards, Ski Patrol, and Other Recreational Protective Service Workers",0.0006817128272025708,3.880280394950142e-05,0.00010888063163293888,0.0005997626350906232,0.0006817128272025708
33-9093,Transportation Security Screeners,0.0002645526874746137,8.864885698627885e-05,8.368291739917506e-05,0.0013526328491102729,0.00026455268747461373
33-9099,Retail Loss Prevention Specialists,0.0004551740712545491,4.1787696093341136e-05,9.572814193150422e-05,0.0005824817859123264,0.00045517407125454906
35-1011,Chefs and Head Cooks,0.0009510103595411713,2.3760021296118145e-05,7.331745948894058e-05,0.00021566094093460514,0.0009510103595411715
35-1012,First-Line Supervisors of Food Preparation and Serving Workers,0.0064912788096221485,4.079733324479064e-05,0.00011979626168644777,0.00048019331439671435,0.006491278809622148
35-2011,"Cooks, Fast Food",0.0037158204272633487,0.0001369415055126512,0.00036626441785449356,0.002126930012004041,0.0037158204272633487
35-2012,"Cooks, Institution and Cafeteria",0.0024035397866828093,0.00010618540174034061,0.00031227569888820923,0.0016172845992684457,0.0024035397866828097
35-2013,"Cooks, Private Household",4.082773487616561e-06,7.667097373927561e-05,2.0763070866059335e-06,0.0017408888857197997,4.082773487616561e-06
35-2014,"Cooks, Restaurant",0.007792304236804394,9.242332422483808e-05,0.0002763769725461578,0.0014282987291518974,0.007792304236804394
35-2015,"Cooks, Short Order",0.0006972163319325742,0.00017484581535139295,0.0001940893678655915,0.0027140346170191195,0.0006972163319325742
35-2021,Food Preparation Workers,0.004853038361408654,0.0002196801810741907,0.0005942616396741909,0.0034130874391936727,0.0048530383614086535
35-3011,Bartenders,0.003923545321599516,9.920975638812168e-05,0.0002786217493241332,0.0015234771751700214,0.003923545321599517
35-3023,Fast Food and Counter Workers,0.020284653174461216,0.00028338105669683796,0.0007187504885909461,0.004403634344938444,0.020284653174461213
35-3023,Baristas,0.020284653174461216,0.00012131144889627565,0.000364628430650237,0.001880241511985621,0.020284653174461213
35-3031,Waiters and Waitresses,0.012346803580084761,0.0002596784066353596,0.0006837968311095998,0.004034502433735697,0.012346803580084765
35-3041,"Food Servers, Nonrestaurant",0.0014777433120584053,0.0001698723841006642,0.0003182270008019357,0.0026382088936466033,0.0014777433120584057
35-9011,Dining Room and Cafeteria Attendants and Bartender Helpers,0.0026669890218634727,0.0003542490989025304,0.0005986690919600305,0.005504419700181676,0.0026669890218634722
35-9021,Dishwashers,0.002559678286276794,0.0004890716321494462,0.0007043339036790347,0.007597548932255258,0.002559678286276794
35-9031,"Hosts and Hostesses, Restaurant, Lounge, and Coffee Shop",0.002344946469874042,0.0002700529851272812,0.0004999999946887218,0.004195778838908876,0.002344946469874042
37-1011,First-Line Supervisors of Housekeeping and Janitorial Workers,0.0009441137827039812,7.683413607223859e-05,0.0001908254562952237,0.0010696854563275711,0.0009441137827039811
37-1012,"First-Line Supervisors of Landscaping, Lawn Service, and Groundskeeping Workers",0.000695285290418161,4.953639834517333e-05,0.0001456150632535766,0.0005646690967963996,0.000695285290418161
37-2011,"Janitors and Cleaners, Except Maids and Housekeeping Cleaners",0.01198625054303646,0.00012612282034990958,0.0004199676018369672,0.001956433526922314,0.01198625054303646
37-2012,Maids and Housekeeping Cleaners,0.004613699558850807,0.00020326276014679683,0.0005446081949167992,0.0031575664421143648,0.0046136995588508065
37-2021,Pest Control Workers,0.0005172984354039579,0.00010832650102637742,0.0001540298217638543,0.0016243119389661755,0.000517298435403958
37-3011,Landscaping and Groundskeeping Workers,0.00513066695856658,8.63529614926794e-05,0.00029384829301508754,0.0013397036090985208,0.00513066695856658
37-3012,"Pesticide Handlers, Sprayers, and Applicators, Vegetation",0.00012976598976856965,7.067321438019088e-05,4.678395103480909e-05,0.0010890142865357414,0.00012976598976856965
37-3013,Tree Trimmers and Pruners,0.0002773527340844386,6.44100860138946e-05,8.423852558897709e-05,0.000993749590516677,0.00027735273408443866
39-1013,First-Line Supervisors of Gambling Services Workers,0.00013848326289077798,5.890292600666262e-05,4.5358229557738305e-05,0.0008241884687119024,0.00013848326289077795
39-1022,First-Line Supervisors of Personal Service Workers,0.0005872573108404146,8.499803667773548e-05,0.00013904793691619976,0.0011338018313691264,0.0005872573108404147
39-2011,Animal Trainers,0.0001061521106780306,8.1493358449573e-05,3.853954256396859e-05,0.0012141493825677814,0.0001061521106780306
39-2021,Animal Caretakers,0.0014832054009134598,7.477669663983587e-05,0.00021176313837844028,0.0011595175157823395,0.0014832054009134602
39-3011,Gambling Dealers,0.0004445257566179275,0.00012191123272819656,0.00012601629264485681,0.001892242737286498,0.0004445257566179275
39-3012,Gambling and Sports Book Writers and Runners,4.800017478684336e-05,0.00011363367815883379,2.1245043115066063e-05,0.0017573438942843395,4.8000174786843346e-05
39-3021,Motion Picture Projectionists,1.4400052436053008e-05,3.7368612272173024e-05,6.563850391732165e-06,0.0005774200550683526,1.4400052436053008e-05
39-3031,"Ushers, Lobby Attendants, and Ticket Takers",0.0006486092583840582,0.00014132190623344958,0.00016987119353386332,0.0021955772492917155,0.0006486092583840582
39-3091,Amusement and Recreation Attendants,0.0019954831283799435,0.00010788034807949747,0.00029641040872074615,0.0016745387101775064,0.0019954831283799435
39-3092,Costume Attendants,3.4758747259438296e-05,9.518209066216098e-05,1.5744944800729257e-05,0.0014706704536448913,3.475874725943829e-05
39-3093,"Locker Room, Coatroom, and Dressing Room Attendants",8.121408883475106e-05,0.00015367815242820653,3.4583514215574686e-05,0.0023885888650505755,8.121408883475105e-05
39-4011,Embalmers,1.8648343767762132e-05,5.607040183266874e-05,8.626601387652559e-06,0.0008453045587067008,1.8648343767762132e-05
39-4021,Funeral Attendants,0.00017997306914331384,0.00020261052994099653,6.978617358841466e-05,0.003146515511766763,0.00017997306914331382
39-4031,"Morticians, Undertakers, and Funeral Arrangers",0.0001335177275680011,1.4103913607606441e-05,3.0102373876032622e-05,0.0001750881832697187,0.0001335177275680011
39-5011,Barbers,8.822101090133625e-05,0.00012854339145463174,3.6151019693625894e-05,0.001995148654804968,8.822101090133624e-05
39-5012,"Hairdressers, Hairstylists, and Cosmetologists",0.0016267093717417123,9.032221701713069e-05,0.00025239450553619767,0.0013828160030020641,0.0016267093717417123
39-5091,"Makeup Artists, Theatrical and Performance",2.2786289870076217e-05,7.781986469815305e-05,1.0692702583559963e-05,0.0011630380389271574,2.2786289870076213e-05
39-5092,Manicurists and Pedicurists,0.0007989546334348031,0.00010187944920014327,0.00017927203761277882,0.001582003790084496,0.0007989546334348031
39-5093,Shampooers,4.060704441737553e-05,6.703200336743315e-05,1.6926925590819207e-05,0.0010415560336429481,4.060704441737553e-05
39-5094,Skincare Specialists,0.00036011165613072027,9.01375861061135e-05,0.00010026129620164399,0.0013808887720245804,0.00036011165613072027
39-6011,Baggage Porters and Bellhops,0.00015878678509946575,0.000173239880117045,6.134951267359342e-05,0.002687789570829557,0.00015878678509946573
39-6012,Concierges,0.00022631806548923156,0.0003180164350599127,9.13862528634529e-05,0.0049161875654907435,0.00022631806548923156
39-9011,Childcare Workers,0.0027445617181281875,0.0001915654038287047,0.00048028381518845534,0.0029586150310422156,0.002744561718128188
39-9011,Nannies,0.0027445617181281875,0.00021001778563482825,0.0004983691055610445,0.0032358567262160288,0.002744561718128187
39-9031,Exercise Trainers and Group Fitness Instructors,0.0015417987177222274,7.736931426764843e-05,0.00021514780037430728,0.0011813160306904473,0.0015417987177222272
39-9032,Recreation Workers,0.0015544884191026572,9.892984468374453e-05,0.0002699392746253112,0.0013802380524439225,0.0015544884191026572
39-9041,Residential Advisors,0.0004893810923670123,0.00015563518598094616,0.00014524137793129474,0.002349003727939683,0.0004893810923670121
41-1011,First-Line Supervisors of Retail Sales Workers,0.006002173580328623,2.667225315144652e-05,8.315245708345429e-05,0.00031090901354217677,0.006002173580328623
41-1012,First-Line Supervisors of Non-Retail Sales Workers,0.001253245942854192,2.376960506754594e-05,8.284902678562606e-05,0.0002550067924818929,0.0012532459428541917
41-2011,Cashiers,0.018199569719812497,0.00017220745975203003,0.00046634234238360537,0.002674555898893533,0.018199569719812497
41-2012,Gambling Change Persons and Booth Cashiers,0.0001134348958181034,8.942114893154162e-05,4.154315979179154e-05,0.0013854497779741454,0.00011343489581810342
41-2021,Counter and Rental Clerks,0.002153387151644249,0.00013730355323970144,0.0003654366975184377,0.0021146210200849347,0.002153387151644249
41-2022,Parts Salespersons,0.0014387362734672579,8.78290092222022e-05,0.0002740370494566868,0.001347681585037008,0.0014387362734672579
41-2031,Retail Salespersons,0.02032967402805439,0.00011256265218690982,0.00031306578540911027,0.0017255338360762052,0.020329674028054395
41-3011,Advertising Sales Agents,0.0005964159648802032,8.441156000761065e-05,0.00014190205891661024,0.0011289120391455452,0.0005964159648802031
41-3021,Insurance Sales Agents,0.0025242022950262883,9.340915697437431e-05,0.0002715989576733808,0.0013797483117403504,0.0025242022950262887
41-3031,"Securities, Commodities, and Financial Services Sales Agents",0.002646244118737205,5.982380293655199e-05,0.0001786366605839584,0.0007243634890054303,0.0026462441187372044
41-3041,Travel Agents,0.00032138048061306043,0.00016558265156939238,0.0001049995272583825,0.0025417046670553577,0.0003213804806130605
41-4011,"Sales Representatives, Wholesale and Manufacturing, Technical and Scientific Products",0.001720171781039313,4.0185176216054886e-05,0.00011328185348023973,0.00037712093755265226,0.0017201717810393135
41-4011,Solar Sales Representatives and Assessors,0.001720171781039313,5.378860767180397e-05,0.0001670895758545429,0.0006762476241137048,0.001720171781039313
41-4012,"Sales Representatives, Wholesale and Manufacturing, Except Technical and Scientific Products",0.00711130865359289,0.00012624087256533377,0.00035511636616888194,0.0019138437856018712,0.00711130865359289
41-9011,Demonstrators and Product Promoters,0.0002802217100487097,0.00011140755273285361,8.708181121211398e-05,0.0016905793646603546,0.0002802217100487097
41-9012,Models,1.7048337941534023e-05,5.751215289755406e-05,7.92165863446509e-06,0.0008940309218148523,1.7048337941534023e-05
41-9021,Real Estate Brokers,0.00028331137647177087,8.07777918465667e-05,8.146055882707901e-05,0.0011128355844361448,0.00028331137647177087
41-9022,Real Estate Sales Agents,0.0010908729377993873,7.439528701856127e-05,0.00019161717292168586,0.000950080825521227,0.001090872937799387
41-9031,Sales Engineers,0.00032739429561509024,2.4827623163800108e-05,7.555104698020202e-05,0.00018599649505212412,0.0003273942956150902
41-9041,Telemarketers,0.0004500981907023772,0.00011761475545851774,0.00012451223642382669,0.0018269254898481547,0.00045009819070237713
41-9091,"Door-to-Door Sales Workers, News and Street Vendors, and Related Workers",3.4317366341858125e-05,0.00018468560920805905,1.6827693362298464e-05,0.002868966545717118,3.4317366341858125e-05
43-1011,First-Line Supervisors of Office and Administrative Support Workers,0.008301106089544933,3.8711802039457515e-05,0.00011537040389407461,0.0003798371418906051,0.008301106089544933
43-2011,"Switchboard Operators, Including Answering Service",0.000241821570219235,0.00013907693534191,8.158319195186297e-05,0.002159966220145751,0.00024182157021923506
43-2021,Telephone Operators,2.537940276085971e-05,0.00011056349883611917,1.2140876484566745e-05,0.0017171110718224864,2.537940276085971e-05
43-3011,Bill and Account Collectors,0.0010533003871903753,0.00015798882432035592,0.00024882559455250634,0.0024331340692013963,0.0010533003871903753
43-3021,Billing and Posting Clerks,0.002373636229516753,7.948864045501947e-05,0.0002424783605179198,0.001220603346039606,0.0023736362295167534
43-3031,"Bookkeeping, Accounting, and Auditing Clerks",0.008286430174035393,7.190379116399905e-05,0.000206202622475275,0.0011047186645352135,0.008286430174035393
43-3041,Gambling Cage Workers,6.92968040600865e-05,0.00013457388021454256,2.9678002065926558e-05,0.0020795845373050865,6.929680406008649e-05
43-3051,Payroll and Timekeeping Clerks,0.0008674790208891243,9.89916910046123e-05,0.00018865174723947797,0.0015272198970722006,0.0008674790208891243
43-3061,Procurement Clerks,0.00033975296130733497,7.573753048352076e-05,9.161559738890781e-05,0.0011263744888965253,0.0003397529613073349
43-3071,Tellers,0.0018803930541209143,0.0001118047826496244,0.00030550399712831253,0.0017141384895748967,0.0018803930541209134
43-4011,Brokerage Clerks,0.00026515958623628646,0.0001167191615923298,8.392075667494527e-05,0.0017894128619760589,0.0002651595862362864
43-4021,Correspondence Clerks,2.5655265834347313e-05,0.00010802362451630106,1.2248809130761363e-05,0.0016598366520130456,2.5655265834347313e-05
43-4031,"Court, Municipal, and License Clerks",0.0008715066217620434,0.00010614224539119796,0.00019125491233161346,0.0016272503710854837,0.0008715066217620438
43-4051,Customer Service Representatives,0.015772250536195055,6.080355560419769e-05,0.00017157446907250498,0.0009247493291490525,0.015772250536195055
43-4061,"Eligibility Interviewers, Government Programs",0.0008286375001420695,9.321089025690334e-05,0.00017651412553491776,0.001428933234865018,0.0008286375001420693
43-4071,File Clerks,0.00045401544634590115,8.22701634762188e-05,0.0001169670978894871,0.0012719007685621708,0.00045401544634590126
43-4081,"Hotel, Motel, and Resort Desk Clerks",0.0014554535757206068,0.00016750507057685656,0.00031316904308503914,0.0025796891672584055,0.001455453575720607
43-4111,"Interviewers, Except Eligibility and Loan",0.0008857963289687013,8.538138999016389e-05,0.00018050766098195387,0.0012881036174047272,0.0008857963289687013
43-4121,"Library Assistants, Clerical",0.0004616844397888566,0.00022673721684667185,0.00015095833332830184,0.0035118613771084398,0.0004616844397888566
43-4131,Loan Interviewers and Clerks,0.0011251903041412455,8.715396197785456e-05,0.0002107301877617351,0.0012527831607065814,0.0011251903041412455
43-4141,New Accounts Clerks,0.0002272008273243919,0.00019587321287371974,8.351907972920306e-05,0.0030232485418529805,0.0002272008273243919
43-4151,Order Clerks,0.0005066501207673363,0.00010661583543596087,0.00013469748865814414,0.0016326201046194938,0.0005066501207673363
43-4161,"Human Resources Assistants, Except Payroll and Timekeeping",0.0005596710034916541,0.0001347642385768076,0.00015125986592310427,0.0020608400469898105,0.000559671003491654
43-4171,Receptionists and Information Clerks,0.005538337408566563,0.00021477703151604746,0.0006060133520441441,0.003329213897216144,0.0055383374085665625
43-4181,Reservation and Transportation Ticket Agents and Travel Clerks,0.0006580437754973342,0.00015537771131940784,0.00017726365775411023,0.0023830613630255243,0.0006580437754973341
43-5011,Cargo and Freight Agents,0.000580526251847317,7.381831756186117e-05,0.00013742228176650444,0.001132037383411223,0.000580526251847317
43-5011,Freight Forwarders,0.000580526251847317,7.427376654419013e-05,0.00013688208202329732,0.0010592262829383775,0.000580526251847317
43-5021,Couriers and Messengers,0.0003972979984368495,0.0001589358390663953,0.00012446799289028408,0.0024667156607468595,0.0003972979984368495
43-5031,Public Safety Telecommunicators,0.0005396985169711515,8.827726341106838e-05,0.0001345789835781894,0.0012114221930662333,0.0005396985169711515
43-5032,"Dispatchers, Except Police, Fire, and Ambulance",0.0011370524163012124,7.93671364439625e-05,0.00020469231901469538,0.0012033631141282002,0.0011370524163012122
43-5041,"Meter Readers, Utilities",0.000109793503248067,4.3317445436290086e-05,3.6636954279672664e-05,0.0006675645800817133,0.000109793503248067
43-5051,Postal Service Clerks,0.0004310636386317324,0.00014152027509586816,0.0001295991187735233,0.002190307167887607,0.00043106363863173227
43-5052,Postal Service Mail Carriers,0.0018295239033697998,0.00018735728987769805,0.00037005414686762,0.002911371448113138,0.0018295239033697998
43-5053,"Postal Service Mail Sorters, Processors, and Processing Machine Operators",0.0006429816516849109,0.00014021275882667903,0.00017962029420239025,0.0021747263731178215,0.0006429816516849109
43-5061,"Production, Planning, and Expediting Clerks",0.0021736906738529364,6.621778996182549e-05,0.00021721430914846274,0.0009757240931342329,0.002173690673852937
43-5071,"Shipping, Receiving, and Inventory Clerks",0.004657230751847151,8.331294716816441e-05,0.00026175851429120284,0.001286319575468779,0.004657230751847151
43-5111,"Weighers, Measurers, Checkers, and Samplers, Recordkeeping",0.0002827596503247957,7.081489320337432e-05,8.75018213576418e-05,0.0010854788367535332,0.0002827596503247957
43-6011,Executive Secretaries and Executive Administrative Assistants,0.002667982128928028,0.0001706135666243355,0.00045097890909373393,0.0025895756808109976,0.002667982128928028
43-6012,Legal Secretaries and Administrative Assistants,0.000842982379963425,0.00014560414289313105,0.00020902223461729286,0.0022477987560285866,0.0008429823799634252
43-6013,Medical Secretaries and Administrative Assistants,0.0041351874715792065,0.00015025586718952417,0.0004231157105813158,0.0023257677488173704,0.004135187471579206
43-6014,"Secretaries and Administrative Assistants, Except Legal, Medical, and Executive",0.00985068414593951,0.00016148821940101233,0.0004461168491257699,0.002482640185790459,0.00985068414593951
43-9021,Data Entry Keyers,0.000850927236479868,3.9711723168137745e-05,0.00012198265588456398,0.0006140115591809791,0.000850927236479868
43-9022,Word Processors and Typists,0.0002052421266747785,6.337789552726301e-05,6.0962232126412286e-05,0.0009827614025158735,0.0002052421266747785
43-9031,Desktop Publishers,2.8800104872106017e-05,4.413819197301306e-05,1.2477004998884749e-05,0.0005260887012283468,2.8800104872106007e-05
43-9041,Insurance Claims and Policy Processing Clerks,0.0013332462341655975,7.138226401338967e-05,0.00019976954806577774,0.0010930712790113671,0.0013332462341655977
43-9051,"Mail Clerks and Mail Machine Operators, Except Postal Service",0.00036744961388549056,0.00011438083519935893,0.00011347549766406918,0.0017723248514812384,0.00036744961388549067
43-9061,"Office Clerks, General",0.013773126015245076,0.00014041456894254585,0.0003970060100011576,0.0021673287475902888,0.013773126015245076
43-9071,"Office Machine Operators, Except Computer",0.000154262630694269,6.359012577180621e-05,5.236244749594705e-05,0.0009802136245855607,0.000154262630694269
43-9081,Proofreaders and Copy Markers,3.0289765468939087e-05,1.637295157147828e-05,1.016726175728532e-05,0.0002542555101395355,3.0289765468939083e-05
43-9111,Statistical Assistants,3.97242825822152e-05,3.703014989312206e-05,1.5309917894557435e-05,0.0004468070204557179,3.9724282582215204e-05
45-1011,"First-Line Supervisors of Farming, Fishing, and Forestry Workers",0.0001497936489037698,3.955156086465609e-05,4.788175577912263e-05,0.00045951581836072594,0.0001497936489037698
45-2011,Agricultural Inspectors,6.984853020706171e-05,5.932068854613573e-05,2.7887645008232662e-05,0.0007216684354032189,6.984853020706171e-05
45-2021,Animal Breeders,7.50347559886287e-06,6.734971893450256e-05,3.787459440202701e-06,0.001157087881465227,7.50347559886287e-06
45-2041,"Graders and Sorters, Agricultural Products",0.00012926943623629196,5.771699651207096e-05,4.321507013280391e-05,0.0008967496022474125,0.00012926943623629196
45-2091,Agricultural Equipment Operators,0.0001595040290905335,0.00010263069179130624,5.9922023552096064e-05,0.0015881218919236873,0.00015950402909053349
45-2092,"Farmworkers and Laborers, Crop, Nursery, and Greenhouse",0.0014274810600689637,4.32367486769286e-05,0.00016087824690930004,0.0006669345864356323,0.0014274810600689637
45-2093,"Farmworkers, Farm, Ranch, and Aquacultural Animals",0.0001798075512992213,5.0479529076917845e-05,5.5767475903094984e-05,0.0007783195986701741,0.0001798075512992213
45-4011,Forest and Conservation Workers,3.172425345107464e-05,6.452513557029862e-05,1.3991195495426608e-05,0.0009934495465774007,3.172425345107463e-05
45-4021,Fallers,2.648285505481013e-05,6.551957989404275e-05,1.2044014802035742e-05,0.0010141289774502585,2.6482855054810127e-05
45-4022,Logging Equipment Operators,0.00013086944206252006,5.366270711102407e-05,4.5696176094929184e-05,0.0008276860846723101,0.00013086944206252006
45-4023,Log Graders and Scalers,2.0082831749897684e-05,6.65542210219565e-05,9.479703726784635e-06,0.0010204815672887665,2.008283174989768e-05
47-1011,First-Line Supervisors of Construction Trades and Extraction Workers,0.004289229411814686,7.986541114753318e-05,0.0003372221619458294,0.0010242022234611618,0.004289229411814686
47-1011,Solar Energy Installation Managers,0.004289229411814686,0.00015192146320942303,0.0006030408071036174,0.0017834417097515832,0.004289229411814686
47-2011,Boilermakers,6.140712015834099e-05,9.734287508400334e-05,2.6881308432798882e-05,0.0015018867572684808,6.140712015834099e-05
47-2021,Brickmasons and Blockmasons,0.00031354596932601245,5.921100307271561e-05,9.318539084337093e-05,0.0009120660365496592,0.00031354596932601245
47-2022,Stonemasons,5.401398978887316e-05,3.156795053108264e-05,1.9793880641735656e-05,0.000485180928133821,5.401398978887316e-05
47-2031,Carpenters,0.0038636830346527053,5.0446134128792225e-05,0.00024195594279957503,0.0007674968027275231,0.003863683034652705
47-2041,Carpet Installers,8.584858846934284e-05,7.577422887787013e-05,3.310679968257256e-05,0.0011708267312063865,8.584858846934284e-05
47-2042,"Floor Layers, Except Carpet, Wood, and Hard Tiles",0.0001387591259642656,4.551621117490999e-05,4.410497091848573e-05,0.0007043828067825931,0.00013875912596426557
47-2043,Floor Sanders and Finishers,2.79725156516432e-05,9.112273562222631e-05,1.3169950911439416e-05,0.0014096914373033828,2.79725156516432e-05
47-2044,Tile and Stone Setters,0.00023404223154688454,6.963224406636403e-05,7.491104270650034e-05,0.0010738565953241944,0.00023404223154688454
47-2051,Cement Masons and Concrete Finishers,0.0011230937447827395,6.82754971826483e-05,0.0002273809499061428,0.0010557478524838577,0.0011230937447827395
47-2053,Terrazzo Workers and Finishers,8.055201745838082e-06,7.558564709868716e-05,4.089158481010006e-06,0.0013262680046615734,8.05520174583808e-06
47-2061,Construction Laborers,0.005622585991209678,5.8061892456149386e-05,0.0002519664418017594,0.000896630700368855,0.005622585991209679
47-2071,"Paving, Surfacing, and Tamping Equipment Operators",0.0002376836241169209,8.694038615477236e-05,8.126022268362868e-05,0.0013433186127235922,0.0002376836241169209
47-2072,Pile Driver Operators,1.6606957023953852e-05,9.480486864246308e-05,8.220277485745283e-06,0.0014885238676359874,1.6606957023953856e-05
47-2073,Operating Engineers and Other Construction Equipment Operators,0.002484809048132258,5.014366697730173e-05,0.0002475141575781743,0.0007727938124308096,0.0024848090481322574
47-2081,Drywall and Ceiling Tile Installers,0.0005012983771416768,7.011062260113386e-05,0.00013253213869700973,0.001084201532169836,0.0005012983771416769
47-2082,Tapers,8.584858846934284e-05,6.444832078716229e-05,3.236872368607524e-05,0.000998413847238865,8.584858846934284e-05
47-2111,Electricians,0.003931490178115959,9.541718954148769e-05,0.0005744630697407738,0.0013960431666064873,0.003931490178115959
47-2121,Glaziers,0.0002945665898700652,5.4789911743068095e-05,8.660245987871598e-05,0.0008453974932697073,0.00029456658987006524
47-2131,"Insulation Workers, Floor, Ceiling, and Wall",0.00021246973920015377,5.992888806900394e-05,6.838110559933519e-05,0.0009250681417807645,0.00021246973920015377
47-2132,"Insulation Workers, Mechanical",0.00012606942458383573,3.3082502161898584e-05,3.952367920479566e-05,0.0005107234932780837,0.00012606942458383573
47-2141,"Painters, Construction and Maintenance",0.0011912319239341781,5.472632217023817e-05,0.0001849112970478691,0.0008475969981827316,0.001191231923934178
47-2142,Paperhangers,1.0096588489646362e-05,7.030650714482971e-05,5.047601784023863e-06,0.0011441933689750117,1.0096588489646362e-05
47-2151,Pipelayers,0.00019222138960616354,5.319513346984419e-05,6.30594215777915e-05,0.0008205072739937439,0.00019222138960616348
47-2152,"Plumbers, Pipefitters, and Steamfitters",0.0024064087626470805,8.135221070815049e-05,0.00039968417584756804,0.0012506418021856567,0.002406408762647081
47-2152,Solar Thermal Installers and Technicians,0.0024064087626470805,9.777969826073423e-05,0.000492460567039886,0.0014795549846311775,0.002406408762647081
47-2161,Plasterers and Stucco Masons,0.0001230901033901696,9.003150038562534e-05,4.567836569608908e-05,0.0013929778794511706,0.0001230901033901696
47-2171,Reinforcing Iron and Rebar Workers,9.600034957368672e-05,5.708472801407196e-05,3.523164763427013e-05,0.0008824521848715224,9.600034957368672e-05
47-2181,Roofers,0.0007456027150223002,6.308436781615909e-05,0.00016797068053202202,0.000974253571666836,0.0007456027150223001
47-2211,Sheet Metal Workers,0.0006410506101704977,5.940845820061081e-05,0.0001664264123595803,0.0009148644798434928,0.0006410506101704977
47-2221,Structural Iron and Steel Workers,0.00035189093654078963,3.2601939912733055e-05,8.898943867400698e-05,0.000501396953322361,0.0003518909365407896
47-2231,Solar Photovoltaic Installers,0.00013522807862362423,6.197417785857288e-05,5.0313180956469784e-05,0.000936098520166415,0.00013522807862362423
47-3011,"Helpers--Brickmasons, Blockmasons, Stonemasons, and Tile and Marble Setters",9.081412379211975e-05,7.838156969820125e-05,3.541164810013124e-05,0.001211601139917844,9.081412379211973e-05
47-3012,Helpers--Carpenters,0.00012011078219650345,7.393370858325277e-05,4.432771809583079e-05,0.0011423580416682288,0.00012011078219650345
47-3013,Helpers--Electricians,0.0003788703451278774,7.383324266831552e-05,0.00011527273225470181,0.0011399675002510103,0.0003788703451278775
47-3014,"Helpers--Painters, Paperhangers, Plasterers, and Stucco Masons",4.248291331709125e-05,0.0002262336968598767,2.0864923117903578e-05,0.00352592384134462,4.248291331709126e-05
47-3015,"Helpers--Pipelayers, Plumbers, Pipefitters, and Steamfitters",0.00024993194457977063,9.6402792979026e-05,8.546782485708014e-05,0.001492653428465525,0.0002499319445797706
47-3016,Helpers--Roofers,2.5048367072674582e-05,7.296961928542349e-05,1.158213863758294e-05,0.0011279291212754857,2.504836707267458e-05
47-4011,Construction and Building Inspectors,0.000737326822817672,4.802817155008917e-05,0.00016193884935371936,0.0006155128623252773,0.000737326822817672
47-4011,Energy Auditors,0.000737326822817672,9.919320330071475e-05,0.000200692759409499,0.0011296925420030855,0.0007373268228176722
47-4021,Elevator and Escalator Installers and Repairers,0.00013235910265935313,5.1243243720142935e-05,4.640552208630562e-05,0.0007890556910240342,0.00013235910265935313
47-4031,Fence Erectors,0.00011845560375557782,7.112450045152262e-05,4.324832571157834e-05,0.001098612662915001,0.0001184556037555778
47-4041,Hazardous Materials Removal Workers,0.00027564238302881547,8.78091237740069e-05,9.236040129765024e-05,0.0013434223491570942,0.0002756423830288154
47-4051,Highway Maintenance Workers,0.0008323340653268034,5.827424843167225e-05,0.00018398571534438874,0.000899491320278512,0.0008323340653268033
47-4061,Rail-Track Laying and Maintenance Equipment Operators,0.00010355899778724711,5.7922197537725285e-05,3.82905066758909e-05,0.0008933045724379531,0.00010355899778724714
47-4071,Septic Tank Servicers and Sewer Pipe Cleaners,0.00015393159500608387,5.73594820613153e-05,5.295510950411772e-05,0.0008823582905930461,0.0001539315950060839
47-5011,"Derrick Operators, Oil and Gas",6.35036795168468e-05,4.047419425783275e-05,2.4092722345203945e-05,0.0006230054821891378,6.35036795168468e-05
47-5012,"Rotary Drill Operators, Oil and Gas",6.72002447015807e-05,5.77829814612838e-05,2.6823731049032125e-05,0.0008877048950300585,6.72002447015807e-05
47-5013,"Service Unit Operators, Oil and Gas",0.0002546216168290599,7.183687025116301e-05,8.499424305191462e-05,0.0011037775985068227,0.0002546216168290599
47-5022,"Excavating and Loading Machine and Dragline Operators, Surface Mining",0.00018002824175801136,4.3944116926623865e-05,5.766683601128988e-05,0.0006767024376663138,0.00018002824175801133
47-5023,"Earth Drillers, Except Oil and Gas",9.936587907023552e-05,5.669180405236705e-05,3.7187955735435686e-05,0.000873810732062863,9.936587907023549e-05
47-5032,"Explosives Workers, Ordnance Handling Experts, and Blasters",2.5434575375557228e-05,5.4137608201120353e-05,1.1809594917392484e-05,0.0008066782463497404,2.5434575375557228e-05
47-5041,Continuous Mining Machine Operators,8.662100507510814e-05,5.510354584371441e-05,3.291550150174705e-05,0.0008494999172907272,8.662100507510814e-05
47-5043,"Roof Bolters, Mining",1.0813832480714137e-05,5.296578533432066e-05,5.294617827641505e-06,0.0008170148054245258,1.0813832480714136e-05
47-5044,"Loading and Moving Machine Operators, Underground Mining",2.846906918392089e-05,7.967362843882642e-05,1.321571998281131e-05,0.0012312370236030614,2.846906918392089e-05
47-5051,"Rock Splitters, Quarry",1.991731390580512e-05,9.256017799533814e-05,9.681325602902324e-06,0.0014321605235262766,1.991731390580512e-05
47-5071,"Roustabouts, Oil and Gas",0.000241821570219235,8.886402754685127e-05,8.272083343662376e-05,0.0013735718009543526,0.000241821570219235
47-5081,Helpers--Extraction Workers,4.060704441737553e-05,5.639994663647682e-05,1.7206276164924317e-05,0.0008694890272061561,4.060704441737553e-05
49-1011,"First-Line Supervisors of Mechanics, Installers, and Repairers",0.003254522195777375,4.957776812758133e-05,0.00018987701611626766,0.0005993199023914928,0.0032545221957773745
49-2011,"Computer, Automated Teller, and Office Machine Repairers",0.00042802914482336876,9.886112279197657e-05,0.0001403406412317205,0.0015130828157525387,0.00042802914482336876
49-2021,"Radio, Cellular, and Tower Equipment Installers and Repairers",6.515885795777243e-05,7.369835342240617e-05,2.760637061557033e-05,0.0011299129248865157,6.515885795777243e-05
49-2022,"Telecommunications Equipment Installers and Repairers, Except Line Installers",0.0008809411388753194,8.467352957488238e-05,0.0002440621195644907,0.001275958787182633,0.0008809411388753194
49-2091,Avionics Technicians,0.00011740732407632491,0.00015670526605400891,5.257842840587382e-05,0.0023732322866564463,0.00011740732407632491
49-2092,"Electric Motor, Power Tool, and Related Repairers",8.833135613073129e-05,6.121172567151803e-05,3.508255034718788e-05,0.0009396748185350097,8.833135613073129e-05
49-2093,"Electrical and Electronics Installers and Repairers, Transportation Equipment",4.3696710840436714e-05,9.672349356232991e-05,2.008063092040359e-05,0.001484519661011633,4.3696710840436714e-05
49-2094,"Electrical and Electronics Repairers, Commercial and Industrial Equipment",0.0003217666889159431,0.000236619049836945,0.00013522986295923313,0.003476609430305191,0.0003217666889159431
49-2095,"Electrical and Electronics Repairers, Powerhouse, Substation, and Relay",0.0001367729118351548,0.00014338667636650944,5.851466709750098e-05,0.002159456737318201,0.0001367729118351548
49-2096,"Electronic Equipment Installers and Repairers, Motor Vehicles",4.9103627080793786e-05,7.395285301344571e-05,2.154490543727926e-05,0.0011330573240926228,4.9103627080793786e-05
49-2097,Audiovisual Equipment Installers and Repairers,0.00013638670353227219,7.393507273080081e-05,5.162802925543288e-05,0.0011274086166251994,0.00013638670353227216
49-2098,Security and Fire Alarm Systems Installers,0.0004609120231830913,5.875141280708523e-05,0.00012820237588220942,0.0008966793421612941,0.0004609120231830913
49-3011,Aircraft Mechanics and Service Technicians,0.000759340696081983,7.45731975136215e-05,0.0002216415475564814,0.001117411081301799,0.0007593406960819828
49-3021,Automotive Body and Related Repairers,0.0008381271898700431,4.7075059851192876e-05,0.00018286612443076182,0.0007246555852677,0.0008381271898700431
49-3022,Automotive Glass Installers and Repairers,9.318654622411315e-05,5.701590924541655e-05,3.4750877124231554e-05,0.0008788898408107779,9.318654622411314e-05
49-3023,Automotive Service Technicians and Mechanics,0.0037328135925901854,6.436605735240379e-05,0.00031576394580858585,0.0009898481627533334,0.0037328135925901854
49-3031,Bus and Truck Mechanics and Diesel Engine Specialists,0.001572585036723444,8.676475982345216e-05,0.00034275655885981335,0.0013366534390771147,0.0015725850367234444
49-3041,Farm Equipment Mechanics and Service Technicians,0.00020320073993097023,6.362353980543963e-05,6.875546287087424e-05,0.0009810998222095305,0.0002032007399309702
49-3042,"Mobile Heavy Equipment Mechanics, Except Engines",0.0009781001133576542,9.515816847946618e-05,0.00026973353112025214,0.0014588952217560972,0.000978100113357654
49-3043,Rail Car Repairers,0.00010747625343077112,6.516991734816851e-05,4.061478813655238e-05,0.0010051725682148564,0.00010747625343077109
49-3051,Motorboat Mechanics and Service Technicians,0.00012816598394234152,7.562705784781114e-05,4.827034244777988e-05,0.001167187564561738,0.0001281659839423415
49-3052,Motorcycle Mechanics,7.906235686154774e-05,7.590601434157464e-05,3.211194124792526e-05,0.0011689550867562412,7.906235686154775e-05
49-3053,Outdoor Power Equipment and Other Small Engine Mechanics,0.00019906279382865614,6.03752492733235e-05,6.697402946841298e-05,0.0009309593576802045,0.0001990627938286561
49-3091,Bicycle Repairers,7.71313153471345e-05,3.288039271174532e-05,2.696370706942204e-05,0.0005057309803981167,7.713131534713449e-05
49-3092,Recreational Vehicle Service Technicians,9.577965911489663e-05,7.145839305983021e-05,3.7467711843976246e-05,0.0010992151867737165,9.577965911489663e-05
49-3093,Tire Repairers and Changers,0.0005601123844092342,7.521339422890573e-05,0.00015162818797551016,0.001161883295348005,0.0005601123844092341
49-9011,Mechanical Door Repairers,0.00015337986885910867,3.0886848342877184e-05,4.6982888119960974e-05,0.0004754489132733732,0.00015337986885910867
49-9012,"Control and Valve Installers and Repairers, Except Mechanical Door",0.00026361475302475585,7.787751518834095e-05,8.84662848365282e-05,0.0012008831518438305,0.00026361475302475585
49-9021,"Heating, Air Conditioning, and Refrigeration Mechanics and Installers",0.0021928355711529762,6.672591440196494e-05,0.0003623416328487674,0.0010159625476085473,0.0021928355711529762
49-9031,Home Appliance Repairers,0.0001652419810190757,6.036494626421292e-05,5.7251606133374556e-05,0.0009285387210333618,0.0001652419810190757
49-9041,Industrial Machinery Mechanics,0.0022766979454932083,9.048872392308058e-05,0.000425573892579029,0.0013933873946133434,0.0022766979454932083
49-9043,"Maintenance Workers, Machinery",0.0003202218557044125,6.648623544752904e-05,0.00010101130510937601,0.001026215357018583,0.00032022185570441253
49-9044,Millwrights,0.00020926972754769756,3.63917764050032e-05,6.460094506823577e-05,0.0005599290142770396,0.0002092697275476975
49-9045,"Refractory Materials Repairers, Except Brickmasons",2.97932119366614e-06,4.626407492834456e-05,1.5142215373669981e-06,0.0009749819586641526,2.9793211936661394e-06
49-9051,Electrical Power-Line Installers and Repairers,0.0006630093108201111,6.198358030745106e-05,0.00017146990741040335,0.0009515192954949319,0.0006630093108201111
49-9052,Telecommunications Line Installers and Repairers,0.0005459330224319713,6.439064355644672e-05,0.00014970710733926108,0.000990483733346128,0.0005459330224319714
49-9061,Camera and Photographic Equipment Repairers,1.401384413317036e-05,0.00011083205710833225,7.1722043466800845e-06,0.0018476258864879983,1.4013844133170364e-05
49-9062,Medical Equipment Repairers,0.0003553116386520359,0.0001265887218611987,0.0001302677723084959,0.0019031153725290017,0.00035531163865203585
49-9063,Musical Instrument Repairers and Tuners,3.404150326837052e-05,5.3964187896883254e-05,1.491376939514878e-05,0.0008295051394223518,3.4041503268370515e-05
49-9064,Watch and Clock Repairers,1.0372451563133968e-05,5.38520057366462e-05,5.106242148550888e-06,0.0008323865330764639,1.037245156313397e-05
49-9071,"Maintenance and Repair Workers, General",0.008293271578257886,7.368865636340082e-05,0.00036203468657276073,0.0011343181140511535,0.008293271578257884
49-9081,Wind Turbine Service Technicians,5.406916240357068e-05,0.00013966157160986577,2.5853975125660572e-05,0.0021258020343435497,5.406916240357068e-05
49-9091,"Coin, Vending, and Amusement Machine Servicers and Repairers",0.00019917313905805118,5.514624741316188e-05,6.561498548521512e-05,0.0008501030035480863,0.00019917313905805118
49-9092,Commercial Divers,1.539315950060839e-05,0.00010692068726802777,7.951163420893553e-06,0.0016930826048050767,1.5393159500608386e-05
49-9094,Locksmiths and Safe Repairers,8.160029713763372e-05,4.034083332262001e-05,2.9237908460689773e-05,0.0006221063047228142,8.160029713763372e-05
49-9095,Manufactured Building and Mobile Home Installers,1.6055230876978642e-05,6.494654435017531e-05,8.040560784968022e-06,0.000979910448568245,1.6055230876978646e-05
49-9096,Riggers,0.0001316970312829829,4.101499577930209e-05,4.420693072553562e-05,0.0006326912129768363,0.0001316970312829829
49-9097,Signal and Track Switch Repairers,5.075880552171942e-05,5.376633608282541e-05,2.0858128754687626e-05,0.0008287335035151418,5.075880552171942e-05
49-9098,"Helpers--Installation, Maintenance, and Repair Workers",0.0005621537711530426,8.337991097852955e-05,0.00016251302420823525,0.0012874533996465969,0.0005621537711530425
49-9099,Geothermal Technicians,0.0009702656020706061,9.43572492229225e-05,0.0002688010013961677,0.00142973717238871,0.0009702656020706057
51-1011,First-Line Supervisors of Production and Operating Workers,0.0037029652080388265,6.304324084137276e-05,0.0002407747532296024,0.0007197780269295433,0.003702965208038826
51-2011,"Aircraft Structure, Surfaces, Rigging, and Systems Assemblers",0.00016446956441331043,6.849822864335133e-05,6.0190140514433454e-05,0.0010511911052402893,0.0001644695644133104
51-2021,"Coil Winders, Tapers, and Finishers",6.565541149005012e-05,5.181842231428922e-05,2.532882074954742e-05,0.000801992385801952,6.565541149005013e-05
51-2031,Engine and Other Machine Assemblers,0.0002646078600893112,7.062640362999772e-05,8.718066639775873e-05,0.0010895047958302886,0.00026460786008931117
51-2041,Structural Metal Fabricators and Fitters,0.00031895288556636953,6.268901969000155e-05,9.621298484476972e-05,0.000969762826240939,0.00031895288556636953
51-2051,Fiberglass Laminators and Fabricators,0.000112441788753548,4.697029183520387e-05,3.921125589084453e-05,0.0007232757919672967,0.000112441788753548
51-2061,Timing Device Assemblers and Adjusters,2.2069045879008443e-06,3.559709710716946e-05,1.1226322378029961e-06,0.0007637483302501807,2.2069045879008443e-06
51-3011,Bakers,0.0012150664934835072,5.780737161097777e-05,0.00020295450021596875,0.0008919348265976291,0.001215066493483507
51-3021,Butchers and Meat Cutters,0.0007521682561713052,7.979853487609257e-05,0.00017084925986356683,0.0012277199472618106,0.0007521682561713052
51-3022,"Meat, Poultry, and Fish Cutters and Trimmers",0.0007630372612667169,9.077193612374223e-05,0.00018848877480473142,0.0014053238043572709,0.0007630372612667167
51-3023,Slaughterers and Meat Packers,0.000393435915408023,0.00027036076393650594,0.0001431779532146284,0.004200073493792194,0.000393435915408023
51-3091,"Food and Tobacco Roasting, Baking, and Drying Machine Operators and Tenders",0.00010797280696304881,5.531826723748722e-05,3.932211277450473e-05,0.0008523951845879401,0.00010797280696304883
51-3092,Food Batchmakers,0.0009334654680673596,3.989038968062731e-05,0.0001656943943568365,0.0006143072350773681,0.0009334654680673596
51-3093,Food Cooking Machine Operators and Tenders,0.00016402818349573026,3.728927957017128e-05,5.025085563205987e-05,0.0005758727253329421,0.00016402818349573026
51-4021,"Extruding and Drawing Machine Setters, Operators, and Tenders, Metal and Plastic",0.00034962885933819126,5.742487918857402e-05,0.00010454451098619794,0.0008854540000740748,0.00034962885933819126
51-4022,"Forging Machine Setters, Operators, and Tenders, Metal and Plastic",5.059328767762685e-05,4.820633314386109e-05,2.0333629429310546e-05,0.0007432938096612545,5.0593287677626866e-05
51-4023,"Rolling Machine Setters, Operators, and Tenders, Metal and Plastic",0.00013655222137636474,4.643463185014187e-05,4.668505399485005e-05,0.0007161265473457849,0.00013655222137636474
51-4031,"Cutting, Punching, and Press Machine Setters, Operators, and Tenders, Metal and Plastic",0.0009888587732236709,6.694733308749375e-05,0.00023111406699606184,0.0010331816572974081,0.0009888587732236709
51-4032,"Drilling and Boring Machine Tool Setters, Operators, and Tenders, Metal and Plastic",3.1669080836377114e-05,4.71249007629422e-05,1.3618405150258197e-05,0.000726714082804656,3.166908083637711e-05
51-4033,"Grinding, Lapping, Polishing, and Buffing Machine Tool Setters, Operators, and Tenders, Metal and Plastic",0.00041522909821354383,5.890859730241074e-05,0.00012016560539867898,0.0009085944772516023,0.0004152290982135438
51-4034,"Lathe and Turning Machine Tool Setters, Operators, and Tenders, Metal and Plastic",0.00010791763434835128,6.844885857441536e-05,4.080118081781559e-05,0.001056028914553568,0.00010791763434835128
51-4035,"Milling and Planing Machine Setters, Operators, and Tenders, Metal and Plastic",7.718648796183202e-05,6.686470524148445e-05,3.0555877182464524e-05,0.0010312205981222965,7.718648796183201e-05
51-4041,Machinists,0.0016039782544863335,0.00010206634192662343,0.00037057196344830983,0.0015709181892393116,0.0016039782544863335
51-4051,Metal-Refining Furnace Operators and Tenders,0.00011514524687372655,6.508725516964986e-05,4.302755496023955e-05,0.0010028274162979973,0.00011514524687372654
51-4052,"Pourers and Casters, Metal",3.0124247624846522e-05,5.709991090446136e-05,1.3284532955942687e-05,0.0008809637429010711,3.012424762484652e-05
51-4061,"Model Makers, Metal and Plastic",1.5669022574095993e-05,5.453677535353489e-05,7.460986819195669e-06,0.000840941093198664,1.5669022574095996e-05
51-4062,"Patternmakers, Metal and Plastic",1.1862112159967038e-05,5.568833923089983e-05,5.788806644895666e-06,0.0008576663240111514,1.1862112159967041e-05
51-4071,Foundry Mold and Coremakers,6.499334011367986e-05,0.00011988659889596246,2.837804475729559e-05,0.001856955991719711,6.499334011367986e-05
51-4072,"Molding, Coremaking, and Casting Machine Setters, Operators, and Tenders, Metal and Plastic",0.0008771342284611905,7.631295361080208e-05,0.00022308832918072386,0.0011776208257404637,0.0008771342284611903
51-4081,"Multiple Machine Tool Setters, Operators, and Tenders, Metal and Plastic",0.0007050508432196222,3.671344923442236e-05,0.00015008458635737559,0.0005659323073979816,0.0007050508432196223
51-4111,Tool and Die Makers,0.00032082875446608525,7.584128961956544e-05,0.00010308702616036342,0.0011690647434454602,0.00032082875446608525
51-4121,"Welders, Cutters, Solderers, and Brazers",0.0023267946796385578,5.450456135939413e-05,0.0002499140388447747,0.0008424998334604991,0.0023267946796385578
51-4122,"Welding, Soldering, and Brazing Machine Setters, Operators, and Tenders",0.0001821799737312147,5.13343968851821e-05,6.024041656505921e-05,0.0007915380476792506,0.00018217997373121472
51-4191,"Heat Treating Equipment Setters, Operators, and Tenders, Metal and Plastic",8.248305897279406e-05,5.8659137469273285e-05,3.1898014882497265e-05,0.0009042300935220344,8.248305897279406e-05
51-4192,"Layout Workers, Metal and Plastic",3.674496138854906e-05,4.916108299036899e-05,1.5486897000521583e-05,0.0007573525879791579,3.674496138854905e-05
51-4193,"Plating Machine Setters, Operators, and Tenders, Metal and Plastic",0.00017638684918797499,5.22954251746819e-05,5.8779202335141765e-05,0.0008059576158479195,0.00017638684918797499
51-4194,"Tool Grinders, Filers, and Sharpeners",3.674496138854906e-05,5.3899115818155366e-05,1.5802435150349953e-05,0.0008315399269804127,3.674496138854906e-05
51-5111,Prepress Technicians and Workers,0.00013015219807145228,7.869151790993636e-05,4.798076237353092e-05,0.0012060773829366627,0.0001301521980714523
51-5112,Printing Press Operators,0.0008355892495939571,5.304265035543769e-05,0.00018639678263710936,0.0008154901285461446,0.0008355892495939569
51-5113,Print Binding and Finishing Workers,0.00021451112594396207,3.350220560947608e-05,6.186500724497436e-05,0.0005162319942511286,0.00021451112594396207
51-6011,Laundry and Dry-Cleaning Workers,0.0010206933719041405,7.235414269112303e-05,0.00021417340231520335,0.0011199043836686317,0.0010206933719041408
51-6021,"Pressers, Textile, Garment, and Related Materials",0.00015834540418188558,0.0003398438041117658,7.00953597055409e-05,0.005276511983574591,0.0001583454041818856
51-6031,Sewing Machine Operators,0.0006407195744823126,0.00012712765652591246,0.0001883322516797419,0.0019704300406646756,0.0006407195744823125
51-6041,Shoe and Leather Workers and Repairers,3.988980042630776e-05,8.549560082309461e-05,1.7717793898982222e-05,0.0013242592351140683,3.988980042630776e-05
51-6042,Shoe Machine Operators and Tenders,2.554492060495227e-05,8.544920413985709e-05,1.2064849242306435e-05,0.0013202124931557438,2.5544920604952267e-05
51-6051,"Sewers, Hand",1.8703516382459654e-05,8.33379711271325e-05,9.046416409698823e-06,0.0012920228789447925,1.8703516382459654e-05
51-6052,"Tailors, Dressmakers, and Custom Sewers",8.248305897279406e-05,7.374901341549484e-05,3.18647269071741e-05,0.0011395240684047836,8.248305897279404e-05
51-6061,Textile Bleaching and Dyeing Machine Operators and Tenders,3.668978877385153e-05,4.7532895164722185e-05,1.5361889470791804e-05,0.0007326297267738539,3.668978877385153e-05
51-6062,"Textile Cutting Machine Setters, Operators, and Tenders",5.38484719447806e-05,5.3344658215523694e-05,2.178761879110271e-05,0.0008225036095630691,5.3848471944780616e-05
51-6063,"Textile Knitting and Weaving Machine Setters, Operators, and Tenders",8.816583828663872e-05,5.5796438236170015e-05,3.299650692815945e-05,0.0008635279309377092,8.816583828663872e-05
51-6064,"Textile Winding, Twisting, and Drawing Out Machine Setters, Operators, and Tenders",0.0001299315076126622,7.151894347613362e-05,4.774159487735522e-05,0.0011036806827638716,0.0001299315076126622
51-6091,"Extruding and Forming Machine Setters, Operators, and Tenders, Synthetic and Glass Fibers",8.011063654080065e-05,4.768043735044058e-05,3.012879222364554e-05,0.0007348490910706531,8.011063654080065e-05
51-6092,Fabric and Apparel Patternmakers,1.4731088124238135e-05,7.49841043431037e-05,7.338475189966713e-06,0.0011175409479525773,1.4731088124238135e-05
51-6093,Upholsterers,0.00014201431023141932,4.00527434161696e-05,4.5467142536483074e-05,0.0006150368686059558,0.00014201431023141934
51-7011,Cabinetmakers and Bench Carpenters,0.0004880569496142717,5.248801048331818e-05,0.00013014567575040485,0.000807381601123458,0.0004880569496142717
51-7021,Furniture Finishers,7.933821993503534e-05,6.684127579925692e-05,3.095161911060073e-05,0.0010283234621870328,7.933821993503533e-05
51-7031,"Model Makers, Wood",3.2551842671537454e-06,4.222987414379829e-05,1.654882655314949e-06,0.0008294381551149997,3.255184267153745e-06
51-7032,"Patternmakers, Wood",1.4344879821355488e-06,3.6494370552250464e-05,7.331172467054719e-07,0.0009635875321989767,1.4344879821355486e-06
51-7041,"Sawing Machine Setters, Operators, and Tenders, Wood",0.00024038708223709946,9.890491558324293e-05,8.394926594565007e-05,0.0015287285943751134,0.00024038708223709946
51-7042,"Woodworking Machine Setters, Operators, and Tenders, Except Sawing",0.00033793226502231674,8.656897189931588e-05,0.00010891697786917715,0.001336561163752865,0.0003379322650223167
51-8011,Nuclear Power Reactor Operators,3.1779426065772156e-05,0.00013794862539195915,1.5862742232388562e-05,0.0018519846621059964,3.177942606577215e-05
51-8012,Power Distributors and Dispatchers,4.987604368655908e-05,0.00012527601721162144,2.3318941808365165e-05,0.001857594624255803,4.987604368655907e-05
51-8013,Power Plant Operators,0.00017373856368249396,8.396794162440289e-05,6.425363728745303e-05,0.0012866279783958151,0.00017373856368249393
51-8013,Biomass Plant Technicians,0.00017373856368249396,0.0001261092432146719,6.926549557987142e-05,0.0019252845083243,0.000173738563682494
51-8013,Hydroelectric Plant Technicians,0.00017373856368249396,0.00012867117481053626,7.029388649972615e-05,0.0019710261824399866,0.00017373856368249393
51-8021,Stationary Engineers and Boiler Operators,0.00018670412813641141,8.520637811511991e-05,6.841099558942963e-05,0.0013077754388469618,0.00018670412813641141
51-8031,Water and Wastewater Treatment Plant and System Operators,0.0006659886320137773,8.67656772684833e-05,0.00018890882677234655,0.0013310020838710483,0.0006659886320137773
51-8091,Chemical Plant and System Operators,9.920036122614295e-05,0.00014128166204990783,4.392738641426474e-05,0.002136235252518513,9.920036122614295e-05
51-8092,Gas Plant Operators,8.788997521315112e-05,0.00011445207350156288,3.812178753131007e-05,0.0017424969235405431,8.788997521315112e-05
51-8093,"Petroleum Pump System Operators, Refinery Operators, and Gaugers",0.00018405584263093042,0.00011396509017860083,7.178387490760249e-05,0.0017314874634233946,0.00018405584263093047
51-8099,Biofuels Processing Technicians,8.480030879008993e-05,0.00018084489084031977,3.992948628623613e-05,0.0027181768968190427,8.480030879008993e-05
51-9011,Chemical Equipment Operators and Tenders,0.0006635058643523888,9.760927963148254e-05,0.00019503092077041495,0.0014939807560391718,0.0006635058643523887
51-9012,"Separating, Filtering, Clarifying, Precipitating, and Still Machine Setters, Operators, and Tenders",0.00029335279234671974,8.701537740770266e-05,9.878252628701339e-05,0.0013368990867311194,0.00029335279234671974
51-9021,"Crushing, Grinding, and Polishing Machine Setters, Operators, and Tenders",0.00014460742312220282,6.521446600837395e-05,5.194966165750058e-05,0.0010037919155607509,0.00014460742312220282
51-9022,"Grinding and Polishing Workers, Hand",6.780714346325344e-05,5.954611705384855e-05,2.686876191800931e-05,0.0009185188424277139,6.780714346325343e-05
51-9023,"Mixing and Blending Machine Setters, Operators, and Tenders",0.0005833952278115882,5.828064372333262e-05,0.00015498556279385054,0.0008979904622438624,0.0005833952278115882
51-9031,"Cutters and Trimmers, Hand",3.983462781161024e-05,6.012228225928614e-05,1.687305031080125e-05,0.000931620494494628,3.983462781161024e-05
51-9032,"Cutting and Slicing Machine Setters, Operators, and Tenders",0.0002908700246853313,5.4858927285509224e-05,8.901614837210256e-05,0.0008464604163652633,0.00029087002468533135
51-9041,"Extruding, Forming, Pressing, and Compacting Machine Setters, Operators, and Tenders",0.0003149252846934505,6.890409338424079e-05,9.90371876074487e-05,0.0010628159357331784,0.0003149252846934505
51-9051,"Furnace, Kiln, Oven, Drier, and Kettle Operators and Tenders",8.176581498172628e-05,4.045935523506219e-05,2.9304356576708064e-05,0.0006245430489772682,8.176581498172628e-05
51-9061,"Inspectors, Testers, Sorters, Samplers, and Weighers",0.0032255565730611763,3.253394222302085e-05,0.00015692495078655324,0.0004979375638972731,0.003225556573061177
51-9071,Jewelers and Precious Stone and Metal Workers,0.00013274531096223578,5.218184401838691e-05,4.509575477920031e-05,0.0008023041506255843,0.00013274531096223578
51-9071,Gem and Diamond Workers,0.00013274531096223578,7.242961740950668e-05,4.82326723947398e-05,0.0011083017381498077,0.00013274531096223576
51-9081,Dental Laboratory Technicians,0.00018863516965082465,7.788795427517577e-05,6.589859394234348e-05,0.0011934898476533137,0.00018863516965082462
51-9082,Medical Appliance Technicians,6.924163144538899e-05,6.344939392911937e-05,2.9027198459070658e-05,0.0009497093429408057,6.924163144538897e-05
51-9083,Ophthalmic Laboratory Technicians,0.0001006348492082785,5.8701962307190495e-05,3.7389931134855395e-05,0.0009039466142664044,0.00010063484920827848
51-9111,Packaging and Filling Machine Operators and Tenders,0.0020502143621598844,6.752558079259672e-05,0.00030536429138646007,0.0010423285532439295,0.002050214362159884
51-9123,"Painting, Coating, and Decorating Workers",5.903469772634758e-05,3.867402854917568e-05,2.1935460323097463e-05,0.000598699264185402,5.9034697726347596e-05
51-9124,"Coating, Painting, and Spraying Machine Setters, Operators, and Tenders",0.000860030717904959,5.391935089659269e-05,0.00019341768774175044,0.000831754063827404,0.0008600307179049589
51-9141,Semiconductor Processing Technicians,0.00014593156587494333,6.050351136004403e-05,5.168725910402748e-05,0.0009320865049202828,0.0001459315658749433
51-9151,Photographic Process Workers and Processing Machine Operators,3.183459868046968e-05,8.780372289573485e-05,1.5011383188387288e-05,0.0013275156124541553,3.183459868046969e-05
51-9161,Computer Numerically Controlled Tool Operators,0.0010354244600283785,4.800241469220564e-05,0.00021351753644178244,0.0007370915125294169,0.0010354244600283783
51-9162,Computer Numerically Controlled Tool Programmers,0.00015464883899715166,0.00010063284025263716,6.173689450466132e-05,0.0014980982917971208,0.00015464883899715166
51-9191,Adhesive Bonding Machine Operators and Tenders,6.90209409865989e-05,6.060183111579386e-05,2.7428512115165838e-05,0.0009345613867012647,6.902094098659889e-05
51-9192,"Cleaning, Washing, and Metal Pickling Equipment Operators and Tenders",8.39175469549296e-05,3.827645624407673e-05,2.971187094685229e-05,0.000591824436850158,8.39175469549296e-05
51-9193,Cooling and Freezing Equipment Operators and Tenders,3.5862199553388716e-05,5.05179522696185e-05,1.5454440463396806e-05,0.0007777645606926277,3.586219955338871e-05
51-9194,Etchers and Engravers,4.491050836378218e-05,5.137801850085165e-05,1.844391440023541e-05,0.0007920077643563614,4.491050836378218e-05
51-9195,"Stone Cutters and Carvers, Manufacturing",0.0002123042213560612,4.8515330493411106e-05,6.481094363365395e-05,0.0007494010983764719,0.00021230422135606127
51-9195,"Glass Blowers, Molders, Benders, and Finishers",0.0002123042213560612,6.172065254521491e-05,7.048869884363957e-05,0.0009496660477676867,0.0002123042213560612
51-9195,"Potters, Manufacturing",0.0002123042213560612,7.457416370237382e-05,6.887136433198556e-05,0.0011532077592092344,0.0002123042213560612
51-9196,"Paper Goods Machine Setters, Operators, and Tenders",0.0005321950413722886,4.694469791242049e-05,0.00013630107517902487,0.0007241675886668186,0.0005321950413722885
51-9197,Tire Builders,0.0001139866219650786,0.00015366398560210347,4.766959157345645e-05,0.0023812176178702985,0.00011398662196507859
51-9198,Helpers--Production Workers,0.0010030933078156313,0.0001078908845125316,0.00025325212647349615,0.0016719294887250985,0.0010030933078156313
53-1041,Aircraft Cargo Handling Supervisors,4.9765698457164036e-05,4.3576649705435764e-05,1.9587563526374318e-05,0.0006418184908778199,4.9765698457164036e-05
53-2011,"Airline Pilots, Copilots, and Flight Engineers",0.0005168018818716802,3.571926183282561e-05,0.00010712986426971196,0.0003978663071116007,0.0005168018818716802
53-2012,Commercial Pilots,0.0002910355425294238,6.449702138106063e-05,9.083151641449047e-05,0.0008184864707370478,0.0002910355425294238
53-2021,Air Traffic Controllers,0.0001230901033901696,4.179895296447303e-05,3.817536132710219e-05,0.00040377545100366474,0.0001230901033901696
53-2022,Airfield Operations Specialists,0.00010107623012585867,6.964941818879899e-05,3.652364416399688e-05,0.0008207399797990728,0.00010107623012585866
53-2031,Flight Attendants,0.000695285290418161,0.00011411515594873079,0.0001712538766687546,0.0017368387625032273,0.0006952852904181611
53-3011,"Ambulance Drivers and Attendants, Except Emergency Medical Technicians",6.355885213154431e-05,0.00010284267255772024,2.6686778907006475e-05,0.001578924475373437,6.355885213154431e-05
53-3031,Driver/Sales Workers,0.0025551541318715974,0.0001388523691832891,0.0003957323093845287,0.0021449494897191547,0.0025551541318715974
53-3032,Heavy and Tractor-Trailer Truck Drivers,0.011279489348761215,4.71104836118775e-05,0.0001997485536748233,0.0007270011401689288,0.011279489348761215
53-3033,Light Truck Drivers,0.005539109825172329,6.981265244843705e-05,0.00023959787479973501,0.0010808835208549563,0.005539109825172329
53-3051,"Bus Drivers, School",0.0020498281538570014,6.0935342925651395e-05,0.00017890786305633884,0.0009437815383260262,0.002049828153857002
53-3052,"Bus Drivers, Transit and Intercity",0.001020638199289443,7.529345371275568e-05,0.00019102179886281665,0.0011681168991462504,0.001020638199289443
53-3053,Shuttle Drivers and Chauffeurs,0.0011306523929963,6.721656552319391e-05,0.00019904213255295076,0.0010391919340606507,0.0011306523929963
53-4011,Locomotive Engineers,0.00017870409900527085,6.976554734572889e-05,6.14396087243278e-05,0.001068832480948882,0.00017870409900527085
53-4013,"Rail Yard Engineers, Dinkey Operators, and Hostlers",1.340694537149763e-05,4.799399879883385e-05,6.379253726805172e-06,0.0007391511525709139,1.340694537149763e-05
53-4031,Railroad Conductors and Yardmasters,0.0002564974857287756,7.071283411584953e-05,8.021384593751962e-05,0.0010543139899660704,0.0002564974857287756
53-4041,Subway and Streetcar Operators,8.198650544051637e-05,4.496458498469846e-05,2.8823282713183456e-05,0.0006918225924586194,8.198650544051636e-05
53-5011,Sailors and Marine Oilers,0.00016529715363377322,4.299512626259521e-05,5.326455050128298e-05,0.0006596473775515582,0.00016529715363377325
53-5021,"Captains, Mates, and Pilots of Water Vessels",0.00019045586593584285,3.815671612878397e-05,6.110061793160849e-05,0.0005294880009970985,0.00019045586593584285
53-5022,Motorboat Operators,1.495177858302822e-05,4.086620349690044e-05,6.939546289817679e-06,0.0006264670910362857,1.4951778583028217e-05
53-5031,Ship Engineers,4.88829366220037e-05,6.682430164332124e-05,2.1571325035548034e-05,0.0010153967644474704,4.8882936622003694e-05
53-6011,Bridge and Lock Tenders,1.9089724685342303e-05,5.176876786811164e-05,8.707340253774208e-06,0.0008001858677564932,1.9089724685342303e-05
53-6021,Parking Attendants,0.0006517540974218169,0.00016148782891729543,0.00018012113206355114,0.0025074417958798507,0.0006517540974218169
53-6031,Automotive and Watercraft Service Attendants,0.0005105122037961627,6.135550400491799e-05,0.00012881398332429347,0.0009484574264826044,0.0005105122037961627
53-6041,Traffic Technicians,4.154497886723339e-05,0.00011004202775495898,1.9568701514974044e-05,0.0012789527150450933,4.1544978867233385e-05
53-6051,Aviation Inspectors,0.0001526626248680409,0.00017972202100595416,6.709394665990649e-05,0.0025047174612223724,0.00015266262486804093
53-6051,"Transportation Vehicle, Equipment and Systems Inspectors, Except Aviation",0.0001526626248680409,8.121836467493663e-06,3.2842855871618696e-05,0.00012424214510893007,0.0001526626248680409
53-6061,Passenger Attendants,0.00011139350907429511,0.00012198078630476977,4.32396728582833e-05,0.0018871359344835833,0.00011139350907429511
53-7011,Conveyor Operators and Tenders,0.00013605566784408705,4.835944479155631e-05,4.65424614901789e-05,0.0007439314021399753,0.00013605566784408705
53-7021,Crane and Tower Operators,0.0002331594697117242,5.502652812119518e-05,7.387938304989291e-05,0.0008483793033640033,0.0002331594697117242
53-7031,Dredge Operators,5.186225781566984e-06,4.610036813227919e-05,2.6350316329137077e-06,0.0007947144635499967,5.186225781566984e-06
53-7041,Hoist and Winch Operators,1.2303493077547207e-05,4.444299134921925e-05,5.854249285413081e-06,0.0006860031000794386,1.2303493077547206e-05
53-7051,Industrial Truck and Tractor Operators,0.004297505304019314,0.00010317293920715577,0.0004392554855300625,0.0015959469980165414,0.004297505304019313
53-7061,Cleaners of Vehicles and Equipment,0.0020154004422857485,0.00023056948292160353,0.0005125330037682512,0.0035774969312092906,0.002015400442285748
53-7062,"Laborers and Freight, Stock, and Material Movers, Hand",0.016597577679455276,0.00014166638337109735,0.0005192708963531069,0.002195586344101682,0.016597577679455276
53-7062,Recycling and Reclamation Workers,0.016597577679455276,7.076325618194198e-05,0.00029589347401962177,0.0010931303813372579,0.016597577679455276
53-7063,Machine Feeders and Offbearers,0.0002455181354039689,5.97436128293489e-05,7.69428247884096e-05,0.000924245747630982,0.00024551813540396887
53-7064,"Packers and Packagers, Hand",0.003559792272898759,0.00013880845305408706,0.0005206842242072855,0.002155686443023038,0.003559792272898759
53-7065,Stockers and Order Fillers,0.015849326678927494,0.00011434381320652026,0.00034540413146572633,0.001771480881917525,0.015849326678927498
53-7071,Gas Compressor and Gas Pumping Station Operators,2.4275950466909286e-05,5.8751188517932907e-05,1.1127340807427498e-05,0.0009038703858329198,2.4275950466909283e-05
53-7072,"Pump Operators, Except Wellhead Pumpers",6.383471520503192e-05,7.529648714789145e-05,2.657563638064673e-05,0.0011565999978655399,6.383471520503192e-05
53-7073,Wellhead Pumpers,0.00010057967659358098,4.29565922327735e-05,3.540567320608105e-05,0.0006632901382894233,0.00010057967659358098
53-7081,Refuse and Recyclable Material Collectors,0.0007472027208485283,0.00012487577714386175,0.00020354526865664903,0.0019380718920995518,0.0007472027208485285
53-7121,"Tank Car, Truck, and Ship Loaders",6.289678075517406e-05,5.725057482369424e-05,2.5057473591195968e-05,0.0008803599217462272,6.289678075517404e-05
