soc2018,year,wage_hourly,wage_source,tot_emp,n_soc2000,one_to_one
11-1011,1999,52.07999999999997,H_MEDIAN,597060.0,1,True
11-1021,1999,27.230000000000004,H_MEDIAN,2305610.0,1,True
11-1031,1999,6.499999999999998,H_MEDIAN,49330.0,1,True
11-2011,1999,24.3,H_MEDIAN,100600.0,1,True
11-2021,1999,32.18,H_MEDIAN,202710.0,1,True
11-2022,1999,30.59,H_MEDIAN,367640.0,1,True
11-2032,1999,24.77,H_MEDIAN,67210.0,1,False
11-2033,1999,24.77,H_MEDIAN,67210.0,1,False
11-3012,1999,20.780000000000012,H_MEDIAN,363530.0,1,False
11-3013,1999,20.780000000000012,H_MEDIAN,363530.0,1,False
11-3021,1999,34.97,H_MEDIAN,280820.0,1,True
11-3031,1999,30.619999999999997,H_MEDIAN,646050.0,1,True
11-3051,1999,28.639999999999997,H_MEDIAN,213510.0,1,True
11-3061,1999,22.31,H_MEDIAN,137950.0,1,True
11-3071,1999,24.510000000000012,H_MEDIAN,123450.0,1,True
11-9013,1999,17.939999999999998,H_MEDIAN,5450.0,1,False
11-9021,1999,26.749999999999996,H_MEDIAN,240490.0,1,True
11-9031,1999,15.81,H_MEDIAN,35380.0,1,True
11-9032,1999,30.923076923076923,A_MEDIAN,186220.0,1,True
11-9033,1999,26.520000000000003,H_MEDIAN,95690.0,1,True
11-9041,1999,38.519999999999996,H_MEDIAN,248210.0,1,True
11-9051,1999,14.920000000000002,H_MEDIAN,287940.0,1,True
11-9071,1999,22.51,H_MEDIAN,4590.0,1,True
11-9081,1999,14.489999999999998,H_MEDIAN,28170.0,1,True
11-9111,1999,25.82,H_MEDIAN,230640.0,1,True
11-9121,1999,33.75,H_MEDIAN,36920.0,1,True
11-9131,1999,21.160000000000004,H_MEDIAN,26930.0,1,True
11-9141,1999,16.73,H_MEDIAN,143040.0,1,True
11-9151,1999,17.74,H_MEDIAN,88340.0,1,True
11-9161,1999,17.83999999999999,H_MEDIAN,11390.0,1,True
11-9171,1999,17.749999999999996,H_MEDIAN,23740.0,1,False
13-1011,1999,24.999999999999996,H_MEDIAN,7280.0,1,True
13-1021,1999,16.94,H_MEDIAN,21550.0,1,True
13-1022,1999,16.520000000000003,H_MEDIAN,133070.0,1,True
13-1023,1999,19.01,H_MEDIAN,224110.0,1,True
13-1031,1999,18.690000000000005,H_MEDIAN,154770.0,1,True
13-1032,1999,19.220000000000002,H_MEDIAN,19310.0,1,True
13-1041,1999,18.559999999999995,H_MEDIAN,123280.0,1,False
13-1051,1999,20.36,H_MEDIAN,201500.0,1,True
13-1071,1999,16.520000000000003,H_MEDIAN,181710.0,1,False
13-1074,1999,6.71,H_MEDIAN,11260.0,1,True
13-1111,1999,25.91,H_MEDIAN,300600.0,1,True
13-1121,1999,17.318303238672495,H_MEDIAN,151100.0,2,False
13-1141,1999,18.979999999999997,H_MEDIAN,78310.0,1,True
13-1151,1999,18.54,H_MEDIAN,186940.0,1,True
13-1161,1999,19.387325604581893,H_MEDIAN,185950.0,2,False
13-2011,1999,19.159999999999997,H_MEDIAN,843160.0,1,True
13-2022,1999,18.12,H_MEDIAN,52520.0,1,False
13-2023,1999,18.12,H_MEDIAN,52520.0,1,False
13-2031,1999,22.41,H_MEDIAN,61740.0,1,True
13-2041,1999,17.96,H_MEDIAN,61580.0,1,True
13-2051,1999,23.649999999999995,H_MEDIAN,142820.0,1,False
13-2052,1999,25.26,H_MEDIAN,79970.0,1,True
13-2053,1999,19.68999999999999,H_MEDIAN,93970.0,1,True
13-2054,1999,23.649999999999995,H_MEDIAN,142820.0,1,False
13-2061,1999,24.63,H_MEDIAN,27630.0,1,True
13-2071,1999,14.950000000000001,H_MEDIAN,22320.0,1,True
13-2072,1999,18.72000000000001,H_MEDIAN,200180.0,1,True
13-2081,1999,17.749999999999996,H_MEDIAN,64960.0,1,True
13-2082,1999,13.039999999999997,H_MEDIAN,58100.0,1,True
15-1211,1999,26.910000000000018,H_MEDIAN,428210.0,1,False
15-1212,1999,25.239999999999995,H_MEDIAN,98330.0,1,False
15-1221,1999,31.379999999999995,H_MEDIAN,26280.0,1,True
15-1231,1999,25.239999999999995,H_MEDIAN,98330.0,1,False
15-1232,1999,17.540000000000003,H_MEDIAN,462840.0,1,True
15-1241,1999,26.589953142085484,H_MEDIAN,526540.0,2,False
15-1242,1999,23.830000000000013,H_MEDIAN,101460.0,1,False
15-1243,1999,23.830000000000013,H_MEDIAN,101460.0,1,False
15-1244,1999,23.690289795773083,H_MEDIAN,303010.0,2,False
15-1251,1999,24.549999999999997,H_MEDIAN,528600.0,1,True
15-1252,1999,30.709433818592075,H_MEDIAN,496630.0,2,False
15-1253,1999,30.709433818592075,H_MEDIAN,496630.0,2,False
15-1254,1999,25.239999999999995,H_MEDIAN,98330.0,1,False
15-1255,1999,25.239999999999995,H_MEDIAN,98330.0,1,False
15-1299,1999,12.700000000000001,H_MEDIAN,198500.0,1,False
15-2011,1999,31.879999999999995,H_MEDIAN,12560.0,1,True
15-2021,1999,32.85999999999999,H_MEDIAN,3450.0,1,True
15-2031,1999,23.349999999999998,H_MEDIAN,43760.0,1,True
15-2041,1999,22.65000000000001,H_MEDIAN,14620.0,1,True
15-2099,1999,17.44,H_MEDIAN,1560.0,1,False
17-1011,1999,23.669999999999998,H_MEDIAN,71040.0,1,True
17-1012,1999,19.240000000000002,H_MEDIAN,13870.0,1,True
17-1021,1999,19.200000000000003,H_MEDIAN,6150.0,1,True
17-1022,1999,16.610000000000003,H_MEDIAN,50150.0,1,True
17-2011,1999,31.349999999999998,H_MEDIAN,71790.0,1,True
17-2021,1999,26.25,H_MEDIAN,2260.0,1,True
17-2031,1999,24.359999999999996,H_MEDIAN,6450.0,1,True
17-2041,1999,31.839999999999993,H_MEDIAN,28630.0,1,True
17-2051,1999,25.830000000000002,H_MEDIAN,209100.0,1,True
17-2061,1999,31.119999999999994,H_MEDIAN,60420.0,1,True
17-2071,1999,29.15,H_MEDIAN,149210.0,1,True
17-2072,1999,29.959999999999997,H_MEDIAN,106830.0,1,True
17-2081,1999,26.389999999999997,H_MEDIAN,51450.0,1,True
17-2111,1999,25.160000000000004,H_MEDIAN,40470.0,1,True
17-2112,1999,26.809999999999995,H_MEDIAN,155910.0,1,True
17-2121,1999,27.89,H_MEDIAN,4450.0,1,True
17-2131,1999,28.29,H_MEDIAN,21730.0,1,True
17-2141,1999,26.85000000000001,H_MEDIAN,202910.0,1,True
17-2151,1999,28.029999999999998,H_MEDIAN,7160.0,1,True
17-2161,1999,35.86999999999999,H_MEDIAN,9580.0,1,True
17-2171,1999,35.710000000000015,H_MEDIAN,9640.0,1,True
17-3011,1999,16.37,H_MEDIAN,92790.0,1,True
17-3012,1999,17.930000000000003,H_MEDIAN,39890.0,1,True
17-3013,1999,17.370000000000005,H_MEDIAN,65960.0,1,True
17-3021,1999,21.389999999999997,H_MEDIAN,17270.0,1,True
17-3022,1999,16.35,H_MEDIAN,91040.0,1,True
17-3023,1999,18.45,H_MEDIAN,242160.0,1,True
17-3024,1999,16.789999999999996,H_MEDIAN,40310.0,1,True
17-3025,1999,15.58,H_MEDIAN,18640.0,1,True
17-3026,1999,19.409999999999997,H_MEDIAN,51690.0,1,True
17-3027,1999,18.409999999999997,H_MEDIAN,57560.0,1,True
17-3031,1999,12.869999999999997,H_MEDIAN,47330.0,1,True
19-1021,1999,25.14999999999999,H_MEDIAN,11810.0,1,True
19-1022,1999,22.21,H_MEDIAN,15630.0,1,True
19-1023,1999,20.120000000000005,H_MEDIAN,11120.0,1,True
19-1031,1999,21.640000000000004,H_MEDIAN,12240.0,1,True
19-1032,1999,19.73,H_MEDIAN,10090.0,1,True
19-1041,1999,22.030000000000005,H_MEDIAN,2270.0,1,True
19-1042,1999,23.930000000000014,H_MEDIAN,21200.0,1,True
19-2011,1999,36.96,H_MEDIAN,680.0,1,True
19-2012,1999,36.63000000000001,H_MEDIAN,10290.0,1,True
19-2021,1999,25.6,H_MEDIAN,7170.0,1,True
19-2031,1999,23.069999999999997,H_MEDIAN,73840.0,1,True
19-2032,1999,27.329999999999995,H_MEDIAN,8200.0,1,True
19-2041,1999,20.989999999999995,H_MEDIAN,53610.0,1,True
19-2042,1999,26.18,H_MEDIAN,20940.0,1,True
19-2043,1999,25.530000000000005,H_MEDIAN,6890.0,1,True
19-3011,1999,27.92,H_MEDIAN,14490.0,1,True
19-3022,1999,8.360000000000001,H_MEDIAN,21990.0,1,True
19-3032,1999,33.589999999999996,H_MEDIAN,1780.0,1,True
19-3033,1999,22.75,H_MEDIAN,92460.0,1,False
19-3034,1999,22.75,H_MEDIAN,92460.0,1,False
19-3041,1999,20.78,H_MEDIAN,1320.0,1,True
19-3051,1999,21.41,H_MEDIAN,28730.0,1,True
19-3091,1999,16.89,H_MEDIAN,3220.0,1,True
19-3092,1999,19.98,H_MEDIAN,720.0,1,True
19-3093,1999,18.35000000000001,H_MEDIAN,1510.0,1,True
19-3094,1999,35.709999999999994,H_MEDIAN,4280.0,1,True
19-4012,1999,12.749999999999996,H_MEDIAN,15050.0,1,False
19-4013,1999,12.749999999999996,H_MEDIAN,15050.0,1,False
19-4021,1999,14.659999999999998,H_MEDIAN,39580.0,1,True
19-4031,1999,16.46,H_MEDIAN,78730.0,1,True
19-4042,1999,15.629999999999997,H_MEDIAN,26240.0,1,True
19-4043,1999,17.43,H_MEDIAN,10830.0,1,False
19-4044,1999,17.43,H_MEDIAN,10830.0,1,False
19-4051,1999,23.999999999999993,H_MEDIAN,2640.0,1,True
19-4071,1999,13.2,H_MEDIAN,17140.0,1,True
19-4092,1999,17.4,H_MEDIAN,5340.0,1,True
21-1011,1999,12.819999999999999,H_MEDIAN,57290.0,1,True
21-1012,1999,19.219999999999995,H_MEDIAN,190930.0,1,True
21-1013,1999,16.14,H_MEDIAN,18530.0,1,True
21-1014,1999,12.799999999999999,H_MEDIAN,62910.0,1,True
21-1015,1999,11.369999999999997,H_MEDIAN,93130.0,1,True
21-1021,1999,14.419999999999998,H_MEDIAN,262570.0,1,True
21-1022,1999,16.160000000000004,H_MEDIAN,101680.0,1,True
21-1023,1999,14.079999999999998,H_MEDIAN,72730.0,1,True
21-1091,1999,15.489999999999998,H_MEDIAN,41620.0,1,False
21-1092,1999,17.370000000000005,H_MEDIAN,78930.0,1,True
21-1093,1999,10.299999999999999,H_MEDIAN,242530.0,1,True
21-1094,1999,15.489999999999998,H_MEDIAN,41620.0,1,False
21-2011,1999,14.5,H_MEDIAN,26000.0,1,True
21-2021,1999,12.770000000000001,H_MEDIAN,14960.0,1,True
23-1011,1999,42.80999999999998,H_MEDIAN,464250.0,1,True
23-1012,1999,12.940000000000007,H_MEDIAN,26060.0,1,False
23-1021,1999,21.230000000000004,H_MEDIAN,27250.0,1,True
23-1022,1999,25.490000000000002,H_MEDIAN,6260.0,1,True
23-1023,1999,32.71999999999999,H_MEDIAN,23150.0,1,True
23-2011,1999,15.897622621148539,H_MEDIAN,201930.0,2,False
23-2093,1999,13.38,H_MEDIAN,38730.0,1,True
25-1011,1999,23.740384615384617,A_MEDIAN,63110.0,1,True
25-1021,1999,21.82211538461539,A_MEDIAN,30760.0,1,True
25-1022,1999,22.163461538461537,A_MEDIAN,38850.0,1,True
25-1031,1999,24.985576923076923,A_MEDIAN,3730.0,1,True
25-1032,1999,31.40384615384615,A_MEDIAN,25960.0,1,True
25-1041,1999,28.653846153846157,A_MEDIAN,8180.0,1,True
25-1042,1999,24.072115384615383,A_MEDIAN,33790.0,1,True
25-1043,1999,22.29326923076923,A_MEDIAN,1830.0,1,True
25-1051,1999,26.019230769230766,A_MEDIAN,7930.0,1,True
25-1052,1999,23.692307692307693,A_MEDIAN,17860.0,1,True
25-1053,1999,24.423076923076923,A_MEDIAN,3790.0,1,True
25-1054,1999,27.350961538461533,A_MEDIAN,11230.0,1,True
25-1061,1999,26.355769230769226,A_MEDIAN,3850.0,1,True
25-1062,1999,23.87019230769231,A_MEDIAN,3000.0,1,True
25-1063,1999,27.91826923076923,A_MEDIAN,11100.0,1,True
25-1064,1999,24.600961538461547,A_MEDIAN,3330.0,1,True
25-1065,1999,24.365384615384603,A_MEDIAN,10480.0,1,True
25-1066,1999,24.495192307692307,A_MEDIAN,24690.0,1,True
25-1067,1999,22.365384615384613,A_MEDIAN,12490.0,1,True
25-1071,1999,29.572115384615383,A_MEDIAN,72130.0,1,True
25-1072,1999,21.951923076923073,A_MEDIAN,35360.0,1,True
25-1081,1999,20.77884615384615,A_MEDIAN,35030.0,1,True
25-1082,1999,22.870192307692303,A_MEDIAN,3870.0,1,True
25-1111,1999,19.278846153846153,A_MEDIAN,7830.0,1,True
25-1112,1999,34.65865384615384,A_MEDIAN,8250.0,1,True
25-1113,1999,21.38461538461539,A_MEDIAN,5660.0,1,True
25-1121,1999,20.793269230769237,A_MEDIAN,51710.0,1,True
25-1122,1999,20.682692307692303,A_MEDIAN,15960.0,1,True
25-1123,1999,20.567307692307693,A_MEDIAN,51030.0,1,True
25-1124,1999,20.6875,A_MEDIAN,20140.0,1,True
25-1125,1999,22.75,A_MEDIAN,16950.0,1,True
25-1126,1999,21.78846153846154,A_MEDIAN,13380.0,1,True
25-1192,1999,21.82211538461538,A_MEDIAN,4970.0,1,True
25-1193,1999,20.125000000000007,A_MEDIAN,14970.0,1,True
25-1194,1999,17.039999999999996,H_MEDIAN,129780.0,1,True
25-2011,1999,8.409999999999998,H_MEDIAN,339310.0,1,True
25-2012,1999,16.78365384615385,A_MEDIAN,158250.0,1,True
25-2021,1999,17.822115384615387,A_MEDIAN,1357340.0,1,True
25-2022,1999,18.076923076923077,A_MEDIAN,570010.0,1,True
25-2023,1999,18.591346153846153,A_MEDIAN,17450.0,1,True
25-2031,1999,18.932692307692303,A_MEDIAN,947010.0,1,True
25-2032,1999,19.500000000000004,A_MEDIAN,107330.0,1,True
25-2051,1999,18.466346153846153,A_MEDIAN,203690.0,1,False
25-2055,1999,18.466346153846153,A_MEDIAN,203690.0,1,False
25-2056,1999,18.466346153846153,A_MEDIAN,203690.0,1,False
25-2057,1999,17.250000000000004,A_MEDIAN,86850.0,1,True
25-2058,1999,19.149038461538456,A_MEDIAN,119870.0,1,True
25-3011,1999,14.920000000000002,H_MEDIAN,56880.0,1,True
25-3021,1999,12.54,H_MEDIAN,125650.0,1,True
25-4022,1999,18.812210004559986,H_MEDIAN,147450.0,2,False
25-4031,1999,10.839999999999998,H_MEDIAN,98030.0,1,True
25-9021,1999,17.239999999999995,H_MEDIAN,9530.0,1,True
25-9031,1999,20.06,H_MEDIAN,76870.0,1,True
25-9042,1999,7.894230769230771,A_MEDIAN,1115820.0,1,False
25-9043,1999,7.894230769230771,A_MEDIAN,1115820.0,1,False
25-9044,1999,9.514423076923075,A_MEDIAN,124750.0,1,True
25-9049,1999,7.894230769230771,A_MEDIAN,1115820.0,1,False
27-1011,1999,25.81,H_MEDIAN,19190.0,1,True
27-1013,1999,14.509999999999993,H_MEDIAN,13240.0,1,True
27-1014,1999,17.820000000000004,H_MEDIAN,30530.0,1,True
27-1021,1999,22.149999999999995,H_MEDIAN,38350.0,1,True
27-1022,1999,21.96,H_MEDIAN,9600.0,1,True
27-1023,1999,8.659999999999998,H_MEDIAN,59410.0,1,True
27-1024,1999,15.95,H_MEDIAN,119820.0,1,True
27-1025,1999,16.029999999999994,H_MEDIAN,29690.0,1,True
27-1026,1999,9.36,H_MEDIAN,51530.0,1,True
27-1027,1999,13.619999999999997,H_MEDIAN,8290.0,1,True
27-2011,1999,17.076923076923073,A_MEDIAN,84790.0,1,True
27-2012,1999,18.254807692307697,A_MEDIAN,39200.0,1,True
27-2021,1999,17.76923076923077,A_MEDIAN,10620.0,1,True
27-2022,1999,13.307692307692307,A_MEDIAN,65820.0,1,True
27-2023,1999,8.927884615384615,A_MEDIAN,8150.0,1,True
27-2031,1999,9.42,H_MEDIAN,14910.0,1,True
27-2032,1999,12.949999999999998,H_MEDIAN,11170.0,1,True
27-2041,1999,14.288461538461542,A_MEDIAN,6310.0,1,True
27-2042,1999,14.447115384615387,A_MEDIAN,46440.0,1,True
27-3031,1999,17.630000000000003,H_MEDIAN,118280.0,1,False
27-3041,1999,18.009999999999998,H_MEDIAN,95210.0,1,True
27-3042,1999,21.319999999999997,H_MEDIAN,46680.0,1,True
27-3043,1999,19.62,H_MEDIAN,45670.0,1,True
27-3091,1999,12.94,H_MEDIAN,13640.0,1,True
27-3092,1999,17.78,H_MEDIAN,17460.0,1,True
27-4011,1999,13.509999999999996,H_MEDIAN,39090.0,1,True
27-4012,1999,11.330000000000002,H_MEDIAN,25570.0,1,True
27-4014,1999,13.98,H_MEDIAN,9380.0,1,True
27-4021,1999,10.009999999999998,H_MEDIAN,66070.0,1,True
27-4031,1999,11.939999999999998,H_MEDIAN,17330.0,1,True
27-4032,1999,18.840000000000003,H_MEDIAN,12770.0,1,True
29-1011,1999,27.920000000000016,H_MEDIAN,11540.0,1,True
29-1031,1999,17.540000000000003,H_MEDIAN,41320.0,1,True
29-1041,1999,37.1,H_MEDIAN,21400.0,1,True
29-1051,1999,32.16,H_MEDIAN,226300.0,1,True
29-1071,1999,25.539999999999992,H_MEDIAN,56750.0,1,True
29-1081,1999,51.0,H_MEDIAN,4470.0,1,True
29-1122,1999,23.729999999999997,H_MEDIAN,78950.0,1,True
29-1123,1999,27.07999999999999,H_MEDIAN,131050.0,1,True
29-1124,1999,20.04,H_MEDIAN,12340.0,1,True
29-1125,1999,13.470000000000002,H_MEDIAN,30190.0,1,True
29-1126,1999,17.379999999999995,H_MEDIAN,80230.0,1,True
29-1127,1999,22.029999999999994,H_MEDIAN,85920.0,1,True
29-1131,1999,28.189999999999998,H_MEDIAN,39250.0,1,True
29-1141,1999,20.33,H_MEDIAN,2205430.0,1,False
29-1151,1999,20.33,H_MEDIAN,2205430.0,1,False
29-1161,1999,20.33,H_MEDIAN,2205430.0,1,False
29-1171,1999,20.33,H_MEDIAN,2205430.0,1,False
29-1181,1999,20.51,H_MEDIAN,12950.0,1,True
29-1211,1999,59.51000000000001,H_MEAN,25910.0,1,True
29-1215,1999,54.340000000000025,H_MEDIAN,134490.0,1,True
29-1216,1999,59.26999999999999,H_MEAN,48740.0,1,True
29-1218,1999,65.11000000000001,H_MEAN,18780.0,1,True
29-1221,1999,58.650000000000006,H_MEDIAN,18940.0,1,True
29-1223,1999,55.69,H_MEDIAN,17870.0,1,True
29-1242,1999,65.22000000000001,H_MEAN,48450.0,1,False
29-1243,1999,65.22000000000001,H_MEAN,48450.0,1,False
29-1249,1999,65.22000000000001,H_MEAN,48450.0,1,False
29-1292,1999,22.69,H_MEDIAN,90050.0,1,True
29-2011,1999,18.519999999999996,H_MEDIAN,145750.0,1,True
29-2012,1999,12.89,H_MEDIAN,142090.0,1,True
29-2031,1999,15.46,H_MEDIAN,41490.0,1,True
29-2032,1999,20.349999999999994,H_MEDIAN,29280.0,1,True
29-2033,1999,19.66,H_MEDIAN,17880.0,1,True
29-2034,1999,16.469999999999995,H_MEDIAN,177850.0,1,False
29-2035,1999,16.469999999999995,H_MEDIAN,177850.0,1,False
29-2042,1999,10.210000000000003,H_MEDIAN,172360.0,1,False
29-2043,1999,10.210000000000003,H_MEDIAN,172360.0,1,False
29-2051,1999,9.39,H_MEDIAN,29190.0,1,True
29-2052,1999,9.11,H_MEDIAN,196430.0,1,True
29-2053,1999,10.56,H_MEDIAN,54560.0,1,True
29-2055,1999,12.840000000000002,H_MEDIAN,64810.0,1,True
29-2056,1999,9.889999999999999,H_MEDIAN,47470.0,1,True
29-2061,1999,13.39,H_MEDIAN,688510.0,1,True
29-2072,1999,10.369999999999997,H_MEDIAN,142720.0,1,False
29-2081,1999,11.1,H_MEDIAN,58860.0,1,True
29-2091,1999,17.93999999999999,H_MEDIAN,3330.0,1,True
29-2099,1999,15.140000000000004,H_MEDIAN,33990.0,1,False
29-9021,1999,10.369999999999997,H_MEDIAN,142720.0,1,False
29-9091,1999,15.134615384615387,A_MEDIAN,16670.0,1,True
31-1121,1999,8.21,H_MEDIAN,577530.0,1,True
31-1122,1999,7.499999999999999,H_MEDIAN,300500.0,1,True
31-1131,1999,8.289999999999997,H_MEDIAN,1308740.0,1,False
31-1132,1999,8.289999999999997,H_MEDIAN,1308740.0,1,False
31-1133,1999,10.32,H_MEDIAN,51100.0,1,True
31-2011,1999,15.789999999999997,H_MEDIAN,17290.0,1,True
31-2012,1999,9.339999999999998,H_MEDIAN,9250.0,1,True
31-2021,1999,15.900000000000011,H_MEDIAN,48600.0,1,True
31-2022,1999,9.05,H_MEDIAN,44340.0,1,True
31-9011,1999,11.009999999999998,H_MEDIAN,21910.0,1,True
31-9091,1999,11.239999999999998,H_MEDIAN,175160.0,1,True
31-9092,1999,10.479999999999999,H_MEDIAN,281480.0,1,True
31-9093,1999,9.699999999999998,H_MEDIAN,29070.0,1,True
31-9094,1999,11.669999999999998,H_MEDIAN,97260.0,1,True
31-9095,1999,8.759999999999998,H_MEDIAN,48270.0,1,True
31-9096,1999,7.599999999999998,H_MEDIAN,53680.0,1,True
33-1011,1999,18.7,H_MEDIAN,28300.0,1,True
33-1012,1999,25.310000000000002,H_MEDIAN,111600.0,1,True
33-1021,1999,23.239999999999995,H_MEDIAN,57300.0,1,True
33-2011,1999,15.799999999999997,H_MEDIAN,252730.0,1,True
33-2021,1999,19.259999999999998,H_MEDIAN,10050.0,1,True
33-2022,1999,12.980000000000006,H_MEDIAN,1630.0,1,True
33-3011,1999,14.13000000000001,H_MEDIAN,12620.0,1,True
33-3012,1999,13.660000000000002,H_MEDIAN,381250.0,1,True
33-3021,1999,22.090000000000003,H_MEDIAN,83340.0,1,True
33-3031,1999,18.050000000000004,H_MEDIAN,8220.0,1,True
33-3041,1999,11.709999999999994,H_MEDIAN,7660.0,1,True
33-3051,1999,18.060000000000002,H_MEDIAN,581860.0,1,True
33-3052,1999,19.72,H_MEDIAN,4590.0,1,True
33-9011,1999,10.620000000000001,H_MEDIAN,8300.0,1,True
33-9021,1999,12.59999999999999,H_MEDIAN,30690.0,1,True
33-9031,1999,9.78,H_MEDIAN,12780.0,1,True
33-9032,1999,8.069999999999999,H_MEDIAN,1088470.0,1,False
33-9091,1999,7.7,H_MEDIAN,68310.0,1,True
33-9093,1999,8.783595263202171,H_MEDIAN,1211750.0,2,False
35-1011,1999,11.879999999999999,H_MEDIAN,118070.0,1,True
35-1012,1999,10.590000000000002,H_MEDIAN,545700.0,1,True
35-2011,1999,6.24,H_MEDIAN,418400.0,1,True
35-2012,1999,7.890000000000001,H_MEDIAN,438660.0,1,True
35-2014,1999,8.050000000000002,H_MEDIAN,656540.0,1,True
35-2015,1999,7.14,H_MEDIAN,163160.0,1,True
35-2021,1999,7.23,H_MEDIAN,878650.0,1,True
35-3011,1999,6.519999999999999,H_MEDIAN,358450.0,1,True
35-3023,1999,6.327384658552232,H_MEDIAN,2358930.0,2,False
35-3031,1999,6.07,H_MEDIAN,2039950.0,1,True
35-3041,1999,7.09,H_MEDIAN,192850.0,1,True
35-9011,1999,6.33,H_MEDIAN,425600.0,1,True
35-9021,1999,6.57,H_MEDIAN,538360.0,1,True
35-9031,1999,6.73,H_MEDIAN,380850.0,1,True
37-1011,1999,10.609999999999998,H_MEDIAN,202460.0,1,True
37-1012,1999,14.310000000000002,H_MEDIAN,91330.0,1,True
37-2011,1999,7.900000000000002,H_MEDIAN,2090560.0,1,True
37-2012,1999,7.029999999999999,H_MEDIAN,913470.0,1,True
37-2021,1999,11.16,H_MEDIAN,40240.0,1,True
37-3011,1999,8.48,H_MEDIAN,739460.0,1,True
37-3012,1999,10.809999999999999,H_MEDIAN,23440.0,1,True
37-3013,1999,10.73,H_MEDIAN,47890.0,1,True
39-1013,1999,14.094471442650924,H_MEDIAN,40110.0,2,False
39-1014,1999,12.47,H_MEDIAN,84610.0,1,False
39-1022,1999,12.47,H_MEDIAN,84610.0,1,False
39-2011,1999,11.089999999999998,H_MEDIAN,5900.0,1,True
39-2021,1999,7.499999999999999,H_MEDIAN,84760.0,1,True
39-3011,1999,6.199999999999999,H_MEDIAN,87390.0,1,True
39-3012,1999,7.529999999999999,H_MEDIAN,8390.0,1,True
39-3021,1999,7.33,H_MEDIAN,8610.0,1,True
39-3031,1999,6.26,H_MEDIAN,88590.0,1,True
39-3091,1999,6.55,H_MEDIAN,190600.0,1,True
39-3092,1999,9.929999999999998,H_MEDIAN,5860.0,1,True
39-4011,1999,14.090000000000002,H_MEDIAN,6670.0,1,True
39-4021,1999,7.7,H_MEDIAN,24970.0,1,True
39-4031,1999,17.749999999999996,H_MEDIAN,23740.0,1,False
39-5011,1999,8.91,H_MEDIAN,14150.0,1,True
39-5012,1999,8.33,H_MEDIAN,314750.0,1,True
39-5091,1999,10.6,H_MEDIAN,1170.0,1,True
39-5092,1999,6.699999999999999,H_MEDIAN,23540.0,1,True
39-5093,1999,6.29,H_MEDIAN,13580.0,1,True
39-5094,1999,8.869999999999997,H_MEDIAN,11910.0,1,True
39-6011,1999,6.84,H_MEDIAN,59580.0,1,True
39-6012,1999,9.439999999999998,H_MEDIAN,16440.0,1,True
39-7011,1999,8.46,H_MEDIAN,35780.0,1,True
39-7012,1999,12.0,H_MEDIAN,4180.0,1,True
39-9011,1999,6.910000000000003,H_MEDIAN,377110.0,1,True
39-9031,1999,10.839999999999998,H_MEDIAN,127310.0,1,True
39-9032,1999,7.900000000000002,H_MEDIAN,245180.0,1,True
39-9041,1999,9.21,H_MEDIAN,43260.0,1,True
41-1011,1999,12.91,H_MEDIAN,1237050.0,1,True
41-1012,1999,21.570000000000004,H_MEDIAN,302870.0,1,True
41-2011,1999,6.680000000000001,H_MEDIAN,3162090.0,1,True
41-2012,1999,8.599999999999998,H_MEDIAN,40390.0,1,True
41-2021,1999,7.160000000000001,H_MEDIAN,392560.0,1,True
41-2022,1999,10.920000000000002,H_MEDIAN,265380.0,1,True
41-2031,1999,7.660000000000002,H_MEDIAN,3729040.0,1,True
41-3011,1999,15.929999999999998,H_MEDIAN,142830.0,1,True
41-3021,1999,18.61,H_MEDIAN,241730.0,1,True
41-3031,1999,28.630000000000003,H_MEDIAN,249660.0,1,True
41-3041,1999,11.250000000000002,H_MEDIAN,111130.0,1,True
41-4011,1999,22.089999999999993,H_MEDIAN,341930.0,1,True
41-4012,1999,17.91,H_MEDIAN,1315900.0,1,True
41-9011,1999,8.559999999999999,H_MEDIAN,95160.0,1,True
41-9012,1999,8.370000000000001,H_MEDIAN,5220.0,1,True
41-9021,1999,24.220000000000002,H_MEDIAN,26760.0,1,True
41-9022,1999,13.25,H_MEDIAN,107680.0,1,True
41-9031,1999,26.12999999999999,H_MEDIAN,93620.0,1,True
41-9041,1999,8.91,H_MEDIAN,485650.0,1,True
41-9091,1999,11.510000000000002,H_MEDIAN,36130.0,1,True
43-1011,1999,15.929999999999998,H_MEDIAN,1312630.0,1,True
43-2011,1999,9.11,H_MEDIAN,248570.0,1,True
43-2021,1999,13.660000000000002,H_MEDIAN,50820.0,1,True
43-2099,1999,11.199999999999998,H_MEDIAN,3290.0,1,False
43-3011,1999,11.319999999999999,H_MEDIAN,383090.0,1,True
43-3021,1999,11.000000000000002,H_MEDIAN,551410.0,1,True
43-3031,1999,11.53,H_MEDIAN,1619870.0,1,True
43-3041,1999,9.57,H_MEDIAN,20100.0,1,True
43-3051,1999,12.370000000000001,H_MEDIAN,196660.0,1,True
43-3061,1999,12.23,H_MEDIAN,76970.0,1,True
43-3071,1999,8.599999999999998,H_MEDIAN,453140.0,1,True
43-4011,1999,13.790000000000003,H_MEDIAN,72930.0,1,True
43-4021,1999,11.050000000000002,H_MEDIAN,46160.0,1,True
43-4031,1999,12.110000000000001,H_MEDIAN,93910.0,1,True
43-4041,1999,11.510000000000002,H_MEDIAN,82900.0,1,True
43-4051,1999,11.3,H_MEDIAN,1789620.0,1,True
43-4061,1999,13.149999999999999,H_MEDIAN,107650.0,1,True
43-4071,1999,8.380000000000003,H_MEDIAN,266890.0,1,True
43-4081,1999,7.540000000000002,H_MEDIAN,152040.0,1,True
43-4111,1999,9.66,H_MEDIAN,164310.0,1,True
43-4121,1999,8.49,H_MEDIAN,89050.0,1,True
43-4131,1999,12.119999999999997,H_MEDIAN,145400.0,1,True
43-4141,1999,10.630000000000003,H_MEDIAN,69790.0,1,True
43-4151,1999,10.780000000000001,H_MEDIAN,376430.0,1,True
43-4161,1999,12.590000000000002,H_MEDIAN,174110.0,1,True
43-4171,1999,9.260000000000002,H_MEDIAN,987680.0,1,True
43-4181,1999,10.739999999999998,H_MEDIAN,222340.0,1,True
43-5011,1999,12.370000000000001,H_MEDIAN,52690.0,1,True
43-5021,1999,8.360000000000001,H_MEDIAN,134370.0,1,True
43-5031,1999,11.770000000000001,H_MEDIAN,79140.0,1,True
43-5032,1999,13.0,H_MEDIAN,171560.0,1,True
43-5041,1999,12.45,H_MEDIAN,46090.0,1,True
43-5051,1999,18.639999999999997,H_MEDIAN,80330.0,1,True
43-5052,1999,18.21,H_MEDIAN,352550.0,1,True
43-5053,1999,14.860000000000001,H_MEDIAN,234820.0,1,True
43-5061,1999,14.47,H_MEDIAN,298770.0,1,True
43-5071,1999,9.99,H_MEDIAN,886230.0,1,True
43-5111,1999,10.959999999999999,H_MEDIAN,83840.0,1,True
43-6011,1999,14.209999999999999,H_MEDIAN,1316290.0,1,True
43-6012,1999,15.039999999999997,H_MEDIAN,272090.0,1,True
43-6013,1999,10.949999999999998,H_MEDIAN,247950.0,1,True
43-6014,1999,11.180000000000001,H_MEDIAN,1582080.0,1,True
43-9021,1999,9.77,H_MEDIAN,520220.0,1,True
43-9022,1999,11.289999999999997,H_MEDIAN,271310.0,1,True
43-9031,1999,14.12,H_MEDIAN,37040.0,1,True
43-9041,1999,13.93,H_MEDIAN,268650.0,1,True
43-9051,1999,8.759999999999998,H_MEDIAN,198440.0,1,True
43-9061,1999,9.77,H_MEDIAN,2561300.0,1,True
43-9071,1999,9.709999999999999,H_MEDIAN,101490.0,1,True
43-9081,1999,9.37,H_MEDIAN,25970.0,1,True
43-9111,1999,11.550000000000002,H_MEDIAN,24450.0,1,True
45-1011,1999,14.59,H_MEDIAN,20360.0,1,True
45-2011,1999,13.889999999999999,H_MEDIAN,10520.0,1,True
45-2021,1999,10.65,H_MEDIAN,1420.0,1,True
45-2041,1999,6.76,H_MEDIAN,62380.0,1,True
45-2091,1999,7.669999999999998,H_MEDIAN,17630.0,1,True
45-2092,1999,6.419999999999999,H_MEDIAN,215080.0,1,True
45-2093,1999,7.400000000000001,H_MEDIAN,34510.0,1,True
45-4011,1999,8.21,H_MEDIAN,11780.0,1,True
45-4021,1999,13.440000000000001,H_MEDIAN,9420.0,1,True
45-4022,1999,11.430000000000001,H_MEDIAN,33230.0,1,True
45-4023,1999,11.61,H_MEDIAN,5500.0,1,True
47-1011,1999,20.71,H_MEDIAN,476770.0,1,True
47-2011,1999,18.090000000000003,H_MEDIAN,29160.0,1,True
47-2021,1999,19.360000000000003,H_MEDIAN,98530.0,1,True
47-2022,1999,15.359999999999996,H_MEDIAN,8640.0,1,True
47-2031,1999,15.349999999999998,H_MEDIAN,771030.0,1,True
47-2041,1999,13.229999999999999,H_MEDIAN,37750.0,1,True
47-2042,1999,13.96,H_MEDIAN,11310.0,1,True
47-2043,1999,11.879999999999999,H_MEDIAN,6400.0,1,True
47-2044,1999,17.08,H_MEDIAN,27330.0,1,True
47-2051,1999,13.679999999999998,H_MEDIAN,151760.0,1,True
47-2053,1999,15.030000000000001,H_MEDIAN,4570.0,1,True
47-2061,1999,10.849999999999998,H_MEDIAN,763450.0,1,True
47-2071,1999,12.45,H_MEDIAN,58410.0,1,True
47-2072,1999,19.93,H_MEDIAN,4940.0,1,True
47-2073,1999,15.309999999999997,H_MEDIAN,324350.0,1,True
47-2081,1999,15.339999999999998,H_MEDIAN,118300.0,1,True
47-2082,1999,16.02,H_MEDIAN,36950.0,1,True
47-2111,1999,19.13,H_MEDIAN,611920.0,1,False
47-2121,1999,13.33,H_MEDIAN,49630.0,1,True
47-2141,1999,12.859999999999998,H_MEDIAN,260880.0,1,True
47-2142,1999,15.339999999999998,H_MEDIAN,10070.0,1,True
47-2151,1999,12.67,H_MEDIAN,53530.0,1,True
47-2152,1999,17.41,H_MEDIAN,413170.0,1,True
47-2161,1999,14.480000000000002,H_MEDIAN,50060.0,1,True
47-2171,1999,16.03,H_MEDIAN,27760.0,1,True
47-2181,1999,12.94,H_MEDIAN,115280.0,1,False
47-2211,1999,14.090000000000002,H_MEDIAN,231690.0,1,True
47-2221,1999,17.190000000000005,H_MEDIAN,85520.0,1,True
47-2231,1999,17.203613568342412,H_MEDIAN,915050.0,3,False
47-3011,1999,10.609999999999998,H_MEDIAN,56660.0,1,True
47-3012,1999,9.610000000000001,H_MEDIAN,104910.0,1,True
47-3013,1999,9.889999999999999,H_MEDIAN,100460.0,1,True
47-3014,1999,8.950000000000001,H_MEDIAN,30790.0,1,True
47-3015,1999,9.62,H_MEDIAN,81410.0,1,True
47-3016,1999,8.409999999999998,H_MEDIAN,27340.0,1,True
47-4011,1999,18.55,H_MEDIAN,67010.0,1,True
47-4021,1999,22.380000000000006,H_MEDIAN,25010.0,1,True
47-4031,1999,9.95,H_MEDIAN,15540.0,1,True
47-4041,1999,14.050000000000002,H_MEDIAN,34750.0,1,True
47-4051,1999,12.44,H_MEDIAN,139540.0,1,True
47-4061,1999,17.67,H_MEDIAN,8620.0,1,True
47-4071,1999,13.030000000000001,H_MEDIAN,12820.0,1,True
47-4091,1999,11.35,H_MEDIAN,2890.0,1,True
47-5011,1999,12.840000000000002,H_MEDIAN,13720.0,1,True
47-5012,1999,15.71,H_MEDIAN,9500.0,1,True
47-5013,1999,11.289999999999997,H_MEDIAN,11630.0,1,True
47-5022,1999,13.729999999999999,H_MEDIAN,62360.0,1,False
47-5023,1999,13.750000000000002,H_MEDIAN,19650.0,1,False
47-5032,1999,14.045179474459555,H_MEDIAN,23830.0,2,False
47-5041,1999,15.729999999999997,H_MEDIAN,10090.0,1,True
47-5043,1999,17.48,H_MEDIAN,4170.0,1,True
47-5044,1999,15.728082301054881,H_MEDIAN,5760.0,2,False
47-5049,1999,17.570000000000004,H_MEDIAN,0.0,1,False
47-5051,1999,11.12,H_MEDIAN,2140.0,1,True
47-5071,1999,10.080000000000002,H_MEDIAN,29860.0,1,True
47-5081,1999,9.829999999999998,H_MEDIAN,27730.0,1,True
49-1011,1999,20.540000000000003,H_MEDIAN,386170.0,1,True
49-2011,1999,14.260000000000002,H_MEDIAN,130090.0,1,True
49-2021,1999,15.489999999999998,H_MEDIAN,4570.0,1,True
49-2022,1999,20.37,H_MEDIAN,172700.0,1,True
49-2091,1999,19.63,H_MEDIAN,15560.0,1,True
49-2092,1999,13.97,H_MEDIAN,35270.0,1,True
49-2093,1999,15.230000000000004,H_MEDIAN,14700.0,1,True
49-2094,1999,17.149999999999995,H_MEDIAN,71530.0,1,True
49-2095,1999,22.92,H_MEDIAN,20580.0,1,True
49-2096,1999,11.499999999999998,H_MEDIAN,14250.0,1,True
49-2097,1999,12.03,H_MEDIAN,26090.0,1,True
49-2098,1999,13.96,H_MEDIAN,38350.0,1,True
49-3011,1999,18.9,H_MEDIAN,125970.0,1,True
49-3021,1999,15.06,H_MEDIAN,179960.0,1,True
49-3022,1999,13.260000000000002,H_MEDIAN,20520.0,1,True
49-3023,1999,13.619999999999997,H_MEDIAN,587320.0,1,True
49-3031,1999,14.769999999999998,H_MEDIAN,273320.0,1,True
49-3041,1999,11.42,H_MEDIAN,40490.0,1,True
49-3042,1999,15.750000000000002,H_MEDIAN,113540.0,1,True
49-3043,1999,18.090000000000003,H_MEDIAN,7230.0,1,True
49-3051,1999,13.010000000000002,H_MEDIAN,18450.0,1,True
49-3052,1999,11.61,H_MEDIAN,11390.0,1,True
49-3053,1999,10.859999999999998,H_MEDIAN,26550.0,1,True
49-3091,1999,7.719999999999998,H_MEDIAN,8080.0,1,True
49-3092,1999,11.86,H_MEDIAN,13100.0,1,True
49-3093,1999,8.370000000000001,H_MEDIAN,99880.0,1,True
49-9011,1999,14.680000000000001,H_MEDIAN,9620.0,1,True
49-9012,1999,19.959999999999997,H_MEDIAN,31040.0,1,True
49-9021,1999,14.5,H_MEDIAN,187850.0,1,False
49-9031,1999,13.949999999999998,H_MEDIAN,33050.0,1,True
49-9041,1999,16.56,H_MEDIAN,176070.0,1,True
49-9043,1999,14.569999999999999,H_MEDIAN,107180.0,1,True
49-9044,1999,18.76,H_MEDIAN,80390.0,1,True
49-9045,1999,14.990000000000007,H_MEDIAN,3320.0,1,True
49-9051,1999,20.969999999999995,H_MEDIAN,99090.0,1,True
49-9052,1999,16.35,H_MEDIAN,158990.0,1,True
49-9061,1999,14.270000000000001,H_MEDIAN,5330.0,1,True
49-9062,1999,16.450000000000003,H_MEDIAN,19640.0,1,True
49-9063,1999,11.63,H_MEDIAN,4500.0,1,True
49-9064,1999,11.789999999999997,H_MEDIAN,3870.0,1,True
49-9071,1999,11.989999999999998,H_MEDIAN,1201690.0,1,True
49-9091,1999,11.939999999999998,H_MEDIAN,35900.0,1,True
49-9092,1999,27.169999999999998,H_MEDIAN,2400.0,1,True
49-9094,1999,12.660000000000002,H_MEDIAN,11300.0,1,True
49-9095,1999,10.069999999999999,H_MEDIAN,13200.0,1,True
49-9096,1999,15.120000000000001,H_MEDIAN,15850.0,1,True
49-9097,1999,18.910000000000004,H_MEDIAN,3720.0,1,True
49-9098,1999,9.14,H_MEDIAN,145610.0,1,True
49-9099,1999,9.530000000000001,H_MEDIAN,2980.0,1,False
51-1011,1999,18.61,H_MEDIAN,760050.0,1,True
51-2011,1999,17.829999999999995,H_MEDIAN,18070.0,1,True
51-2021,1999,9.650000000000002,H_MEDIAN,56350.0,1,True
51-2022,1999,9.839999999999998,H_MEDIAN,387430.0,1,True
51-2023,1999,10.69,H_MEDIAN,69830.0,1,True
51-2031,1999,13.229999999999999,H_MEDIAN,85570.0,1,True
51-2041,1999,12.620000000000001,H_MEDIAN,94390.0,1,True
51-2051,1999,10.199999999999998,H_MEDIAN,49750.0,1,True
51-2061,1999,9.9,H_MEDIAN,10270.0,1,True
51-2092,1999,9.95,H_MEDIAN,1302820.0,1,True
51-3011,1999,8.82,H_MEDIAN,176080.0,1,True
51-3021,1999,11.199999999999998,H_MEDIAN,138870.0,1,True
51-3022,1999,8.08,H_MEDIAN,159890.0,1,True
51-3023,1999,9.179999999999998,H_MEDIAN,116970.0,1,True
51-3091,1999,9.829999999999998,H_MEDIAN,19830.0,1,True
51-3092,1999,9.639999999999999,H_MEDIAN,64760.0,1,True
51-3093,1999,9.850000000000001,H_MEDIAN,44340.0,1,True
51-4021,1999,11.250000000000002,H_MEDIAN,108570.0,1,True
51-4022,1999,11.910000000000002,H_MEDIAN,60970.0,1,True
51-4023,1999,12.949999999999998,H_MEDIAN,47580.0,1,True
51-4031,1999,10.670000000000002,H_MEDIAN,353300.0,1,True
51-4032,1999,11.889999999999999,H_MEDIAN,75140.0,1,True
51-4033,1999,11.54,H_MEDIAN,127920.0,1,True
51-4034,1999,13.650000000000002,H_MEDIAN,83940.0,1,True
51-4035,1999,12.700000000000001,H_MEDIAN,35830.0,1,True
51-4041,1999,14.299999999999999,H_MEDIAN,419800.0,1,True
51-4051,1999,12.94,H_MEDIAN,19350.0,1,True
51-4052,1999,12.339999999999998,H_MEDIAN,15600.0,1,True
51-4061,1999,16.14999999999999,H_MEDIAN,12520.0,1,True
51-4062,1999,13.450000000000001,H_MEDIAN,8340.0,1,True
51-4071,1999,11.390000000000002,H_MEDIAN,34840.0,1,True
51-4072,1999,9.809999999999999,H_MEDIAN,179640.0,1,True
51-4081,1999,12.0,H_MEDIAN,103620.0,1,True
51-4111,1999,18.600000000000005,H_MEDIAN,132350.0,1,True
51-4121,1999,12.58,H_MEDIAN,410040.0,1,True
51-4122,1999,12.290000000000001,H_MEDIAN,68680.0,1,True
51-4191,1999,12.130000000000003,H_MEDIAN,36300.0,1,True
51-4192,1999,13.899999999999999,H_MEDIAN,17990.0,1,True
51-4193,1999,10.760000000000002,H_MEDIAN,58350.0,1,True
51-4194,1999,13.19,H_MEDIAN,28150.0,1,True
51-5111,1999,13.899999999999999,H_MEDIAN,109350.0,1,True
51-5112,1999,12.868946311736483,H_MEDIAN,254830.0,2,False
51-5113,1999,10.502358506932223,H_MEDIAN,162420.0,3,False
51-6011,1999,7.249999999999999,H_MEDIAN,217350.0,1,True
51-6021,1999,7.490000000000001,H_MEDIAN,93320.0,1,True
51-6031,1999,7.570000000000001,H_MEDIAN,403770.0,1,True
51-6041,1999,8.039999999999997,H_MEDIAN,15610.0,1,True
51-6042,1999,8.630000000000003,H_MEDIAN,11450.0,1,True
51-6051,1999,8.06,H_MEDIAN,23910.0,1,True
51-6052,1999,9.290000000000001,H_MEDIAN,32310.0,1,True
51-6061,1999,9.09,H_MEDIAN,44450.0,1,True
51-6062,1999,8.979999999999999,H_MEDIAN,39870.0,1,True
51-6063,1999,10.000000000000002,H_MEDIAN,79440.0,1,True
51-6064,1999,9.909999999999998,H_MEDIAN,83360.0,1,True
51-6091,1999,11.970000000000002,H_MEDIAN,35810.0,1,True
51-6092,1999,10.630000000000003,H_MEDIAN,16920.0,1,True
51-6093,1999,10.979999999999999,H_MEDIAN,45380.0,1,True
51-7011,1999,10.459999999999999,H_MEDIAN,136910.0,1,True
51-7021,1999,9.859999999999998,H_MEDIAN,38040.0,1,True
51-7031,1999,11.839999999999998,H_MEDIAN,4910.0,1,True
51-7032,1999,14.480000000000002,H_MEDIAN,5820.0,1,True
51-7041,1999,9.709999999999999,H_MEDIAN,54760.0,1,True
51-7042,1999,9.650000000000002,H_MEDIAN,103650.0,1,True
51-8011,1999,26.729999999999997,H_MEDIAN,3240.0,1,True
51-8012,1999,22.6,H_MEDIAN,14080.0,1,True
51-8013,1999,21.300000000000004,H_MEDIAN,34310.0,1,True
51-8021,1999,18.54,H_MEDIAN,56350.0,1,True
51-8031,1999,14.460000000000003,H_MEDIAN,81830.0,1,True
51-8091,1999,18.879999999999995,H_MEDIAN,64320.0,1,True
51-8092,1999,20.889999999999997,H_MEDIAN,16740.0,1,True
51-8093,1999,21.550000000000004,H_MEDIAN,34370.0,1,True
51-9011,1999,16.58,H_MEDIAN,51080.0,1,True
51-9012,1999,13.229999999999999,H_MEDIAN,33470.0,1,True
51-9021,1999,11.709999999999997,H_MEDIAN,49690.0,1,True
51-9022,1999,10.15,H_MEDIAN,49510.0,1,True
51-9023,1999,12.259999999999998,H_MEDIAN,114540.0,1,True
51-9031,1999,9.78,H_MEDIAN,33590.0,1,True
51-9032,1999,10.869999999999997,H_MEDIAN,85060.0,1,True
51-9041,1999,11.44,H_MEDIAN,74100.0,1,True
51-9051,1999,12.519999999999998,H_MEDIAN,29640.0,1,True
51-9061,1999,11.680000000000001,H_MEDIAN,577650.0,1,True
51-9071,1999,11.189999999999998,H_MEDIAN,28690.0,1,True
51-9081,1999,12.46,H_MEDIAN,42940.0,1,True
51-9082,1999,10.970000000000002,H_MEDIAN,13610.0,1,True
51-9083,1999,9.489999999999998,H_MEDIAN,34590.0,1,True
51-9111,1999,9.009999999999998,H_MEDIAN,379760.0,1,True
51-9123,1999,9.56,H_MEDIAN,34780.0,1,True
51-9124,1999,11.787196881919636,H_MEDIAN,147530.0,2,False
51-9141,1999,12.45,H_MEDIAN,42110.0,1,True
51-9151,1999,9.023956677081541,H_MEDIAN,76440.0,2,False
51-9161,1999,13.070000000000002,H_MEDIAN,168170.0,1,False
51-9162,1999,17.26999999999999,H_MEDIAN,24180.0,1,False
51-9191,1999,10.23,H_MEDIAN,32440.0,1,True
51-9192,1999,9.41,H_MEDIAN,18850.0,1,True
51-9193,1999,9.36,H_MEDIAN,6200.0,1,True
51-9194,1999,9.500000000000002,H_MEDIAN,9420.0,1,True
51-9195,1999,10.470000000000002,H_MEDIAN,34310.0,1,True
51-9196,1999,12.819999999999999,H_MEDIAN,118830.0,1,True
51-9197,1999,17.930000000000003,H_MEDIAN,16680.0,1,True
51-9198,1999,8.370000000000001,H_MEDIAN,584060.0,1,True
53-1041,1999,17.02,H_MEDIAN,8090.0,1,True
53-1042,1999,15.88,H_MEDIAN,138210.0,1,True
53-1043,1999,18.800000000000004,H_MEDIAN,175260.0,1,False
53-1044,1999,16.44783308593691,H_MEDIAN,259870.0,2,False
53-1049,1999,18.800000000000004,H_MEDIAN,175260.0,1,False
53-2012,1999,20.567307692307693,A_MEDIAN,18780.0,1,True
53-2021,1999,35.61,H_MEDIAN,22620.0,1,True
53-2022,1999,13.149999999999999,H_MEDIAN,4510.0,1,True
53-3011,1999,8.4,H_MEDIAN,13520.0,1,True
53-3031,1999,9.709999999999999,H_MEDIAN,385210.0,1,True
53-3032,1999,14.739999999999998,H_MEDIAN,1558400.0,1,True
53-3033,1999,10.33,H_MEDIAN,1085050.0,1,True
53-3051,1999,9.57,H_MEDIAN,463860.0,1,False
53-3052,1999,11.669999999999998,H_MEDIAN,160210.0,1,True
53-3053,1999,9.19864133698974,H_MEDIAN,583490.0,2,False
53-3054,1999,7.890000000000001,H_MEDIAN,119630.0,1,False
53-4011,1999,21.19,H_MEDIAN,19940.0,1,True
53-4013,1999,17.44,H_MEDIAN,5070.0,1,True
53-4022,1999,18.67479376485515,H_MEDIAN,15390.0,2,False
53-4031,1999,19.44,H_MEDIAN,36680.0,1,True
53-5011,1999,11.970000000000002,H_MEDIAN,27200.0,1,True
53-5021,1999,18.999999999999996,H_MEDIAN,20660.0,1,True
53-5022,1999,12.74,H_MEDIAN,4000.0,1,True
53-5031,1999,21.31,H_MEDIAN,6800.0,1,True
53-6011,1999,14.299999999999999,H_MEDIAN,6970.0,1,True
53-6021,1999,6.89,H_MEDIAN,109340.0,1,True
53-6031,1999,7.109999999999999,H_MEDIAN,109050.0,1,True
53-6041,1999,14.56,H_MEDIAN,5000.0,1,True
53-6051,1999,20.29000000000001,H_MEDIAN,22440.0,1,True
53-6061,1999,8.13,H_MEDIAN,22780.0,1,True
53-7011,1999,11.080000000000002,H_MEDIAN,57180.0,1,True
53-7021,1999,15.289999999999997,H_MEDIAN,53830.0,1,True
53-7031,1999,12.960000000000004,H_MEDIAN,1910.0,1,True
53-7041,1999,14.180000000000001,H_MEDIAN,7900.0,1,True
53-7051,1999,11.49,H_MEDIAN,590710.0,1,True
53-7061,1999,7.259999999999998,H_MEDIAN,302380.0,1,True
53-7062,1999,8.75,H_MEDIAN,2035640.0,1,True
53-7063,1999,9.400000000000002,H_MEDIAN,176400.0,1,True
53-7064,1999,7.200000000000002,H_MEDIAN,1114330.0,1,True
53-7065,1999,8.35,H_MEDIAN,1800840.0,1,True
53-7071,1999,17.87,H_MEDIAN,6940.0,1,True
53-7072,1999,15.699999999999998,H_MEDIAN,13480.0,1,True
53-7073,1999,16.190000000000005,H_MEDIAN,14710.0,1,True
53-7081,1999,11.189999999999998,H_MEDIAN,135320.0,1,True
53-7121,1999,12.43,H_MEDIAN,20830.0,1,True
53-7199,1999,13.729999999999999,H_MEDIAN,62360.0,1,False
11-1011,2003,64.77999999999999,H_MEDIAN,389880.0,1,True
11-1021,2003,34.99999999999999,H_MEDIAN,1892060.0,1,True
11-1031,2003,7.900000000000002,H_MEDIAN,65280.0,1,True
11-2011,2003,29.010000000000005,H_MEDIAN,71100.0,1,True
11-2021,2003,40.01,H_MEDIAN,182600.0,1,True
11-2022,2003,38.69,H_MEDIAN,314180.0,1,True
11-2032,2003,31.160000000000004,H_MEDIAN,58490.0,1,False
11-2033,2003,31.160000000000004,H_MEDIAN,58490.0,1,False
11-3012,2003,27.370000000000005,H_MEDIAN,278300.0,1,False
11-3013,2003,27.370000000000005,H_MEDIAN,278300.0,1,False
11-3021,2003,43.15,H_MEDIAN,266020.0,1,True
11-3031,2003,37.16,H_MEDIAN,521750.0,1,True
11-3051,2003,33.9,H_MEDIAN,166350.0,1,True
11-3061,2003,31.219999999999995,H_MEDIAN,91060.0,1,True
11-3071,2003,30.57,H_MEDIAN,97450.0,1,True
11-9013,2003,22.830000000000013,H_MEDIAN,5420.0,1,False
11-9021,2003,31.960000000000004,H_MEDIAN,196110.0,1,True
11-9031,2003,16.59,H_MEDIAN,56030.0,1,True
11-9032,2003,35.331730769230774,A_MEDIAN,206310.0,1,True
11-9033,2003,32.040000000000006,H_MEDIAN,98160.0,1,True
11-9041,2003,45.42000000000002,H_MEDIAN,194940.0,1,True
11-9051,2003,17.91,H_MEDIAN,229960.0,1,True
11-9071,2003,27.459999999999987,H_MEDIAN,3560.0,1,True
11-9081,2003,17.160000000000004,H_MEDIAN,30760.0,1,True
11-9111,2003,31.04,H_MEDIAN,226160.0,1,True
11-9121,2003,41.279999999999994,H_MEDIAN,41810.0,1,True
11-9131,2003,24.09999999999999,H_MEDIAN,26060.0,1,True
11-9141,2003,18.46,H_MEDIAN,156120.0,1,True
11-9151,2003,21.849999999999998,H_MEDIAN,116020.0,1,True
11-9161,2003,21.68,H_MEDIAN,9760.0,1,True
11-9171,2003,21.48,H_MEDIAN,23080.0,1,False
13-1011,2003,26.27,H_MEDIAN,12380.0,1,True
13-1021,2003,20.599999999999998,H_MEDIAN,15550.0,1,True
13-1022,2003,20.28,H_MEDIAN,138630.0,1,True
13-1023,2003,22.430000000000003,H_MEDIAN,237210.0,1,True
13-1031,2003,21.180000000000003,H_MEDIAN,234190.0,1,True
13-1032,2003,20.990000000000013,H_MEDIAN,11450.0,1,True
13-1041,2003,22.49,H_MEDIAN,154600.0,1,False
13-1051,2003,23.220000000000002,H_MEDIAN,184620.0,1,True
13-1071,2003,19.600000000000005,H_MEDIAN,164020.0,1,False
13-1074,2003,7.789999999999999,H_MEDIAN,3340.0,1,True
13-1111,2003,30.089999999999993,H_MEDIAN,423880.0,1,True
13-1121,2003,20.159079707703512,H_MEDIAN,180950.0,2,False
13-1141,2003,22.53000000000001,H_MEDIAN,86450.0,1,True
13-1151,2003,21.229999999999993,H_MEDIAN,199460.0,1,True
13-1161,2003,23.141901030693116,H_MEDIAN,290160.0,2,False
13-2011,2003,23.59,H_MEDIAN,924640.0,1,True
13-2022,2003,20.970000000000006,H_MEDIAN,61070.0,1,False
13-2023,2003,20.970000000000006,H_MEDIAN,61070.0,1,False
13-2031,2003,26.209999999999994,H_MEDIAN,55560.0,1,True
13-2041,2003,21.65,H_MEDIAN,68910.0,1,True
13-2051,2003,28.869999999999997,H_MEDIAN,165420.0,1,False
13-2052,2003,28.220000000000002,H_MEDIAN,85670.0,1,True
13-2053,2003,22.74999999999999,H_MEDIAN,96890.0,1,True
13-2054,2003,28.869999999999997,H_MEDIAN,165420.0,1,False
13-2061,2003,28.360000000000003,H_MEDIAN,22720.0,1,True
13-2071,2003,16.09,H_MEDIAN,30810.0,1,True
13-2072,2003,22.430000000000003,H_MEDIAN,237150.0,1,True
13-2081,2003,20.569999999999997,H_MEDIAN,71060.0,1,True
13-2082,2003,12.76,H_MEDIAN,50410.0,1,True
15-1211,2003,30.849999999999998,H_MEDIAN,474780.0,1,False
15-1212,2003,28.42,H_MEDIAN,148030.0,1,False
15-1221,2003,39.22999999999999,H_MEDIAN,23210.0,1,True
15-1231,2003,28.42,H_MEDIAN,148030.0,1,False
15-1232,2003,18.96000000000001,H_MEDIAN,482990.0,1,True
15-1241,2003,30.254246431599054,H_MEDIAN,622810.0,2,False
15-1242,2003,27.980000000000004,H_MEDIAN,100890.0,1,False
15-1243,2003,27.980000000000004,H_MEDIAN,100890.0,1,False
15-1244,2003,27.504517121067767,H_MEDIAN,386010.0,2,False
15-1251,2003,29.48999999999998,H_MEDIAN,431640.0,1,True
15-1252,2003,35.609545930360206,H_MEDIAN,677900.0,2,False
15-1253,2003,35.609545930360206,H_MEDIAN,677900.0,2,False
15-1254,2003,28.42,H_MEDIAN,148030.0,1,False
15-1255,2003,28.42,H_MEDIAN,148030.0,1,False
15-1299,2003,14.410000000000004,H_MEDIAN,160170.0,1,False
15-2011,2003,34.86,H_MEDIAN,14680.0,1,True
15-2021,2003,37.63999999999999,H_MEDIAN,2470.0,1,True
15-2031,2003,28.030000000000012,H_MEDIAN,58080.0,1,True
15-2041,2003,28.639999999999997,H_MEDIAN,18370.0,1,True
15-2099,2003,17.570000000000004,H_MEDIAN,2180.0,1,False
17-1011,2003,27.860000000000003,H_MEDIAN,91010.0,1,True
17-1012,2003,24.27,H_MEDIAN,18910.0,1,True
17-1021,2003,21.239999999999995,H_MEDIAN,8940.0,1,True
17-1022,2003,19.64,H_MEDIAN,51490.0,1,True
17-2011,2003,35.83,H_MEDIAN,70740.0,1,True
17-2021,2003,24.51,H_MEDIAN,2270.0,1,True
17-2031,2003,30.609999999999996,H_MEDIAN,6980.0,1,True
17-2041,2003,35.459999999999994,H_MEDIAN,32490.0,1,True
17-2051,2003,29.730000000000004,H_MEDIAN,206350.0,1,True
17-2061,2003,36.53,H_MEDIAN,72550.0,1,True
17-2071,2003,33.48,H_MEDIAN,146150.0,1,True
17-2072,2003,34.31,H_MEDIAN,137320.0,1,True
17-2081,2003,30.189999999999994,H_MEDIAN,45480.0,1,True
17-2111,2003,28.68,H_MEDIAN,29920.0,1,True
17-2112,2003,30.230000000000008,H_MEDIAN,156780.0,1,True
17-2121,2003,33.89000000000001,H_MEDIAN,4960.0,1,True
17-2131,2003,30.250000000000014,H_MEDIAN,23120.0,1,True
17-2141,2003,30.719999999999995,H_MEDIAN,207810.0,1,True
17-2151,2003,30.060000000000006,H_MEDIAN,4730.0,1,True
17-2161,2003,40.18000000000001,H_MEDIAN,16010.0,1,True
17-2171,2003,40.340000000000025,H_MEDIAN,11630.0,1,True
17-3011,2003,18.12,H_MEDIAN,97800.0,1,True
17-3012,2003,20.06,H_MEDIAN,33720.0,1,True
17-3013,2003,19.959999999999997,H_MEDIAN,74010.0,1,True
17-3021,2003,25.330000000000005,H_MEDIAN,13900.0,1,True
17-3022,2003,18.300000000000004,H_MEDIAN,90060.0,1,True
17-3023,2003,20.98000000000001,H_MEDIAN,177940.0,1,True
17-3024,2003,18.879999999999995,H_MEDIAN,25820.0,1,True
17-3025,2003,17.880000000000003,H_MEDIAN,17630.0,1,True
17-3026,2003,20.130000000000003,H_MEDIAN,64260.0,1,True
17-3027,2003,20.13999999999999,H_MEDIAN,50510.0,1,True
17-3031,2003,14.19,H_MEDIAN,57740.0,1,True
19-1021,2003,29.95,H_MEDIAN,14430.0,1,True
19-1022,2003,25.209999999999997,H_MEDIAN,14110.0,1,True
19-1023,2003,23.720000000000002,H_MEDIAN,12880.0,1,True
19-1031,2003,24.63,H_MEDIAN,13780.0,1,True
19-1032,2003,22.75,H_MEDIAN,9840.0,1,True
19-1041,2003,26.21999999999999,H_MEDIAN,3770.0,1,True
19-1042,2003,28.470000000000002,H_MEDIAN,60830.0,1,True
19-2011,2003,42.45,H_MEDIAN,770.0,1,True
19-2012,2003,41.169999999999995,H_MEDIAN,12390.0,1,True
19-2021,2003,31.57,H_MEDIAN,6490.0,1,True
19-2031,2003,25.790000000000003,H_MEDIAN,82600.0,1,True
19-2032,2003,33.150000000000006,H_MEDIAN,7410.0,1,True
19-2041,2003,23.46,H_MEDIAN,61660.0,1,True
19-2042,2003,32.910000000000004,H_MEDIAN,26090.0,1,True
19-2043,2003,27.430000000000003,H_MEDIAN,7060.0,1,True
19-3011,2003,33.78000000000001,H_MEDIAN,12300.0,1,True
19-3022,2003,11.830000000000002,H_MEDIAN,16850.0,1,True
19-3032,2003,30.980000000000015,H_MEDIAN,1330.0,1,True
19-3033,2003,25.10000000000002,H_MEDIAN,100180.0,1,False
19-3034,2003,25.10000000000002,H_MEDIAN,100180.0,1,False
19-3041,2003,26.159999999999997,H_MEDIAN,3060.0,1,True
19-3051,2003,24.73,H_MEDIAN,30770.0,1,True
19-3091,2003,19.540000000000003,H_MEDIAN,4550.0,1,True
19-3092,2003,27.330000000000005,H_MEDIAN,700.0,1,True
19-3093,2003,20.14,H_MEDIAN,2350.0,1,True
19-3094,2003,39.120000000000005,H_MEDIAN,4840.0,1,True
19-4012,2003,13.809999999999999,H_MEDIAN,15990.0,1,False
19-4013,2003,13.809999999999999,H_MEDIAN,15990.0,1,False
19-4021,2003,15.689999999999989,H_MEDIAN,49550.0,1,True
19-4031,2003,17.820000000000004,H_MEDIAN,64020.0,1,True
19-4042,2003,16.969999999999988,H_MEDIAN,27800.0,1,True
19-4043,2003,19.580000000000002,H_MEDIAN,10150.0,1,False
19-4044,2003,19.580000000000002,H_MEDIAN,10150.0,1,False
19-4051,2003,28.470000000000017,H_MEDIAN,6970.0,1,True
19-4071,2003,12.93,H_MEDIAN,30140.0,1,True
19-4092,2003,20.180000000000003,H_MEDIAN,8830.0,1,True
21-1011,2003,14.99,H_MEDIAN,65170.0,1,True
21-1012,2003,21.46,H_MEDIAN,214360.0,1,True
21-1013,2003,17.710000000000004,H_MEDIAN,22150.0,1,True
21-1014,2003,15.050000000000004,H_MEDIAN,83450.0,1,True
21-1015,2003,12.789999999999997,H_MEDIAN,115690.0,1,True
21-1021,2003,16.25,H_MEDIAN,256160.0,1,True
21-1022,2003,18.48,H_MEDIAN,103270.0,1,True
21-1023,2003,15.88,H_MEDIAN,96990.0,1,True
21-1091,2003,17.999999999999996,H_MEDIAN,42780.0,1,False
21-1092,2003,18.639999999999997,H_MEDIAN,86810.0,1,True
21-1093,2003,11.469999999999999,H_MEDIAN,300310.0,1,True
21-1094,2003,17.999999999999996,H_MEDIAN,42780.0,1,False
21-2011,2003,16.25,H_MEDIAN,38170.0,1,True
21-2021,2003,13.450000000000001,H_MEDIAN,11840.0,1,True
23-1011,2003,43.97999999999999,H_MEDIAN,516220.0,1,True
23-1012,2003,15.270000000000001,H_MEDIAN,41550.0,1,False
23-1021,2003,31.809999999999995,H_MEDIAN,16850.0,1,True
23-1022,2003,22.769999999999996,H_MEDIAN,4640.0,1,True
23-1023,2003,46.31000000000002,H_MEDIAN,24640.0,1,True
23-2011,2003,17.697332899067963,H_MEDIAN,248250.0,2,False
23-2093,2003,16.389999999999997,H_MEDIAN,47840.0,1,True
25-1011,2003,26.687499999999996,A_MEDIAN,68260.0,1,True
25-1021,2003,24.533653846153843,A_MEDIAN,34470.0,1,True
25-1022,2003,24.475961538461544,A_MEDIAN,41880.0,1,True
25-1031,2003,28.081730769230774,A_MEDIAN,5270.0,1,True
25-1032,2003,33.50961538461539,A_MEDIAN,28990.0,1,True
25-1041,2003,31.475961538461544,A_MEDIAN,11260.0,1,True
25-1042,2003,26.846153846153843,A_MEDIAN,51780.0,1,True
25-1043,2003,31.00961538461538,A_MEDIAN,2660.0,1,True
25-1051,2003,30.4375,A_MEDIAN,8420.0,1,True
25-1052,2003,26.644230769230763,A_MEDIAN,17100.0,1,True
25-1053,2003,27.802884615384617,A_MEDIAN,3620.0,1,True
25-1054,2003,30.23076923076923,A_MEDIAN,11870.0,1,True
25-1061,2003,28.706730769230766,A_MEDIAN,4690.0,1,True
25-1062,2003,26.471153846153843,A_MEDIAN,7490.0,1,True
25-1063,2003,31.225961538461522,A_MEDIAN,11420.0,1,True
25-1064,2003,26.88942307692308,A_MEDIAN,3910.0,1,True
25-1065,2003,27.567307692307708,A_MEDIAN,12320.0,1,True
25-1066,2003,26.043269230769244,A_MEDIAN,27250.0,1,True
25-1067,2003,25.370192307692303,A_MEDIAN,13990.0,1,True
25-1071,2003,29.706730769230766,A_MEDIAN,88130.0,1,True
25-1072,2003,24.480769230769234,A_MEDIAN,36330.0,1,True
25-1081,2003,22.913461538461544,A_MEDIAN,44880.0,1,True
25-1082,2003,24.490384615384617,A_MEDIAN,4110.0,1,True
25-1111,2003,21.903846153846153,A_MEDIAN,9610.0,1,True
25-1112,2003,39.77884615384616,A_MEDIAN,11470.0,1,True
25-1113,2003,24.69230769230769,A_MEDIAN,6470.0,1,True
25-1121,2003,23.067307692307704,A_MEDIAN,60120.0,1,True
25-1122,2003,23.572115384615387,A_MEDIAN,20420.0,1,True
25-1123,2003,22.653846153846157,A_MEDIAN,56540.0,1,True
25-1124,2003,22.49038461538462,A_MEDIAN,19710.0,1,True
25-1125,2003,25.08653846153846,A_MEDIAN,18110.0,1,True
25-1126,2003,23.379807692307693,A_MEDIAN,15890.0,1,True
25-1192,2003,23.408653846153843,A_MEDIAN,4500.0,1,True
25-1193,2003,21.379807692307693,A_MEDIAN,14780.0,1,True
25-1194,2003,19.100000000000005,H_MEDIAN,121090.0,1,True
25-2011,2003,9.530000000000001,H_MEDIAN,368870.0,1,True
25-2012,2003,19.307692307692307,A_MEDIAN,162660.0,1,True
25-2021,2003,20.26923076923077,A_MEDIAN,1432800.0,1,True
25-2022,2003,20.40865384615385,A_MEDIAN,604370.0,1,True
25-2023,2003,20.78365384615385,A_MEDIAN,17430.0,1,True
25-2031,2003,21.43269230769231,A_MEDIAN,1011240.0,1,True
25-2032,2003,21.408653846153847,A_MEDIAN,101190.0,1,True
25-2051,2003,20.63461538461538,A_MEDIAN,207530.0,1,False
25-2055,2003,20.63461538461538,A_MEDIAN,207530.0,1,False
25-2056,2003,20.63461538461538,A_MEDIAN,207530.0,1,False
25-2057,2003,20.197115384615376,A_MEDIAN,93790.0,1,True
25-2058,2003,21.26923076923077,A_MEDIAN,131190.0,1,True
25-3011,2003,18.1,H_MEDIAN,62510.0,1,True
25-3021,2003,14.339999999999998,H_MEDIAN,136680.0,1,True
25-4022,2003,20.867378153860372,H_MEDIAN,162300.0,2,False
25-4031,2003,11.650000000000002,H_MEDIAN,108940.0,1,True
25-9021,2003,19.200000000000003,H_MEDIAN,12010.0,1,True
25-9031,2003,22.819999999999986,H_MEDIAN,96690.0,1,True
25-9042,2003,9.134615384615383,A_MEDIAN,1234030.0,1,False
25-9043,2003,9.134615384615383,A_MEDIAN,1234030.0,1,False
25-9044,2003,11.812499999999998,A_MEDIAN,121760.0,1,True
25-9049,2003,9.134615384615383,A_MEDIAN,1234030.0,1,False
27-1011,2003,29.930000000000014,H_MEDIAN,24000.0,1,True
27-1013,2003,17.03,H_MEDIAN,9690.0,1,True
27-1014,2003,22.08,H_MEDIAN,32910.0,1,True
27-1021,2003,25.160000000000004,H_MEDIAN,33390.0,1,True
27-1022,2003,25.420000000000005,H_MEDIAN,11270.0,1,True
27-1023,2003,9.45,H_MEDIAN,69730.0,1,True
27-1024,2003,17.609999999999996,H_MEDIAN,151950.0,1,True
27-1025,2003,19.29,H_MEDIAN,46240.0,1,True
27-1026,2003,10.590000000000002,H_MEDIAN,59150.0,1,True
27-1027,2003,16.899999999999995,H_MEDIAN,8060.0,1,True
27-2011,2003,12.721153846153847,A_MEDIAN,51840.0,1,True
27-2012,2003,23.173076923076927,A_MEDIAN,54370.0,1,True
27-2021,2003,22.009615384615383,A_MEDIAN,11840.0,1,True
27-2022,2003,12.956730769230772,A_MEDIAN,105070.0,1,True
27-2023,2003,9.980769230769232,A_MEDIAN,8790.0,1,True
27-2031,2003,9.45,H_MEDIAN,15390.0,1,True
27-2032,2003,14.920000000000002,H_MEDIAN,14810.0,1,True
27-2041,2003,15.639423076923077,A_MEDIAN,9000.0,1,True
27-2042,2003,17.97115384615384,A_MEDIAN,50600.0,1,True
27-3031,2003,20.48,H_MEDIAN,147970.0,1,False
27-3041,2003,19.93000000000001,H_MEDIAN,108990.0,1,True
27-3042,2003,24.8,H_MEDIAN,44690.0,1,True
27-3043,2003,20.350000000000005,H_MEDIAN,43740.0,1,True
27-3091,2003,16.099999999999998,H_MEDIAN,21910.0,1,True
27-3092,2003,20.31,H_MEDIAN,15370.0,1,True
27-4011,2003,14.809999999999997,H_MEDIAN,37370.0,1,True
27-4012,2003,13.509999999999996,H_MEDIAN,32750.0,1,True
27-4014,2003,18.40999999999999,H_MEDIAN,11840.0,1,True
27-4021,2003,12.039999999999992,H_MEDIAN,57740.0,1,True
27-4031,2003,16.509999999999998,H_MEDIAN,21430.0,1,True
27-4032,2003,19.520000000000003,H_MEDIAN,15100.0,1,True
29-1011,2003,31.71999999999998,H_MEDIAN,20210.0,1,True
29-1031,2003,20.210000000000004,H_MEDIAN,46190.0,1,True
29-1041,2003,41.07000000000001,H_MEDIAN,22740.0,1,True
29-1051,2003,38.71999999999999,H_MEDIAN,215030.0,1,True
29-1071,2003,31.57,H_MEDIAN,60030.0,1,True
29-1081,2003,45.220000000000006,H_MEDIAN,7800.0,1,True
29-1122,2003,25.270000000000007,H_MEDIAN,81380.0,1,True
29-1123,2003,27.75,H_MEDIAN,134970.0,1,True
29-1124,2003,26.060000000000002,H_MEDIAN,13990.0,1,True
29-1125,2003,15.319999999999999,H_MEDIAN,22860.0,1,True
29-1126,2003,19.790000000000003,H_MEDIAN,87180.0,1,True
29-1127,2003,24.060000000000002,H_MEDIAN,86640.0,1,True
29-1131,2003,31.129999999999978,H_MEDIAN,43890.0,1,True
29-1141,2003,23.819999999999997,H_MEDIAN,2246430.0,1,False
29-1151,2003,23.819999999999997,H_MEDIAN,2246430.0,1,False
29-1161,2003,23.819999999999997,H_MEDIAN,2246430.0,1,False
29-1171,2003,23.819999999999997,H_MEDIAN,2246430.0,1,False
29-1181,2003,23.930000000000003,H_MEDIAN,10030.0,1,True
29-1211,2003,88.88999999999999,H_MEAN,23790.0,1,True
29-1215,2003,64.11,H_MEDIAN,111990.0,1,True
29-1216,2003,76.99,H_MEAN,50140.0,1,True
29-1218,2003,86.86000000000003,H_MEAN,19180.0,1,True
29-1221,2003,64.49999999999999,H_MEDIAN,26910.0,1,True
29-1223,2003,64.41,H_MEDIAN,19530.0,1,True
29-1242,2003,91.48000000000002,H_MEAN,49730.0,1,False
29-1243,2003,91.48000000000002,H_MEAN,49730.0,1,False
29-1249,2003,91.48000000000002,H_MEAN,49730.0,1,False
29-1292,2003,27.099999999999998,H_MEDIAN,146360.0,1,True
29-2011,2003,20.98,H_MEDIAN,146900.0,1,True
29-2012,2003,14.240000000000002,H_MEDIAN,146160.0,1,True
29-2031,2003,17.99,H_MEDIAN,43300.0,1,True
29-2032,2003,24.020000000000003,H_MEDIAN,37240.0,1,True
29-2033,2003,24.79,H_MEDIAN,17550.0,1,True
29-2034,2003,19.529999999999998,H_MEDIAN,173030.0,1,False
29-2035,2003,19.529999999999998,H_MEDIAN,173030.0,1,False
29-2042,2003,11.750000000000002,H_MEDIAN,181750.0,1,False
29-2043,2003,11.750000000000002,H_MEDIAN,181750.0,1,False
29-2051,2003,10.780000000000001,H_MEDIAN,26870.0,1,True
29-2052,2003,10.94,H_MEDIAN,211270.0,1,True
29-2053,2003,12.389999999999997,H_MEDIAN,56000.0,1,True
29-2055,2003,15.450000000000001,H_MEDIAN,73250.0,1,True
29-2056,2003,11.220000000000002,H_MEDIAN,53730.0,1,True
29-2061,2003,15.570000000000002,H_MEDIAN,682590.0,1,True
29-2072,2003,11.789999999999997,H_MEDIAN,148380.0,1,False
29-2081,2003,12.67,H_MEDIAN,63780.0,1,True
29-2091,2003,23.900000000000002,H_MEDIAN,4880.0,1,True
29-2099,2003,16.75,H_MEDIAN,25470.0,1,False
29-9021,2003,11.789999999999997,H_MEDIAN,148380.0,1,False
29-9091,2003,15.793269230769226,A_MEDIAN,11750.0,1,True
31-1121,2003,8.77,H_MEDIAN,583880.0,1,True
31-1122,2003,7.909999999999999,H_MEDIAN,487200.0,1,True
31-1131,2003,9.850000000000001,H_MEDIAN,1341650.0,1,False
31-1132,2003,9.850000000000001,H_MEDIAN,1341650.0,1,False
31-1133,2003,11.009999999999998,H_MEDIAN,57770.0,1,True
31-2011,2003,17.980000000000004,H_MEDIAN,18940.0,1,True
31-2012,2003,10.949999999999998,H_MEDIAN,6060.0,1,True
31-2021,2003,17.600000000000005,H_MEDIAN,52440.0,1,True
31-2022,2003,10.079999999999998,H_MEDIAN,36870.0,1,True
31-9011,2003,13.779999999999998,H_MEDIAN,29940.0,1,True
31-9091,2003,13.319999999999997,H_MEDIAN,272030.0,1,True
31-9092,2003,11.620000000000001,H_MEDIAN,362670.0,1,True
31-9093,2003,11.230000000000002,H_MEDIAN,37140.0,1,True
31-9094,2003,13.260000000000002,H_MEDIAN,97810.0,1,True
31-9095,2003,8.839999999999998,H_MEDIAN,61170.0,1,True
31-9096,2003,8.659999999999998,H_MEDIAN,64490.0,1,True
33-1011,2003,21.880000000000003,H_MEDIAN,33760.0,1,True
33-1012,2003,29.980000000000004,H_MEDIAN,101740.0,1,True
33-1021,2003,27.400000000000002,H_MEDIAN,59000.0,1,True
33-2011,2003,17.820000000000004,H_MEDIAN,273120.0,1,True
33-2021,2003,21.990000000000002,H_MEDIAN,12320.0,1,True
33-2022,2003,18.309999999999995,H_MEDIAN,1460.0,1,True
33-3011,2003,16.57,H_MEDIAN,16760.0,1,True
33-3012,2003,15.939999999999998,H_MEDIAN,417420.0,1,True
33-3021,2003,25.190000000000012,H_MEDIAN,87480.0,1,True
33-3031,2003,19.900000000000002,H_MEDIAN,6850.0,1,True
33-3041,2003,13.550000000000004,H_MEDIAN,9870.0,1,True
33-3051,2003,21.160000000000004,H_MEDIAN,609960.0,1,True
33-3052,2003,21.229999999999993,H_MEDIAN,5470.0,1,True
33-9011,2003,12.380000000000003,H_MEDIAN,12290.0,1,True
33-9021,2003,14.620000000000003,H_MEDIAN,30460.0,1,True
33-9031,2003,11.86,H_MEDIAN,7560.0,1,True
33-9032,2003,9.45,H_MEDIAN,964260.0,1,False
33-9091,2003,9.07,H_MEDIAN,70820.0,1,True
33-9093,2003,10.652785265248792,H_MEDIAN,1118860.0,2,False
35-1011,2003,13.82,H_MEDIAN,118870.0,1,True
35-1012,2003,11.879999999999999,H_MEDIAN,694040.0,1,True
35-2011,2003,6.95,H_MEDIAN,612960.0,1,True
35-2012,2003,8.8,H_MEDIAN,406010.0,1,True
35-2014,2003,9.260000000000002,H_MEDIAN,734870.0,1,True
35-2015,2003,7.900000000000002,H_MEDIAN,227360.0,1,True
35-2021,2003,7.920000000000001,H_MEDIAN,852890.0,1,True
35-3011,2003,7.23,H_MEDIAN,470020.0,1,True
35-3023,2003,7.068432428034873,H_MEDIAN,2508800.0,2,False
35-3031,2003,6.78,H_MEDIAN,2125100.0,1,True
35-3041,2003,7.6499999999999995,H_MEDIAN,194260.0,1,True
35-9011,2003,7.010000000000002,H_MEDIAN,393500.0,1,True
35-9021,2003,7.21,H_MEDIAN,492620.0,1,True
35-9031,2003,7.400000000000001,H_MEDIAN,294300.0,1,True
37-1011,2003,13.780000000000003,H_MEDIAN,203770.0,1,True
37-1012,2003,16.229999999999997,H_MEDIAN,95450.0,1,True
37-2011,2003,8.849999999999998,H_MEDIAN,2064350.0,1,True
37-2012,2003,7.9799999999999995,H_MEDIAN,896370.0,1,True
37-2021,2003,12.01,H_MEDIAN,58500.0,1,True
37-3011,2003,9.589999999999998,H_MEDIAN,819780.0,1,True
37-3012,2003,12.250000000000002,H_MEDIAN,23450.0,1,True
37-3013,2003,12.320000000000002,H_MEDIAN,40710.0,1,True
39-1013,2003,15.806365347787068,H_MEDIAN,41280.0,2,False
39-1014,2003,14.180000000000001,H_MEDIAN,110630.0,1,False
39-1022,2003,14.180000000000001,H_MEDIAN,110630.0,1,False
39-2011,2003,10.749999999999998,H_MEDIAN,6990.0,1,True
39-2021,2003,8.26,H_MEDIAN,85440.0,1,True
39-3011,2003,6.829999999999999,H_MEDIAN,76120.0,1,True
39-3012,2003,9.05,H_MEDIAN,15820.0,1,True
39-3021,2003,8.239999999999998,H_MEDIAN,10450.0,1,True
39-3031,2003,7.069999999999999,H_MEDIAN,109290.0,1,True
39-3091,2003,7.23,H_MEDIAN,236070.0,1,True
39-3092,2003,12.220000000000004,H_MEDIAN,3400.0,1,True
39-3093,2003,8.249999999999998,H_MEDIAN,21420.0,1,True
39-4011,2003,16.509999999999998,H_MEDIAN,7630.0,1,True
39-4021,2003,8.91,H_MEDIAN,28120.0,1,True
39-4031,2003,21.48,H_MEDIAN,23080.0,1,False
39-5011,2003,9.729999999999999,H_MEDIAN,17570.0,1,True
39-5012,2003,8.990000000000002,H_MEDIAN,335860.0,1,True
39-5091,2003,14.090000000000002,H_MEDIAN,720.0,1,True
39-5092,2003,8.520000000000001,H_MEDIAN,32670.0,1,True
39-5093,2003,6.9,H_MEDIAN,15300.0,1,True
39-5094,2003,11.080000000000002,H_MEDIAN,16820.0,1,True
39-6011,2003,8.51,H_MEDIAN,55880.0,1,True
39-6012,2003,10.479999999999999,H_MEDIAN,16710.0,1,True
39-7011,2003,9.040000000000001,H_MEDIAN,27390.0,1,True
39-7012,2003,13.240000000000002,H_MEDIAN,5450.0,1,True
39-9011,2003,7.900000000000002,H_MEDIAN,469150.0,1,True
39-9031,2003,11.78,H_MEDIAN,177790.0,1,True
39-9032,2003,8.94,H_MEDIAN,265640.0,1,True
39-9041,2003,10.06,H_MEDIAN,49650.0,1,True
41-1011,2003,14.750000000000002,H_MEDIAN,1175310.0,1,True
41-1012,2003,26.780000000000015,H_MEDIAN,327180.0,1,True
41-2011,2003,7.58,H_MEDIAN,3462010.0,1,True
41-2012,2003,9.630000000000003,H_MEDIAN,30760.0,1,True
41-2021,2003,8.48,H_MEDIAN,442310.0,1,True
41-2022,2003,11.78,H_MEDIAN,236090.0,1,True
41-2031,2003,8.699999999999998,H_MEDIAN,3992930.0,1,True
41-3011,2003,18.579999999999995,H_MEDIAN,141340.0,1,True
41-3021,2003,19.250000000000004,H_MEDIAN,277120.0,1,True
41-3031,2003,29.1,H_MEDIAN,245280.0,1,True
41-3041,2003,13.05,H_MEDIAN,103840.0,1,True
41-4011,2003,27.46,H_MEDIAN,390080.0,1,True
41-4012,2003,21.09,H_MEDIAN,1421660.0,1,True
41-9011,2003,9.74,H_MEDIAN,95300.0,1,True
41-9012,2003,11.669999999999998,H_MEDIAN,1560.0,1,True
41-9021,2003,23.91,H_MEDIAN,40590.0,1,True
41-9022,2003,15.679999999999998,H_MEDIAN,123490.0,1,True
41-9031,2003,32.59,H_MEDIAN,73200.0,1,True
41-9041,2003,9.55,H_MEDIAN,404150.0,1,True
41-9091,2003,11.669999999999998,H_MEDIAN,21600.0,1,True
43-1011,2003,18.99,H_MEDIAN,1412470.0,1,True
43-2011,2003,10.27,H_MEDIAN,217700.0,1,True
43-2021,2003,13.48,H_MEDIAN,45310.0,1,True
43-2099,2003,14.569999999999999,H_MEDIAN,2060.0,1,False
43-3011,2003,12.98,H_MEDIAN,417100.0,1,True
43-3021,2003,12.639999999999999,H_MEDIAN,487420.0,1,True
43-3031,2003,13.349999999999998,H_MEDIAN,1750680.0,1,True
43-3041,2003,10.609999999999998,H_MEDIAN,18370.0,1,True
43-3051,2003,14.219999999999997,H_MEDIAN,194330.0,1,True
43-3061,2003,14.489999999999998,H_MEDIAN,72820.0,1,True
43-3071,2003,9.939999999999998,H_MEDIAN,538890.0,1,True
43-4011,2003,16.390000000000004,H_MEDIAN,75380.0,1,True
43-4021,2003,12.879999999999999,H_MEDIAN,27460.0,1,True
43-4031,2003,13.2,H_MEDIAN,100310.0,1,True
43-4041,2003,13.079999999999997,H_MEDIAN,73860.0,1,True
43-4051,2003,12.74,H_MEDIAN,1902850.0,1,True
43-4061,2003,15.869999999999997,H_MEDIAN,89410.0,1,True
43-4071,2003,9.839999999999998,H_MEDIAN,249270.0,1,True
43-4081,2003,8.39,H_MEDIAN,180410.0,1,True
43-4111,2003,10.859999999999998,H_MEDIAN,190160.0,1,True
43-4121,2003,9.579999999999998,H_MEDIAN,109900.0,1,True
43-4131,2003,13.619999999999997,H_MEDIAN,179080.0,1,True
43-4141,2003,12.470000000000006,H_MEDIAN,105300.0,1,True
43-4151,2003,12.049999999999999,H_MEDIAN,303320.0,1,True
43-4161,2003,14.93,H_MEDIAN,165760.0,1,True
43-4171,2003,10.25,H_MEDIAN,1058790.0,1,True
43-4181,2003,12.599999999999996,H_MEDIAN,165990.0,1,True
43-5011,2003,15.38,H_MEDIAN,61770.0,1,True
43-5021,2003,9.39,H_MEDIAN,118210.0,1,True
43-5031,2003,13.600000000000001,H_MEDIAN,89620.0,1,True
43-5032,2003,14.609999999999996,H_MEDIAN,161790.0,1,True
43-5041,2003,13.800000000000002,H_MEDIAN,51790.0,1,True
43-5051,2003,19.13,H_MEDIAN,78520.0,1,True
43-5052,2003,19.049999999999997,H_MEDIAN,344580.0,1,True
43-5053,2003,18.78,H_MEDIAN,224250.0,1,True
43-5061,2003,16.739999999999995,H_MEDIAN,277030.0,1,True
43-5071,2003,11.38,H_MEDIAN,767470.0,1,True
43-5111,2003,11.8,H_MEDIAN,77770.0,1,True
43-6011,2003,16.390000000000004,H_MEDIAN,1418640.0,1,True
43-6012,2003,17.149999999999995,H_MEDIAN,264080.0,1,True
43-6013,2003,12.500000000000002,H_MEDIAN,349370.0,1,True
43-6014,2003,12.219999999999999,H_MEDIAN,1845860.0,1,True
43-9021,2003,10.859999999999998,H_MEDIAN,339010.0,1,True
43-9022,2003,13.05,H_MEDIAN,191180.0,1,True
43-9031,2003,15.189999999999998,H_MEDIAN,33590.0,1,True
43-9041,2003,13.710000000000004,H_MEDIAN,239580.0,1,True
43-9051,2003,10.470000000000002,H_MEDIAN,152360.0,1,True
43-9061,2003,10.8,H_MEDIAN,2926160.0,1,True
43-9071,2003,10.679999999999998,H_MEDIAN,90470.0,1,True
43-9081,2003,11.770000000000001,H_MEDIAN,24700.0,1,True
43-9111,2003,14.370000000000001,H_MEDIAN,20970.0,1,True
45-1011,2003,16.759999999999998,H_MEDIAN,20620.0,1,True
45-2011,2003,13.83,H_MEDIAN,13670.0,1,True
45-2021,2003,12.020000000000001,H_MEDIAN,1750.0,1,True
45-2041,2003,7.780000000000001,H_MEDIAN,51210.0,1,True
45-2091,2003,8.59,H_MEDIAN,21330.0,1,True
45-2092,2003,7.43,H_MEDIAN,233450.0,1,True
45-2093,2003,8.12,H_MEDIAN,42890.0,1,True
45-4011,2003,9.579999999999998,H_MEDIAN,9170.0,1,True
45-4021,2003,13.460000000000003,H_MEDIAN,9620.0,1,True
45-4022,2003,12.999999999999995,H_MEDIAN,28190.0,1,True
45-4023,2003,13.010000000000002,H_MEDIAN,4900.0,1,True
47-1011,2003,23.43,H_MEDIAN,516540.0,1,True
47-2011,2003,20.79,H_MEDIAN,20270.0,1,True
47-2021,2003,19.98,H_MEDIAN,107900.0,1,True
47-2022,2003,16.35,H_MEDIAN,13710.0,1,True
47-2031,2003,16.469999999999995,H_MEDIAN,852080.0,1,True
47-2041,2003,15.82,H_MEDIAN,37720.0,1,True
47-2042,2003,16.75,H_MEDIAN,15070.0,1,True
47-2043,2003,13.079999999999997,H_MEDIAN,6700.0,1,True
47-2044,2003,17.12,H_MEDIAN,36900.0,1,True
47-2051,2003,14.799999999999997,H_MEDIAN,180540.0,1,True
47-2053,2003,13.319999999999997,H_MEDIAN,6140.0,1,True
47-2061,2003,11.86,H_MEDIAN,837650.0,1,True
47-2071,2003,14.060000000000004,H_MEDIAN,57980.0,1,True
47-2072,2003,23.160000000000004,H_MEDIAN,4390.0,1,True
47-2073,2003,16.84,H_MEDIAN,343640.0,1,True
47-2081,2003,16.190000000000005,H_MEDIAN,111970.0,1,True
47-2082,2003,18.810000000000002,H_MEDIAN,33540.0,1,True
47-2111,2003,20.04,H_MEDIAN,584010.0,1,False
47-2121,2003,15.529999999999998,H_MEDIAN,46230.0,1,True
47-2141,2003,14.12,H_MEDIAN,247880.0,1,True
47-2142,2003,15.400000000000002,H_MEDIAN,8910.0,1,True
47-2151,2003,13.729999999999999,H_MEDIAN,51940.0,1,True
47-2152,2003,19.69,H_MEDIAN,433600.0,1,True
47-2161,2003,15.900000000000004,H_MEDIAN,53530.0,1,True
47-2171,2003,16.799999999999994,H_MEDIAN,30250.0,1,True
47-2181,2003,14.429999999999996,H_MEDIAN,118390.0,1,False
47-2211,2003,16.830000000000005,H_MEDIAN,189590.0,1,True
47-2221,2003,19.580000000000002,H_MEDIAN,70420.0,1,True
47-2231,2003,18.461342036264625,H_MEDIAN,914600.0,3,False
47-3011,2003,11.64,H_MEDIAN,59890.0,1,True
47-3012,2003,10.369999999999997,H_MEDIAN,98180.0,1,True
47-3013,2003,11.269999999999998,H_MEDIAN,93520.0,1,True
47-3014,2003,9.809999999999999,H_MEDIAN,29130.0,1,True
47-3015,2003,10.77,H_MEDIAN,77580.0,1,True
47-3016,2003,9.959999999999999,H_MEDIAN,21490.0,1,True
47-4011,2003,20.5,H_MEDIAN,79720.0,1,True
47-4021,2003,26.89999999999999,H_MEDIAN,21470.0,1,True
47-4031,2003,10.849999999999998,H_MEDIAN,22550.0,1,True
47-4041,2003,15.720000000000002,H_MEDIAN,36590.0,1,True
47-4051,2003,13.77,H_MEDIAN,140450.0,1,True
47-4061,2003,17.29,H_MEDIAN,11170.0,1,True
47-4071,2003,13.450000000000001,H_MEDIAN,16310.0,1,True
47-4091,2003,12.76,H_MEDIAN,1710.0,1,True
47-5011,2003,14.689999999999998,H_MEDIAN,15080.0,1,True
47-5012,2003,16.780000000000012,H_MEDIAN,14830.0,1,True
47-5013,2003,14.410000000000004,H_MEDIAN,12640.0,1,True
47-5022,2003,15.46,H_MEDIAN,68740.0,1,False
47-5023,2003,15.649999999999999,H_MEDIAN,19970.0,1,False
47-5032,2003,15.911572625753688,H_MEDIAN,25110.0,2,False
47-5041,2003,17.169999999999998,H_MEDIAN,7610.0,1,True
47-5043,2003,18.54,H_MEDIAN,3980.0,1,True
47-5044,2003,16.9133948214589,H_MEDIAN,6600.0,2,False
47-5049,2003,17.56,H_MEDIAN,4460.0,1,False
47-5051,2003,12.879999999999999,H_MEDIAN,3240.0,1,True
47-5071,2003,10.699999999999998,H_MEDIAN,32720.0,1,True
47-5081,2003,12.630000000000006,H_MEDIAN,28860.0,1,True
49-1011,2003,23.369999999999997,H_MEDIAN,445520.0,1,True
49-2011,2003,16.240000000000002,H_MEDIAN,144370.0,1,True
49-2021,2003,17.820000000000004,H_MEDIAN,6890.0,1,True
49-2022,2003,23.190000000000005,H_MEDIAN,195500.0,1,True
49-2091,2003,20.730000000000004,H_MEDIAN,21420.0,1,True
49-2092,2003,15.529999999999998,H_MEDIAN,26070.0,1,True
49-2093,2003,18.89,H_MEDIAN,17370.0,1,True
49-2094,2003,20.29,H_MEDIAN,83820.0,1,True
49-2095,2003,25.02,H_MEDIAN,20700.0,1,True
49-2096,2003,12.639999999999999,H_MEDIAN,14590.0,1,True
49-2097,2003,13.14,H_MEDIAN,33340.0,1,True
49-2098,2003,15.999999999999998,H_MEDIAN,46850.0,1,True
49-3011,2003,20.940000000000005,H_MEDIAN,117180.0,1,True
49-3021,2003,15.929999999999998,H_MEDIAN,173590.0,1,True
49-3022,2003,13.06,H_MEDIAN,18550.0,1,True
49-3023,2003,14.97,H_MEDIAN,690780.0,1,True
49-3031,2003,16.81,H_MEDIAN,248450.0,1,True
49-3041,2003,13.209999999999999,H_MEDIAN,33310.0,1,True
49-3042,2003,17.690000000000005,H_MEDIAN,115090.0,1,True
49-3043,2003,19.040000000000003,H_MEDIAN,15810.0,1,True
49-3051,2003,14.020000000000001,H_MEDIAN,18890.0,1,True
49-3052,2003,13.29,H_MEDIAN,13690.0,1,True
49-3053,2003,11.929999999999998,H_MEDIAN,24740.0,1,True
49-3091,2003,9.630000000000003,H_MEDIAN,6870.0,1,True
49-3092,2003,13.110000000000001,H_MEDIAN,12520.0,1,True
49-3093,2003,10.019999999999998,H_MEDIAN,82340.0,1,True
49-9011,2003,14.240000000000002,H_MEDIAN,10860.0,1,True
49-9012,2003,20.450000000000003,H_MEDIAN,37840.0,1,True
49-9021,2003,16.900000000000002,H_MEDIAN,212200.0,1,False
49-9031,2003,14.370000000000001,H_MEDIAN,37510.0,1,True
49-9041,2003,18.48,H_MEDIAN,192300.0,1,True
49-9043,2003,15.859999999999996,H_MEDIAN,89160.0,1,True
49-9044,2003,20.379999999999995,H_MEDIAN,64910.0,1,True
49-9045,2003,17.74,H_MEDIAN,3390.0,1,True
49-9051,2003,23.539999999999996,H_MEDIAN,95190.0,1,True
49-9052,2003,19.01,H_MEDIAN,148060.0,1,True
49-9061,2003,15.009999999999998,H_MEDIAN,4640.0,1,True
49-9062,2003,18.25,H_MEDIAN,23500.0,1,True
49-9063,2003,13.889999999999999,H_MEDIAN,5550.0,1,True
49-9064,2003,13.160000000000002,H_MEDIAN,3700.0,1,True
49-9071,2003,14.330000000000002,H_MEDIAN,1230880.0,1,True
49-9091,2003,13.360000000000001,H_MEDIAN,35370.0,1,True
49-9092,2003,16.48,H_MEDIAN,2690.0,1,True
49-9094,2003,13.83,H_MEDIAN,19340.0,1,True
49-9095,2003,11.230000000000002,H_MEDIAN,13160.0,1,True
49-9096,2003,16.25,H_MEDIAN,12550.0,1,True
49-9097,2003,21.01,H_MEDIAN,8680.0,1,True
49-9098,2003,10.210000000000003,H_MEDIAN,148890.0,1,True
49-9099,2003,12.700000000000001,H_MEDIAN,1720.0,1,False
51-1011,2003,21.02,H_MEDIAN,705270.0,1,True
51-2011,2003,18.600000000000005,H_MEDIAN,26150.0,1,True
51-2021,2003,11.48,H_MEDIAN,33590.0,1,True
51-2022,2003,11.28,H_MEDIAN,245700.0,1,True
51-2023,2003,12.519999999999998,H_MEDIAN,54690.0,1,True
51-2031,2003,15.579999999999993,H_MEDIAN,50410.0,1,True
51-2041,2003,13.939999999999998,H_MEDIAN,85330.0,1,True
51-2051,2003,11.869999999999997,H_MEDIAN,31820.0,1,True
51-2061,2003,12.789999999999997,H_MEDIAN,5280.0,1,True
51-2092,2003,11.139999999999999,H_MEDIAN,1138100.0,1,True
51-3011,2003,10.09,H_MEDIAN,157110.0,1,True
51-3021,2003,12.300000000000002,H_MEDIAN,132370.0,1,True
51-3022,2003,8.690000000000001,H_MEDIAN,150440.0,1,True
51-3023,2003,9.819999999999999,H_MEDIAN,122490.0,1,True
51-3091,2003,11.889999999999999,H_MEDIAN,17800.0,1,True
51-3092,2003,10.53,H_MEDIAN,74650.0,1,True
51-3093,2003,10.310000000000002,H_MEDIAN,34480.0,1,True
51-4021,2003,12.719999999999997,H_MEDIAN,93600.0,1,True
51-4022,2003,13.099999999999998,H_MEDIAN,41230.0,1,True
51-4023,2003,13.879999999999997,H_MEDIAN,42090.0,1,True
51-4031,2003,12.119999999999997,H_MEDIAN,260560.0,1,True
51-4032,2003,13.29,H_MEDIAN,48730.0,1,True
51-4033,2003,12.799999999999999,H_MEDIAN,97660.0,1,True
51-4034,2003,14.569999999999999,H_MEDIAN,70300.0,1,True
51-4035,2003,14.48000000000001,H_MEDIAN,28580.0,1,True
51-4041,2003,15.909999999999998,H_MEDIAN,368740.0,1,True
51-4051,2003,15.24,H_MEDIAN,17810.0,1,True
51-4052,2003,13.639999999999999,H_MEDIAN,12770.0,1,True
51-4061,2003,20.899999999999995,H_MEDIAN,7900.0,1,True
51-4062,2003,17.450000000000006,H_MEDIAN,6090.0,1,True
51-4071,2003,13.05,H_MEDIAN,20770.0,1,True
51-4072,2003,11.510000000000002,H_MEDIAN,144140.0,1,True
51-4081,2003,13.97,H_MEDIAN,100320.0,1,True
51-4111,2003,20.67,H_MEDIAN,104210.0,1,True
51-4121,2003,14.249999999999998,H_MEDIAN,354300.0,1,True
51-4122,2003,13.99,H_MEDIAN,53750.0,1,True
51-4191,2003,13.629999999999999,H_MEDIAN,27290.0,1,True
51-4192,2003,15.369999999999997,H_MEDIAN,12540.0,1,True
51-4193,2003,12.339999999999998,H_MEDIAN,40800.0,1,True
51-4194,2003,14.219999999999997,H_MEDIAN,22320.0,1,True
51-5111,2003,15.219999999999999,H_MEDIAN,82970.0,1,True
51-5112,2003,14.268120365621984,H_MEDIAN,244690.0,2,False
51-5113,2003,12.346764778676043,H_MEDIAN,143180.0,3,False
51-6011,2003,8.14,H_MEDIAN,217820.0,1,True
51-6021,2003,8.269999999999998,H_MEDIAN,87500.0,1,True
51-6031,2003,8.51,H_MEDIAN,265200.0,1,True
51-6041,2003,9.400000000000002,H_MEDIAN,8090.0,1,True
51-6042,2003,9.889999999999999,H_MEDIAN,6020.0,1,True
51-6051,2003,8.65,H_MEDIAN,18790.0,1,True
51-6052,2003,10.509999999999998,H_MEDIAN,32150.0,1,True
51-6061,2003,10.299999999999999,H_MEDIAN,24280.0,1,True
51-6062,2003,9.87,H_MEDIAN,32170.0,1,True
51-6063,2003,11.369999999999997,H_MEDIAN,47720.0,1,True
51-6064,2003,10.620000000000006,H_MEDIAN,60550.0,1,True
51-6091,2003,13.550000000000004,H_MEDIAN,26700.0,1,True
51-6092,2003,13.720000000000002,H_MEDIAN,10310.0,1,True
51-6093,2003,12.179999999999998,H_MEDIAN,39660.0,1,True
51-7011,2003,11.809999999999999,H_MEDIAN,126350.0,1,True
51-7021,2003,11.130000000000003,H_MEDIAN,28770.0,1,True
51-7031,2003,12.24,H_MEDIAN,3820.0,1,True
51-7032,2003,14.249999999999998,H_MEDIAN,3470.0,1,True
51-7041,2003,10.65,H_MEDIAN,55130.0,1,True
51-7042,2003,10.760000000000002,H_MEDIAN,89410.0,1,True
51-8011,2003,29.71999999999999,H_MEDIAN,3710.0,1,True
51-8012,2003,26.449999999999992,H_MEDIAN,10270.0,1,True
51-8013,2003,24.45,H_MEDIAN,33250.0,1,True
51-8021,2003,20.869999999999997,H_MEDIAN,48880.0,1,True
51-8031,2003,16.299999999999997,H_MEDIAN,95870.0,1,True
51-8091,2003,21.180000000000003,H_MEDIAN,56270.0,1,True
51-8092,2003,23.45,H_MEDIAN,11180.0,1,True
51-8093,2003,24.020000000000003,H_MEDIAN,40980.0,1,True
51-9011,2003,18.620000000000005,H_MEDIAN,59720.0,1,True
51-9012,2003,15.249999999999998,H_MEDIAN,37360.0,1,True
51-9021,2003,12.960000000000004,H_MEDIAN,43320.0,1,True
51-9022,2003,11.1,H_MEDIAN,43910.0,1,True
51-9023,2003,13.430000000000007,H_MEDIAN,106610.0,1,True
51-9031,2003,10.79,H_MEDIAN,30110.0,1,True
51-9032,2003,12.530000000000001,H_MEDIAN,70960.0,1,True
51-9041,2003,13.05,H_MEDIAN,73990.0,1,True
51-9051,2003,13.949999999999998,H_MEDIAN,30320.0,1,True
51-9061,2003,13.340000000000003,H_MEDIAN,497300.0,1,True
51-9071,2003,13.06,H_MEDIAN,30360.0,1,True
51-9081,2003,14.1,H_MEDIAN,45480.0,1,True
51-9082,2003,13.409999999999997,H_MEDIAN,11270.0,1,True
51-9083,2003,10.670000000000002,H_MEDIAN,30300.0,1,True
51-9111,2003,10.450000000000001,H_MEDIAN,400680.0,1,True
51-9123,2003,10.41,H_MEDIAN,29590.0,1,True
51-9124,2003,13.587274820405003,H_MEDIAN,139710.0,2,False
51-9141,2003,13.29,H_MEDIAN,50160.0,1,True
51-9151,2003,9.330129188038079,H_MEDIAN,81920.0,2,False
51-9161,2003,14.14,H_MEDIAN,126150.0,1,False
51-9162,2003,18.429999999999996,H_MEDIAN,17820.0,1,False
51-9191,2003,11.239999999999998,H_MEDIAN,25390.0,1,True
51-9192,2003,11.070000000000002,H_MEDIAN,17590.0,1,True
51-9193,2003,10.310000000000002,H_MEDIAN,7920.0,1,True
51-9194,2003,10.69,H_MEDIAN,8800.0,1,True
51-9195,2003,11.910000000000002,H_MEDIAN,37600.0,1,True
51-9196,2003,13.91,H_MEDIAN,109600.0,1,True
51-9197,2003,19.01,H_MEDIAN,14830.0,1,True
51-9198,2003,9.42,H_MEDIAN,452700.0,1,True
53-1041,2003,17.640000000000004,H_MEDIAN,9440.0,1,True
53-1042,2003,18.16,H_MEDIAN,154750.0,1,True
53-1043,2003,21.08,H_MEDIAN,214030.0,1,False
53-1044,2003,18.415955487279813,H_MEDIAN,324660.0,2,False
53-1049,2003,21.08,H_MEDIAN,214030.0,1,False
53-2012,2003,23.95673076923077,A_MEDIAN,19980.0,1,True
53-2021,2003,46.28,H_MEDIAN,23040.0,1,True
53-2022,2003,18.79,H_MEDIAN,5660.0,1,True
53-3011,2003,9.14,H_MEDIAN,17650.0,1,True
53-3031,2003,9.79,H_MEDIAN,380120.0,1,True
53-3032,2003,16.010000000000005,H_MEDIAN,1528630.0,1,True
53-3033,2003,11.579999999999995,H_MEDIAN,943840.0,1,True
53-3051,2003,10.859999999999998,H_MEDIAN,467840.0,1,False
53-3052,2003,14.290000000000001,H_MEDIAN,194400.0,1,True
53-3053,2003,10.456658635306676,H_MEDIAN,599410.0,2,False
53-3054,2003,9.14,H_MEDIAN,131570.0,1,False
53-4011,2003,22.110000000000003,H_MEDIAN,30450.0,1,True
53-4013,2003,18.009999999999998,H_MEDIAN,5680.0,1,True
53-4022,2003,21.642944311499537,H_MEDIAN,14530.0,2,False
53-4031,2003,21.31,H_MEDIAN,34720.0,1,True
53-4041,2003,22.97,H_MEDIAN,9880.0,1,True
53-5011,2003,14.439999999999998,H_MEDIAN,27570.0,1,True
53-5021,2003,24.50999999999999,H_MEDIAN,24040.0,1,True
53-5022,2003,12.51,H_MEDIAN,3680.0,1,True
53-5031,2003,26.009999999999998,H_MEDIAN,8900.0,1,True
53-6011,2003,17.969999999999995,H_MEDIAN,3270.0,1,True
53-6021,2003,7.999999999999998,H_MEDIAN,113490.0,1,True
53-6031,2003,8.109999999999998,H_MEDIAN,96250.0,1,True
53-6041,2003,16.150000000000002,H_MEDIAN,6460.0,1,True
53-6051,2003,23.84,H_MEDIAN,27890.0,1,True
53-6061,2003,9.05,H_MEDIAN,28580.0,1,True
53-7011,2003,11.869999999999997,H_MEDIAN,58780.0,1,True
53-7021,2003,17.86000000000001,H_MEDIAN,47420.0,1,True
53-7031,2003,13.369999999999996,H_MEDIAN,3030.0,1,True
53-7041,2003,15.400000000000002,H_MEDIAN,8560.0,1,True
53-7051,2003,12.679999999999998,H_MEDIAN,604350.0,1,True
53-7061,2003,8.269999999999998,H_MEDIAN,320840.0,1,True
53-7062,2003,9.579999999999998,H_MEDIAN,2255780.0,1,True
53-7063,2003,10.57,H_MEDIAN,159160.0,1,True
53-7064,2003,8.14,H_MEDIAN,901890.0,1,True
53-7065,2003,9.379999999999999,H_MEDIAN,1576620.0,1,True
53-7071,2003,20.970000000000006,H_MEDIAN,6190.0,1,True
53-7072,2003,17.999999999999996,H_MEDIAN,12260.0,1,True
53-7073,2003,14.889999999999999,H_MEDIAN,8560.0,1,True
53-7081,2003,11.559999999999999,H_MEDIAN,138480.0,1,True
53-7121,2003,15.900000000000004,H_MEDIAN,16210.0,1,True
53-7199,2003,15.46,H_MEDIAN,68740.0,1,False
11-1011,2007,72.77,H_MEAN,299160.0,1,True
11-1021,2007,42.64,H_MEDIAN,1655410.0,1,True
11-1031,2007,7.7980769230769225,A_MEDIAN,61110.0,1,True
11-2011,2007,37.619999999999976,H_MEDIAN,36300.0,1,True
11-2021,2007,50.19,H_MEDIAN,165240.0,1,True
11-2022,2007,45.63,H_MEDIAN,322170.0,1,True
11-2032,2007,41.57000000000002,H_MEDIAN,47210.0,1,False
11-2033,2007,41.57000000000002,H_MEDIAN,47210.0,1,False
11-3012,2007,34.13,H_MEDIAN,239360.0,1,False
11-3013,2007,34.13,H_MEDIAN,239360.0,1,False
11-3021,2007,51.959999999999994,H_MEDIAN,264990.0,1,True
11-3031,2007,45.82000000000001,H_MEDIAN,484390.0,1,True
11-3051,2007,38.73,H_MEDIAN,152870.0,1,True
11-3061,2007,41.07999999999999,H_MEDIAN,65600.0,1,True
11-3071,2007,36.69,H_MEDIAN,92790.0,1,True
11-3111,2007,39.14,H_MEDIAN,41780.0,1,True
11-3121,2007,44.57,H_MEDIAN,58100.0,1,True
11-3131,2007,40.55,H_MEDIAN,28170.0,1,True
11-9013,2007,24.75753713060778,H_MEDIAN,3820.0,2,False
11-9021,2007,36.649999999999984,H_MEDIAN,216120.0,1,True
11-9031,2007,18.55,H_MEDIAN,47980.0,1,True
11-9032,2007,38.74038461538462,A_MEDIAN,218820.0,1,True
11-9033,2007,36.42999999999998,H_MEDIAN,101160.0,1,True
11-9039,2007,33.32000000000001,H_MEDIAN,28640.0,1,True
11-9041,2007,53.370000000000005,H_MEDIAN,184410.0,1,True
11-9051,2007,21.430000000000014,H_MEDIAN,191460.0,1,True
11-9071,2007,30.969999999999995,H_MEDIAN,3740.0,1,True
11-9072,2007,41.67000000000001,H_MEDIAN,356690.0,1,False
11-9081,2007,21.269999999999996,H_MEDIAN,31890.0,1,True
11-9111,2007,37.01,H_MEDIAN,242640.0,1,True
11-9121,2007,50.02000000000002,H_MEDIAN,39370.0,1,True
11-9131,2007,27.84,H_MEDIAN,26500.0,1,True
11-9141,2007,21.0,H_MEDIAN,159660.0,1,True
11-9151,2007,26.21999999999999,H_MEDIAN,112330.0,1,True
11-9161,2007,23.260000000000012,H_MEDIAN,11610.0,1,True
11-9171,2007,24.210000000000004,H_MEDIAN,24020.0,1,False
11-9179,2007,41.67000000000001,H_MEDIAN,356690.0,1,False
11-9199,2007,41.67000000000001,H_MEDIAN,356690.0,1,False
13-1011,2007,31.940000000000005,H_MEDIAN,11680.0,1,True
13-1021,2007,23.26999999999999,H_MEDIAN,12930.0,1,True
13-1022,2007,22.579999999999995,H_MEDIAN,132550.0,1,True
13-1023,2007,25.220000000000002,H_MEDIAN,281950.0,1,True
13-1031,2007,25.749999999999996,H_MEDIAN,279400.0,1,True
13-1032,2007,24.760000000000005,H_MEDIAN,12150.0,1,True
13-1041,2007,23.27,H_MEDIAN,231910.0,1,False
13-1051,2007,26.41,H_MEDIAN,219070.0,1,True
13-1071,2007,23.706913570481227,H_MEDIAN,405390.0,2,False
13-1074,2007,14.389999999999999,H_MEDIAN,1450.0,1,True
13-1075,2007,26.1,H_MEDIAN,211770.0,1,False
13-1081,2007,30.889999999999993,H_MEDIAN,90340.0,1,True
13-1082,2007,31.012876398852743,H_MEDIAN,1557020.0,3,False
13-1111,2007,34.21,H_MEDIAN,499640.0,1,True
13-1121,2007,26.544459998776496,H_MEDIAN,1289010.0,3,False
13-1131,2007,16.8,H_MEDIAN,151890.0,1,False
13-1141,2007,25.08,H_MEDIAN,109870.0,1,True
13-1151,2007,23.859999999999996,H_MEDIAN,202820.0,1,True
13-1161,2007,27.098800621267724,H_MEDIAN,1464260.0,3,False
13-1199,2007,27.45,H_MEDIAN,1017640.0,1,False
13-2011,2007,27.430000000000003,H_MEDIAN,1115010.0,1,True
13-2022,2007,22.18,H_MEDIAN,66210.0,1,False
13-2023,2007,22.18,H_MEDIAN,66210.0,1,False
13-2031,2007,30.5,H_MEDIAN,62400.0,1,True
13-2041,2007,26.239999999999995,H_MEDIAN,70890.0,1,True
13-2051,2007,33.85,H_MEDIAN,228300.0,1,False
13-2052,2007,32.529999999999994,H_MEDIAN,132460.0,1,True
13-2053,2007,26.21999999999999,H_MEDIAN,98920.0,1,True
13-2054,2007,30.942936740239233,H_MEDIAN,364870.0,2,False
13-2061,2007,32.05,H_MEDIAN,25510.0,1,True
13-2071,2007,17.569999999999997,H_MEDIAN,30150.0,1,True
13-2072,2007,25.48,H_MEDIAN,356990.0,1,True
13-2081,2007,22.560000000000002,H_MEDIAN,65750.0,1,True
13-2082,2007,13.710000000000004,H_MEDIAN,61890.0,1,True
13-2099,2007,26.63,H_MEDIAN,136570.0,1,False
15-1211,2007,35.13999999999999,H_MEDIAN,464440.0,1,False
15-1212,2007,32.79999999999999,H_MEDIAN,216050.0,1,False
15-1221,2007,47.10000000000001,H_MEDIAN,28720.0,1,True
15-1231,2007,32.79999999999999,H_MEDIAN,216050.0,1,False
15-1232,2007,20.39,H_MEDIAN,525570.0,1,True
15-1241,2007,34.37952640952499,H_MEDIAN,680490.0,2,False
15-1242,2007,32.32999999999999,H_MEDIAN,116340.0,1,False
15-1243,2007,33.56741978090857,H_MEDIAN,299030.0,2,False
15-1244,2007,31.78771274817489,H_MEDIAN,525710.0,2,False
15-1251,2007,32.730000000000004,H_MEDIAN,394710.0,1,True
15-1252,2007,41.12389438407468,H_MEDIAN,844950.0,2,False
15-1253,2007,39.83504486084811,H_MEDIAN,1027640.0,3,False
15-1254,2007,32.79999999999999,H_MEDIAN,216050.0,1,False
15-1255,2007,33.514685635376,H_MEDIAN,398740.0,2,False
15-1299,2007,25.883675695830416,H_MEDIAN,300070.0,2,False
15-2011,2007,41.2,H_MEDIAN,18030.0,1,True
15-2021,2007,43.69,H_MEDIAN,3160.0,1,True
15-2031,2007,32.19,H_MEDIAN,58750.0,1,True
15-2041,2007,33.60999999999999,H_MEDIAN,20270.0,1,True
15-2051,2007,25.899999999999995,H_MEDIAN,6930.0,1,False
15-2099,2007,24.75845726534927,H_MEDIAN,8010.0,2,False
17-1011,2007,32.51,H_MEDIAN,106830.0,1,True
17-1012,2007,27.679999999999996,H_MEDIAN,21890.0,1,True
17-1021,2007,24.020000000000014,H_MEDIAN,11460.0,1,True
17-1022,2007,24.82,H_MEDIAN,56670.0,1,True
17-2011,2007,43.71000000000003,H_MEDIAN,85510.0,1,True
17-2021,2007,32.54999999999999,H_MEDIAN,2480.0,1,True
17-2031,2007,36.27000000000001,H_MEDIAN,15400.0,1,True
17-2041,2007,39.180000000000014,H_MEDIAN,28780.0,1,True
17-2051,2007,34.48,H_MEDIAN,247370.0,1,True
17-2061,2007,44.159999999999975,H_MEDIAN,79330.0,1,True
17-2071,2007,38.1,H_MEDIAN,148800.0,1,True
17-2072,2007,40.07000000000001,H_MEDIAN,133870.0,1,True
17-2081,2007,34.779999999999994,H_MEDIAN,51210.0,1,True
17-2111,2007,33.45,H_MEDIAN,24770.0,1,True
17-2112,2007,34.339999999999996,H_MEDIAN,204210.0,1,True
17-2121,2007,36.64000000000001,H_MEDIAN,6620.0,1,True
17-2131,2007,37.09999999999999,H_MEDIAN,21910.0,1,True
17-2141,2007,34.76,H_MEDIAN,222330.0,1,True
17-2151,2007,35.74,H_MEDIAN,7150.0,1,True
17-2161,2007,45.400000000000006,H_MEDIAN,14300.0,1,True
17-2171,2007,49.98,H_MEDIAN,16060.0,1,True
17-2199,2007,40.99,H_MEDIAN,169950.0,1,True
17-3011,2007,20.82,H_MEDIAN,111460.0,1,True
17-3012,2007,23.68,H_MEDIAN,32350.0,1,True
17-3013,2007,21.51,H_MEDIAN,74260.0,1,True
17-3019,2007,21.489999999999995,H_MEDIAN,23280.0,1,True
17-3021,2007,26.41,H_MEDIAN,7870.0,1,True
17-3022,2007,20.469999999999995,H_MEDIAN,88030.0,1,True
17-3023,2007,25.070000000000004,H_MEDIAN,162460.0,1,True
17-3024,2007,22.41,H_MEDIAN,15730.0,1,True
17-3025,2007,19.560000000000002,H_MEDIAN,21970.0,1,True
17-3026,2007,22.830000000000002,H_MEDIAN,74930.0,1,True
17-3027,2007,22.730000000000015,H_MEDIAN,46230.0,1,True
17-3028,2007,26.950000000000003,H_MEDIAN,78140.0,1,False
17-3029,2007,26.950000000000003,H_MEDIAN,78140.0,1,False
17-3031,2007,16.170000000000005,H_MEDIAN,72410.0,1,True
19-1011,2007,23.250000000000004,H_MEDIAN,4210.0,1,True
19-1012,2007,27.820000000000004,H_MEDIAN,9910.0,1,True
19-1013,2007,27.890000000000015,H_MEDIAN,10270.0,1,True
19-1021,2007,38.109999999999985,H_MEDIAN,19490.0,1,True
19-1022,2007,29.169999999999995,H_MEDIAN,14610.0,1,True
19-1023,2007,26.490000000000002,H_MEDIAN,17830.0,1,True
19-1029,2007,30.450000000000006,H_MEDIAN,27070.0,1,True
19-1031,2007,27.0,H_MEDIAN,16570.0,1,True
19-1032,2007,25.209999999999997,H_MEDIAN,10510.0,1,True
19-1041,2007,28.849999999999998,H_MEDIAN,3960.0,1,True
19-1042,2007,30.870000000000005,H_MEDIAN,87440.0,1,True
19-1099,2007,28.37,H_MEDIAN,12470.0,1,True
19-2011,2007,47.609999999999985,H_MEDIAN,1520.0,1,True
19-2012,2007,46.55999999999999,H_MEDIAN,13980.0,1,True
19-2021,2007,37.69,H_MEDIAN,8750.0,1,True
19-2031,2007,30.51999999999999,H_MEDIAN,79860.0,1,True
19-2032,2007,36.62,H_MEDIAN,9740.0,1,True
19-2041,2007,28.069999999999983,H_MEDIAN,80070.0,1,True
19-2042,2007,36.440000000000005,H_MEDIAN,31390.0,1,True
19-2043,2007,32.760000000000005,H_MEDIAN,7670.0,1,True
19-2099,2007,42.150000000000006,H_MEDIAN,23300.0,1,True
19-3011,2007,38.57,H_MEDIAN,12740.0,1,True
19-3022,2007,17.7,H_MEDIAN,22140.0,1,True
19-3032,2007,38.85,H_MEDIAN,1240.0,1,True
19-3033,2007,29.910000000000018,H_MEDIAN,95120.0,1,False
19-3034,2007,29.910000000000018,H_MEDIAN,95120.0,1,False
19-3039,2007,38.259999999999984,H_MEDIAN,9470.0,1,True
19-3041,2007,29.39,H_MEDIAN,3680.0,1,True
19-3051,2007,27.87,H_MEDIAN,35040.0,1,True
19-3091,2007,25.520000000000003,H_MEDIAN,5250.0,1,True
19-3092,2007,31.58,H_MEDIAN,1010.0,1,True
19-3093,2007,24.419999999999998,H_MEDIAN,3600.0,1,True
19-3094,2007,44.03000000000001,H_MEDIAN,3940.0,1,True
19-3099,2007,32.309999999999995,H_MEDIAN,30410.0,1,True
19-4012,2007,16.170000000000005,H_MEDIAN,19280.0,1,False
19-4013,2007,16.170000000000005,H_MEDIAN,19280.0,1,False
19-4021,2007,18.18,H_MEDIAN,69110.0,1,True
19-4031,2007,19.580000000000002,H_MEDIAN,64450.0,1,True
19-4042,2007,18.93,H_MEDIAN,33950.0,1,True
19-4043,2007,24.500000000000004,H_MEDIAN,13060.0,1,False
19-4044,2007,19.306977842698647,H_MEDIAN,72970.0,2,False
19-4051,2007,31.799999999999983,H_MEDIAN,5920.0,1,True
19-4061,2007,17.239999999999995,H_MEDIAN,16070.0,1,True
19-4071,2007,16.120000000000005,H_MEDIAN,26900.0,1,True
19-4092,2007,22.92,H_MEDIAN,12030.0,1,True
19-4099,2007,18.329999999999995,H_MEDIAN,59910.0,1,False
19-5011,2007,28.910000000000004,H_MEDIAN,46460.0,1,True
19-5012,2007,21.160000000000004,H_MEDIAN,10260.0,1,True
21-1011,2007,17.100000000000005,H_MEDIAN,76830.0,1,True
21-1012,2007,23.769999999999996,H_MEDIAN,232260.0,1,True
21-1013,2007,20.960000000000008,H_MEDIAN,23340.0,1,True
21-1014,2007,17.309999999999995,H_MEDIAN,95970.0,1,True
21-1015,2007,14.249999999999998,H_MEDIAN,123890.0,1,True
21-1019,2007,18.600000000000005,H_MEDIAN,28900.0,1,True
21-1021,2007,18.57,H_MEDIAN,265090.0,1,True
21-1022,2007,21.48,H_MEDIAN,120060.0,1,True
21-1023,2007,17.62,H_MEDIAN,118690.0,1,True
21-1029,2007,22.019999999999996,H_MEDIAN,64990.0,1,True
21-1091,2007,20.629999999999995,H_MEDIAN,61290.0,1,False
21-1092,2007,21.399999999999988,H_MEDIAN,94120.0,1,True
21-1093,2007,12.799999999999999,H_MEDIAN,316380.0,1,True
21-1094,2007,18.568279466128974,H_MEDIAN,171260.0,2,False
21-1099,2007,17.51,H_MEDIAN,109970.0,1,False
21-2011,2007,19.450000000000003,H_MEDIAN,40960.0,1,True
21-2021,2007,17.0,H_MEDIAN,14780.0,1,True
21-2099,2007,12.819999999999999,H_MEDIAN,5520.0,1,True
23-1011,2007,51.02000000000001,H_MEDIAN,555770.0,1,True
23-1012,2007,18.060000000000002,H_MEDIAN,31160.0,1,False
23-1021,2007,35.66,H_MEDIAN,14100.0,1,True
23-1022,2007,23.48,H_MEDIAN,8810.0,1,True
23-1023,2007,51.55,H_MEDIAN,25500.0,1,True
23-2011,2007,21.188308460351752,H_MEDIAN,272430.0,2,False
23-2093,2007,17.880000000000003,H_MEDIAN,62200.0,1,True
23-2099,2007,23.299999999999997,H_MEDIAN,39670.0,1,True
25-1011,2007,31.20192307692307,A_MEDIAN,67700.0,1,True
25-1021,2007,29.81730769230769,A_MEDIAN,33840.0,1,True
25-1022,2007,28.153846153846157,A_MEDIAN,44560.0,1,True
25-1031,2007,32.95192307692309,A_MEDIAN,6070.0,1,True
25-1032,2007,38.22596153846155,A_MEDIAN,32360.0,1,True
25-1041,2007,37.72115384615384,A_MEDIAN,10700.0,1,True
25-1042,2007,34.50961538461539,A_MEDIAN,52560.0,1,True
25-1043,2007,30.66826923076922,A_MEDIAN,2640.0,1,True
25-1051,2007,35.230769230769226,A_MEDIAN,9030.0,1,True
25-1052,2007,30.706730769230774,A_MEDIAN,19800.0,1,True
25-1053,2007,31.17788461538461,A_MEDIAN,4470.0,1,True
25-1054,2007,33.69711538461539,A_MEDIAN,12530.0,1,True
25-1061,2007,31.024038461538463,A_MEDIAN,5290.0,1,True
25-1062,2007,28.437499999999996,A_MEDIAN,7280.0,1,True
25-1063,2007,36.2019230769231,A_MEDIAN,12840.0,1,True
25-1064,2007,29.475961538461537,A_MEDIAN,4050.0,1,True
25-1065,2007,30.336538461538456,A_MEDIAN,14160.0,1,True
25-1066,2007,29.13942307692308,A_MEDIAN,30590.0,1,True
25-1067,2007,27.961538461538456,A_MEDIAN,16130.0,1,True
25-1069,2007,29.418269230769226,A_MEDIAN,5460.0,1,True
25-1071,2007,38.79807692307693,A_MEDIAN,114070.0,1,True
25-1072,2007,27.644230769230774,A_MEDIAN,42660.0,1,True
25-1081,2007,26.06730769230769,A_MEDIAN,54420.0,1,True
25-1082,2007,27.312499999999996,A_MEDIAN,4080.0,1,True
25-1111,2007,24.54807692307693,A_MEDIAN,11110.0,1,True
25-1112,2007,42.177884615384585,A_MEDIAN,12610.0,1,True
25-1113,2007,27.03846153846154,A_MEDIAN,7510.0,1,True
25-1121,2007,26.533653846153854,A_MEDIAN,73890.0,1,True
25-1122,2007,26.30769230769231,A_MEDIAN,23690.0,1,True
25-1123,2007,25.961538461538456,A_MEDIAN,60910.0,1,True
25-1124,2007,25.774038461538463,A_MEDIAN,25100.0,1,True
25-1125,2007,28.44230769230769,A_MEDIAN,20760.0,1,True
25-1126,2007,27.105769230769234,A_MEDIAN,18140.0,1,True
25-1192,2007,27.966346153846157,A_MEDIAN,4770.0,1,True
25-1193,2007,25.081730769230774,A_MEDIAN,17500.0,1,True
25-1194,2007,22.050000000000004,H_MEDIAN,112300.0,1,True
25-1199,2007,30.173076923076923,A_MEDIAN,265500.0,1,True
25-2011,2007,11.12,H_MEDIAN,380930.0,1,True
25-2012,2007,21.692307692307708,A_MEDIAN,170880.0,1,True
25-2021,2007,22.754807692307693,A_MEDIAN,1538030.0,1,True
25-2022,2007,23.028846153846153,A_MEDIAN,652560.0,1,True
25-2023,2007,22.254807692307697,A_MEDIAN,15260.0,1,True
25-2031,2007,23.759615384615387,A_MEDIAN,1058870.0,1,True
25-2032,2007,24.08173076923077,A_MEDIAN,97550.0,1,True
25-2051,2007,23.24519230769231,A_MEDIAN,219930.0,1,False
25-2055,2007,23.24519230769231,A_MEDIAN,219930.0,1,False
25-2056,2007,23.24519230769231,A_MEDIAN,219930.0,1,False
25-2057,2007,23.528846153846153,A_MEDIAN,100160.0,1,True
25-2058,2007,23.86538461538462,A_MEDIAN,141330.0,1,True
25-2059,2007,14.432692307692308,A_MEDIAN,555460.0,1,False
25-3011,2007,21.499999999999996,H_MEDIAN,72240.0,1,True
25-3021,2007,16.62,H_MEDIAN,156960.0,1,True
25-3031,2007,14.432692307692308,A_MEDIAN,555460.0,1,False
25-3041,2007,14.432692307692308,A_MEDIAN,555460.0,1,False
25-3099,2007,14.432692307692308,A_MEDIAN,555460.0,1,False
25-4011,2007,20.730000000000004,H_MEDIAN,5420.0,1,True
25-4012,2007,22.110000000000003,H_MEDIAN,10120.0,1,True
25-4013,2007,17.0,H_MEDIAN,9950.0,1,True
25-4022,2007,24.322605678833924,H_MEDIAN,155330.0,2,False
25-4031,2007,13.309999999999993,H_MEDIAN,114150.0,1,True
25-9021,2007,20.110000000000003,H_MEDIAN,12050.0,1,True
25-9031,2007,26.569999999999997,H_MEDIAN,117940.0,1,True
25-9042,2007,10.375,A_MEDIAN,1251610.0,1,False
25-9043,2007,10.375,A_MEDIAN,1251610.0,1,False
25-9044,2007,13.490384615384613,A_MEDIAN,119790.0,1,True
25-9049,2007,10.375,A_MEDIAN,1251610.0,1,False
25-9099,2007,15.88,H_MEDIAN,98790.0,1,True
27-1011,2007,34.77000000000001,H_MEDIAN,32290.0,1,True
27-1012,2007,12.590000000000002,H_MEDIAN,5390.0,1,True
27-1013,2007,20.229999999999997,H_MEDIAN,10500.0,1,True
27-1014,2007,26.23,H_MEDIAN,29440.0,1,True
27-1019,2007,21.53,H_MEDIAN,7910.0,1,True
27-1021,2007,27.19,H_MEDIAN,34800.0,1,True
27-1022,2007,30.199999999999996,H_MEDIAN,16460.0,1,True
27-1023,2007,10.839999999999998,H_MEDIAN,59530.0,1,True
27-1024,2007,19.85000000000001,H_MEDIAN,201080.0,1,True
27-1025,2007,21.140000000000004,H_MEDIAN,52620.0,1,True
27-1026,2007,11.939999999999998,H_MEDIAN,68660.0,1,True
27-1027,2007,20.78,H_MEDIAN,8620.0,1,True
27-1029,2007,21.01,H_MEDIAN,11890.0,1,True
27-2011,2007,14.279999999999998,H_MEDIAN,44860.0,1,True
27-2012,2007,29.370000000000008,H_MEDIAN,72390.0,1,True
27-2021,2007,18.48076923076923,A_MEDIAN,12670.0,1,True
27-2022,2007,13.384615384615385,A_MEDIAN,165410.0,1,True
27-2023,2007,11.908653846153841,A_MEDIAN,13630.0,1,True
27-2031,2007,10.72,H_MEDIAN,12530.0,1,True
27-2032,2007,17.11,H_MEDIAN,15250.0,1,True
27-2041,2007,19.299999999999997,H_MEDIAN,9110.0,1,True
27-2042,2007,19.91999999999999,H_MEDIAN,47520.0,1,True
27-2091,2007,13.99,H_MEDIAN,32040.0,1,False
27-2099,2007,13.99,H_MEDIAN,32040.0,1,False
27-3011,2007,12.530000000000001,H_MEDIAN,39500.0,1,True
27-3023,2007,17.34387311830845,H_MEDIAN,58170.0,2,False
27-3031,2007,23.940000000000005,H_MEDIAN,225880.0,1,False
27-3041,2007,23.230000000000004,H_MEDIAN,105920.0,1,True
27-3042,2007,29.039999999999985,H_MEDIAN,46740.0,1,True
27-3043,2007,24.359999999999996,H_MEDIAN,44310.0,1,True
27-3091,2007,18.019999999999996,H_MEDIAN,33680.0,1,True
27-3092,2007,21.789999999999996,H_MEDIAN,20120.0,1,True
27-3099,2007,17.73652899436082,H_MEDIAN,32910.0,2,False
27-4011,2007,17.329999999999995,H_MEDIAN,40360.0,1,True
27-4012,2007,15.499999999999998,H_MEDIAN,34250.0,1,True
27-4014,2007,22.38,H_MEDIAN,15490.0,1,True
27-4015,2007,24.929999999999996,H_MEDIAN,18580.0,1,False
27-4021,2007,13.319999999999997,H_MEDIAN,62370.0,1,True
27-4031,2007,20.120000000000005,H_MEDIAN,19990.0,1,True
27-4032,2007,23.019999999999996,H_MEDIAN,17410.0,1,True
27-4099,2007,24.929999999999996,H_MEDIAN,18580.0,1,False
29-1011,2007,31.679999999999996,H_MEDIAN,27190.0,1,True
29-1021,2007,66.16999999999999,H_MEDIAN,85260.0,1,True
29-1022,2007,85.78999999999999,H_MEAN,5040.0,1,True
29-1023,2007,89.11,H_MEAN,5350.0,1,True
29-1024,2007,81.42000000000002,H_MEAN,380.0,1,True
29-1029,2007,50.690000000000005,H_MEDIAN,4490.0,1,True
29-1031,2007,23.56,H_MEDIAN,52800.0,1,True
29-1041,2007,45.09000000000002,H_MEDIAN,24900.0,1,True
29-1051,2007,48.31000000000001,H_MEDIAN,253110.0,1,True
29-1071,2007,37.71999999999999,H_MEDIAN,67160.0,1,True
29-1081,2007,53.13000000000001,H_MEDIAN,9320.0,1,True
29-1122,2007,30.67,H_MEDIAN,91920.0,1,True
29-1123,2007,33.54,H_MEDIAN,161850.0,1,True
29-1124,2007,33.660000000000004,H_MEDIAN,14620.0,1,True
29-1125,2007,17.76,H_MEDIAN,23240.0,1,True
29-1126,2007,24.07,H_MEDIAN,101180.0,1,True
29-1127,2007,29.180000000000017,H_MEDIAN,103810.0,1,True
29-1128,2007,24.1,H_MEDIAN,11580.0,1,False
29-1129,2007,24.1,H_MEDIAN,11580.0,1,False
29-1131,2007,36.17,H_MEDIAN,50790.0,1,True
29-1141,2007,28.849999999999998,H_MEDIAN,2468340.0,1,False
29-1151,2007,28.849999999999998,H_MEDIAN,2468340.0,1,False
29-1161,2007,28.849999999999998,H_MEDIAN,2468340.0,1,False
29-1171,2007,28.849999999999998,H_MEDIAN,2468340.0,1,False
29-1181,2007,28.580000000000002,H_MEDIAN,11360.0,1,True
29-1211,2007,92.68000000000006,H_MEAN,31030.0,1,True
29-1212,2007,74.59,H_MEAN,237400.0,1,False
29-1213,2007,74.59,H_MEAN,237400.0,1,False
29-1214,2007,74.59,H_MEAN,237400.0,1,False
29-1215,2007,73.86000000000003,H_MEAN,113250.0,1,True
29-1216,2007,80.41999999999997,H_MEAN,46260.0,1,True
29-1217,2007,74.59,H_MEAN,237400.0,1,False
29-1218,2007,88.27000000000001,H_MEAN,21340.0,1,True
29-1221,2007,67.64000000000001,H_MEDIAN,28890.0,1,True
29-1222,2007,74.59,H_MEAN,237400.0,1,False
29-1223,2007,70.97000000000001,H_MEAN,21790.0,1,True
29-1224,2007,74.59,H_MEAN,237400.0,1,False
29-1229,2007,74.59,H_MEAN,237400.0,1,False
29-1241,2007,74.59,H_MEAN,237400.0,1,False
29-1242,2007,92.03000000000002,H_MEAN,50260.0,1,False
29-1243,2007,92.03000000000002,H_MEAN,50260.0,1,False
29-1249,2007,92.03000000000002,H_MEAN,50260.0,1,False
29-1291,2007,30.639999999999997,H_MEDIAN,44350.0,1,False
29-1292,2007,31.119999999999994,H_MEDIAN,168600.0,1,True
29-1299,2007,30.639999999999997,H_MEDIAN,44350.0,1,False
29-2011,2007,24.86999999999999,H_MEDIAN,163270.0,1,True
29-2012,2007,16.48,H_MEDIAN,145890.0,1,True
29-2031,2007,21.61000000000001,H_MEDIAN,46980.0,1,True
29-2032,2007,28.78,H_MEDIAN,46770.0,1,True
29-2033,2007,31.089999999999982,H_MEDIAN,20410.0,1,True
29-2034,2007,24.160000000000007,H_MEDIAN,200370.0,1,False
29-2035,2007,24.160000000000007,H_MEDIAN,200370.0,1,False
29-2036,2007,17.609999999999996,H_MEDIAN,73730.0,1,False
29-2042,2007,13.660000000000002,H_MEDIAN,201200.0,1,False
29-2043,2007,13.660000000000002,H_MEDIAN,201200.0,1,False
29-2051,2007,11.9,H_MEDIAN,24540.0,1,True
29-2052,2007,12.85,H_MEDIAN,301950.0,1,True
29-2053,2007,14.270000000000001,H_MEDIAN,60690.0,1,True
29-2055,2007,18.050000000000004,H_MEDIAN,86000.0,1,True
29-2056,2007,13.450000000000001,H_MEDIAN,73240.0,1,True
29-2057,2007,17.609999999999996,H_MEDIAN,73730.0,1,False
29-2061,2007,18.240000000000002,H_MEDIAN,719240.0,1,True
29-2072,2007,14.079999999999998,H_MEDIAN,165590.0,1,False
29-2081,2007,15.109999999999998,H_MEDIAN,62420.0,1,True
29-2091,2007,29.100000000000016,H_MEDIAN,5600.0,1,True
29-2092,2007,17.609999999999996,H_MEDIAN,73730.0,1,False
29-2099,2007,17.96310000832142,H_MEDIAN,91340.0,2,False
29-9021,2007,15.245895807069273,H_MEDIAN,219230.0,2,False
29-9091,2007,18.442307692307693,A_MEDIAN,14970.0,1,True
29-9092,2007,19.489999999999988,H_MEDIAN,53640.0,1,False
29-9093,2007,19.489999999999988,H_MEDIAN,53640.0,1,False
29-9099,2007,19.489999999999988,H_MEDIAN,53640.0,1,False
31-1121,2007,9.62,H_MEDIAN,834580.0,1,True
31-1122,2007,8.89,H_MEDIAN,595350.0,1,True
31-1131,2007,11.139999999999999,H_MEDIAN,1390260.0,1,False
31-1132,2007,11.139999999999999,H_MEDIAN,1390260.0,1,False
31-1133,2007,12.250000000000002,H_MEDIAN,58310.0,1,True
31-2011,2007,21.66,H_MEDIAN,25130.0,1,True
31-2012,2007,12.54,H_MEDIAN,7640.0,1,True
31-2021,2007,21.219999999999995,H_MEDIAN,59120.0,1,True
31-2022,2007,11.050000000000002,H_MEDIAN,43350.0,1,True
31-9011,2007,16.759999999999998,H_MEDIAN,45920.0,1,True
31-9091,2007,15.17,H_MEDIAN,283680.0,1,True
31-9092,2007,13.19,H_MEDIAN,434540.0,1,True
31-9093,2007,13.0,H_MEDIAN,43790.0,1,True
31-9094,2007,15.019999999999996,H_MEDIAN,86990.0,1,True
31-9095,2007,9.39,H_MEDIAN,49630.0,1,True
31-9096,2007,9.980000000000002,H_MEDIAN,71190.0,1,True
31-9097,2007,13.619999999999997,H_MEDIAN,191110.0,1,False
31-9099,2007,13.619999999999997,H_MEDIAN,191110.0,1,False
33-1011,2007,26.78999999999999,H_MEDIAN,41000.0,1,True
33-1012,2007,34.910000000000004,H_MEDIAN,91510.0,1,True
33-1021,2007,31.27,H_MEDIAN,52160.0,1,True
33-1091,2007,20.680000000000003,H_MEDIAN,45750.0,1,False
33-1099,2007,20.680000000000003,H_MEDIAN,45750.0,1,False
33-2011,2007,20.750000000000004,H_MEDIAN,289710.0,1,True
33-2021,2007,24.44,H_MEDIAN,12980.0,1,True
33-2022,2007,15.109999999999998,H_MEDIAN,1600.0,1,True
33-3011,2007,17.74,H_MEDIAN,18830.0,1,True
33-3012,2007,17.78,H_MEDIAN,431980.0,1,True
33-3021,2007,28.810000000000002,H_MEDIAN,103320.0,1,True
33-3031,2007,23.0,H_MEDIAN,7500.0,1,True
33-3041,2007,15.129999999999999,H_MEDIAN,9910.0,1,True
33-3051,2007,23.859999999999996,H_MEDIAN,625880.0,1,True
33-3052,2007,22.29,H_MEDIAN,5530.0,1,True
33-9011,2007,14.1,H_MEDIAN,14890.0,1,True
33-9021,2007,18.090000000000003,H_MEDIAN,37410.0,1,True
33-9031,2007,13.19,H_MEDIAN,9030.0,1,True
33-9032,2007,10.849999999999998,H_MEDIAN,1032260.0,1,False
33-9091,2007,10.65,H_MEDIAN,67570.0,1,True
33-9092,2007,8.64,H_MEDIAN,107420.0,1,True
33-9093,2007,12.54404823682168,H_MEDIAN,1345580.0,3,False
33-9094,2007,13.579999999999997,H_MEDIAN,81410.0,1,False
33-9099,2007,13.579999999999997,H_MEDIAN,81410.0,1,False
35-1011,2007,17.87,H_MEDIAN,100130.0,1,True
35-1012,2007,13.48,H_MEDIAN,788750.0,1,True
35-2011,2007,7.749999999999999,H_MEDIAN,575510.0,1,True
35-2012,2007,10.26,H_MEDIAN,372450.0,1,True
35-2013,2007,11.669999999999998,H_MEDIAN,950.0,1,True
35-2014,2007,10.199999999999998,H_MEDIAN,878990.0,1,True
35-2015,2007,8.959999999999999,H_MEDIAN,177450.0,1,True
35-2019,2007,10.640000000000002,H_MEDIAN,15440.0,1,True
35-2021,2007,8.730000000000002,H_MEDIAN,873470.0,1,True
35-3011,2007,8.22,H_MEDIAN,498090.0,1,True
35-3023,2007,7.661967823936743,H_MEDIAN,3144320.0,2,False
35-3031,2007,7.619999999999999,H_MEDIAN,2357040.0,1,True
35-3041,2007,9.059999999999999,H_MEDIAN,185530.0,1,True
35-9011,2007,7.710000000000001,H_MEDIAN,401070.0,1,True
35-9021,2007,7.890000000000001,H_MEDIAN,509550.0,1,True
35-9031,2007,8.069999999999999,H_MEDIAN,342960.0,1,True
35-9099,2007,8.930000000000001,H_MEDIAN,52160.0,1,True
37-1011,2007,15.789999999999997,H_MEDIAN,179850.0,1,True
37-1012,2007,18.620000000000005,H_MEDIAN,110340.0,1,True
37-2011,2007,10.000000000000002,H_MEDIAN,2112870.0,1,True
37-2012,2007,8.82,H_MEDIAN,915890.0,1,True
37-2019,2007,13.020000000000001,H_MEDIAN,14320.0,1,True
37-2021,2007,13.96,H_MEDIAN,63440.0,1,True
37-3011,2007,10.69,H_MEDIAN,932730.0,1,True
37-3012,2007,13.729999999999999,H_MEDIAN,25560.0,1,True
37-3013,2007,14.330000000000002,H_MEDIAN,30670.0,1,True
37-3019,2007,10.27,H_MEDIAN,18230.0,1,True
39-1013,2007,16.823555818611382,H_MEDIAN,39480.0,2,False
39-1014,2007,16.300000000000004,H_MEDIAN,126870.0,1,False
39-1022,2007,16.300000000000004,H_MEDIAN,126870.0,1,False
39-2011,2007,12.590000000000002,H_MEDIAN,9110.0,1,True
39-2021,2007,9.08,H_MEDIAN,118760.0,1,True
39-3011,2007,7.510000000000001,H_MEDIAN,86210.0,1,True
39-3012,2007,9.269999999999998,H_MEDIAN,17370.0,1,True
39-3019,2007,11.089999999999998,H_MEDIAN,14270.0,1,True
39-3021,2007,8.839999999999998,H_MEDIAN,10840.0,1,True
39-3031,2007,7.849999999999998,H_MEDIAN,106700.0,1,True
39-3091,2007,8.100000000000001,H_MEDIAN,245380.0,1,True
39-3092,2007,12.639999999999999,H_MEDIAN,4570.0,1,True
39-3093,2007,9.179999999999998,H_MEDIAN,17830.0,1,True
39-3099,2007,9.059999999999999,H_MEDIAN,42020.0,1,True
39-4011,2007,17.690000000000005,H_MEDIAN,8930.0,1,True
39-4012,2007,9.22,H_MEDIAN,64210.0,1,False
39-4021,2007,10.069999999999999,H_MEDIAN,33100.0,1,True
39-4031,2007,24.210000000000004,H_MEDIAN,24020.0,1,False
39-5011,2007,11.31,H_MEDIAN,12110.0,1,True
39-5012,2007,10.679999999999998,H_MEDIAN,343320.0,1,True
39-5091,2007,16.949999999999996,H_MEDIAN,1400.0,1,True
39-5092,2007,9.600000000000001,H_MEDIAN,52730.0,1,True
39-5093,2007,7.930000000000001,H_MEDIAN,15310.0,1,True
39-5094,2007,13.070000000000002,H_MEDIAN,24960.0,1,True
39-6011,2007,9.250000000000002,H_MEDIAN,49700.0,1,True
39-6012,2007,12.279999999999998,H_MEDIAN,19770.0,1,True
39-7011,2007,10.630000000000003,H_MEDIAN,31620.0,1,True
39-7012,2007,14.739999999999998,H_MEDIAN,3520.0,1,True
39-9011,2007,8.82,H_MEDIAN,576680.0,1,True
39-9031,2007,13.309999999999999,H_MEDIAN,219990.0,1,True
39-9032,2007,10.199999999999998,H_MEDIAN,278070.0,1,True
39-9041,2007,11.080000000000002,H_MEDIAN,51630.0,1,True
39-9099,2007,9.22,H_MEDIAN,64210.0,1,False
41-1011,2007,16.57,H_MEDIAN,1156540.0,1,True
41-1012,2007,32.21999999999999,H_MEDIAN,280770.0,1,True
41-2011,2007,8.249999999999998,H_MEDIAN,3545330.0,1,True
41-2012,2007,10.039999999999997,H_MEDIAN,24640.0,1,True
41-2021,2007,9.650000000000002,H_MEDIAN,462040.0,1,True
41-2022,2007,13.519999999999998,H_MEDIAN,230480.0,1,True
41-2031,2007,9.689999999999998,H_MEDIAN,4429060.0,1,True
41-3011,2007,20.590000000000003,H_MEDIAN,161440.0,1,True
41-3021,2007,21.210000000000004,H_MEDIAN,321920.0,1,True
41-3031,2007,32.89999999999999,H_MEDIAN,268480.0,1,True
41-3041,2007,14.489999999999998,H_MEDIAN,85580.0,1,True
41-3091,2007,23.34,H_MEDIAN,556430.0,1,True
41-4011,2007,32.81999999999999,H_MEDIAN,403320.0,1,True
41-4012,2007,24.400000000000013,H_MEDIAN,1505930.0,1,True
41-9011,2007,10.849999999999998,H_MEDIAN,83270.0,1,True
41-9012,2007,10.83,H_MEDIAN,2060.0,1,True
41-9021,2007,28.299999999999983,H_MEDIAN,49270.0,1,True
41-9022,2007,19.520000000000003,H_MEDIAN,172030.0,1,True
41-9031,2007,38.58999999999998,H_MEDIAN,75940.0,1,True
41-9041,2007,10.28,H_MEDIAN,354000.0,1,True
41-9091,2007,9.330000000000002,H_MEDIAN,11600.0,1,True
41-9099,2007,16.8,H_MEDIAN,151890.0,1,False
43-1011,2007,21.470000000000002,H_MEDIAN,1378240.0,1,True
43-2011,2007,11.28,H_MEDIAN,160200.0,1,True
43-2021,2007,15.180000000000001,H_MEDIAN,23840.0,1,True
43-2099,2007,16.880137091551777,H_MEDIAN,4940.0,2,False
43-3011,2007,14.420000000000005,H_MEDIAN,409570.0,1,True
43-3021,2007,14.410000000000004,H_MEDIAN,515060.0,1,True
43-3031,2007,15.17,H_MEDIAN,1858500.0,1,True
43-3041,2007,11.3,H_MEDIAN,17120.0,1,True
43-3051,2007,16.26,H_MEDIAN,201940.0,1,True
43-3061,2007,16.400000000000002,H_MEDIAN,77180.0,1,True
43-3071,2007,11.02,H_MEDIAN,607960.0,1,True
43-3099,2007,13.7,H_MEDIAN,266220.0,1,False
43-4011,2007,17.96,H_MEDIAN,71170.0,1,True
43-4021,2007,14.180000000000001,H_MEDIAN,15550.0,1,True
43-4031,2007,15.540000000000001,H_MEDIAN,109080.0,1,True
43-4041,2007,14.249999999999998,H_MEDIAN,67480.0,1,True
43-4051,2007,13.96,H_MEDIAN,2193430.0,1,True
43-4061,2007,18.800000000000004,H_MEDIAN,107220.0,1,True
43-4071,2007,11.060000000000002,H_MEDIAN,214590.0,1,True
43-4081,2007,9.11,H_MEDIAN,223210.0,1,True
43-4111,2007,13.14,H_MEDIAN,227220.0,1,True
43-4121,2007,10.709999999999999,H_MEDIAN,112300.0,1,True
43-4131,2007,15.22999999999999,H_MEDIAN,239810.0,1,True
43-4141,2007,14.240000000000002,H_MEDIAN,88880.0,1,True
43-4151,2007,12.94,H_MEDIAN,255670.0,1,True
43-4161,2007,16.81,H_MEDIAN,161970.0,1,True
43-4171,2007,11.4,H_MEDIAN,1100790.0,1,True
43-4181,2007,14.339999999999998,H_MEDIAN,167390.0,1,True
43-4199,2007,15.439999999999998,H_MEDIAN,233180.0,1,True
43-5011,2007,17.820000000000004,H_MEDIAN,81380.0,1,True
43-5021,2007,10.749999999999998,H_MEDIAN,100820.0,1,True
43-5031,2007,15.699999999999998,H_MEDIAN,93670.0,1,True
43-5032,2007,15.929999999999998,H_MEDIAN,190190.0,1,True
43-5041,2007,15.289999999999997,H_MEDIAN,46220.0,1,True
43-5051,2007,21.66,H_MEDIAN,79500.0,1,True
43-5052,2007,21.389999999999986,H_MEDIAN,348070.0,1,True
43-5053,2007,21.01,H_MEDIAN,201430.0,1,True
43-5061,2007,19.080000000000002,H_MEDIAN,283930.0,1,True
43-5071,2007,12.98,H_MEDIAN,755790.0,1,True
43-5111,2007,12.559999999999999,H_MEDIAN,76000.0,1,True
43-6011,2007,18.580000000000002,H_MEDIAN,1517410.0,1,True
43-6012,2007,18.660000000000004,H_MEDIAN,266180.0,1,True
43-6013,2007,13.919999999999998,H_MEDIAN,424670.0,1,True
43-6014,2007,13.569999999999997,H_MEDIAN,1832490.0,1,True
43-9021,2007,12.2,H_MEDIAN,286540.0,1,True
43-9022,2007,14.609999999999996,H_MEDIAN,139420.0,1,True
43-9031,2007,17.069999999999997,H_MEDIAN,29320.0,1,True
43-9041,2007,15.410000000000002,H_MEDIAN,232700.0,1,True
43-9051,2007,11.729999999999999,H_MEDIAN,138990.0,1,True
43-9061,2007,11.76,H_MEDIAN,2980350.0,1,True
43-9071,2007,12.130000000000003,H_MEDIAN,87240.0,1,True
43-9081,2007,13.899999999999999,H_MEDIAN,15650.0,1,True
43-9111,2007,15.640000000000004,H_MEDIAN,19210.0,1,True
43-9199,2007,13.7,H_MEDIAN,266220.0,1,False
45-1011,2007,18.519999999999996,H_MEDIAN,20860.0,1,True
45-2011,2007,19.13,H_MEDIAN,14510.0,1,True
45-2021,2007,12.779999999999998,H_MEDIAN,2320.0,1,True
45-2041,2007,8.64,H_MEDIAN,40770.0,1,True
45-2091,2007,10.179999999999998,H_MEDIAN,22490.0,1,True
45-2092,2007,8.19,H_MEDIAN,239380.0,1,True
45-2093,2007,9.78,H_MEDIAN,43120.0,1,True
45-2099,2007,12.450000000000005,H_MEDIAN,7960.0,1,True
45-3031,2007,13.430000000000001,H_MEDIAN,960.0,1,False
45-4011,2007,9.859999999999998,H_MEDIAN,8770.0,1,True
45-4021,2007,14.410000000000004,H_MEDIAN,7500.0,1,True
45-4022,2007,14.829999999999997,H_MEDIAN,27700.0,1,True
45-4023,2007,15.450000000000001,H_MEDIAN,4430.0,1,True
45-4029,2007,15.519999999999998,H_MEDIAN,5740.0,1,True
47-1011,2007,26.89999999999999,H_MEDIAN,577130.0,1,True
47-2011,2007,24.379999999999995,H_MEDIAN,18650.0,1,True
47-2021,2007,21.19,H_MEDIAN,116290.0,1,True
47-2022,2007,17.76,H_MEDIAN,18760.0,1,True
47-2031,2007,18.110000000000003,H_MEDIAN,969670.0,1,True
47-2041,2007,17.329999999999995,H_MEDIAN,34630.0,1,True
47-2042,2007,16.879999999999992,H_MEDIAN,14070.0,1,True
47-2043,2007,15.039999999999997,H_MEDIAN,8220.0,1,True
47-2044,2007,18.61000000000001,H_MEDIAN,52790.0,1,True
47-2051,2007,16.269999999999992,H_MEDIAN,213850.0,1,True
47-2053,2007,16.54,H_MEDIAN,5920.0,1,True
47-2061,2007,13.130000000000003,H_MEDIAN,1053060.0,1,True
47-2071,2007,15.560000000000004,H_MEDIAN,63850.0,1,True
47-2072,2007,22.859999999999996,H_MEDIAN,5050.0,1,True
47-2073,2007,18.329999999999988,H_MEDIAN,403620.0,1,True
47-2081,2007,17.56,H_MEDIAN,137570.0,1,True
47-2082,2007,20.219999999999995,H_MEDIAN,37280.0,1,True
47-2111,2007,21.53,H_MEDIAN,624560.0,1,False
47-2121,2007,16.94000000000001,H_MEDIAN,50800.0,1,True
47-2131,2007,15.039999999999997,H_MEDIAN,29660.0,1,True
47-2132,2007,17.58,H_MEDIAN,29110.0,1,True
47-2141,2007,15.419999999999996,H_MEDIAN,260260.0,1,True
47-2142,2007,16.62,H_MEDIAN,5970.0,1,True
47-2151,2007,15.039999999999997,H_MEDIAN,56890.0,1,True
47-2152,2007,21.200000000000003,H_MEDIAN,435010.0,1,True
47-2161,2007,17.52,H_MEDIAN,49310.0,1,True
47-2171,2007,18.210000000000008,H_MEDIAN,28270.0,1,True
47-2181,2007,15.98,H_MEDIAN,123180.0,1,False
47-2211,2007,18.850000000000005,H_MEDIAN,167730.0,1,True
47-2221,2007,20.259999999999998,H_MEDIAN,65100.0,1,True
47-2231,2007,19.152226852355263,H_MEDIAN,1210330.0,5,False
47-3011,2007,12.63,H_MEDIAN,57870.0,1,True
47-3012,2007,11.7,H_MEDIAN,96180.0,1,True
47-3013,2007,11.960000000000003,H_MEDIAN,101370.0,1,True
47-3014,2007,10.72,H_MEDIAN,22770.0,1,True
47-3015,2007,12.190000000000001,H_MEDIAN,83380.0,1,True
47-3016,2007,10.970000000000002,H_MEDIAN,21250.0,1,True
47-3019,2007,11.49,H_MEDIAN,33870.0,1,True
47-4011,2007,23.239999999999995,H_MEDIAN,95890.0,1,True
47-4021,2007,32.69,H_MEDIAN,22950.0,1,True
47-4031,2007,12.85,H_MEDIAN,26650.0,1,True
47-4041,2007,17.47,H_MEDIAN,39530.0,1,True
47-4051,2007,15.670000000000002,H_MEDIAN,137140.0,1,True
47-4061,2007,20.250000000000014,H_MEDIAN,14050.0,1,True
47-4071,2007,15.74,H_MEDIAN,23440.0,1,True
47-4091,2007,12.650000000000004,H_MEDIAN,1090.0,1,True
47-4099,2007,15.009999999999991,H_MEDIAN,58040.0,1,False
47-5011,2007,18.17,H_MEDIAN,19410.0,1,True
47-5012,2007,20.910000000000004,H_MEDIAN,22600.0,1,True
47-5013,2007,16.73,H_MEDIAN,30440.0,1,True
47-5022,2007,16.37,H_MEDIAN,68040.0,1,False
47-5023,2007,17.459999999999997,H_MEDIAN,19760.0,1,False
47-5032,2007,17.99466465508636,H_MEDIAN,25510.0,2,False
47-5041,2007,21.09,H_MEDIAN,9830.0,1,True
47-5043,2007,20.800000000000004,H_MEDIAN,4130.0,1,True
47-5044,2007,19.216054939406547,H_MEDIAN,5430.0,2,False
47-5049,2007,19.265804209282635,H_MEDIAN,12630.0,2,False
47-5051,2007,13.489999999999998,H_MEDIAN,4100.0,1,True
47-5071,2007,13.710000000000004,H_MEDIAN,54200.0,1,True
47-5081,2007,14.370000000000001,H_MEDIAN,24670.0,1,True
47-5099,2007,18.941374448058117,H_MEDIAN,13060.0,2,False
49-1011,2007,26.63,H_MEDIAN,443790.0,1,True
49-2011,2007,17.84,H_MEDIAN,132750.0,1,True
49-2021,2007,18.89,H_MEDIAN,5570.0,1,True
49-2022,2007,25.989999999999995,H_MEDIAN,189290.0,1,True
49-2091,2007,23.13,H_MEDIAN,16300.0,1,True
49-2092,2007,16.409999999999997,H_MEDIAN,22150.0,1,True
49-2093,2007,21.12,H_MEDIAN,18160.0,1,True
49-2094,2007,22.65,H_MEDIAN,79150.0,1,True
49-2095,2007,28.350000000000005,H_MEDIAN,23320.0,1,True
49-2096,2007,13.530000000000001,H_MEDIAN,19310.0,1,True
49-2097,2007,15.030000000000001,H_MEDIAN,38170.0,1,True
49-2098,2007,17.02,H_MEDIAN,60700.0,1,True
49-3011,2007,23.56,H_MEDIAN,118780.0,1,True
49-3021,2007,17.160000000000004,H_MEDIAN,152790.0,1,True
49-3022,2007,15.129999999999999,H_MEDIAN,18340.0,1,True
49-3023,2007,16.430000000000003,H_MEDIAN,650780.0,1,True
49-3031,2007,18.580000000000002,H_MEDIAN,250370.0,1,True
49-3041,2007,14.750000000000002,H_MEDIAN,29660.0,1,True
49-3042,2007,19.93,H_MEDIAN,124180.0,1,True
49-3043,2007,21.619999999999997,H_MEDIAN,23190.0,1,True
49-3051,2007,16.450000000000003,H_MEDIAN,19610.0,1,True
49-3052,2007,14.569999999999999,H_MEDIAN,16800.0,1,True
49-3053,2007,13.490000000000004,H_MEDIAN,27560.0,1,True
49-3091,2007,10.49,H_MEDIAN,9130.0,1,True
49-3092,2007,15.270000000000001,H_MEDIAN,14030.0,1,True
49-3093,2007,10.52,H_MEDIAN,100510.0,1,True
49-9011,2007,15.329999999999998,H_MEDIAN,18280.0,1,True
49-9012,2007,22.18,H_MEDIAN,43160.0,1,True
49-9021,2007,18.440000000000005,H_MEDIAN,262570.0,1,False
49-9031,2007,16.14,H_MEDIAN,39130.0,1,True
49-9041,2007,20.36,H_MEDIAN,266550.0,1,True
49-9043,2007,17.11,H_MEDIAN,78760.0,1,True
49-9044,2007,22.159999999999986,H_MEDIAN,49360.0,1,True
49-9045,2007,19.74,H_MEDIAN,2700.0,1,True
49-9051,2007,25.269999999999992,H_MEDIAN,109990.0,1,True
49-9052,2007,22.7,H_MEDIAN,160250.0,1,True
49-9061,2007,17.23,H_MEDIAN,3870.0,1,True
49-9062,2007,19.379999999999995,H_MEDIAN,34080.0,1,True
49-9063,2007,15.400000000000002,H_MEDIAN,5410.0,1,True
49-9064,2007,15.920000000000002,H_MEDIAN,2840.0,1,True
49-9069,2007,22.8,H_MEDIAN,13640.0,1,True
49-9071,2007,15.659999999999997,H_MEDIAN,1308350.0,1,True
49-9081,2007,15.869999999999997,H_MEDIAN,141980.0,1,False
49-9091,2007,13.97,H_MEDIAN,42150.0,1,True
49-9092,2007,20.009999999999998,H_MEDIAN,1980.0,1,True
49-9094,2007,15.98,H_MEDIAN,18750.0,1,True
49-9095,2007,12.83,H_MEDIAN,9150.0,1,True
49-9096,2007,18.950000000000003,H_MEDIAN,12390.0,1,True
49-9097,2007,24.580000000000016,H_MEDIAN,6090.0,1,True
49-9098,2007,11.02,H_MEDIAN,153320.0,1,True
49-9099,2007,15.852154537584482,H_MEDIAN,142970.0,2,False
51-1011,2007,23.400000000000002,H_MEDIAN,666850.0,1,True
51-2011,2007,21.839999999999996,H_MEDIAN,34410.0,1,True
51-2021,2007,13.030000000000001,H_MEDIAN,22300.0,1,True
51-2022,2007,12.760000000000005,H_MEDIAN,216470.0,1,True
51-2023,2007,13.729999999999999,H_MEDIAN,64570.0,1,True
51-2031,2007,15.140000000000004,H_MEDIAN,41100.0,1,True
51-2041,2007,14.920000000000002,H_MEDIAN,107830.0,1,True
51-2051,2007,12.799999999999999,H_MEDIAN,31810.0,1,True
51-2061,2007,13.67,H_MEDIAN,2710.0,1,True
51-2092,2007,11.839999999999998,H_MEDIAN,1167150.0,1,True
51-2099,2007,13.419999999999998,H_MEDIAN,330940.0,1,True
51-3011,2007,10.859999999999998,H_MEDIAN,141560.0,1,True
51-3021,2007,13.209999999999994,H_MEDIAN,128510.0,1,True
51-3022,2007,10.12,H_MEDIAN,150190.0,1,True
51-3023,2007,10.820000000000002,H_MEDIAN,110020.0,1,True
51-3091,2007,12.179999999999998,H_MEDIAN,18130.0,1,True
51-3092,2007,11.410000000000002,H_MEDIAN,99650.0,1,True
51-3093,2007,10.780000000000001,H_MEDIAN,41790.0,1,True
51-3099,2007,12.329999999999998,H_MEDIAN,288480.0,1,False
51-4021,2007,13.82,H_MEDIAN,95330.0,1,True
51-4022,2007,14.54,H_MEDIAN,30130.0,1,True
51-4023,2007,15.670000000000002,H_MEDIAN,37950.0,1,True
51-4031,2007,13.099999999999998,H_MEDIAN,254160.0,1,True
51-4032,2007,14.54,H_MEDIAN,37680.0,1,True
51-4033,2007,13.77,H_MEDIAN,96730.0,1,True
51-4034,2007,15.609999999999998,H_MEDIAN,61140.0,1,True
51-4035,2007,15.359999999999996,H_MEDIAN,26430.0,1,True
51-4041,2007,16.939999999999994,H_MEDIAN,410900.0,1,True
51-4051,2007,16.629999999999995,H_MEDIAN,19180.0,1,True
51-4052,2007,15.199999999999998,H_MEDIAN,15470.0,1,True
51-4061,2007,19.51,H_MEDIAN,9270.0,1,True
51-4062,2007,17.44,H_MEDIAN,7250.0,1,True
51-4071,2007,14.040000000000003,H_MEDIAN,15000.0,1,True
51-4072,2007,12.700000000000001,H_MEDIAN,147850.0,1,True
51-4081,2007,14.609999999999996,H_MEDIAN,91090.0,1,True
51-4111,2007,21.68,H_MEDIAN,92560.0,1,True
51-4121,2007,15.509999999999998,H_MEDIAN,385740.0,1,True
51-4122,2007,14.899999999999997,H_MEDIAN,50820.0,1,True
51-4191,2007,15.030000000000001,H_MEDIAN,25500.0,1,True
51-4192,2007,16.930000000000003,H_MEDIAN,9190.0,1,True
51-4193,2007,13.4,H_MEDIAN,41370.0,1,True
51-4194,2007,14.899999999999997,H_MEDIAN,17240.0,1,True
51-4199,2007,15.750000000000002,H_MEDIAN,47100.0,1,True
51-5111,2007,16.339999999999996,H_MEDIAN,65540.0,1,True
51-5112,2007,15.236573548462308,H_MEDIAN,243110.0,2,False
51-5113,2007,13.859676224802127,H_MEDIAN,112540.0,3,False
51-6011,2007,8.860000000000001,H_MEDIAN,218060.0,1,True
51-6021,2007,8.869999999999997,H_MEDIAN,69260.0,1,True
51-6031,2007,9.31,H_MEDIAN,200340.0,1,True
51-6041,2007,10.369999999999997,H_MEDIAN,7880.0,1,True
51-6042,2007,11.729999999999999,H_MEDIAN,4130.0,1,True
51-6051,2007,10.1,H_MEDIAN,8530.0,1,True
51-6052,2007,11.58,H_MEDIAN,31550.0,1,True
51-6061,2007,11.36,H_MEDIAN,18050.0,1,True
51-6062,2007,10.79,H_MEDIAN,21080.0,1,True
51-6063,2007,11.78,H_MEDIAN,33400.0,1,True
51-6064,2007,11.230000000000002,H_MEDIAN,40450.0,1,True
51-6091,2007,14.339999999999998,H_MEDIAN,15240.0,1,True
51-6092,2007,17.180000000000003,H_MEDIAN,8370.0,1,True
51-6093,2007,13.5,H_MEDIAN,40290.0,1,True
51-6099,2007,11.48,H_MEDIAN,21760.0,1,True
51-7011,2007,13.450000000000001,H_MEDIAN,128730.0,1,True
51-7021,2007,12.420000000000002,H_MEDIAN,23470.0,1,True
51-7031,2007,14.449999999999998,H_MEDIAN,1610.0,1,True
51-7032,2007,15.629999999999997,H_MEDIAN,2040.0,1,True
51-7041,2007,11.939999999999998,H_MEDIAN,58160.0,1,True
51-7042,2007,11.63,H_MEDIAN,95220.0,1,True
51-7099,2007,11.250000000000002,H_MEDIAN,11470.0,1,True
51-8011,2007,33.85,H_MEDIAN,4220.0,1,True
51-8012,2007,30.439999999999998,H_MEDIAN,9410.0,1,True
51-8013,2007,27.230000000000004,H_MEDIAN,34400.0,1,True
51-8021,2007,22.900000000000002,H_MEDIAN,40370.0,1,True
51-8031,2007,17.829999999999995,H_MEDIAN,108290.0,1,True
51-8091,2007,24.45,H_MEDIAN,48030.0,1,True
51-8092,2007,26.27,H_MEDIAN,13190.0,1,True
51-8093,2007,25.490000000000002,H_MEDIAN,43270.0,1,True
51-8099,2007,22.470000000000002,H_MEDIAN,13290.0,1,True
51-9011,2007,21.180000000000003,H_MEDIAN,52620.0,1,True
51-9012,2007,17.28,H_MEDIAN,44310.0,1,True
51-9021,2007,13.790000000000003,H_MEDIAN,42360.0,1,True
51-9022,2007,11.950000000000001,H_MEDIAN,42750.0,1,True
51-9023,2007,14.59,H_MEDIAN,139370.0,1,True
51-9031,2007,11.189999999999998,H_MEDIAN,26180.0,1,True
51-9032,2007,13.7,H_MEDIAN,80260.0,1,True
51-9041,2007,13.460000000000003,H_MEDIAN,88600.0,1,True
51-9051,2007,14.779999999999996,H_MEDIAN,24590.0,1,True
51-9061,2007,14.569999999999999,H_MEDIAN,472900.0,1,True
51-9071,2007,15.0,H_MEDIAN,27160.0,1,True
51-9081,2007,16.099999999999998,H_MEDIAN,44530.0,1,True
51-9082,2007,15.689999999999996,H_MEDIAN,11900.0,1,True
51-9083,2007,12.76,H_MEDIAN,30900.0,1,True
51-9111,2007,11.42,H_MEDIAN,368320.0,1,True
51-9123,2007,11.150000000000002,H_MEDIAN,31740.0,1,True
51-9124,2007,14.476742077593116,H_MEDIAN,153860.0,2,False
51-9141,2007,15.319999999999999,H_MEDIAN,36690.0,1,True
51-9151,2007,10.157354177104686,H_MEDIAN,71780.0,2,False
51-9161,2007,13.330879892853691,H_MEDIAN,428860.0,2,False
51-9162,2007,12.687297013417565,H_MEDIAN,305760.0,2,False
51-9191,2007,12.639999999999999,H_MEDIAN,21670.0,1,True
51-9192,2007,11.070000000000002,H_MEDIAN,16850.0,1,True
51-9193,2007,11.38,H_MEDIAN,9610.0,1,True
51-9194,2007,12.76,H_MEDIAN,11130.0,1,True
51-9195,2007,12.810000000000002,H_MEDIAN,41650.0,1,True
51-9196,2007,15.410000000000002,H_MEDIAN,111250.0,1,True
51-9197,2007,20.06,H_MEDIAN,20530.0,1,True
51-9198,2007,10.139999999999999,H_MEDIAN,524440.0,1,True
51-9199,2007,12.329999999999998,H_MEDIAN,288480.0,1,False
53-1041,2007,18.16,H_MEDIAN,4690.0,1,True
53-1042,2007,19.540000000000003,H_MEDIAN,184400.0,1,True
53-1043,2007,23.969999999999995,H_MEDIAN,223710.0,1,False
53-1044,2007,20.84775085845876,H_MEDIAN,350580.0,2,False
53-1049,2007,23.969999999999995,H_MEDIAN,223710.0,1,False
53-2011,2007,49.80288461538461,A_MEDIAN,78250.0,1,True
53-2012,2007,29.634615384615383,A_MEDIAN,29180.0,1,True
53-2021,2007,54.28999999999999,H_MEDIAN,24180.0,1,True
53-2022,2007,18.419999999999995,H_MEDIAN,6210.0,1,True
53-2031,2007,15.091346153846152,A_MEDIAN,97010.0,1,True
53-3011,2007,10.160000000000002,H_MEDIAN,21520.0,1,True
53-3031,2007,10.28,H_MEDIAN,382360.0,1,True
53-3032,2007,17.41,H_MEDIAN,1693590.0,1,True
53-3033,2007,12.679999999999998,H_MEDIAN,922900.0,1,True
53-3051,2007,12.43,H_MEDIAN,461590.0,1,False
53-3052,2007,15.939999999999998,H_MEDIAN,189050.0,1,True
53-3053,2007,11.739326350092329,H_MEDIAN,627180.0,2,False
53-3054,2007,10.009999999999998,H_MEDIAN,165590.0,1,False
53-3099,2007,11.63,H_MEDIAN,77660.0,1,True
53-4011,2007,27.649999999999995,H_MEDIAN,41760.0,1,True
53-4013,2007,18.76,H_MEDIAN,4950.0,1,True
53-4022,2007,24.51708360928946,H_MEDIAN,23700.0,2,False
53-4031,2007,28.2,H_MEDIAN,37540.0,1,True
53-4041,2007,24.289999999999996,H_MEDIAN,6600.0,1,True
53-4099,2007,18.869999999999997,H_MEDIAN,5210.0,1,True
53-5011,2007,15.659999999999997,H_MEDIAN,32520.0,1,True
53-5021,2007,27.500000000000004,H_MEDIAN,30540.0,1,True
53-5022,2007,15.659999999999997,H_MEDIAN,3250.0,1,True
53-5031,2007,26.970000000000013,H_MEDIAN,13710.0,1,True
53-6011,2007,18.859999999999996,H_MEDIAN,4750.0,1,True
53-6021,2007,8.659999999999998,H_MEDIAN,131860.0,1,True
53-6031,2007,8.789999999999997,H_MEDIAN,93140.0,1,True
53-6032,2007,15.509999999999998,H_MEDIAN,46720.0,1,False
53-6041,2007,18.690000000000005,H_MEDIAN,6550.0,1,True
53-6051,2007,24.73,H_MEDIAN,24130.0,1,True
53-6061,2007,9.76,H_MEDIAN,20690.0,1,True
53-6099,2007,15.509999999999998,H_MEDIAN,46720.0,1,False
53-7011,2007,13.489999999999998,H_MEDIAN,45580.0,1,True
53-7021,2007,19.360000000000003,H_MEDIAN,45720.0,1,True
53-7031,2007,16.46,H_MEDIAN,1910.0,1,True
53-7041,2007,16.719999999999995,H_MEDIAN,3220.0,1,True
53-7051,2007,13.470000000000002,H_MEDIAN,630700.0,1,True
53-7061,2007,8.979999999999999,H_MEDIAN,336210.0,1,True
53-7062,2007,10.53,H_MEDIAN,2363440.0,1,True
53-7063,2007,11.48,H_MEDIAN,143140.0,1,True
53-7064,2007,8.8,H_MEDIAN,798450.0,1,True
53-7065,2007,9.850000000000001,H_MEDIAN,1817650.0,1,True
53-7071,2007,21.819999999999997,H_MEDIAN,4230.0,1,True
53-7072,2007,18.75,H_MEDIAN,10400.0,1,True
53-7073,2007,17.65,H_MEDIAN,15780.0,1,True
53-7081,2007,14.150000000000004,H_MEDIAN,126270.0,1,True
53-7121,2007,15.930000000000005,H_MEDIAN,14870.0,1,True
53-7199,2007,15.710843979599396,H_MEDIAN,111880.0,2,False
