onet_code,task_id,phi
11-1011.00,8823,0.5
11-1011.00,8831,0.0
11-1011.00,8825,0.5
11-1011.00,8826,0.5
11-1011.00,8827,0.5
11-1011.00,8824,0.0
11-1011.00,8836,0.5
11-1011.00,8832,0.5
11-1011.00,8835,0.5
11-1011.00,8833,0.0
11-1011.00,8829,0.5
11-1011.00,8837,0.5
11-1011.00,8830,1.0
11-1011.00,8839,1.0
11-1011.00,8843,0.5
11-1011.00,8834,0.5
11-1011.00,20461,0.5
11-1011.00,8846,0.5
11-1011.00,8848,0.5
11-1011.00,8828,0.5
11-1011.00,8844,0.5
11-1011.00,8845,0.0
11-1011.00,8847,0.5
11-1011.00,8851,0.5
11-1011.00,8838,0.5
11-1011.00,8853,0.5
11-1011.00,8840,0.5
11-1011.00,8849,0.0
11-1011.00,8852,0.0
11-1011.00,8850,0.5
11-1011.00,8842,1.0
11-1011.03,15382,0.5
11-1011.03,15384,0.5
11-1011.03,15379,0.5
11-1011.03,15372,0.0
11-1011.03,15378,0.5
11-1011.03,15380,0.5
11-1011.03,15368,0.5
11-1011.03,15370,1.0
11-1011.03,15375,0.5
11-1011.03,15376,0.5
11-1011.03,15383,0.5
11-1011.03,15377,0.5
11-1011.03,15381,0.5
11-1011.03,15374,0.5
11-1011.03,15373,1.0
11-1011.03,15371,1.0
11-1011.03,15367,0.5
11-1011.03,15369,0.5
11-1021.00,20699,0.5
11-1021.00,933,0.5
11-1021.00,20700,0.5
11-1021.00,20701,0.5
11-1021.00,20702,0.5
11-1021.00,20703,0.5
11-1021.00,20704,0.5
11-1021.00,20705,0.5
11-1021.00,20706,0.5
11-1021.00,20707,0.5
11-1021.00,20708,0.5
11-1021.00,944,0.0
11-1021.00,945,0.5
11-1021.00,948,0.5
11-1021.00,19501,0.5
11-1021.00,947,0.5
11-1021.00,949,0.5
11-1031.00,15267,0.5
11-1031.00,15268,0.0
11-1031.00,15269,0.5
11-1031.00,15270,0.0
11-1031.00,15271,0.5
11-1031.00,15272,0.0
11-1031.00,15273,0.5
11-1031.00,15274,0.5
11-1031.00,15275,0.5
11-1031.00,15276,0.5
11-1031.00,15277,0.5
11-1031.00,15278,0.5
11-1031.00,15279,0.5
11-1031.00,15280,0.5
11-1031.00,15281,0.5
11-1031.00,15282,0.5
11-1031.00,15283,0.0
11-1031.00,15284,1.0
11-1031.00,15285,0.5
11-1031.00,15286,0.0
11-1031.00,15287,0.5
11-1031.00,15288,0.5
11-1031.00,15289,0.5
11-1031.00,15290,0.5
11-1031.00,15291,0.5
11-1031.00,15292,0.5
11-1031.00,15293,0.5
11-1031.00,15294,0.5
11-1031.00,15295,0.0
11-1031.00,15296,0.0
11-2011.00,3224,0.5
11-2011.00,3226,0.5
11-2011.00,3231,0.5
11-2011.00,3242,0.5
11-2011.00,3227,0.5
11-2011.00,3238,0.5
11-2011.00,3237,0.5
11-2011.00,3223,0.5
11-2011.00,3243,0.5
11-2011.00,3233,0.5
11-2011.00,3229,0.5
11-2011.00,3239,0.5
11-2011.00,3234,0.5
11-2011.00,18586,0.5
11-2011.00,3228,0.5
11-2011.00,3235,0.5
11-2011.00,3241,0.5
11-2011.00,3240,0.5
11-2011.00,3236,0.5
11-2011.00,3245,0.0
11-2011.00,3244,0.5
11-2011.00,21217,0.5
11-2011.00,21218,0.5
11-2011.00,21219,0.0
11-2011.00,21220,0.5
11-2011.00,21221,0.5
11-2011.00,21222,0.5
11-2011.00,21223,0.5
11-2011.00,21224,0.5
11-2011.00,21225,0.5
11-2021.00,951,0.5
11-2021.00,20709,0.5
11-2021.00,952,0.5
11-2021.00,950,0.5
11-2021.00,957,1.0
11-2021.00,954,0.0
11-2021.00,956,0.5
11-2021.00,958,0.5
11-2021.00,955,0.5
11-2021.00,961,0.5
11-2021.00,963,0.5
11-2021.00,960,0.5
11-2021.00,964,0.5
11-2021.00,19502,0.5
11-2021.00,965,0.5
11-2021.00,19505,0.5
11-2021.00,962,0.5
11-2021.00,959,0.5
11-2021.00,19503,0.5
11-2021.00,19504,0.5
11-2022.00,3,0.5
11-2022.00,1,0.5
11-2022.00,5,0.5
11-2022.00,14,0.5
11-2022.00,4,0.5
11-2022.00,9,0.5
11-2022.00,2,0.5
11-2022.00,11,0.5
11-2022.00,6,0.5
11-2022.00,15,0.5
11-2022.00,8,0.5
11-2022.00,7,0.5
11-2022.00,10,0.0
11-2022.00,13,0.5
11-2022.00,17,0.5
11-2022.00,12,0.0
11-2022.00,16,0.5
11-2032.00,21226,0.5
11-2032.00,21227,0.5
11-2032.00,21228,0.5
11-2032.00,21229,0.5
11-2032.00,21230,0.5
11-2032.00,21231,0.5
11-2032.00,21232,1.0
11-2032.00,21233,0.0
11-2032.00,21234,0.5
11-2032.00,21235,0.5
11-2032.00,21236,0.5
11-2032.00,21237,0.5
11-2032.00,21238,0.5
11-2032.00,21239,0.5
11-2032.00,21240,0.5
11-2032.00,21241,0.5
11-2032.00,21242,0.5
11-2032.00,21243,0.5
11-2032.00,21244,1.0
11-2032.00,21245,1.0
11-2033.00,21246,0.5
11-2033.00,21247,0.5
11-2033.00,21248,0.5
11-2033.00,21249,0.5
11-2033.00,21250,1.0
11-2033.00,21251,0.5
11-2033.00,21252,0.5
11-2033.00,21253,0.5
11-2033.00,21254,0.5
11-2033.00,21255,0.5
11-2033.00,21256,0.5
11-2033.00,21257,0.5
11-2033.00,21258,0.5
11-2033.00,21259,0.5
11-2033.00,21260,0.5
11-2033.00,21261,1.0
11-3012.00,21,0.5
11-3012.00,20,0.5
11-3012.00,23,0.0
11-3012.00,22,0.5
11-3012.00,30,0.0
11-3012.00,24,0.5
11-3012.00,26,0.5
11-3012.00,19,0.5
11-3012.00,21262,0.5
11-3012.00,21263,0.5
11-3012.00,21264,0.5
11-3012.00,21265,1.0
11-3012.00,21266,1.0
11-3012.00,21267,0.0
11-3012.00,21268,0.5
11-3012.00,21269,0.5
11-3012.00,21270,0.0
11-3012.00,21271,0.0
11-3013.00,21272,0.5
11-3013.00,21273,0.0
11-3013.00,21274,0.0
11-3013.00,21275,0.5
11-3013.00,21276,0.0
11-3013.00,21277,0.5
11-3013.00,21278,0.0
11-3013.00,21279,0.5
11-3013.00,21280,0.5
11-3013.00,21281,0.5
11-3013.00,21282,0.5
11-3013.01,21283,0.5
11-3013.01,21284,0.5
11-3013.01,21285,0.5
11-3013.01,21286,0.5
11-3013.01,21287,0.5
11-3013.01,21288,0.5
11-3013.01,21289,0.5
11-3013.01,21290,0.5
11-3013.01,21291,0.5
11-3013.01,21292,0.5
11-3013.01,21293,0.5
11-3013.01,21294,0.5
11-3013.01,21295,0.5
11-3013.01,21296,0.5
11-3013.01,21297,0.5
11-3013.01,21298,0.5
11-3013.01,21299,0.0
11-3013.01,21300,0.5
11-3013.01,21301,0.5
11-3013.01,21302,0.5
11-3013.01,21303,1.0
11-3013.01,21304,0.5
11-3013.01,21305,0.0
11-3013.01,21306,0.5
11-3013.01,21307,0.5
11-3013.01,21308,0.5
11-3013.01,21309,0.0
11-3013.01,21310,1.0
11-3021.00,968,0.5
11-3021.00,975,0.0
11-3021.00,978,0.5
11-3021.00,969,1.0
11-3021.00,15198,0.5
11-3021.00,971,0.5
11-3021.00,977,0.5
11-3021.00,970,0.5
11-3021.00,967,0.5
11-3021.00,976,0.5
11-3021.00,973,0.5
11-3021.00,972,1.0
11-3021.00,980,0.5
11-3021.00,979,0.5
11-3021.00,974,0.5
11-3021.00,981,0.5
11-3021.00,966,0.5
11-3031.00,21311,0.5
11-3031.00,21319,0.5
11-3031.00,21312,0.5
11-3031.00,21313,0.5
11-3031.00,21315,0.5
11-3031.00,21316,0.5
11-3031.00,21327,0.5
11-3031.00,21322,0.5
11-3031.00,21321,0.5
11-3031.00,21318,0.5
11-3031.00,21320,0.5
11-3031.00,21317,0.5
11-3031.00,21323,0.5
11-3031.00,21325,0.0
11-3031.00,21314,0.5
11-3031.00,21328,0.5
11-3031.00,21326,0.5
11-3031.00,21324,0.5
11-3031.00,21330,0.5
11-3031.00,21331,0.5
11-3031.00,21329,0.5
11-3031.01,8870,0.5
11-3031.01,8858,0.5
11-3031.01,8864,0.5
11-3031.01,20168,0.5
11-3031.01,8861,0.5
11-3031.01,8866,0.5
11-3031.01,8865,0.5
11-3031.01,8872,0.0
11-3031.01,8856,0.5
11-3031.01,8863,0.5
11-3031.01,8867,0.5
11-3031.01,8860,0.5
11-3031.01,8868,0.5
11-3031.01,8859,0.5
11-3031.01,8869,0.5
11-3031.01,8871,0.5
11-3031.01,8855,0.5
11-3031.01,8857,0.5
11-3031.01,8874,0.5
11-3031.01,8873,0.5
11-3031.01,20169,0.5
11-3031.01,8875,0.5
11-3031.03,15678,0.5
11-3031.03,15679,0.5
11-3031.03,15669,0.5
11-3031.03,15676,0.5
11-3031.03,15675,0.5
11-3031.03,15667,0.5
11-3031.03,15668,0.5
11-3031.03,15664,0.5
11-3031.03,15671,0.5
11-3031.03,15665,0.5
11-3031.03,15660,0.5
11-3031.03,15674,0.5
11-3031.03,15662,0.5
11-3031.03,15670,0.5
11-3031.03,15673,0.5
11-3031.03,15677,0.5
11-3031.03,15661,0.5
11-3031.03,15666,0.5
11-3031.03,15672,0.5
11-3031.03,15663,0.5
11-3051.00,39,0.5
11-3051.00,32,0.5
11-3051.00,34,0.5
11-3051.00,35,0.5
11-3051.00,36,0.0
11-3051.00,40,0.5
11-3051.00,38,1.0
11-3051.00,41,0.5
11-3051.00,33,0.5
11-3051.00,44,0.5
11-3051.00,43,0.5
11-3051.00,37,0.5
11-3051.00,45,0.5
11-3051.00,21332,0.5
11-3051.00,21333,0.5
11-3051.00,21334,0.5
11-3051.00,21335,0.5
11-3051.00,21336,0.5
11-3051.00,21337,0.5
11-3051.00,21338,0.5
11-3051.00,21339,0.0
11-3051.01,15405,0.0
11-3051.01,15415,1.0
11-3051.01,15430,0.5
11-3051.01,15414,0.5
11-3051.01,15428,0.5
11-3051.01,15413,0.5
11-3051.01,15429,0.5
11-3051.01,15431,0.5
11-3051.01,15421,0.5
11-3051.01,15424,0.5
11-3051.01,15417,0.5
11-3051.01,15420,0.5
11-3051.01,15411,0.5
11-3051.01,15416,0.5
11-3051.01,15427,0.5
11-3051.01,15418,0.5
11-3051.01,15422,0.5
11-3051.01,15425,0.5
11-3051.01,15423,1.0
11-3051.01,15407,0.5
11-3051.01,15410,0.5
11-3051.01,15408,0.5
11-3051.01,15419,0.5
11-3051.01,15426,0.5
11-3051.01,15409,0.5
11-3051.01,15406,0.5
11-3051.01,15412,0.0
11-3051.02,15446,0.0
11-3051.02,15447,0.5
11-3051.02,15434,1.0
11-3051.02,15443,0.5
11-3051.02,15439,0.0
11-3051.02,15448,0.0
11-3051.02,15445,0.5
11-3051.02,15433,0.5
11-3051.02,15444,0.5
11-3051.02,15436,1.0
11-3051.02,15441,1.0
11-3051.02,15432,0.5
11-3051.02,15442,0.5
11-3051.02,15437,0.5
11-3051.02,15440,0.5
11-3051.02,15438,0.5
11-3051.02,15435,0.0
11-3051.03,15454,0.0
11-3051.03,15462,0.5
11-3051.03,15450,0.5
11-3051.03,15453,0.5
11-3051.03,15456,0.5
11-3051.03,15458,0.0
11-3051.03,15461,0.0
11-3051.03,15449,0.5
11-3051.03,15455,0.0
11-3051.03,15451,0.0
11-3051.03,15452,0.0
11-3051.03,15460,0.5
11-3051.03,15457,0.5
11-3051.03,15459,0.5
11-3051.04,21162,0.5
11-3051.04,15471,0.5
11-3051.04,15470,0.5
11-3051.04,15468,0.0
11-3051.04,15478,0.0
11-3051.04,15480,0.0
11-3051.04,15474,0.5
11-3051.04,15473,0.5
11-3051.04,15477,0.5
11-3051.04,15476,0.5
11-3051.04,15472,0.5
11-3051.04,15464,0.5
11-3051.04,15465,0.0
11-3051.04,15469,0.0
11-3051.04,15466,1.0
11-3051.04,15479,0.5
11-3051.04,15467,0.0
11-3051.04,15463,0.0
11-3051.04,15475,0.0
11-3051.06,15520,0.0
11-3051.06,15515,0.5
11-3051.06,15512,1.0
11-3051.06,15509,0.0
11-3051.06,15513,0.0
11-3051.06,15514,0.0
11-3051.06,15519,0.5
11-3051.06,15508,0.5
11-3051.06,15518,0.5
11-3051.06,15504,0.5
11-3051.06,15503,0.0
11-3051.06,15505,0.0
11-3051.06,15507,0.5
11-3051.06,15506,0.5
11-3051.06,15516,0.5
11-3051.06,15502,0.5
11-3051.06,15510,0.0
11-3051.06,15517,0.5
11-3051.06,15511,0.5
11-3061.00,1030,0.5
11-3061.00,21039,0.5
11-3061.00,1027,1.0
11-3061.00,1033,0.5
11-3061.00,1032,0.5
11-3061.00,1021,0.5
11-3061.00,1024,0.0
11-3061.00,1022,0.5
11-3061.00,1031,0.5
11-3061.00,1023,0.5
11-3061.00,1025,1.0
11-3061.00,1029,0.5
11-3061.00,1035,1.0
11-3061.00,1020,1.0
11-3061.00,1026,0.5
11-3061.00,1028,0.5
11-3061.00,1034,0.5
11-3061.00,1036,0.5
11-3071.00,21340,0.5
11-3071.00,21341,0.5
11-3071.00,21342,0.0
11-3071.00,21343,0.5
11-3071.00,21344,0.5
11-3071.00,21345,0.5
11-3071.00,21346,0.5
11-3071.00,21347,1.0
11-3071.00,21348,0.5
11-3071.00,21349,0.5
11-3071.00,21350,0.5
11-3071.00,21351,0.5
11-3071.00,21352,0.5
11-3071.00,21353,0.5
11-3071.00,21354,0.5
11-3071.00,21355,0.0
11-3071.00,21356,0.5
11-3071.00,21357,0.5
11-3071.00,21358,0.5
11-3071.00,21359,0.5
11-3071.00,21360,0.5
11-3071.00,21361,0.5
11-3071.00,21362,0.5
11-3071.00,21363,0.5
11-3071.00,21364,0.5
11-3071.00,21365,0.5
11-3071.00,21366,0.5
11-3071.00,21367,0.5
11-3071.00,21368,0.5
11-3071.00,21369,0.5
11-3071.04,20942,0.5
11-3071.04,20943,0.5
11-3071.04,15680,0.5
11-3071.04,15695,0.5
11-3071.04,20944,0.5
11-3071.04,15700,0.5
11-3071.04,15694,0.5
11-3071.04,15696,0.5
11-3071.04,15685,0.5
11-3071.04,15697,0.5
11-3071.04,20945,0.5
11-3071.04,15701,0.5
11-3071.04,15688,0.5
11-3071.04,20946,0.5
11-3071.04,15698,0.5
11-3071.04,20947,0.5
11-3071.04,15693,0.5
11-3071.04,19541,0.5
11-3071.04,15692,0.5
11-3071.04,15691,0.5
11-3071.04,15681,0.5
11-3071.04,19542,0.5
11-3071.04,19543,0.5
11-3071.04,19546,0.5
11-3071.04,19540,0.5
11-3071.04,20948,0.5
11-3071.04,19545,0.5
11-3071.04,20949,0.0
11-3071.04,19539,0.5
11-3071.04,19544,0.5
11-3111.00,3272,0.5
11-3111.00,3273,0.5
11-3111.00,3268,0.5
11-3111.00,3276,0.5
11-3111.00,3274,0.5
11-3111.00,3267,1.0
11-3111.00,3285,0.5
11-3111.00,3283,1.0
11-3111.00,3290,0.5
11-3111.00,3270,0.0
11-3111.00,3271,0.5
11-3111.00,3287,0.5
11-3111.00,3275,0.5
11-3111.00,3279,0.5
11-3111.00,3266,0.5
11-3111.00,3280,0.5
11-3111.00,3286,1.0
11-3111.00,3281,0.5
11-3111.00,3288,0.5
11-3111.00,3278,0.5
11-3111.00,3277,0.5
11-3111.00,3269,0.0
11-3111.00,3282,0.0
11-3111.00,3289,0.5
11-3121.00,990,0.5
11-3121.00,987,0.5
11-3121.00,988,0.5
11-3121.00,986,0.5
11-3121.00,998,0.0
11-3121.00,999,0.5
11-3121.00,983,0.5
11-3121.00,991,0.5
11-3121.00,1000,0.5
11-3121.00,985,0.5
11-3121.00,997,0.5
11-3121.00,982,0.5
11-3121.00,994,0.5
11-3121.00,995,0.5
11-3121.00,984,0.5
11-3121.00,1003,0.5
11-3121.00,989,0.0
11-3121.00,992,0.5
11-3121.00,1004,0.5
11-3121.00,993,0.5
11-3121.00,1001,0.5
11-3121.00,996,1.0
11-3121.00,1002,0.5
11-3121.00,1005,0.5
11-3121.00,1007,0.5
11-3121.00,1006,0.5
11-3131.00,1015,0.5
11-3131.00,1009,0.5
11-3131.00,1014,0.5
11-3131.00,1019,0.5
11-3131.00,1012,0.5
11-3131.00,1013,1.0
11-3131.00,1010,0.5
11-3131.00,1017,0.0
11-3131.00,1008,0.5
11-3131.00,1011,0.5
11-3131.00,1016,0.5
11-3131.00,1018,0.5
11-9013.00,21370,0.5
11-9013.00,21371,0.0
11-9013.00,21372,0.0
11-9013.00,21373,0.0
11-9013.00,21374,0.5
11-9013.00,21375,0.5
11-9013.00,21376,0.5
11-9013.00,21377,0.5
11-9013.00,21378,1.0
11-9013.00,21379,0.0
11-9013.00,21380,0.5
11-9013.00,21381,0.5
11-9013.00,21382,0.0
11-9013.00,21383,0.5
11-9013.00,21384,0.0
11-9013.00,21385,0.5
11-9013.00,21386,0.5
11-9013.00,21387,0.5
11-9013.00,21388,0.0
11-9013.00,21389,0.5
11-9013.00,21390,0.5
11-9013.00,21391,0.5
11-9013.00,21392,0.5
11-9013.00,21393,0.5
11-9013.00,21394,0.5
11-9013.00,21395,0.5
11-9013.00,21396,0.0
11-9013.00,21397,0.5
11-9013.00,21398,0.5
11-9013.00,21399,0.5
11-9021.00,20332,0.5
11-9021.00,3326,0.5
11-9021.00,20336,1.0
11-9021.00,20340,0.0
11-9021.00,20334,0.5
11-9021.00,3314,0.0
11-9021.00,3315,0.5
11-9021.00,3323,0.5
11-9021.00,3318,0.5
11-9021.00,20333,0.5
11-9021.00,20335,0.5
11-9021.00,3327,0.5
11-9021.00,3325,0.5
11-9021.00,3317,0.5
11-9021.00,20339,0.0
11-9021.00,19522,0.5
11-9021.00,19523,0.5
11-9021.00,19520,0.5
11-9021.00,20337,0.5
11-9021.00,20338,0.5
11-9021.00,19518,0.5
11-9021.00,19524,0.5
11-9021.00,19519,0.5
11-9021.00,19521,0.5
11-9021.00,3331,0.0
11-9031.00,5193,0.0
11-9031.00,5196,0.5
11-9031.00,5198,0.5
11-9031.00,5204,0.0
11-9031.00,5195,0.5
11-9031.00,5202,0.5
11-9031.00,5197,0.5
11-9031.00,5199,0.5
11-9031.00,5194,0.5
11-9031.00,5200,0.5
11-9031.00,5201,0.5
11-9031.00,5203,0.5
11-9031.00,5207,0.5
11-9031.00,5208,0.5
11-9031.00,5206,1.0
11-9031.00,5205,0.5
11-9031.00,5209,0.5
11-9032.00,5222,0.5
11-9032.00,5226,0.5
11-9032.00,5215,0.0
11-9032.00,5232,0.5
11-9032.00,5221,0.5
11-9032.00,5224,0.5
11-9032.00,5212,0.0
11-9032.00,5225,0.0
11-9032.00,21040,0.5
11-9032.00,5223,0.5
11-9032.00,18587,0.5
11-9032.00,18588,0.5
11-9032.00,5219,0.5
11-9032.00,5234,0.5
11-9032.00,5213,0.5
11-9032.00,5231,0.5
11-9032.00,5210,0.5
11-9032.00,5220,0.5
11-9032.00,5228,0.5
11-9032.00,5229,0.5
11-9032.00,5214,0.5
11-9032.00,5216,0.0
11-9032.00,5211,0.5
11-9032.00,18592,0.0
11-9032.00,5227,0.5
11-9032.00,18591,0.5
11-9032.00,5218,0.5
11-9032.00,18590,0.5
11-9032.00,5217,0.0
11-9032.00,18589,0.5
11-9032.00,5230,1.0
11-9032.00,5233,0.5
11-9033.00,21041,0.5
11-9033.00,5235,0.5
11-9033.00,18594,0.5
11-9033.00,18593,0.5
11-9033.00,5236,0.5
11-9033.00,18595,0.5
11-9033.00,5240,0.5
11-9033.00,5239,0.5
11-9033.00,5237,0.0
11-9033.00,21042,0.5
11-9033.00,18596,0.0
11-9033.00,5238,0.0
11-9033.00,5243,0.5
11-9033.00,5242,0.5
11-9033.00,5244,0.5
11-9033.00,5246,0.5
11-9033.00,5249,0.5
11-9033.00,5245,0.5
11-9033.00,5248,1.0
11-9033.00,5250,0.5
11-9033.00,5255,0.5
11-9033.00,5241,0.5
11-9033.00,5253,0.5
11-9033.00,5259,0.5
11-9033.00,5254,0.5
11-9033.00,18597,0.5
11-9033.00,5258,0.5
11-9033.00,5256,0.5
11-9033.00,18598,0.5
11-9041.00,20170,0.5
11-9041.00,20171,0.5
11-9041.00,1071,0.5
11-9041.00,20172,0.5
11-9041.00,1070,0.5
11-9041.00,1060,0.0
11-9041.00,20173,0.5
11-9041.00,20175,0.5
11-9041.00,20176,0.5
11-9041.00,20178,0.5
11-9041.00,20174,0.5
11-9041.00,20177,0.5
11-9041.00,19525,0.5
11-9041.00,19527,0.5
11-9041.00,1063,0.5
11-9041.00,19528,0.5
11-9041.00,20180,0.5
11-9041.00,19526,0.5
11-9041.00,20179,0.5
11-9041.00,1073,0.5
11-9041.00,1074,0.5
11-9041.01,15574,0.5
11-9041.01,15578,0.5
11-9041.01,15567,0.5
11-9041.01,15566,0.5
11-9041.01,15580,0.5
11-9041.01,15576,0.0
11-9041.01,15568,0.5
11-9041.01,15563,0.0
11-9041.01,15579,0.5
11-9041.01,15577,0.0
11-9041.01,15572,0.5
11-9041.01,15565,0.5
11-9041.01,15569,0.5
11-9041.01,15581,0.5
11-9041.01,15564,1.0
11-9041.01,15570,0.0
11-9041.01,15575,1.0
11-9041.01,15573,0.0
11-9041.01,15571,1.0
11-9051.00,1085,1.0
11-9051.00,1078,0.5
11-9051.00,1090,0.5
11-9051.00,1080,0.0
11-9051.00,1079,0.5
11-9051.00,1084,0.5
11-9051.00,1083,0.5
11-9051.00,15199,0.0
11-9051.00,1086,0.5
11-9051.00,1089,0.0
11-9051.00,1098,0.0
11-9051.00,1077,0.0
11-9051.00,1082,0.5
11-9051.00,1096,0.5
11-9051.00,1093,0.5
11-9051.00,1091,0.5
11-9051.00,1088,0.5
11-9051.00,1095,0.5
11-9051.00,1092,0.5
11-9051.00,1094,0.5
11-9051.00,1097,0.0
11-9051.00,1081,0.5
11-9051.00,1087,0.5
11-9051.00,1103,0.5
11-9051.00,1102,0.5
11-9051.00,1100,0.5
11-9051.00,1099,0.5
11-9051.00,1101,1.0
11-9071.00,7186,0.0
11-9071.00,7189,0.0
11-9071.00,7190,1.0
11-9071.00,7196,1.0
11-9071.00,7185,0.5
11-9071.00,20472,0.5
11-9071.00,7193,1.0
11-9071.00,7197,1.0
11-9071.00,7187,1.0
11-9071.00,7191,0.5
11-9071.00,7199,0.5
11-9071.00,7188,0.5
11-9071.00,7192,0.5
11-9071.00,7194,0.5
11-9071.00,7195,0.5
11-9071.00,7200,0.0
11-9071.00,7201,1.0
11-9071.00,7198,0.5
11-9071.00,7202,0.0
11-9072.00,21400,0.0
11-9072.00,21401,0.5
11-9072.00,21402,0.5
11-9072.00,21403,0.0
11-9072.00,21404,1.0
11-9072.00,21405,0.0
11-9072.00,21406,0.5
11-9072.00,21407,0.0
11-9072.00,21408,0.5
11-9072.00,21409,0.0
11-9072.00,21410,0.5
11-9072.00,21411,0.0
11-9072.00,21412,1.0
11-9072.00,21413,0.0
11-9072.00,21414,0.0
11-9072.00,21415,0.5
11-9072.00,21416,1.0
11-9081.00,1105,0.5
11-9081.00,1108,0.5
11-9081.00,1109,0.0
11-9081.00,1104,0.5
11-9081.00,18599,0.5
11-9081.00,1111,0.5
11-9081.00,1113,0.0
11-9081.00,1112,0.5
11-9081.00,1107,0.5
11-9081.00,1116,0.5
11-9081.00,1106,0.5
11-9081.00,1123,0.5
11-9081.00,1118,0.5
11-9081.00,1119,0.5
11-9081.00,18600,0.5
11-9081.00,1115,0.5
11-9081.00,1117,1.0
11-9081.00,1114,0.5
11-9081.00,1121,0.5
11-9081.00,1122,0.5
11-9081.00,1125,0.0
11-9081.00,1120,0.5
11-9081.00,1124,0.5
11-9081.00,1126,0.5
11-9111.00,46,0.5
11-9111.00,49,0.5
11-9111.00,58,0.5
11-9111.00,51,0.5
11-9111.00,55,0.5
11-9111.00,52,0.5
11-9111.00,54,0.5
11-9111.00,48,0.5
11-9111.00,56,0.5
11-9111.00,53,0.0
11-9111.00,47,0.5
11-9111.00,50,0.5
11-9111.00,61,0.5
11-9111.00,57,0.5
11-9111.00,62,0.5
11-9111.00,59,0.0
11-9111.00,63,0.5
11-9111.00,60,0.0
11-9121.00,7209,0.5
11-9121.00,7207,0.5
11-9121.00,7205,0.5
11-9121.00,7208,0.5
11-9121.00,7203,0.5
11-9121.00,7204,0.5
11-9121.00,7210,0.5
11-9121.00,7206,1.0
11-9121.00,7211,0.5
11-9121.00,7215,0.5
11-9121.00,7217,0.5
11-9121.00,7214,1.0
11-9121.00,7212,0.5
11-9121.00,7218,0.5
11-9121.00,7213,0.5
11-9121.00,7216,0.5
11-9121.01,15612,0.5
11-9121.01,15587,0.0
11-9121.01,15610,0.5
11-9121.01,15595,1.0
11-9121.01,15602,0.5
11-9121.01,15594,0.5
11-9121.01,15613,0.5
11-9121.01,15597,0.5
11-9121.01,15614,0.5
11-9121.01,15603,0.5
11-9121.01,15593,0.5
11-9121.01,15608,0.5
11-9121.01,15592,0.5
11-9121.01,15609,1.0
11-9121.01,15605,0.0
11-9121.01,15601,0.5
11-9121.01,15600,1.0
11-9121.01,15585,0.5
11-9121.01,15598,0.5
11-9121.01,15606,0.5
11-9121.01,15596,0.5
11-9121.01,15591,0.5
11-9121.01,15607,0.5
11-9121.01,15583,0.5
11-9121.01,15599,0.0
11-9121.01,15589,1.0
11-9121.01,15604,0.5
11-9121.01,15611,0.5
11-9121.01,15588,0.5
11-9121.01,15590,0.5
11-9121.01,15584,1.0
11-9121.01,15582,0.5
11-9121.01,15586,0.5
11-9121.02,15618,0.5
11-9121.02,15633,0.5
11-9121.02,15631,0.5
11-9121.02,15634,0.5
11-9121.02,15630,0.5
11-9121.02,15616,0.5
11-9121.02,15624,0.5
11-9121.02,15628,0.5
11-9121.02,15621,1.0
11-9121.02,15632,0.5
11-9121.02,15623,0.5
11-9121.02,15620,0.5
11-9121.02,15627,0.5
11-9121.02,15635,0.5
11-9121.02,15619,0.5
11-9121.02,15622,0.5
11-9121.02,15629,0.5
11-9121.02,15615,0.0
11-9121.02,15617,0.5
11-9121.02,15626,0.5
11-9121.02,15625,0.5
11-9131.00,20842,0.5
11-9131.00,5260,0.5
11-9131.00,5262,0.5
11-9131.00,5264,0.5
11-9131.00,5261,0.5
11-9131.00,5263,0.5
11-9131.00,5265,1.0
11-9131.00,5266,0.5
11-9131.00,5270,0.5
11-9131.00,5269,1.0
11-9131.00,5268,0.0
11-9131.00,5267,0.0
11-9131.00,5271,0.5
11-9141.00,7228,0.5
11-9141.00,7224,0.5
11-9141.00,7223,0.5
11-9141.00,7220,0.5
11-9141.00,7241,0.5
11-9141.00,7229,0.5
11-9141.00,7234,0.5
11-9141.00,7231,0.5
11-9141.00,7236,0.5
11-9141.00,7222,0.5
11-9141.00,7221,0.5
11-9141.00,7226,0.5
11-9141.00,7238,0.0
11-9141.00,7232,0.5
11-9141.00,7230,0.5
11-9141.00,7239,0.5
11-9141.00,7235,0.5
11-9141.00,7233,0.5
11-9141.00,7240,0.0
11-9141.00,7227,0.5
11-9141.00,7237,0.0
11-9141.00,7219,0.0
11-9141.00,7245,0.5
11-9141.00,7225,0.5
11-9141.00,7243,0.5
11-9141.00,7242,0.5
11-9141.00,7244,0.5
11-9151.00,1131,0.5
11-9151.00,1129,0.0
11-9151.00,1130,0.5
11-9151.00,1132,0.5
11-9151.00,1128,1.0
11-9151.00,18463,0.0
11-9151.00,1127,0.0
11-9151.00,1135,0.5
11-9151.00,1133,0.5
11-9151.00,18464,0.5
11-9151.00,1139,0.5
11-9151.00,1134,0.0
11-9151.00,1138,0.5
11-9151.00,1137,0.5
11-9151.00,1136,0.5
11-9151.00,1141,0.5
11-9161.00,7253,0.5
11-9161.00,7260,0.5
11-9161.00,7254,0.5
11-9161.00,7257,0.5
11-9161.00,7258,0.0
11-9161.00,7272,0.5
11-9161.00,7261,0.5
11-9161.00,7266,0.5
11-9161.00,7263,0.5
11-9161.00,7265,0.0
11-9161.00,7262,0.0
11-9161.00,7255,0.5
11-9161.00,7264,0.5
11-9161.00,7259,0.5
11-9161.00,7269,0.5
11-9161.00,7267,0.5
11-9161.00,7256,0.5
11-9161.00,7268,0.5
11-9161.00,7275,0.5
11-9161.00,7270,0.5
11-9161.00,7271,0.5
11-9161.00,7273,0.5
11-9161.00,7274,0.0
11-9171.00,18832,0.0
11-9171.00,18833,0.0
11-9171.00,18842,0.0
11-9171.00,18843,0.5
11-9171.00,18835,0.5
11-9171.00,18837,0.0
11-9171.00,18836,0.5
11-9171.00,18840,0.5
11-9171.00,18838,0.5
11-9171.00,18834,0.0
11-9171.00,18851,1.0
11-9171.00,18844,0.5
11-9171.00,18848,1.0
11-9171.00,18846,1.0
11-9171.00,18847,0.5
11-9171.00,18845,0.5
11-9171.00,18841,0.5
11-9171.00,18849,0.5
11-9171.00,18830,0.0
11-9171.00,18839,0.5
11-9171.00,18850,0.5
11-9171.00,18831,0.5
11-9179.01,15558,1.0
11-9179.01,15562,0.5
11-9179.01,15552,0.5
11-9179.01,15557,0.0
11-9179.01,15561,0.0
11-9179.01,15544,0.5
11-9179.01,15559,0.0
11-9179.01,15546,0.0
11-9179.01,15553,0.5
11-9179.01,23945,0.5
11-9179.01,15560,0.5
11-9179.01,15556,0.0
11-9179.01,15548,0.5
11-9179.01,15549,0.0
11-9179.01,15547,0.5
11-9179.01,15550,0.5
11-9179.01,20316,0.5
11-9179.01,15545,0.5
11-9179.01,20317,1.0
11-9179.01,15551,0.5
11-9179.01,20315,0.5
11-9179.01,15555,0.0
11-9179.01,15554,0.0
11-9179.01,20314,0.5
11-9179.02,17612,0.5
11-9179.02,17619,0.5
11-9179.02,17617,1.0
11-9179.02,17605,0.5
11-9179.02,17610,1.0
11-9179.02,17609,0.0
11-9179.02,17601,0.5
11-9179.02,17615,0.5
11-9179.02,17620,0.5
11-9179.02,17611,0.5
11-9179.02,17603,0.5
11-9179.02,17608,0.5
11-9179.02,17607,0.5
11-9179.02,17600,1.0
11-9179.02,17602,0.0
11-9179.02,17618,1.0
11-9179.02,17616,0.0
11-9179.02,17614,1.0
11-9179.02,17613,0.5
11-9179.02,17604,0.0
11-9179.02,17606,0.5
11-9199.01,18035,0.5
11-9199.01,18022,0.5
11-9199.01,18037,0.5
11-9199.01,18026,0.5
11-9199.01,18031,0.5
11-9199.01,18023,0.5
11-9199.01,18030,0.5
11-9199.01,18038,1.0
11-9199.01,18025,0.5
11-9199.01,18024,0.5
11-9199.01,21087,0.5
11-9199.01,18032,0.5
11-9199.01,18029,0.5
11-9199.01,18036,0.5
11-9199.01,18039,0.5
11-9199.01,18042,1.0
11-9199.01,18034,0.5
11-9199.01,18028,0.5
11-9199.01,18040,0.5
11-9199.01,18043,1.0
11-9199.01,18041,0.5
11-9199.01,19529,0.5
11-9199.01,18027,0.5
11-9199.01,18044,0.5
11-9199.01,19531,0.5
11-9199.01,19532,0.5
11-9199.01,19530,0.5
11-9199.02,15645,0.5
11-9199.02,15650,0.5
11-9199.02,21088,0.5
11-9199.02,15653,0.5
11-9199.02,15638,1.0
11-9199.02,15639,0.5
11-9199.02,15656,0.5
11-9199.02,15644,0.5
11-9199.02,15637,0.0
11-9199.02,21089,0.5
11-9199.02,15652,1.0
11-9199.02,15647,0.5
11-9199.02,15655,0.5
11-9199.02,21090,0.5
11-9199.02,15649,0.5
11-9199.02,21091,0.5
11-9199.02,15642,0.5
11-9199.02,15654,0.5
11-9199.02,15646,0.5
11-9199.02,15641,0.5
11-9199.02,21092,0.5
11-9199.02,19533,0.5
11-9199.02,19535,0.5
11-9199.02,19534,0.5
11-9199.02,19537,0.5
11-9199.02,19538,0.5
11-9199.02,15643,0.5
11-9199.02,21093,0.5
11-9199.02,15636,0.5
11-9199.02,19536,0.5
11-9199.08,15800,0.5
11-9199.08,15807,0.5
11-9199.08,15781,0.5
11-9199.08,15791,0.0
11-9199.08,15786,0.0
11-9199.08,15783,0.5
11-9199.08,15806,0.5
11-9199.08,15795,0.0
11-9199.08,15804,0.5
11-9199.08,15799,0.0
11-9199.08,15794,0.5
11-9199.08,15796,1.0
11-9199.08,15802,0.5
11-9199.08,15805,0.5
11-9199.08,15790,0.5
11-9199.08,15789,0.0
11-9199.08,15803,0.5
11-9199.08,15798,0.5
11-9199.08,15801,0.5
11-9199.08,15797,0.5
11-9199.08,15792,0.5
11-9199.08,15782,0.5
11-9199.08,15793,0.5
11-9199.08,15787,0.5
11-9199.08,15784,0.5
11-9199.08,15788,0.5
11-9199.08,15785,1.0
11-9199.09,15822,0.0
11-9199.09,15808,0.5
11-9199.09,15809,0.5
11-9199.09,15823,0.0
11-9199.09,15821,0.5
11-9199.09,15819,0.0
11-9199.09,15813,1.0
11-9199.09,15815,0.5
11-9199.09,15810,0.5
11-9199.09,15817,0.5
11-9199.09,15816,0.5
11-9199.09,15818,0.5
11-9199.09,15812,0.5
11-9199.09,15814,0.5
11-9199.09,15811,0.5
11-9199.09,15820,0.5
11-9199.10,15836,0.5
11-9199.10,15834,0.5
11-9199.10,15827,0.5
11-9199.10,15838,0.5
11-9199.10,15824,0.5
11-9199.10,15835,0.5
11-9199.10,15830,1.0
11-9199.10,15828,0.5
11-9199.10,15837,0.5
11-9199.10,15829,0.5
11-9199.10,15826,0.5
11-9199.10,15833,0.5
11-9199.10,15831,0.5
11-9199.10,15825,0.5
11-9199.10,15832,0.5
11-9199.11,15849,0.5
11-9199.11,15857,0.5
11-9199.11,23901,0.5
11-9199.11,15848,0.5
11-9199.11,15850,0.5
11-9199.11,15858,0.5
11-9199.11,15852,0.5
11-9199.11,15854,0.5
11-9199.11,15839,0.5
11-9199.11,15843,0.5
11-9199.11,15847,0.5
11-9199.11,15846,1.0
11-9199.11,15856,0.0
11-9199.11,15860,0.5
11-9199.11,15859,0.5
11-9199.11,15845,0.5
11-9199.11,15844,0.5
11-9199.11,15853,0.0
11-9199.11,15855,0.5
11-9199.11,15840,0.5
11-9199.11,15841,0.0
11-9199.11,15851,0.5
11-9199.11,15842,0.5
13-1011.00,12865,1.0
13-1011.00,21163,1.0
13-1011.00,12870,0.5
13-1011.00,12872,0.0
13-1011.00,12869,0.5
13-1011.00,12866,0.5
13-1011.00,12867,0.5
13-1011.00,12868,0.5
13-1011.00,12873,0.5
13-1011.00,12871,0.5
13-1011.00,12877,0.5
13-1011.00,12874,0.5
13-1011.00,12876,0.5
13-1011.00,12875,0.5
13-1021.00,12878,0.5
13-1021.00,12880,0.5
13-1021.00,12879,0.5
13-1021.00,12881,0.5
13-1021.00,12883,0.5
13-1021.00,12882,0.5
13-1021.00,12884,0.5
13-1021.00,12885,0.5
13-1021.00,12887,0.5
13-1021.00,12889,0.5
13-1021.00,12886,1.0
13-1021.00,12888,0.5
13-1022.00,20710,0.5
13-1022.00,20711,0.5
13-1022.00,20712,0.5
13-1022.00,20713,0.5
13-1022.00,20714,0.5
13-1022.00,68,0.5
13-1022.00,66,0.5
13-1022.00,20715,0.5
13-1022.00,20716,0.5
13-1022.00,20717,0.0
13-1022.00,72,0.5
13-1022.00,77,1.0
13-1022.00,76,0.0
13-1022.00,78,0.5
13-1022.00,79,0.5
13-1022.00,19547,0.5
13-1022.00,19548,0.5
13-1022.00,19549,0.5
13-1022.00,19550,0.5
13-1022.00,19551,0.5
13-1023.00,1146,0.5
13-1023.00,1143,0.5
13-1023.00,1147,0.5
13-1023.00,1142,0.5
13-1023.00,1145,0.5
13-1023.00,1159,0.5
13-1023.00,1156,0.0
13-1023.00,1151,0.5
13-1023.00,1144,0.5
13-1023.00,1149,0.5
13-1023.00,1150,0.5
13-1023.00,1148,0.5
13-1023.00,1153,0.5
13-1023.00,1157,1.0
13-1023.00,1152,0.5
13-1023.00,1158,0.5
13-1023.00,1154,0.5
13-1023.00,1155,0.5
13-1023.00,1160,0.0
13-1031.00,21417,0.5
13-1031.00,21418,0.5
13-1031.00,21426,0.5
13-1031.00,21423,0.5
13-1031.00,21428,0.5
13-1031.00,21419,0.5
13-1031.00,21420,0.5
13-1031.00,21421,0.5
13-1031.00,21422,0.5
13-1031.00,21429,1.0
13-1031.00,21425,0.5
13-1031.00,21424,0.5
13-1031.00,21432,0.5
13-1031.00,21427,0.5
13-1031.00,21434,0.5
13-1031.00,21430,0.5
13-1031.00,21431,0.5
13-1031.00,21433,0.5
13-1031.00,21435,0.5
13-1031.00,21439,0.5
13-1031.00,21443,0.0
13-1031.00,21436,0.5
13-1031.00,21437,0.5
13-1031.00,21440,1.0
13-1031.00,21441,1.0
13-1031.00,21438,0.5
13-1031.00,21442,0.5
13-1031.00,21444,0.5
13-1031.00,21445,0.5
13-1032.00,7249,0.5
13-1032.00,7247,0.5
13-1032.00,7248,0.5
13-1032.00,7251,0.5
13-1032.00,7246,0.5
13-1032.00,7250,0.5
13-1032.00,7252,0.5
13-1041.00,21446,1.0
13-1041.00,21447,0.5
13-1041.00,21448,1.0
13-1041.00,21449,1.0
13-1041.00,21450,1.0
13-1041.00,21451,0.5
13-1041.00,21452,0.5
13-1041.00,21453,0.5
13-1041.00,21454,0.0
13-1041.00,21455,0.0
13-1041.00,21456,1.0
13-1041.00,21457,1.0
13-1041.00,21458,0.5
13-1041.00,21459,0.5
13-1041.00,21460,0.5
13-1041.00,21461,0.5
13-1041.01,10829,0.5
13-1041.01,10831,1.0
13-1041.01,10835,0.5
13-1041.01,10841,0.5
13-1041.01,10832,0.0
13-1041.01,10837,0.5
13-1041.01,10839,0.0
13-1041.01,10843,0.0
13-1041.01,10834,0.5
13-1041.01,10830,0.5
13-1041.01,10833,1.0
13-1041.01,10842,0.5
13-1041.01,10838,0.0
13-1041.01,10840,0.5
13-1041.01,10850,0.5
13-1041.01,10836,0.0
13-1041.01,10846,0.5
13-1041.01,10844,1.0
13-1041.01,10853,1.0
13-1041.01,10849,0.5
13-1041.01,10847,0.0
13-1041.01,10845,0.5
13-1041.01,10848,0.5
13-1041.01,10852,0.5
13-1041.01,10851,0.0
13-1041.01,20473,1.0
13-1041.03,10865,0.5
13-1041.03,20719,1.0
13-1041.03,20720,0.0
13-1041.03,10867,1.0
13-1041.03,10866,1.0
13-1041.03,20721,0.0
13-1041.03,20722,1.0
13-1041.03,20723,0.5
13-1041.03,10869,0.5
13-1041.03,10875,0.5
13-1041.03,10871,0.5
13-1041.03,10870,1.0
13-1041.03,10879,0.0
13-1041.03,10877,0.0
13-1041.03,10874,1.0
13-1041.03,10873,0.5
13-1041.03,10876,1.0
13-1041.03,10878,1.0
13-1041.03,10880,0.5
13-1041.04,12890,1.0
13-1041.04,12891,0.5
13-1041.04,20843,0.5
13-1041.04,20844,0.5
13-1041.04,12894,0.5
13-1041.04,12893,0.5
13-1041.04,12900,0.0
13-1041.04,12898,0.0
13-1041.04,20845,0.5
13-1041.04,12899,0.5
13-1041.04,12896,0.0
13-1041.04,12895,0.0
13-1041.04,12892,0.5
13-1041.04,12901,0.5
13-1041.06,8912,0.0
13-1041.06,8913,0.5
13-1041.06,8915,0.5
13-1041.06,8917,0.5
13-1041.06,8928,0.5
13-1041.06,8919,1.0
13-1041.06,8918,0.5
13-1041.06,8926,0.5
13-1041.06,8916,0.5
13-1041.06,8921,0.0
13-1041.06,8924,1.0
13-1041.06,20181,0.0
13-1041.06,8923,0.0
13-1041.06,8920,0.0
13-1041.06,8927,0.0
13-1041.06,8922,0.0
13-1041.06,8925,0.0
13-1041.06,8931,0.0
13-1041.06,8929,1.0
13-1041.06,8930,0.5
13-1041.07,18054,0.5
13-1041.07,18045,0.5
13-1041.07,18061,0.5
13-1041.07,18048,0.5
13-1041.07,18062,0.5
13-1041.07,18049,0.5
13-1041.07,18055,0.5
13-1041.07,18067,0.5
13-1041.07,18052,0.5
13-1041.07,18070,0.5
13-1041.07,18051,0.5
13-1041.07,21094,0.5
13-1041.07,18050,1.0
13-1041.07,18065,0.5
13-1041.07,21095,0.5
13-1041.07,18058,0.5
13-1041.07,18063,0.5
13-1041.07,18060,0.5
13-1041.07,18053,0.5
13-1041.07,18066,1.0
13-1041.07,18059,0.5
13-1041.07,18068,0.5
13-1041.07,18056,0.5
13-1041.07,21096,0.5
13-1041.07,19553,0.5
13-1041.07,18069,0.0
13-1041.07,18064,1.0
13-1041.07,19557,0.5
13-1041.07,19552,0.5
13-1041.07,19554,0.5
13-1041.07,19556,0.5
13-1041.07,19555,0.5
13-1041.08,15945,1.0
13-1041.08,15946,0.5
13-1041.08,15936,0.5
13-1041.08,15942,1.0
13-1041.08,15932,0.5
13-1041.08,15941,1.0
13-1041.08,15933,0.5
13-1041.08,15924,1.0
13-1041.08,15944,0.5
13-1041.08,15926,0.5
13-1041.08,15934,1.0
13-1041.08,15930,0.5
13-1041.08,15937,0.5
13-1041.08,15940,0.5
13-1041.08,15939,0.5
13-1041.08,15928,0.5
13-1041.08,15925,0.5
13-1041.08,15929,0.5
13-1041.08,15943,0.5
13-1041.08,15927,0.5
13-1041.08,15935,1.0
13-1041.08,15931,0.5
13-1041.08,15938,0.5
13-1051.00,20846,0.5
13-1051.00,82,0.5
13-1051.00,84,0.5
13-1051.00,80,0.5
13-1051.00,83,0.5
13-1051.00,81,0.5
13-1051.00,85,0.5
13-1051.00,89,0.5
13-1051.00,90,0.5
13-1051.00,88,0.5
13-1051.00,86,0.5
13-1051.00,91,0.5
13-1051.00,87,0.5
13-1051.00,92,0.5
13-1071.00,18861,1.0
13-1071.00,18859,0.5
13-1071.00,18864,1.0
13-1071.00,18866,1.0
13-1071.00,18852,0.0
13-1071.00,18868,0.5
13-1071.00,18860,1.0
13-1071.00,18871,0.5
13-1071.00,18870,0.5
13-1071.00,18863,1.0
13-1071.00,18856,0.5
13-1071.00,18857,1.0
13-1071.00,18854,1.0
13-1071.00,18862,0.5
13-1071.00,18865,0.5
13-1071.00,18867,0.5
13-1071.00,18853,0.5
13-1071.00,18872,0.5
13-1071.00,18858,0.5
13-1071.00,21097,0.5
13-1071.00,18869,0.5
13-1071.00,18855,0.5
13-1071.00,18876,1.0
13-1071.00,18874,0.5
13-1071.00,18873,0.5
13-1071.00,18875,0.5
13-1074.00,14838,0.5
13-1074.00,14839,0.0
13-1074.00,14840,0.5
13-1074.00,14841,0.0
13-1074.00,14842,0.0
13-1074.00,14843,0.0
13-1074.00,14844,0.0
13-1074.00,14845,0.0
13-1075.00,18886,0.5
13-1075.00,18885,0.5
13-1075.00,18889,0.5
13-1075.00,18895,1.0
13-1075.00,18879,1.0
13-1075.00,18878,0.0
13-1075.00,18882,1.0
13-1075.00,18897,0.5
13-1075.00,18883,0.5
13-1075.00,18891,0.5
13-1075.00,18900,0.5
13-1075.00,18890,0.5
13-1075.00,18884,0.5
13-1075.00,18892,0.5
13-1075.00,18896,0.5
13-1075.00,18877,0.5
13-1075.00,18903,0.5
13-1075.00,18893,0.5
13-1075.00,18880,1.0
13-1075.00,18904,0.0
13-1075.00,18901,0.5
13-1075.00,18881,0.5
13-1075.00,18899,0.5
13-1075.00,18902,0.5
13-1075.00,18894,0.5
13-1075.00,18887,1.0
13-1075.00,18888,0.5
13-1075.00,18898,0.5
13-1081.00,8932,0.0
13-1081.00,8933,0.5
13-1081.00,8950,0.5
13-1081.00,8943,0.5
13-1081.00,8937,0.5
13-1081.00,8934,0.5
13-1081.00,8949,0.5
13-1081.00,8942,0.5
13-1081.00,8939,0.5
13-1081.00,20847,0.5
13-1081.00,8935,0.5
13-1081.00,8940,1.0
13-1081.00,8936,0.0
13-1081.00,8948,0.5
13-1081.00,8938,0.5
13-1081.00,8945,0.5
13-1081.00,8951,0.5
13-1081.00,8952,0.5
13-1081.00,8944,0.5
13-1081.00,8946,0.5
13-1081.00,8941,0.5
13-1081.00,8947,1.0
13-1081.01,15861,0.5
13-1081.01,19996,0.5
13-1081.01,15875,0.5
13-1081.01,19997,0.5
13-1081.01,15867,0.5
13-1081.01,15879,0.5
13-1081.01,19999,0.5
13-1081.01,15877,0.5
13-1081.01,15872,0.5
13-1081.01,15876,0.5
13-1081.01,15874,0.5
13-1081.01,15864,0.5
13-1081.01,19995,0.5
13-1081.01,15866,0.5
13-1081.01,15870,0.5
13-1081.01,20005,0.5
13-1081.01,15880,0.5
13-1081.01,15868,1.0
13-1081.01,20003,0.5
13-1081.01,20006,0.5
13-1081.01,15865,0.5
13-1081.01,15863,0.5
13-1081.01,20000,0.5
13-1081.01,15873,0.5
13-1081.01,20004,0.5
13-1081.01,19998,0.5
13-1081.01,20001,0.5
13-1081.01,20002,0.5
13-1081.01,20007,0.5
13-1081.01,20008,0.5
13-1081.02,15898,0.5
13-1081.02,20009,0.5
13-1081.02,15889,0.5
13-1081.02,15890,0.5
13-1081.02,15903,0.5
13-1081.02,15893,0.5
13-1081.02,15904,0.5
13-1081.02,15895,0.5
13-1081.02,15883,1.0
13-1081.02,15894,0.5
13-1081.02,15905,0.5
13-1081.02,15897,0.5
13-1081.02,15899,1.0
13-1081.02,15888,0.5
13-1081.02,15896,0.5
13-1081.02,15901,0.5
13-1081.02,15902,0.5
13-1081.02,15881,0.5
13-1081.02,15892,0.5
13-1081.02,15900,0.5
13-1081.02,15882,0.5
13-1081.02,15891,1.0
13-1081.02,20010,0.5
13-1081.02,15887,0.5
13-1081.02,15884,0.5
13-1081.02,15886,0.5
13-1081.02,20011,0.5
13-1081.02,15885,0.5
13-1081.02,20014,1.0
13-1081.02,20013,0.5
13-1081.02,20012,0.5
13-1082.00,21462,0.5
13-1082.00,21463,0.5
13-1082.00,21464,0.5
13-1082.00,21465,0.5
13-1082.00,21466,0.5
13-1082.00,21467,0.5
13-1082.00,21468,0.5
13-1082.00,21469,0.5
13-1082.00,21470,0.5
13-1082.00,21471,0.5
13-1082.00,21472,0.5
13-1082.00,21473,0.5
13-1082.00,21474,0.5
13-1082.00,21475,1.0
13-1082.00,21476,0.5
13-1082.00,21477,0.5
13-1082.00,21478,0.5
13-1082.00,21479,0.5
13-1082.00,21480,0.5
13-1082.00,21481,1.0
13-1111.00,7276,0.5
13-1111.00,7278,0.0
13-1111.00,7277,0.5
13-1111.00,7282,0.5
13-1111.00,7285,0.5
13-1111.00,7281,0.0
13-1111.00,7283,0.0
13-1111.00,7280,0.5
13-1111.00,7279,0.5
13-1111.00,7284,1.0
13-1111.00,7286,0.5
13-1121.00,1209,0.5
13-1121.00,1212,1.0
13-1121.00,1214,0.5
13-1121.00,1215,0.5
13-1121.00,1211,0.0
13-1121.00,1216,0.0
13-1121.00,1217,1.0
13-1121.00,1210,0.5
13-1121.00,1219,0.5
13-1121.00,1222,0.5
13-1121.00,1213,0.5
13-1121.00,1226,0.5
13-1121.00,1218,0.5
13-1121.00,1221,0.5
13-1121.00,1220,0.5
13-1121.00,1223,0.5
13-1121.00,1224,0.5
13-1121.00,1229,0.5
13-1121.00,1228,0.5
13-1121.00,1225,0.5
13-1121.00,1227,0.0
13-1131.00,18917,0.5
13-1131.00,18922,0.5
13-1131.00,18931,1.0
13-1131.00,18923,0.5
13-1131.00,18907,0.5
13-1131.00,18912,0.5
13-1131.00,18911,0.5
13-1131.00,18925,0.5
13-1131.00,18926,0.5
13-1131.00,18910,0.5
13-1131.00,18914,0.0
13-1131.00,18915,0.5
13-1131.00,18919,0.5
13-1131.00,18921,0.5
13-1131.00,18906,0.5
13-1131.00,18905,0.0
13-1131.00,18932,1.0
13-1131.00,18916,1.0
13-1131.00,18908,0.5
13-1131.00,18924,1.0
13-1131.00,18918,0.5
13-1131.00,18920,0.5
13-1131.00,18913,0.5
13-1131.00,18930,0.5
13-1131.00,18909,0.5
13-1131.00,18927,0.0
13-1131.00,18928,0.5
13-1131.00,18929,0.0
13-1141.00,3351,0.5
13-1141.00,3352,0.5
13-1141.00,3356,0.5
13-1141.00,3355,0.5
13-1141.00,3368,0.5
13-1141.00,3353,0.5
13-1141.00,3362,0.5
13-1141.00,3358,0.5
13-1141.00,3354,0.5
13-1141.00,3366,0.5
13-1141.00,3371,0.0
13-1141.00,3370,0.0
13-1141.00,3357,1.0
13-1141.00,3364,0.5
13-1141.00,3359,0.5
13-1141.00,3363,0.5
13-1141.00,3361,0.5
13-1141.00,3365,0.5
13-1141.00,3360,0.5
13-1141.00,3367,0.5
13-1141.00,3369,0.5
13-1141.00,3373,0.5
13-1141.00,3372,1.0
13-1141.00,3374,0.0
13-1151.00,94,0.5
13-1151.00,20475,1.0
13-1151.00,19559,0.5
13-1151.00,97,0.5
13-1151.00,103,0.5
13-1151.00,98,0.5
13-1151.00,20474,0.5
13-1151.00,102,0.5
13-1151.00,101,1.0
13-1151.00,20476,0.5
13-1151.00,106,0.5
13-1151.00,93,0.5
13-1151.00,99,0.5
13-1151.00,100,0.5
13-1151.00,105,0.5
13-1151.00,108,0.5
13-1151.00,20477,0.5
13-1151.00,95,0.5
13-1151.00,111,0.5
13-1151.00,19558,0.5
13-1161.00,5434,0.5
13-1161.00,5433,0.5
13-1161.00,5439,0.5
13-1161.00,5435,0.5
13-1161.00,5443,0.5
13-1161.00,5438,0.5
13-1161.00,5437,0.5
13-1161.00,5436,0.5
13-1161.00,5441,0.5
13-1161.00,5442,0.5
13-1161.00,5440,0.5
13-1161.00,5445,0.5
13-1161.00,5444,0.5
13-1161.01,20328,0.5
13-1161.01,20329,0.5
13-1161.01,16192,0.5
13-1161.01,16182,0.5
13-1161.01,16190,0.5
13-1161.01,20320,1.0
13-1161.01,20318,0.5
13-1161.01,20326,0.5
13-1161.01,20321,1.0
13-1161.01,20319,0.5
13-1161.01,16189,0.5
13-1161.01,20330,0.5
13-1161.01,20327,0.5
13-1161.01,16191,0.5
13-1161.01,16186,0.5
13-1161.01,16179,0.5
13-1161.01,20322,0.5
13-1161.01,16188,0.5
13-1161.01,16175,0.5
13-1161.01,16193,0.5
13-1161.01,16172,0.5
13-1161.01,20331,0.5
13-1161.01,16185,0.5
13-1161.01,20325,0.5
13-1161.01,16187,0.5
13-1161.01,16174,0.5
13-1161.01,16184,1.0
13-1161.01,16183,0.5
13-1161.01,16177,0.5
13-1161.01,20324,0.5
13-1161.01,16178,0.5
13-1161.01,16181,0.5
13-1161.01,16180,0.5
13-1161.01,20323,0.5
13-1161.01,16173,0.5
13-1161.01,16176,1.0
13-1199.04,15965,0.5
13-1199.04,15962,0.5
13-1199.04,15956,0.5
13-1199.04,15960,0.5
13-1199.04,15947,1.0
13-1199.04,15957,0.5
13-1199.04,15963,0.5
13-1199.04,15951,1.0
13-1199.04,15964,0.5
13-1199.04,15961,0.5
13-1199.04,15949,0.5
13-1199.04,15954,1.0
13-1199.04,15959,0.5
13-1199.04,15955,0.5
13-1199.04,15958,0.5
13-1199.04,15953,0.5
13-1199.04,15948,0.5
13-1199.04,15952,0.5
13-1199.04,15967,0.5
13-1199.04,15966,0.5
13-1199.04,15950,0.5
13-1199.05,15981,0.5
13-1199.05,15980,0.5
13-1199.05,15979,0.5
13-1199.05,15973,0.5
13-1199.05,15968,1.0
13-1199.05,15976,0.5
13-1199.05,15975,1.0
13-1199.05,15978,0.5
13-1199.05,15969,0.5
13-1199.05,15970,0.5
13-1199.05,15971,0.5
13-1199.05,15977,0.5
13-1199.05,15974,0.5
13-1199.05,15972,1.0
13-1199.06,15718,0.0
13-1199.06,15731,0.0
13-1199.06,15710,1.0
13-1199.06,15709,1.0
13-1199.06,15728,0.5
13-1199.06,15733,0.5
13-1199.06,15707,0.5
13-1199.06,15730,1.0
13-1199.06,15734,1.0
13-1199.06,15729,0.5
13-1199.06,15703,0.5
13-1199.06,15735,1.0
13-1199.06,15714,0.5
13-1199.06,15732,1.0
13-1199.06,15704,0.5
13-1199.06,15726,0.5
13-1199.06,15711,1.0
13-1199.06,15717,0.5
13-1199.06,15713,0.5
13-1199.06,15721,0.5
13-1199.06,15705,0.0
13-1199.06,15719,0.5
13-1199.06,15725,0.5
13-1199.06,15708,1.0
13-1199.06,15727,1.0
13-1199.06,15716,0.5
13-1199.06,15715,1.0
13-1199.06,15724,1.0
13-1199.06,15722,1.0
13-1199.06,15723,1.0
13-1199.06,15720,0.5
13-1199.06,15702,0.5
13-1199.06,15706,0.5
13-1199.06,15712,0.5
13-1199.07,21482,0.5
13-1199.07,21483,0.5
13-1199.07,21484,0.5
13-1199.07,21485,0.5
13-1199.07,21486,0.5
13-1199.07,21487,0.5
13-1199.07,21488,0.5
13-1199.07,21489,1.0
13-1199.07,21490,0.0
13-1199.07,21491,0.5
13-1199.07,21492,1.0
13-1199.07,21493,0.5
13-1199.07,21494,0.5
13-1199.07,21495,0.5
13-1199.07,21496,0.5
13-1199.07,21497,1.0
13-1199.07,21498,1.0
13-1199.07,21499,0.5
13-1199.07,21500,0.5
13-1199.07,21501,0.0
13-1199.07,21502,0.5
13-1199.07,21503,0.5
13-1199.07,21504,0.0
13-2011.00,21505,1.0
13-2011.00,21506,0.5
13-2011.00,21507,0.5
13-2011.00,21508,0.5
13-2011.00,21509,0.5
13-2011.00,21510,0.5
13-2011.00,21511,0.5
13-2011.00,21512,0.5
13-2011.00,21513,0.5
13-2011.00,21514,0.5
13-2011.00,21515,1.0
13-2011.00,21516,0.5
13-2011.00,21517,1.0
13-2011.00,21518,0.5
13-2011.00,21519,0.5
13-2011.00,21520,0.5
13-2011.00,21521,0.5
13-2011.00,21522,0.5
13-2011.00,21523,0.5
13-2011.00,21524,0.5
13-2011.00,21525,0.5
13-2011.00,21526,0.5
13-2011.00,21527,0.5
13-2011.00,21528,0.5
13-2011.00,21529,0.5
13-2011.00,21530,0.5
13-2011.00,21531,0.5
13-2011.00,21532,0.5
13-2011.00,21533,0.5
13-2011.00,21534,0.5
13-2022.00,21535,0.5
13-2022.00,21536,0.5
13-2022.00,21537,1.0
13-2022.00,21538,0.5
13-2022.00,21539,0.5
13-2022.00,21540,0.5
13-2022.00,21541,0.5
13-2022.00,21542,0.5
13-2022.00,21543,0.5
13-2022.00,21544,0.5
13-2022.00,21545,0.5
13-2022.00,21546,0.5
13-2022.00,21547,0.5
13-2022.00,21548,1.0
13-2023.00,21549,0.5
13-2023.00,21550,0.5
13-2023.00,21551,0.5
13-2023.00,21552,0.5
13-2023.00,21553,0.5
13-2023.00,21554,0.5
13-2023.00,21555,0.5
13-2023.00,21556,0.5
13-2023.00,21557,0.5
13-2023.00,21558,0.5
13-2023.00,21559,0.5
13-2023.00,21560,0.5
13-2023.00,21561,0.5
13-2023.00,21562,0.5
13-2023.00,21563,0.5
13-2023.00,21564,0.5
13-2023.00,21565,0.5
13-2023.00,21566,0.5
13-2023.00,21567,0.5
13-2023.00,21568,0.0
13-2023.00,21569,0.5
13-2023.00,21570,0.5
13-2023.00,21571,0.5
13-2023.00,21572,0.5
13-2023.00,21573,0.5
13-2023.00,21574,0.5
13-2023.00,21575,1.0
13-2023.00,21576,0.5
13-2023.00,21577,0.5
13-2023.00,21578,0.5
13-2031.00,3399,0.5
13-2031.00,3394,0.5
13-2031.00,3402,0.5
13-2031.00,3395,0.5
13-2031.00,3398,0.5
13-2031.00,3405,0.5
13-2031.00,3401,0.5
13-2031.00,3404,1.0
13-2031.00,3397,0.5
13-2031.00,3396,0.5
13-2031.00,3403,0.5
13-2031.00,3400,0.5
13-2031.00,3406,0.0
13-2041.00,1250,0.5
13-2041.00,1254,0.5
13-2041.00,1255,1.0
13-2041.00,1251,0.5
13-2041.00,1259,0.5
13-2041.00,1257,0.5
13-2041.00,1258,0.5
13-2041.00,21164,0.5
13-2041.00,1252,0.5
13-2041.00,1256,0.5
13-2041.00,1253,0.5
13-2051.00,21579,0.5
13-2051.00,21580,0.5
13-2051.00,21581,0.5
13-2051.00,21582,0.5
13-2051.00,21583,0.5
13-2051.00,21584,0.5
13-2051.00,21585,0.5
13-2051.00,21586,0.5
13-2051.00,21587,0.5
13-2051.00,21588,0.0
13-2051.00,21589,0.5
13-2051.00,21590,0.5
13-2051.00,21591,0.5
13-2051.00,21592,0.5
13-2051.00,21593,0.5
13-2051.00,21594,0.5
13-2051.00,21595,0.5
13-2051.00,21596,0.5
13-2051.00,21597,0.5
13-2051.00,21598,0.5
13-2051.00,21599,0.5
13-2051.00,21600,0.5
13-2051.00,21601,0.5
13-2051.00,21602,0.5
13-2051.00,21603,0.5
13-2051.00,21604,0.0
13-2052.00,12907,0.5
13-2052.00,20182,0.5
13-2052.00,20184,0.5
13-2052.00,12909,0.5
13-2052.00,12904,0.5
13-2052.00,12905,0.5
13-2052.00,20183,0.5
13-2052.00,12915,0.5
13-2052.00,20187,0.5
13-2052.00,20186,1.0
13-2052.00,20189,0.5
13-2052.00,12913,0.5
13-2052.00,20188,0.5
13-2052.00,12914,0.5
13-2052.00,20185,0.5
13-2052.00,12916,0.0
13-2052.00,12917,0.5
13-2052.00,12918,0.5
13-2052.00,19571,0.5
13-2052.00,19570,0.5
13-2052.00,12919,0.5
13-2053.00,21045,0.5
13-2053.00,1261,0.5
13-2053.00,1262,1.0
13-2053.00,1263,0.5
13-2053.00,1265,0.5
13-2053.00,1264,0.5
13-2053.00,1266,0.5
13-2054.00,21605,0.5
13-2054.00,21606,0.5
13-2054.00,21607,0.5
13-2054.00,21608,0.5
13-2054.00,21609,0.5
13-2054.00,21610,0.5
13-2054.00,21611,0.5
13-2054.00,21612,0.5
13-2054.00,21613,0.5
13-2054.00,21614,0.5
13-2054.00,21615,0.5
13-2054.00,21616,0.5
13-2054.00,21617,1.0
13-2054.00,21618,0.5
13-2054.00,21619,0.5
13-2054.00,21620,0.5
13-2054.00,21621,0.5
13-2054.00,21622,0.5
13-2054.00,21623,0.5
13-2054.00,21624,0.5
13-2054.00,21625,0.5
13-2054.00,21626,0.5
13-2054.00,21627,0.5
13-2054.00,21628,0.5
13-2054.00,21629,0.5
13-2054.00,21630,0.5
13-2054.00,21631,0.5
13-2054.00,21632,0.5
13-2054.00,21633,1.0
13-2054.00,21634,0.5
13-2061.00,7324,0.0
13-2061.00,7317,0.5
13-2061.00,7319,0.5
13-2061.00,7327,0.5
13-2061.00,7314,0.5
13-2061.00,7320,0.5
13-2061.00,7316,0.5
13-2061.00,7321,0.5
13-2061.00,7318,0.5
13-2061.00,7322,1.0
13-2061.00,7323,0.5
13-2061.00,7315,0.5
13-2061.00,20190,0.5
13-2061.00,7328,0.5
13-2061.00,7326,0.5
13-2061.00,7325,0.5
13-2061.00,7329,0.5
13-2071.00,18935,1.0
13-2071.00,18938,1.0
13-2071.00,18936,0.5
13-2071.00,18943,0.5
13-2071.00,18934,0.5
13-2071.00,18945,0.5
13-2071.00,18952,1.0
13-2071.00,18939,0.5
13-2071.00,18937,1.0
13-2071.00,18942,1.0
13-2071.00,18940,0.5
13-2071.00,18941,0.5
13-2071.00,18948,0.5
13-2071.00,18950,0.5
13-2071.00,18933,0.5
13-2071.00,18947,0.5
13-2071.00,18944,0.5
13-2071.00,18946,0.5
13-2071.00,18953,1.0
13-2071.00,18955,0.5
13-2071.00,18949,0.5
13-2071.00,18951,0.0
13-2071.00,18954,0.5
13-2072.00,3408,0.5
13-2072.00,3409,0.5
13-2072.00,3407,0.5
13-2072.00,3410,1.0
13-2072.00,3416,0.5
13-2072.00,3413,1.0
13-2072.00,3412,0.5
13-2072.00,3411,0.5
13-2072.00,3418,0.5
13-2072.00,3417,0.5
13-2072.00,3415,0.5
13-2072.00,3421,0.5
13-2072.00,3425,0.5
13-2072.00,3414,1.0
13-2072.00,3422,0.0
13-2072.00,3426,1.0
13-2072.00,3423,0.5
13-2072.00,21635,0.5
13-2072.00,21636,1.0
13-2072.00,21637,0.5
13-2072.00,21638,0.5
13-2072.00,21639,0.5
13-2072.00,21640,0.5
13-2072.00,21641,0.5
13-2072.00,21642,0.5
13-2072.00,21643,0.5
13-2072.00,21644,0.5
13-2072.00,21645,0.5
13-2072.00,21646,0.5
13-2072.00,21647,1.0
13-2081.00,5293,1.0
13-2081.00,5291,0.5
13-2081.00,5294,0.5
13-2081.00,5290,1.0
13-2081.00,5292,0.5
13-2081.00,20016,0.5
13-2081.00,5288,0.5
13-2081.00,5305,0.5
13-2081.00,5302,1.0
13-2081.00,5303,0.5
13-2081.00,5301,0.5
13-2081.00,5295,0.5
13-2081.00,5308,0.0
13-2081.00,5296,0.5
13-2081.00,5289,0.5
13-2081.00,5300,0.5
13-2081.00,5309,0.5
13-2081.00,5310,0.5
13-2081.00,5297,0.5
13-2081.00,5299,0.5
13-2081.00,5312,0.5
13-2081.00,5307,0.5
13-2081.00,5298,1.0
13-2081.00,5306,0.5
13-2081.00,5311,0.5
13-2082.00,7360,0.5
13-2082.00,7358,1.0
13-2082.00,7361,0.5
13-2082.00,7362,0.5
13-2082.00,7359,0.5
13-2082.00,7366,1.0
13-2082.00,7363,0.5
13-2082.00,7364,0.5
13-2082.00,20364,0.5
13-2082.00,20363,0.5
13-2082.00,7365,1.0
13-2082.00,21165,0.5
13-2099.01,15990,1.0
13-2099.01,15983,0.5
13-2099.01,15995,0.5
13-2099.01,15987,1.0
13-2099.01,15997,1.0
13-2099.01,15986,0.5
13-2099.01,15996,1.0
13-2099.01,15991,0.5
13-2099.01,15993,0.5
13-2099.01,15989,0.5
13-2099.01,15994,0.5
13-2099.01,15988,1.0
13-2099.01,15992,0.5
13-2099.01,15984,0.5
13-2099.01,15982,1.0
13-2099.01,15985,1.0
13-2099.01,19575,0.5
13-2099.01,19572,0.5
13-2099.01,19574,0.5
13-2099.01,19576,0.5
13-2099.01,19573,0.5
13-2099.04,16053,1.0
13-2099.04,16046,1.0
13-2099.04,16057,0.5
13-2099.04,16051,0.5
13-2099.04,16049,0.5
13-2099.04,16045,0.5
13-2099.04,16056,0.5
13-2099.04,16048,0.5
13-2099.04,16038,0.5
13-2099.04,16055,0.5
13-2099.04,16043,0.0
13-2099.04,16047,0.5
13-2099.04,16052,0.5
13-2099.04,16054,0.5
13-2099.04,16035,0.5
13-2099.04,16044,0.5
13-2099.04,16040,0.5
13-2099.04,16036,0.5
13-2099.04,16050,0.5
13-2099.04,16041,0.0
13-2099.04,16037,0.5
13-2099.04,16042,0.0
13-2099.04,16039,0.0
15-1211.00,3465,1.0
15-1211.00,20950,1.0
15-1211.00,3470,1.0
15-1211.00,3482,1.0
15-1211.00,3469,0.0
15-1211.00,3467,0.5
15-1211.00,3477,1.0
15-1211.00,3473,0.5
15-1211.00,3468,0.5
15-1211.00,3475,1.0
15-1211.00,3476,1.0
15-1211.00,3464,0.5
15-1211.00,3466,1.0
15-1211.00,3478,1.0
15-1211.00,3481,0.5
15-1211.00,3480,1.0
15-1211.00,3472,1.0
15-1211.00,3474,1.0
15-1211.00,3471,0.0
15-1211.00,3484,1.0
15-1211.00,3483,0.5
15-1211.00,3479,0.5
15-1211.01,18090,0.5
15-1211.01,18096,0.5
15-1211.01,18088,0.5
15-1211.01,18094,0.5
15-1211.01,18093,0.5
15-1211.01,18101,0.5
15-1211.01,18092,0.5
15-1211.01,18103,0.5
15-1211.01,18095,0.5
15-1211.01,18100,0.5
15-1211.01,18097,0.5
15-1211.01,18102,0.5
15-1211.01,18099,0.5
15-1211.01,18089,0.5
15-1211.01,18098,0.5
15-1211.01,18104,0.5
15-1211.01,18091,0.0
15-1212.00,5314,0.5
15-1212.00,5316,0.5
15-1212.00,5321,1.0
15-1212.00,5320,0.5
15-1212.00,5317,1.0
15-1212.00,5323,0.5
15-1212.00,5322,1.0
15-1212.00,5315,1.0
15-1212.00,5319,0.5
15-1212.00,5318,0.5
15-1212.00,5313,0.5
15-1212.00,5324,0.0
15-1221.00,14623,1.0
15-1221.00,14626,1.0
15-1221.00,14624,0.5
15-1221.00,14628,0.0
15-1221.00,14633,1.0
15-1221.00,14629,1.0
15-1221.00,14625,0.5
15-1221.00,14635,0.5
15-1221.00,14627,0.5
15-1221.00,14630,0.5
15-1221.00,14632,1.0
15-1221.00,14634,0.5
15-1221.00,14637,0.5
15-1221.00,14631,0.0
15-1221.00,14636,0.5
15-1231.00,19004,0.0
15-1231.00,18991,1.0
15-1231.00,19003,0.5
15-1231.00,18995,0.5
15-1231.00,18993,1.0
15-1231.00,18992,1.0
15-1231.00,18997,1.0
15-1231.00,19002,0.5
15-1231.00,19010,0.5
15-1231.00,18994,1.0
15-1231.00,18989,0.5
15-1231.00,19000,0.0
15-1231.00,18990,1.0
15-1231.00,18998,1.0
15-1231.00,19001,1.0
15-1231.00,18999,0.0
15-1231.00,19009,0.5
15-1231.00,19006,1.0
15-1231.00,19014,0.5
15-1231.00,19013,0.0
15-1231.00,18996,0.0
15-1231.00,19008,1.0
15-1231.00,19007,1.0
15-1231.00,19011,0.5
15-1231.00,19005,1.0
15-1231.00,19012,0.5
15-1232.00,1282,0.5
15-1232.00,1285,0.5
15-1232.00,1288,1.0
15-1232.00,1286,0.0
15-1232.00,1290,0.5
15-1232.00,1291,1.0
15-1232.00,1283,1.0
15-1232.00,1287,1.0
15-1232.00,1284,0.0
15-1232.00,1292,1.0
15-1232.00,1289,0.5
15-1232.00,1296,1.0
15-1232.00,1295,0.0
15-1232.00,1297,0.5
15-1232.00,1293,1.0
15-1232.00,15204,0.0
15-1241.00,18971,1.0
15-1241.00,18968,0.5
15-1241.00,18979,0.5
15-1241.00,18961,0.5
15-1241.00,18967,1.0
15-1241.00,18965,1.0
15-1241.00,18964,1.0
15-1241.00,18958,0.5
15-1241.00,18987,0.5
15-1241.00,18975,0.5
15-1241.00,18980,1.0
15-1241.00,18956,0.5
15-1241.00,18982,0.5
15-1241.00,18969,1.0
15-1241.00,18974,0.5
15-1241.00,18985,0.5
15-1241.00,18960,0.5
15-1241.00,18973,0.5
15-1241.00,18984,1.0
15-1241.00,18957,0.5
15-1241.00,18981,0.5
15-1241.00,18962,1.0
15-1241.00,18983,0.5
15-1241.00,18972,0.5
15-1241.00,18959,0.0
15-1241.00,18976,1.0
15-1241.00,18970,1.0
15-1241.00,18986,1.0
15-1241.00,18978,0.0
15-1241.00,18966,1.0
15-1241.00,18988,0.5
15-1241.00,18977,1.0
15-1241.00,18963,0.5
15-1241.01,16080,0.5
15-1241.01,16073,0.5
15-1241.01,16058,0.5
15-1241.01,16063,0.5
15-1241.01,16082,0.5
15-1241.01,16060,0.5
15-1241.01,16081,0.5
15-1241.01,16072,0.0
15-1241.01,16078,1.0
15-1241.01,16083,1.0
15-1241.01,20366,0.5
15-1241.01,16074,1.0
15-1241.01,16066,1.0
15-1241.01,16077,1.0
15-1241.01,16064,0.5
15-1241.01,16076,1.0
15-1241.01,16059,0.5
15-1241.01,20365,0.5
15-1241.01,16079,0.0
15-1241.01,16067,0.5
15-1241.01,16065,0.5
15-1241.01,16075,1.0
15-1241.01,16070,1.0
15-1241.01,16061,1.0
15-1241.01,16069,0.5
15-1241.01,16062,0.0
15-1242.00,1300,1.0
15-1242.00,1301,1.0
15-1242.00,1299,1.0
15-1242.00,1305,1.0
15-1242.00,1313,1.0
15-1242.00,1298,1.0
15-1242.00,1309,1.0
15-1242.00,1315,1.0
15-1242.00,1303,0.5
15-1242.00,1314,1.0
15-1242.00,1302,1.0
15-1242.00,1312,0.5
15-1242.00,1306,1.0
15-1242.00,1311,1.0
15-1242.00,21648,1.0
15-1242.00,21649,1.0
15-1242.00,21650,1.0
15-1242.00,21651,1.0
15-1243.00,16109,1.0
15-1243.00,16114,0.5
15-1243.00,16113,0.5
15-1243.00,16108,1.0
15-1243.00,16100,1.0
15-1243.00,16112,1.0
15-1243.00,16115,1.0
15-1243.00,16110,1.0
15-1243.00,16105,1.0
15-1243.00,16101,0.5
15-1243.00,16111,1.0
15-1243.00,16106,1.0
15-1243.00,16107,1.0
15-1243.00,16099,1.0
15-1243.00,16104,1.0
15-1243.00,16102,1.0
15-1243.00,21652,1.0
15-1243.00,21653,1.0
15-1243.00,21654,1.0
15-1243.00,21655,0.5
15-1243.00,21656,0.5
15-1243.00,21657,1.0
15-1243.00,21658,0.5
15-1243.00,21659,0.5
15-1243.00,21660,1.0
15-1243.01,16132,1.0
15-1243.01,16121,0.5
15-1243.01,16124,1.0
15-1243.01,16126,1.0
15-1243.01,16128,1.0
15-1243.01,16127,1.0
15-1243.01,16118,0.5
15-1243.01,16120,1.0
15-1243.01,16133,1.0
15-1243.01,16123,1.0
15-1243.01,16129,1.0
15-1243.01,16131,1.0
15-1243.01,16117,1.0
15-1243.01,16130,1.0
15-1243.01,16122,1.0
15-1243.01,16125,1.0
15-1243.01,16119,1.0
15-1243.01,16116,1.0
15-1244.00,1318,1.0
15-1244.00,1317,1.0
15-1244.00,15205,1.0
15-1244.00,15206,1.0
15-1244.00,1320,1.0
15-1244.00,1325,0.5
15-1244.00,1319,0.5
15-1244.00,1329,1.0
15-1244.00,1324,0.5
15-1244.00,1323,1.0
15-1244.00,1322,1.0
15-1244.00,1321,1.0
15-1244.00,1327,0.0
15-1244.00,1326,0.5
15-1244.00,1330,1.0
15-1244.00,1328,0.5
15-1244.00,1333,0.5
15-1244.00,15208,0.5
15-1244.00,1332,0.0
15-1244.00,15207,0.5
15-1251.00,1273,1.0
15-1251.00,1267,1.0
15-1251.00,1272,1.0
15-1251.00,1270,1.0
15-1251.00,1271,1.0
15-1251.00,1268,1.0
15-1251.00,1276,1.0
15-1251.00,1269,1.0
15-1251.00,1278,1.0
15-1251.00,1277,1.0
15-1251.00,1274,1.0
15-1251.00,1275,1.0
15-1251.00,1279,0.5
15-1251.00,1281,1.0
15-1251.00,21049,1.0
15-1251.00,21050,0.5
15-1251.00,1280,1.0
15-1252.00,21661,1.0
15-1252.00,21662,1.0
15-1252.00,21663,0.5
15-1252.00,21664,1.0
15-1252.00,21665,0.5
15-1252.00,21666,1.0
15-1252.00,21667,1.0
15-1252.00,21668,1.0
15-1252.00,21669,1.0
15-1252.00,21670,1.0
15-1252.00,21671,1.0
15-1252.00,21672,1.0
15-1252.00,21673,1.0
15-1252.00,21674,0.5
15-1252.00,21675,1.0
15-1252.00,21676,1.0
15-1252.00,21677,1.0
15-1252.00,21678,1.0
15-1252.00,21679,0.0
15-1253.00,14642,1.0
15-1253.00,14641,1.0
15-1253.00,14640,1.0
15-1253.00,14638,1.0
15-1253.00,14648,1.0
15-1253.00,14653,1.0
15-1253.00,14652,1.0
15-1253.00,14639,1.0
15-1253.00,14644,1.0
15-1253.00,14649,1.0
15-1253.00,14643,1.0
15-1253.00,14650,1.0
15-1253.00,14646,0.5
15-1253.00,14645,1.0
15-1253.00,14654,1.0
15-1253.00,14655,1.0
15-1253.00,14651,0.5
15-1253.00,14647,1.0
15-1253.00,14658,1.0
15-1253.00,14661,1.0
15-1253.00,14659,1.0
15-1253.00,14656,1.0
15-1253.00,14657,0.5
15-1253.00,14660,0.5
15-1253.00,14662,0.0
15-1253.00,14664,1.0
15-1253.00,14663,1.0
15-1253.00,21680,1.0
15-1253.00,21681,0.0
15-1253.00,21682,1.0
15-1254.00,14707,1.0
15-1254.00,14694,1.0
15-1254.00,14698,1.0
15-1254.00,14711,1.0
15-1254.00,14700,1.0
15-1254.00,14704,1.0
15-1254.00,14710,1.0
15-1254.00,14695,1.0
15-1254.00,14701,0.5
15-1254.00,14702,1.0
15-1254.00,14713,1.0
15-1254.00,14705,1.0
15-1254.00,14697,0.5
15-1254.00,14708,1.0
15-1254.00,14706,0.5
15-1254.00,14726,1.0
15-1254.00,14717,1.0
15-1254.00,14719,1.0
15-1254.00,14728,1.0
15-1254.00,14714,1.0
15-1254.00,14724,1.0
15-1254.00,14722,1.0
15-1254.00,14725,1.0
15-1254.00,14723,0.5
15-1254.00,14729,1.0
15-1254.00,14727,1.0
15-1254.00,14730,1.0
15-1254.00,21683,1.0
15-1254.00,21684,1.0
15-1255.00,21685,0.5
15-1255.00,21686,1.0
15-1255.00,21687,1.0
15-1255.00,21688,0.5
15-1255.00,21689,0.5
15-1255.00,21690,1.0
15-1255.00,21691,1.0
15-1255.00,21692,1.0
15-1255.00,21693,1.0
15-1255.00,21694,0.5
15-1255.00,21695,1.0
15-1255.00,21696,1.0
15-1255.00,21697,0.5
15-1255.00,21698,1.0
15-1255.00,21699,0.5
15-1255.00,21700,1.0
15-1255.00,21701,1.0
15-1255.00,21702,1.0
15-1255.00,21703,0.5
15-1255.00,21704,0.5
15-1255.00,21705,1.0
15-1255.00,21706,1.0
15-1255.00,21707,1.0
15-1255.00,21708,1.0
15-1255.00,21709,0.5
15-1255.00,21710,0.5
15-1255.00,21711,1.0
15-1255.00,21712,1.0
15-1255.00,21713,1.0
15-1255.00,21714,1.0
15-1255.01,16199,0.5
15-1255.01,16208,1.0
15-1255.01,16217,1.0
15-1255.01,16201,0.5
15-1255.01,16214,0.5
15-1255.01,16209,1.0
15-1255.01,16216,0.5
15-1255.01,16198,1.0
15-1255.01,16212,0.5
15-1255.01,16202,1.0
15-1255.01,16211,0.5
15-1255.01,16207,0.5
15-1255.01,16206,0.5
15-1255.01,16204,0.5
15-1255.01,16203,0.5
15-1255.01,16196,0.5
15-1255.01,16194,0.5
15-1255.01,16215,0.5
15-1255.01,16200,1.0
15-1255.01,16213,0.5
15-1255.01,16210,0.5
15-1255.01,16205,0.5
15-1255.01,16197,1.0
15-1255.01,16195,1.0
15-1299.01,14734,0.5
15-1299.01,14741,1.0
15-1299.01,14731,1.0
15-1299.01,14758,1.0
15-1299.01,14748,1.0
15-1299.01,14732,1.0
15-1299.01,14740,1.0
15-1299.01,14735,1.0
15-1299.01,14737,1.0
15-1299.01,14750,1.0
15-1299.01,14756,0.5
15-1299.01,14753,1.0
15-1299.01,14749,0.5
15-1299.01,14738,1.0
15-1299.01,14751,0.5
15-1299.01,14733,1.0
15-1299.01,14743,1.0
15-1299.01,14744,0.5
15-1299.01,14762,1.0
15-1299.01,14739,1.0
15-1299.01,14759,1.0
15-1299.01,14745,1.0
15-1299.01,14742,1.0
15-1299.01,14746,1.0
15-1299.01,14754,1.0
15-1299.01,14761,1.0
15-1299.01,14755,1.0
15-1299.01,14764,1.0
15-1299.01,14752,1.0
15-1299.01,14747,1.0
15-1299.01,14763,1.0
15-1299.01,14765,1.0
15-1299.01,14760,0.5
15-1299.01,14757,1.0
15-1299.01,14736,1.0
15-1299.02,21715,0.5
15-1299.02,21716,0.5
15-1299.02,21717,1.0
15-1299.02,21718,0.5
15-1299.02,21719,1.0
15-1299.02,21720,0.5
15-1299.02,21721,0.5
15-1299.02,21722,0.5
15-1299.02,21723,0.5
15-1299.02,21724,0.5
15-1299.02,21725,0.5
15-1299.02,21726,0.5
15-1299.02,21727,0.5
15-1299.02,21728,0.5
15-1299.02,21729,0.5
15-1299.02,21730,1.0
15-1299.02,21731,0.5
15-1299.02,21732,0.5
15-1299.02,21733,1.0
15-1299.02,21734,1.0
15-1299.02,21735,0.5
15-1299.02,21736,0.5
15-1299.02,21737,0.5
15-1299.02,21738,0.5
15-1299.02,21739,0.5
15-1299.02,21740,0.5
15-1299.02,21741,0.5
15-1299.02,21742,0.5
15-1299.02,21743,0.5
15-1299.03,16234,0.5
15-1299.03,16232,1.0
15-1299.03,16238,0.5
15-1299.03,16239,0.5
15-1299.03,16229,1.0
15-1299.03,16233,0.5
15-1299.03,16237,0.5
15-1299.03,20368,0.5
15-1299.03,16220,1.0
15-1299.03,16219,0.5
15-1299.03,16222,0.5
15-1299.03,20367,0.5
15-1299.03,16231,0.5
15-1299.03,16240,1.0
15-1299.03,16228,1.0
15-1299.03,16226,0.5
15-1299.03,16230,0.5
15-1299.03,16223,0.5
15-1299.03,16236,0.5
15-1299.03,16224,0.5
15-1299.03,16221,0.5
15-1299.03,16227,0.5
15-1299.03,16235,0.5
15-1299.04,21744,0.0
15-1299.04,21745,0.5
15-1299.04,21746,1.0
15-1299.04,21747,1.0
15-1299.04,21748,1.0
15-1299.04,21749,1.0
15-1299.04,21750,1.0
15-1299.04,21751,0.5
15-1299.04,21752,1.0
15-1299.04,21753,0.5
15-1299.04,21754,1.0
15-1299.04,21755,1.0
15-1299.04,21756,1.0
15-1299.04,21757,0.5
15-1299.04,21758,1.0
15-1299.04,21759,0.5
15-1299.04,21760,1.0
15-1299.04,21761,0.5
15-1299.04,21762,1.0
15-1299.04,21763,1.0
15-1299.04,21764,0.5
15-1299.04,21765,1.0
15-1299.05,21766,0.5
15-1299.05,21767,0.5
15-1299.05,21768,1.0
15-1299.05,21769,0.5
15-1299.05,21770,0.5
15-1299.05,21771,1.0
15-1299.05,21772,1.0
15-1299.05,21773,1.0
15-1299.05,21774,0.5
15-1299.05,21775,0.5
15-1299.05,21776,1.0
15-1299.05,21777,0.5
15-1299.05,21778,0.5
15-1299.05,21779,0.5
15-1299.05,21780,0.5
15-1299.05,21781,0.5
15-1299.05,21782,0.5
15-1299.05,21783,0.5
15-1299.05,21784,1.0
15-1299.05,21785,1.0
15-1299.06,21786,1.0
15-1299.06,21787,0.5
15-1299.06,21788,0.5
15-1299.06,21789,0.5
15-1299.06,21790,0.5
15-1299.06,21791,0.5
15-1299.06,21792,1.0
15-1299.06,21793,1.0
15-1299.06,21794,1.0
15-1299.06,21795,0.5
15-1299.06,21796,0.5
15-1299.06,21797,0.5
15-1299.06,21798,0.5
15-1299.06,21799,0.5
15-1299.06,21800,0.5
15-1299.06,21801,1.0
15-1299.06,21802,1.0
15-1299.06,21803,1.0
15-1299.06,21804,1.0
15-1299.06,21805,1.0
15-1299.07,21806,1.0
15-1299.07,21807,1.0
15-1299.07,21808,1.0
15-1299.07,21809,1.0
15-1299.07,21810,0.5
15-1299.07,21811,1.0
15-1299.07,21812,1.0
15-1299.07,21813,1.0
15-1299.07,21814,1.0
15-1299.07,21815,1.0
15-1299.07,21816,1.0
15-1299.07,21817,1.0
15-1299.07,21818,1.0
15-1299.07,21819,1.0
15-1299.07,21820,1.0
15-1299.07,21821,1.0
15-1299.07,21822,1.0
15-1299.08,14669,1.0
15-1299.08,14682,1.0
15-1299.08,14670,1.0
15-1299.08,14673,0.5
15-1299.08,14666,0.5
15-1299.08,14686,1.0
15-1299.08,14667,0.5
15-1299.08,14691,0.5
15-1299.08,14672,1.0
15-1299.08,14668,1.0
15-1299.08,14687,1.0
15-1299.08,14681,0.5
15-1299.08,14675,0.5
15-1299.08,14683,1.0
15-1299.08,14671,0.5
15-1299.08,14674,1.0
15-1299.08,14684,1.0
15-1299.08,14677,1.0
15-1299.08,14688,0.5
15-1299.08,14680,0.5
15-1299.08,14693,1.0
15-1299.08,14685,0.5
15-1299.08,14679,1.0
15-1299.08,14676,0.5
15-1299.08,14692,1.0
15-1299.08,14678,1.0
15-1299.08,14689,0.5
15-1299.08,14690,0.5
15-1299.09,16169,0.5
15-1299.09,16154,0.5
15-1299.09,16157,0.5
15-1299.09,16152,1.0
15-1299.09,16155,0.5
15-1299.09,16159,1.0
15-1299.09,16156,0.5
15-1299.09,16163,0.5
15-1299.09,16164,0.5
15-1299.09,16162,0.5
15-1299.09,16170,0.5
15-1299.09,16151,0.5
15-1299.09,16168,0.5
15-1299.09,16160,0.5
15-1299.09,16166,0.5
15-1299.09,16161,0.5
15-1299.09,16171,1.0
15-1299.09,16153,0.5
15-1299.09,16165,0.5
15-1299.09,16167,0.5
15-1299.09,16158,0.5
15-2011.00,3500,0.5
15-2011.00,3502,0.5
15-2011.00,3504,0.5
15-2011.00,3506,0.5
15-2011.00,3501,0.5
15-2011.00,3508,0.5
15-2011.00,20951,0.5
15-2011.00,3503,0.5
15-2011.00,3512,0.5
15-2011.00,3505,0.5
15-2011.00,3509,0.5
15-2011.00,3507,0.5
15-2011.00,3511,0.5
15-2011.00,3510,0.5
15-2011.00,3513,0.5
15-2021.00,7373,1.0
15-2021.00,20191,1.0
15-2021.00,7369,1.0
15-2021.00,7367,1.0
15-2021.00,7376,1.0
15-2021.00,7371,1.0
15-2021.00,7370,1.0
15-2021.00,7372,1.0
15-2021.00,7374,1.0
15-2021.00,7368,1.0
15-2021.00,7375,1.0
15-2031.00,7377,1.0
15-2031.00,7380,0.5
15-2031.00,7381,0.5
15-2031.00,20952,0.5
15-2031.00,7378,0.5
15-2031.00,7379,0.5
15-2031.00,7383,0.5
15-2031.00,7384,0.5
15-2031.00,7382,0.5
15-2031.00,7387,0.5
15-2031.00,7385,1.0
15-2031.00,7388,1.0
15-2031.00,20953,0.5
15-2031.00,7386,1.0
15-2031.00,7389,0.5
15-2031.00,7390,0.5
15-2041.00,8956,0.5
15-2041.00,8955,0.5
15-2041.00,21100,1.0
15-2041.00,8957,1.0
15-2041.00,20194,1.0
15-2041.00,8953,0.5
15-2041.00,8961,0.5
15-2041.00,8954,1.0
15-2041.00,8965,1.0
15-2041.00,8958,1.0
15-2041.00,20192,0.5
15-2041.00,8959,0.5
15-2041.00,8966,1.0
15-2041.00,8960,0.5
15-2041.00,8963,1.0
15-2041.00,8967,1.0
15-2041.00,21101,1.0
15-2041.00,20193,1.0
15-2041.00,8964,0.5
15-2041.01,16254,0.5
15-2041.01,16265,0.5
15-2041.01,16250,1.0
15-2041.01,16246,1.0
15-2041.01,16243,0.5
15-2041.01,16258,0.5
15-2041.01,16252,0.5
15-2041.01,16249,1.0
15-2041.01,16263,0.5
15-2041.01,16262,0.5
15-2041.01,16257,1.0
15-2041.01,16247,0.5
15-2041.01,16244,0.5
15-2041.01,16251,0.5
15-2041.01,16245,1.0
15-2041.01,16253,0.5
15-2041.01,16241,1.0
15-2041.01,16259,1.0
15-2041.01,16260,0.5
15-2041.01,16264,0.5
15-2041.01,16255,0.5
15-2041.01,16248,1.0
15-2041.01,16261,0.5
15-2041.01,16256,0.5
15-2041.01,16242,0.5
15-2051.00,21823,0.5
15-2051.00,21824,1.0
15-2051.00,21825,1.0
15-2051.00,21826,1.0
15-2051.00,21827,1.0
15-2051.00,21828,0.5
15-2051.00,21829,0.5
15-2051.00,21830,1.0
15-2051.00,21831,0.5
15-2051.00,21832,0.5
15-2051.00,21833,0.5
15-2051.00,21834,1.0
15-2051.00,21835,0.5
15-2051.00,21836,0.5
15-2051.00,21837,1.0
15-2051.00,21838,1.0
15-2051.01,16150,0.5
15-2051.01,16149,0.5
15-2051.01,16135,1.0
15-2051.01,16144,1.0
15-2051.01,16140,0.5
15-2051.01,16146,0.5
15-2051.01,16148,0.5
15-2051.01,16139,1.0
15-2051.01,16136,0.5
15-2051.01,16143,0.5
15-2051.01,16134,1.0
15-2051.01,16141,0.5
15-2051.01,16138,0.5
15-2051.01,16137,1.0
15-2051.01,16147,0.5
15-2051.01,16145,1.0
15-2051.01,16142,1.0
15-2051.02,16281,1.0
15-2051.02,16284,0.5
15-2051.02,16280,0.5
15-2051.02,16285,0.5
15-2051.02,16279,0.5
15-2051.02,16268,1.0
15-2051.02,16286,1.0
15-2051.02,16277,0.5
15-2051.02,16282,0.5
15-2051.02,16278,0.5
15-2051.02,16283,0.5
15-2051.02,16269,0.5
15-2051.02,16270,1.0
15-2051.02,16273,1.0
15-2051.02,16274,0.5
15-2051.02,16276,0.5
15-2051.02,16272,0.5
15-2051.02,16266,0.5
15-2051.02,16275,0.5
15-2051.02,16271,1.0
15-2051.02,16267,0.5
15-2099.01,17709,1.0
15-2099.01,17715,1.0
15-2099.01,17716,0.5
15-2099.01,17721,1.0
15-2099.01,17707,0.5
15-2099.01,17706,1.0
15-2099.01,17710,0.5
15-2099.01,17717,1.0
15-2099.01,17720,1.0
15-2099.01,17714,1.0
15-2099.01,17711,1.0
15-2099.01,17713,1.0
15-2099.01,17712,1.0
15-2099.01,17708,1.0
15-2099.01,17722,0.0
15-2099.01,17724,1.0
15-2099.01,17723,1.0
15-2099.01,17719,1.0
15-2099.01,17718,1.0
17-1011.00,20483,0.5
17-1011.00,20479,0.5
17-1011.00,130,0.5
17-1011.00,131,0.0
17-1011.00,20481,0.0
17-1011.00,20485,0.5
17-1011.00,136,0.5
17-1011.00,20486,0.5
17-1011.00,20484,0.5
17-1011.00,134,0.5
17-1011.00,19596,0.5
17-1011.00,20480,1.0
17-1011.00,138,0.5
17-1011.00,20488,0.5
17-1011.00,139,0.5
17-1011.00,20482,0.5
17-1011.00,19595,0.5
17-1011.00,19593,0.5
17-1011.00,19592,0.5
17-1011.00,19594,0.5
17-1011.00,20487,0.5
17-1011.00,19591,0.5
17-1011.00,19590,0.5
17-1011.00,140,1.0
17-1012.00,18470,0.5
17-1012.00,20369,0.0
17-1012.00,20375,0.5
17-1012.00,20373,0.0
17-1012.00,20371,0.5
17-1012.00,20372,0.5
17-1012.00,20376,0.5
17-1012.00,20374,0.0
17-1012.00,20370,0.5
17-1012.00,19598,0.5
17-1012.00,20379,0.5
17-1012.00,20380,0.5
17-1012.00,20378,0.5
17-1012.00,19597,0.5
17-1012.00,20381,0.5
17-1012.00,19599,0.5
17-1012.00,20377,0.5
17-1012.00,20382,0.5
17-1012.00,19600,0.5
17-1021.00,3517,0.5
17-1021.00,3522,0.5
17-1021.00,3524,0.5
17-1021.00,3526,0.5
17-1021.00,3518,0.5
17-1021.00,3516,0.5
17-1021.00,3514,0.5
17-1021.00,3515,0.5
17-1021.00,3520,0.5
17-1021.00,3523,0.5
17-1021.00,3519,0.5
17-1021.00,3525,1.0
17-1021.00,3521,0.5
17-1021.00,3527,0.5
17-1022.00,3529,0.5
17-1022.00,3530,0.5
17-1022.00,3533,0.5
17-1022.00,3528,0.5
17-1022.00,3534,1.0
17-1022.00,3536,0.5
17-1022.00,3537,0.5
17-1022.00,3539,0.0
17-1022.00,3532,0.5
17-1022.00,3538,0.0
17-1022.00,3541,1.0
17-1022.00,3531,0.5
17-1022.00,3540,0.0
17-1022.00,3543,0.5
17-1022.00,3542,0.5
17-1022.00,20954,0.5
17-1022.00,3535,0.5
17-1022.00,3544,0.5
17-1022.00,3548,0.5
17-1022.00,3549,0.5
17-1022.00,3546,0.5
17-1022.00,3550,0.5
17-1022.00,3545,1.0
17-1022.00,3547,0.5
17-1022.01,16299,0.5
17-1022.01,16302,0.5
17-1022.01,16298,0.0
17-1022.01,16295,0.5
17-1022.01,16292,1.0
17-1022.01,16297,0.0
17-1022.01,16289,0.5
17-1022.01,16300,0.5
17-1022.01,16290,0.5
17-1022.01,16293,0.5
17-1022.01,16291,1.0
17-1022.01,16288,0.5
17-1022.01,16294,1.0
17-1022.01,16287,0.5
17-1022.01,16296,0.5
17-1022.01,16301,0.5
17-2011.00,1339,1.0
17-2011.00,1337,0.0
17-2011.00,20724,0.5
17-2011.00,1345,0.5
17-2011.00,1340,1.0
17-2011.00,1335,0.5
17-2011.00,20725,0.5
17-2011.00,20726,0.5
17-2011.00,1341,0.5
17-2011.00,1346,1.0
17-2011.00,20727,0.5
17-2011.00,20728,0.5
17-2011.00,19604,0.5
17-2011.00,1344,0.5
17-2011.00,19605,0.5
17-2011.00,19601,0.5
17-2011.00,19602,0.5
17-2011.00,19603,0.5
17-2021.00,5336,0.5
17-2021.00,5331,0.5
17-2021.00,5337,0.0
17-2021.00,5329,0.5
17-2021.00,5334,0.5
17-2021.00,5326,1.0
17-2021.00,5327,0.0
17-2021.00,5335,0.5
17-2021.00,5325,0.0
17-2021.00,5328,0.5
17-2021.00,5333,0.5
17-2021.00,5338,0.5
17-2021.00,5330,0.5
17-2021.00,5332,0.5
17-2031.00,8975,0.5
17-2031.00,8979,1.0
17-2031.00,8968,0.5
17-2031.00,8973,0.5
17-2031.00,8972,0.5
17-2031.00,18604,1.0
17-2031.00,18603,0.0
17-2031.00,8980,0.5
17-2031.00,8970,0.5
17-2031.00,21839,0.5
17-2031.00,21840,1.0
17-2031.00,21841,0.5
17-2031.00,21842,0.5
17-2031.00,21843,0.5
17-2031.00,21844,0.5
17-2031.00,21845,0.5
17-2031.00,21846,0.5
17-2031.00,21847,1.0
17-2031.00,21848,0.5
17-2031.00,21849,0.5
17-2031.00,21850,0.5
17-2031.00,21851,1.0
17-2031.00,21852,0.5
17-2031.00,21853,1.0
17-2031.00,21854,0.5
17-2031.00,21855,0.5
17-2031.00,21856,1.0
17-2031.00,21857,0.5
17-2031.00,21858,0.5
17-2031.00,21859,0.5
17-2041.00,20955,0.5
17-2041.00,3552,0.5
17-2041.00,3557,1.0
17-2041.00,18471,0.5
17-2041.00,18472,0.5
17-2041.00,3558,0.5
17-2041.00,3556,0.0
17-2041.00,3554,0.5
17-2041.00,3559,0.5
17-2041.00,3553,0.5
17-2041.00,3555,0.0
17-2041.00,18473,0.5
17-2041.00,3560,0.5
17-2051.00,19610,0.5
17-2051.00,20490,0.0
17-2051.00,148,0.0
17-2051.00,147,0.5
17-2051.00,20491,0.5
17-2051.00,20489,0.5
17-2051.00,20492,0.5
17-2051.00,150,0.5
17-2051.00,151,0.5
17-2051.00,152,1.0
17-2051.00,19607,0.5
17-2051.00,153,0.0
17-2051.00,19611,0.5
17-2051.00,155,0.5
17-2051.00,19606,0.5
17-2051.00,19609,0.5
17-2051.00,19608,0.5
17-2051.01,16320,0.5
17-2051.01,16323,0.5
17-2051.01,16319,0.5
17-2051.01,19612,0.5
17-2051.01,16309,0.5
17-2051.01,16311,0.5
17-2051.01,16314,0.5
17-2051.01,16310,0.5
17-2051.01,16318,0.5
17-2051.01,16303,0.5
17-2051.01,16305,0.5
17-2051.01,16306,0.5
17-2051.01,16304,0.5
17-2051.01,16316,0.5
17-2051.01,16307,0.5
17-2051.01,16317,0.5
17-2051.01,16312,0.5
17-2051.01,16313,0.5
17-2051.01,16315,0.5
17-2051.01,16322,0.0
17-2051.01,19616,0.5
17-2051.01,19615,0.5
17-2051.01,19614,0.5
17-2051.01,16321,0.5
17-2051.01,19613,0.5
17-2051.01,16308,1.0
17-2051.02,16327,1.0
17-2051.02,16325,0.5
17-2051.02,16350,0.0
17-2051.02,21166,0.5
17-2051.02,16330,0.5
17-2051.02,16349,0.5
17-2051.02,16347,0.5
17-2051.02,16331,0.5
17-2051.02,16343,0.5
17-2051.02,16328,0.5
17-2051.02,16345,0.5
17-2051.02,16346,0.5
17-2051.02,16339,0.5
17-2051.02,16326,0.5
17-2051.02,16337,0.5
17-2051.02,16341,0.5
17-2051.02,16335,0.0
17-2051.02,16329,0.5
17-2051.02,16333,0.5
17-2051.02,16334,0.5
17-2051.02,16324,1.0
17-2051.02,16344,0.5
17-2051.02,16342,0.5
17-2051.02,16348,0.5
17-2051.02,16336,0.5
17-2051.02,16338,0.5
17-2051.02,16340,0.5
17-2051.02,16332,0.5
17-2061.00,7391,1.0
17-2061.00,7407,1.0
17-2061.00,7399,1.0
17-2061.00,7396,0.5
17-2061.00,7402,1.0
17-2061.00,7393,1.0
17-2061.00,7398,0.0
17-2061.00,7392,0.5
17-2061.00,7400,0.5
17-2061.00,7401,1.0
17-2061.00,7397,0.5
17-2061.00,7406,1.0
17-2061.00,7404,0.5
17-2061.00,7394,1.0
17-2061.00,7403,1.0
17-2061.00,7405,0.0
17-2061.00,7395,0.5
17-2061.00,7408,0.5
17-2071.00,1349,1.0
17-2071.00,1358,0.5
17-2071.00,1347,0.0
17-2071.00,1348,0.5
17-2071.00,1350,0.5
17-2071.00,1363,1.0
17-2071.00,1351,1.0
17-2071.00,1354,1.0
17-2071.00,20729,0.5
17-2071.00,1355,0.0
17-2071.00,1365,0.5
17-2071.00,20730,0.5
17-2071.00,1357,0.5
17-2071.00,20731,0.0
17-2071.00,1353,1.0
17-2071.00,19617,0.5
17-2071.00,1360,0.5
17-2071.00,1361,0.5
17-2071.00,1356,0.5
17-2071.00,1364,0.5
17-2071.00,19618,0.5
17-2071.00,19619,0.5
17-2072.00,5339,0.5
17-2072.00,20497,1.0
17-2072.00,20494,0.5
17-2072.00,5349,0.5
17-2072.00,20496,0.0
17-2072.00,20499,0.5
17-2072.00,20498,1.0
17-2072.00,5348,1.0
17-2072.00,5350,1.0
17-2072.00,20495,0.5
17-2072.00,5354,1.0
17-2072.00,5346,0.0
17-2072.00,20493,0.5
17-2072.00,5355,0.5
17-2072.00,5351,0.5
17-2072.00,19622,0.5
17-2072.00,5352,0.5
17-2072.00,20500,0.5
17-2072.00,19621,0.5
17-2072.00,5357,0.0
17-2072.00,19623,0.5
17-2072.01,16363,0.5
17-2072.01,16370,1.0
17-2072.01,16354,1.0
17-2072.01,16359,1.0
17-2072.01,16360,0.5
17-2072.01,16361,0.5
17-2072.01,16362,1.0
17-2072.01,16366,1.0
17-2072.01,16353,1.0
17-2072.01,16371,0.5
17-2072.01,16369,0.0
17-2072.01,16358,0.5
17-2072.01,16364,0.5
17-2072.01,16351,1.0
17-2072.01,16356,0.0
17-2072.01,16365,1.0
17-2072.01,16352,0.5
17-2072.01,16355,1.0
17-2072.01,16367,0.5
17-2072.01,16368,0.5
17-2072.01,16357,0.5
17-2081.00,1369,0.5
17-2081.00,20195,0.5
17-2081.00,1377,0.5
17-2081.00,1374,0.5
17-2081.00,1371,0.5
17-2081.00,15210,0.5
17-2081.00,19624,0.5
17-2081.00,1366,0.5
17-2081.00,1379,0.5
17-2081.00,1368,0.5
17-2081.00,19625,0.5
17-2081.00,1372,1.0
17-2081.00,1380,0.5
17-2081.00,1389,0.5
17-2081.00,1370,0.5
17-2081.00,1381,0.5
17-2081.00,20196,0.5
17-2081.00,1387,0.5
17-2081.00,1376,0.5
17-2081.00,1375,0.5
17-2081.00,1390,0.5
17-2081.00,1378,0.5
17-2081.00,20197,1.0
17-2081.00,1373,0.5
17-2081.00,1383,1.0
17-2081.00,1385,0.5
17-2081.00,1388,0.0
17-2081.00,19626,1.0
17-2111.00,21860,0.5
17-2111.00,21861,0.5
17-2111.00,21862,0.5
17-2111.00,21863,0.5
17-2111.00,21864,0.5
17-2111.00,21865,0.5
17-2111.00,21866,0.5
17-2111.00,21867,0.5
17-2111.00,21868,0.5
17-2111.00,21869,1.0
17-2111.00,21870,0.5
17-2111.00,21871,1.0
17-2111.00,21872,0.0
17-2111.00,21873,0.5
17-2111.00,21874,0.5
17-2111.00,21875,0.0
17-2111.00,21876,0.5
17-2111.00,21877,0.5
17-2111.00,21878,0.0
17-2111.00,21879,0.5
17-2111.00,21880,0.5
17-2111.00,21881,1.0
17-2111.00,21882,0.5
17-2111.00,21883,0.5
17-2111.00,21884,0.0
17-2111.00,21885,0.0
17-2111.00,21886,0.0
17-2111.02,8984,0.5
17-2111.02,8983,0.5
17-2111.02,8982,0.5
17-2111.02,20383,1.0
17-2111.02,8988,0.5
17-2111.02,23902,0.5
17-2111.02,8986,0.5
17-2111.02,8989,0.5
17-2111.02,8992,0.5
17-2111.02,8991,0.5
17-2111.02,8993,0.5
17-2111.02,8990,0.5
17-2111.02,8994,0.5
17-2112.00,18607,0.5
17-2112.00,1394,0.5
17-2112.00,1391,0.5
17-2112.00,18609,0.5
17-2112.00,1400,0.5
17-2112.00,1407,0.5
17-2112.00,1393,0.5
17-2112.00,1403,0.5
17-2112.00,1398,0.5
17-2112.00,1405,0.5
17-2112.00,1392,0.5
17-2112.00,1399,0.5
17-2112.00,1408,1.0
17-2112.00,18608,0.5
17-2112.00,1406,0.5
17-2112.00,1395,0.5
17-2112.00,1404,0.5
17-2112.00,1402,0.5
17-2112.00,1410,0.5
17-2112.00,1409,0.5
17-2112.01,16397,0.5
17-2112.01,16388,0.5
17-2112.01,16379,0.5
17-2112.01,16381,1.0
17-2112.01,16387,0.5
17-2112.01,16393,0.5
17-2112.01,16380,0.5
17-2112.01,16378,1.0
17-2112.01,16383,0.5
17-2112.01,16385,0.0
17-2112.01,16396,0.5
17-2112.01,16372,1.0
17-2112.01,16373,0.0
17-2112.01,16386,0.5
17-2112.01,16389,0.5
17-2112.01,16392,0.5
17-2112.01,16374,0.5
17-2112.01,16391,0.5
17-2112.01,16395,0.5
17-2112.01,16377,0.5
17-2112.01,16394,0.5
17-2112.01,16384,0.0
17-2112.01,16375,0.5
17-2112.01,16390,0.5
17-2112.01,16376,0.5
17-2112.01,16382,1.0
17-2112.02,21051,0.5
17-2112.02,18131,0.5
17-2112.02,18129,1.0
17-2112.02,18137,1.0
17-2112.02,18144,0.0
17-2112.02,18127,0.5
17-2112.02,18142,1.0
17-2112.02,18146,1.0
17-2112.02,21052,0.5
17-2112.02,18128,1.0
17-2112.02,18130,1.0
17-2112.02,18133,1.0
17-2112.02,18139,1.0
17-2112.02,18132,0.5
17-2112.02,21053,0.0
17-2112.02,18134,1.0
17-2112.02,18143,0.5
17-2112.02,18145,1.0
17-2112.02,19647,0.5
17-2112.02,18141,0.5
17-2112.02,19646,0.5
17-2112.02,21054,1.0
17-2112.03,18181,0.5
17-2112.03,18177,0.5
17-2112.03,20960,0.5
17-2112.03,18167,0.5
17-2112.03,18183,0.5
17-2112.03,20961,0.5
17-2112.03,18180,0.5
17-2112.03,20962,0.5
17-2112.03,18182,0.5
17-2112.03,18178,1.0
17-2112.03,18168,0.5
17-2112.03,18170,0.5
17-2112.03,18185,0.0
17-2112.03,18172,0.5
17-2112.03,18175,0.5
17-2112.03,18174,0.5
17-2112.03,18186,0.0
17-2112.03,20963,0.5
17-2112.03,19649,0.5
17-2112.03,19650,0.5
17-2112.03,18179,0.5
17-2112.03,19651,0.5
17-2112.03,18184,0.5
17-2112.03,19652,0.5
17-2121.00,21887,0.5
17-2121.00,21888,0.0
17-2121.00,21889,0.5
17-2121.00,21890,0.5
17-2121.00,21891,0.5
17-2121.00,21892,0.5
17-2121.00,21893,0.5
17-2121.00,21894,0.0
17-2121.00,21895,0.5
17-2121.00,21896,0.0
17-2121.00,21897,0.5
17-2121.00,21898,0.0
17-2121.00,21899,0.5
17-2121.00,21900,0.5
17-2121.00,21901,0.5
17-2121.00,21902,1.0
17-2121.00,21903,0.5
17-2121.00,21904,0.0
17-2121.00,21905,1.0
17-2121.00,21906,0.0
17-2121.00,21907,0.5
17-2121.00,21908,0.0
17-2121.00,21909,1.0
17-2121.00,21910,0.5
17-2121.00,21911,0.5
17-2121.00,21912,0.5
17-2121.00,21913,0.5
17-2121.00,21914,0.5
17-2121.00,21915,0.5
17-2121.00,21916,0.0
17-2131.00,9001,0.5
17-2131.00,9004,0.5
17-2131.00,9002,0.5
17-2131.00,9006,0.5
17-2131.00,9005,0.5
17-2131.00,9012,0.0
17-2131.00,9015,0.5
17-2131.00,9013,0.5
17-2131.00,9010,0.5
17-2131.00,9003,0.5
17-2131.00,9014,0.5
17-2131.00,9009,0.5
17-2131.00,9017,0.0
17-2131.00,9008,0.5
17-2131.00,9016,0.0
17-2131.00,9007,1.0
17-2131.00,21167,0.5
17-2131.00,9019,1.0
17-2131.00,9011,0.5
17-2131.00,9018,1.0
17-2131.00,9020,0.0
17-2141.00,1411,0.5
17-2141.00,20733,0.5
17-2141.00,1412,0.5
17-2141.00,1423,0.5
17-2141.00,20734,0.5
17-2141.00,20735,0.5
17-2141.00,20736,0.5
17-2141.00,1421,0.5
17-2141.00,20737,0.5
17-2141.00,1419,0.0
17-2141.00,1420,0.5
17-2141.00,1431,0.5
17-2141.00,1418,0.5
17-2141.00,1413,0.5
17-2141.00,20738,0.5
17-2141.00,19631,0.5
17-2141.00,19630,0.5
17-2141.00,19629,0.0
17-2141.00,19628,0.5
17-2141.00,1430,0.5
17-2141.00,1429,1.0
17-2141.00,20739,0.0
17-2141.00,19627,0.5
17-2141.00,20740,0.5
17-2141.00,20741,0.5
17-2141.00,20742,0.5
17-2141.00,1427,0.5
17-2141.00,19632,0.0
17-2141.01,16408,0.0
17-2141.01,16407,0.5
17-2141.01,16417,0.5
17-2141.01,19946,0.5
17-2141.01,19950,0.0
17-2141.01,16419,0.5
17-2141.01,16414,0.5
17-2141.01,19951,0.5
17-2141.01,16406,0.5
17-2141.01,16403,0.0
17-2141.01,16399,0.5
17-2141.01,19945,0.0
17-2141.01,16413,0.0
17-2141.01,16412,0.0
17-2141.01,19949,0.5
17-2141.01,16415,1.0
17-2141.01,16398,1.0
17-2141.01,16405,1.0
17-2141.01,16420,1.0
17-2141.01,16411,0.5
17-2141.01,16418,1.0
17-2141.01,19947,0.5
17-2141.01,19948,1.0
17-2141.01,19953,0.5
17-2141.01,16410,0.0
17-2141.01,19952,0.5
17-2141.02,16438,0.0
17-2141.02,16428,1.0
17-2141.02,16429,0.5
17-2141.02,16434,1.0
17-2141.02,16437,0.5
17-2141.02,16423,1.0
17-2141.02,16426,0.5
17-2141.02,16422,0.5
17-2141.02,16436,0.5
17-2141.02,19638,0.5
17-2141.02,16432,1.0
17-2141.02,19633,0.5
17-2141.02,16424,0.5
17-2141.02,16431,0.5
17-2141.02,16433,0.5
17-2141.02,19635,0.5
17-2141.02,16425,1.0
17-2141.02,19636,0.5
17-2141.02,16435,1.0
17-2141.02,16427,0.5
17-2141.02,16439,1.0
17-2141.02,16430,1.0
17-2141.02,19637,1.0
17-2141.02,16421,0.5
17-2141.02,19634,0.5
17-2151.00,3569,1.0
17-2151.00,3561,0.5
17-2151.00,3568,0.5
17-2151.00,3562,0.5
17-2151.00,3565,0.5
17-2151.00,3566,0.5
17-2151.00,18610,0.0
17-2151.00,3563,0.5
17-2151.00,3567,0.5
17-2151.00,3571,0.5
17-2151.00,3570,0.5
17-2151.00,3574,0.5
17-2151.00,3575,0.0
17-2151.00,3572,1.0
17-2151.00,3573,0.5
17-2151.00,3576,0.5
17-2151.00,3578,0.5
17-2151.00,3577,0.0
17-2161.00,5385,0.0
17-2161.00,5380,0.5
17-2161.00,5384,1.0
17-2161.00,5379,0.5
17-2161.00,5389,0.0
17-2161.00,5386,0.5
17-2161.00,5387,1.0
17-2161.00,19639,0.5
17-2161.00,19642,0.5
17-2161.00,19643,0.5
17-2161.00,20956,1.0
17-2161.00,19641,0.5
17-2161.00,5388,0.5
17-2161.00,5383,0.5
17-2161.00,20957,1.0
17-2161.00,19640,1.0
17-2161.00,20958,0.5
17-2161.00,5382,0.0
17-2161.00,20959,0.5
17-2161.00,5381,0.5
17-2171.00,3582,0.5
17-2171.00,3580,0.5
17-2171.00,3586,1.0
17-2171.00,3581,0.5
17-2171.00,3584,0.5
17-2171.00,3583,0.5
17-2171.00,3585,0.5
17-2171.00,3579,0.5
17-2171.00,3587,0.5
17-2171.00,3591,0.5
17-2171.00,3598,0.5
17-2171.00,3588,1.0
17-2171.00,3589,0.5
17-2171.00,3600,0.0
17-2171.00,3590,0.5
17-2171.00,3596,1.0
17-2171.00,3592,0.5
17-2171.00,3594,0.0
17-2171.00,3595,0.0
17-2171.00,3593,0.0
17-2171.00,3597,0.5
17-2171.00,3599,1.0
17-2171.00,3601,0.5
17-2199.03,20854,0.5
17-2199.03,20855,0.5
17-2199.03,18156,0.5
17-2199.03,20856,0.5
17-2199.03,18150,0.5
17-2199.03,20857,0.5
17-2199.03,18159,0.5
17-2199.03,20858,0.5
17-2199.03,20859,0.5
17-2199.03,18151,0.5
17-2199.03,18148,0.5
17-2199.03,20860,0.5
17-2199.03,20861,1.0
17-2199.03,18165,0.5
17-2199.03,18166,0.5
17-2199.03,20862,0.5
17-2199.03,20863,0.5
17-2199.03,18157,0.5
17-2199.03,19648,1.0
17-2199.03,20864,0.5
17-2199.03,18149,0.5
17-2199.05,16467,0.5
17-2199.05,16482,0.5
17-2199.05,16474,0.5
17-2199.05,16470,0.0
17-2199.05,16468,1.0
17-2199.05,23946,0.5
17-2199.05,16471,0.5
17-2199.05,16483,0.5
17-2199.05,16465,0.5
17-2199.05,16466,0.0
17-2199.05,16464,1.0
17-2199.05,16479,0.5
17-2199.05,23947,0.5
17-2199.05,16469,0.5
17-2199.05,23948,0.5
17-2199.05,16480,0.5
17-2199.05,19655,0.0
17-2199.05,16476,1.0
17-2199.05,16475,1.0
17-2199.05,19654,0.5
17-2199.05,19653,0.5
17-2199.05,16473,1.0
17-2199.05,16481,0.5
17-2199.06,16503,0.5
17-2199.06,16497,0.5
17-2199.06,16492,1.0
17-2199.06,16505,0.5
17-2199.06,16485,0.5
17-2199.06,16495,0.5
17-2199.06,16502,0.5
17-2199.06,16490,1.0
17-2199.06,16498,0.5
17-2199.06,16494,0.5
17-2199.06,16508,0.0
17-2199.06,16489,0.5
17-2199.06,16504,0.5
17-2199.06,16506,0.5
17-2199.06,16499,0.0
17-2199.06,16500,0.0
17-2199.06,16507,0.5
17-2199.06,16491,0.0
17-2199.06,16484,0.5
17-2199.06,16493,0.5
17-2199.06,16486,0.0
17-2199.06,16488,1.0
17-2199.06,16487,0.0
17-2199.06,16501,0.5
17-2199.06,16496,0.0
17-2199.06,19656,0.5
17-2199.06,19657,0.0
17-2199.06,19658,1.0
17-2199.06,19659,1.0
17-2199.06,19660,1.0
17-2199.06,19661,1.0
17-2199.07,18195,0.5
17-2199.07,18200,0.5
17-2199.07,18199,0.0
17-2199.07,18194,0.0
17-2199.07,18202,0.5
17-2199.07,18205,0.5
17-2199.07,21055,1.0
17-2199.07,18196,0.5
17-2199.07,18198,0.5
17-2199.07,18193,0.5
17-2199.07,18189,0.5
17-2199.07,21056,1.0
17-2199.07,19664,0.5
17-2199.07,18206,0.0
17-2199.07,18188,0.0
17-2199.07,18197,0.5
17-2199.07,18203,1.0
17-2199.07,18204,0.0
17-2199.07,18192,0.5
17-2199.07,19665,0.5
17-2199.07,19663,1.0
17-2199.07,19666,0.5
17-2199.07,18191,0.5
17-2199.07,19662,1.0
17-2199.07,18190,1.0
17-2199.07,18187,0.0
17-2199.08,16512,1.0
17-2199.08,16517,0.5
17-2199.08,16521,1.0
17-2199.08,21057,0.0
17-2199.08,16516,1.0
17-2199.08,16511,0.5
17-2199.08,16522,0.5
17-2199.08,16530,1.0
17-2199.08,16509,0.0
17-2199.08,16528,1.0
17-2199.08,16523,0.5
17-2199.08,16519,0.0
17-2199.08,16510,0.0
17-2199.08,21058,0.5
17-2199.08,16520,0.0
17-2199.08,16525,1.0
17-2199.08,16514,1.0
17-2199.08,16527,0.5
17-2199.08,16515,1.0
17-2199.08,16513,1.0
17-2199.08,19667,0.5
17-2199.08,16518,0.5
17-2199.08,19668,0.5
17-2199.08,16524,0.5
17-2199.09,16531,1.0
17-2199.09,16533,0.0
17-2199.09,16532,0.5
17-2199.09,16537,1.0
17-2199.09,16540,0.5
17-2199.09,16546,1.0
17-2199.09,16534,0.5
17-2199.09,16542,0.5
17-2199.09,16539,0.5
17-2199.09,16536,0.5
17-2199.09,19671,0.5
17-2199.09,16535,0.5
17-2199.09,16538,1.0
17-2199.09,16541,0.0
17-2199.09,16544,0.5
17-2199.09,19674,1.0
17-2199.09,19669,0.5
17-2199.09,16545,0.5
17-2199.09,19673,0.5
17-2199.09,16543,0.5
17-2199.09,19670,0.5
17-2199.09,19672,0.5
17-2199.09,19677,1.0
17-2199.09,19676,0.5
17-2199.09,19675,1.0
17-2199.10,16559,0.5
17-2199.10,16549,0.5
17-2199.10,16560,0.5
17-2199.10,16553,0.5
17-2199.10,16550,0.5
17-2199.10,16558,1.0
17-2199.10,16557,0.5
17-2199.10,16552,0.0
17-2199.10,16548,0.5
17-2199.10,16551,0.0
17-2199.10,16555,0.5
17-2199.10,16556,0.0
17-2199.10,16562,0.5
17-2199.10,16554,0.5
17-2199.10,16561,0.5
17-2199.10,16547,1.0
17-2199.11,16571,0.5
17-2199.11,16575,0.5
17-2199.11,16574,0.5
17-2199.11,16572,0.5
17-2199.11,16564,0.5
17-2199.11,16570,0.5
17-2199.11,16568,0.0
17-2199.11,16569,0.5
17-2199.11,16566,0.5
17-2199.11,16573,1.0
17-2199.11,16563,0.0
17-2199.11,16565,0.5
17-2199.11,16567,0.5
17-3011.00,21917,0.5
17-3011.00,21918,0.5
17-3011.00,21919,0.5
17-3011.00,21920,0.5
17-3011.00,21921,0.5
17-3011.00,21922,0.5
17-3011.00,21923,0.0
17-3011.00,21924,1.0
17-3011.00,21925,0.5
17-3011.00,21926,0.5
17-3011.00,21927,0.5
17-3011.00,21928,1.0
17-3011.00,21929,0.5
17-3011.00,21930,0.5
17-3011.00,21931,0.5
17-3011.00,21932,0.5
17-3011.00,21933,0.5
17-3011.00,21934,0.5
17-3011.00,21935,0.5
17-3011.00,21936,0.5
17-3011.00,21937,0.5
17-3011.00,21938,1.0
17-3011.00,21939,0.5
17-3011.00,21940,0.5
17-3011.00,21941,0.5
17-3011.00,21942,0.5
17-3011.00,21943,0.5
17-3011.00,21944,0.5
17-3012.00,21951,0.5
17-3012.00,21945,0.5
17-3012.00,21946,0.5
17-3012.00,21948,0.5
17-3012.00,21947,0.5
17-3012.00,21950,1.0
17-3012.00,21952,0.5
17-3012.00,21954,0.5
17-3012.00,21955,0.5
17-3012.00,21958,0.5
17-3012.00,21953,0.5
17-3012.00,21949,0.5
17-3012.00,21963,0.5
17-3012.00,21965,0.5
17-3012.00,21956,1.0
17-3012.00,21957,0.5
17-3012.00,21959,0.5
17-3012.00,21960,0.5
17-3012.00,21964,1.0
17-3012.00,21966,0.5
17-3012.00,21961,1.0
17-3012.00,21970,0.5
17-3012.00,21967,0.0
17-3012.00,21968,0.5
17-3012.00,21969,1.0
17-3012.00,21962,0.5
17-3012.00,21971,0.5
17-3012.00,21972,1.0
17-3012.00,21973,0.0
17-3012.00,21974,1.0
17-3013.00,1447,0.5
17-3013.00,20964,0.5
17-3013.00,1455,0.5
17-3013.00,1452,0.5
17-3013.00,1449,0.5
17-3013.00,1454,0.5
17-3013.00,1453,0.5
17-3013.00,1450,1.0
17-3013.00,1448,0.5
17-3013.00,1456,0.5
17-3013.00,1451,0.5
17-3013.00,1458,0.0
17-3013.00,1459,0.5
17-3013.00,1457,0.5
17-3013.00,1460,0.5
17-3021.00,10888,0.0
17-3021.00,10885,0.5
17-3021.00,10881,0.5
17-3021.00,10883,0.5
17-3021.00,10887,1.0
17-3021.00,10882,0.5
17-3021.00,10884,0.0
17-3021.00,10889,0.0
17-3021.00,10890,0.0
17-3021.00,10886,0.0
17-3021.00,21102,0.5
17-3021.00,10891,0.0
17-3022.00,1461,1.0
17-3022.00,1464,0.5
17-3022.00,1462,0.5
17-3022.00,1466,0.5
17-3022.00,1463,0.5
17-3022.00,1465,1.0
17-3022.00,1470,0.5
17-3022.00,1467,0.5
17-3022.00,1471,0.5
17-3022.00,1469,0.5
17-3022.00,20965,0.5
17-3022.00,1473,0.5
17-3022.00,1468,0.5
17-3022.00,1472,0.5
17-3022.00,20966,0.5
17-3023.00,21975,0.0
17-3023.00,21976,0.0
17-3023.00,21977,0.0
17-3023.00,21978,0.5
17-3023.00,21979,0.0
17-3023.00,21980,0.0
17-3023.00,21981,0.5
17-3023.00,21982,0.0
17-3023.00,21983,1.0
17-3023.00,21984,1.0
17-3023.00,21985,0.5
17-3023.00,21986,0.5
17-3023.00,21987,0.0
17-3023.00,21988,0.0
17-3023.00,21989,1.0
17-3023.00,21990,0.0
17-3023.00,21991,1.0
17-3023.00,21992,0.5
17-3023.00,21993,0.5
17-3023.00,21994,0.5
17-3023.00,21995,0.5
17-3023.00,21996,0.5
17-3023.00,21997,0.5
17-3023.00,21998,0.0
17-3023.00,21999,0.5
17-3023.00,22000,1.0
17-3023.00,22001,0.5
17-3023.00,22002,0.0
17-3023.00,22003,0.5
17-3023.00,22004,1.0
17-3024.00,10892,0.0
17-3024.00,22014,1.0
17-3024.00,10893,0.5
17-3024.00,22015,0.0
17-3024.00,10896,0.5
17-3024.00,10894,0.0
17-3024.00,10898,0.0
17-3024.00,22012,0.0
17-3024.00,10895,0.0
17-3024.00,22016,0.5
17-3024.00,22018,1.0
17-3024.00,22011,0.5
17-3024.00,10902,0.5
17-3024.00,20743,1.0
17-3024.00,10900,0.0
17-3024.00,22017,0.0
17-3024.00,19683,0.0
17-3024.00,22009,0.5
17-3024.00,22010,0.5
17-3024.00,10901,0.0
17-3024.00,22005,1.0
17-3024.00,22007,0.5
17-3024.00,22019,0.5
17-3024.00,10899,0.0
17-3024.00,22021,1.0
17-3024.00,22013,0.0
17-3024.00,22020,0.5
17-3024.00,23943,0.5
17-3024.00,22008,0.0
17-3024.01,21059,0.0
17-3024.01,16589,1.0
17-3024.01,16593,1.0
17-3024.01,16579,1.0
17-3024.01,16584,1.0
17-3024.01,16592,0.0
17-3024.01,16588,0.0
17-3024.01,16586,0.0
17-3024.01,19684,0.5
17-3024.01,16591,0.0
17-3024.01,16576,0.0
17-3024.01,16596,0.0
17-3024.01,16581,1.0
17-3024.01,16587,0.5
17-3024.01,16594,0.0
17-3024.01,16577,1.0
17-3024.01,16585,1.0
17-3024.01,16580,0.0
17-3024.01,16590,1.0
17-3024.01,16583,0.5
17-3024.01,21060,0.0
17-3024.01,16582,0.5
17-3024.01,19685,0.0
17-3025.00,3641,1.0
17-3025.00,20513,0.5
17-3025.00,3643,0.5
17-3025.00,3654,0.5
17-3025.00,20514,0.0
17-3025.00,19688,0.0
17-3025.00,19691,0.0
17-3025.00,3655,0.5
17-3025.00,3644,1.0
17-3025.00,3640,0.0
17-3025.00,20033,0.5
17-3025.00,3646,0.5
17-3025.00,3653,0.0
17-3025.00,3649,0.5
17-3025.00,3658,0.5
17-3025.00,3657,0.5
17-3025.00,3648,0.0
17-3025.00,19689,0.5
17-3025.00,19686,0.5
17-3025.00,3656,0.5
17-3025.00,3650,0.5
17-3025.00,19690,0.5
17-3025.00,3652,0.0
17-3025.00,19687,0.5
17-3025.00,3651,0.5
17-3025.00,3647,0.5
17-3026.00,20516,0.0
17-3026.00,3672,0.5
17-3026.00,3660,0.5
17-3026.00,3668,1.0
17-3026.00,20518,0.0
17-3026.00,3663,0.5
17-3026.00,19692,0.5
17-3026.00,22022,0.5
17-3026.00,22023,0.5
17-3026.00,22024,0.5
17-3026.00,22025,0.0
17-3026.00,22026,0.5
17-3026.00,22027,0.5
17-3026.00,22028,0.5
17-3026.00,22029,0.5
17-3026.00,22030,0.5
17-3026.00,22031,0.5
17-3026.00,22032,0.5
17-3026.00,22033,0.5
17-3026.00,22034,0.5
17-3026.00,22035,0.5
17-3026.00,22036,0.0
17-3026.00,22037,0.5
17-3026.00,22038,0.5
17-3026.00,22039,1.0
17-3026.00,22040,1.0
17-3026.00,22041,0.5
17-3026.00,22042,0.0
17-3026.00,22043,0.5
17-3026.00,22044,0.0
17-3026.01,22045,0.0
17-3026.01,22046,0.0
17-3026.01,22047,0.5
17-3026.01,22048,0.5
17-3026.01,22049,0.0
17-3026.01,22050,0.0
17-3026.01,22051,0.0
17-3026.01,22052,0.5
17-3026.01,22053,0.0
17-3026.01,22054,0.0
17-3026.01,22055,1.0
17-3026.01,22056,0.5
17-3026.01,22057,0.5
17-3026.01,22058,1.0
17-3026.01,22059,0.0
17-3026.01,22060,0.5
17-3026.01,22061,1.0
17-3026.01,22062,0.0
17-3026.01,22063,1.0
17-3026.01,22064,0.0
17-3026.01,22065,1.0
17-3026.01,22066,0.5
17-3026.01,22067,0.0
17-3026.01,22068,0.5
17-3026.01,22069,1.0
17-3027.00,22072,0.0
17-3027.00,22082,0.5
17-3027.00,1485,1.0
17-3027.00,1476,0.5
17-3027.00,22086,0.5
17-3027.00,22087,0.0
17-3027.00,1475,0.5
17-3027.00,1482,0.5
17-3027.00,1486,1.0
17-3027.00,22085,0.5
17-3027.00,1487,0.5
17-3027.00,22077,0.5
17-3027.00,1477,0.5
17-3027.00,22078,0.5
17-3027.00,22075,0.5
17-3027.00,1480,0.0
17-3027.00,22073,0.5
17-3027.00,22084,0.5
17-3027.00,22083,1.0
17-3027.00,1489,0.0
17-3027.00,1483,0.5
17-3027.00,22070,0.5
17-3027.00,1474,1.0
17-3027.00,1488,0.5
17-3027.00,22074,0.0
17-3027.00,22076,0.5
17-3027.00,22071,0.5
17-3027.00,22079,0.0
17-3027.00,22080,1.0
17-3027.00,23944,0.0
17-3027.01,16606,0.5
17-3027.01,16599,0.0
17-3027.01,16602,0.5
17-3027.01,16605,0.0
17-3027.01,16601,1.0
17-3027.01,16608,0.5
17-3027.01,16604,0.0
17-3027.01,16611,0.0
17-3027.01,16603,0.0
17-3027.01,19696,0.5
17-3027.01,19697,0.0
17-3027.01,16607,0.0
17-3027.01,16598,0.5
17-3027.01,16610,0.5
17-3027.01,16600,0.5
17-3027.01,19699,0.0
17-3027.01,19698,0.5
17-3027.01,16597,0.0
17-3028.00,22088,0.5
17-3028.00,22089,0.5
17-3028.00,22090,0.0
17-3028.00,22091,0.0
17-3028.00,22092,1.0
17-3028.00,22093,0.0
17-3028.00,22094,0.5
17-3028.00,22095,0.0
17-3028.00,22096,0.0
17-3028.00,22097,0.5
17-3028.00,22098,1.0
17-3028.00,22099,0.5
17-3028.00,22100,0.0
17-3028.00,22101,0.5
17-3028.00,22102,1.0
17-3029.01,16620,0.5
17-3029.01,16626,0.5
17-3029.01,16627,0.0
17-3029.01,16623,0.0
17-3029.01,16622,0.0
17-3029.01,16625,0.5
17-3029.01,16616,0.5
17-3029.01,16612,0.0
17-3029.01,16613,0.5
17-3029.01,16618,0.5
17-3029.01,16617,0.5
17-3029.01,16624,0.0
17-3029.01,16619,0.5
17-3029.01,16621,0.5
17-3029.01,16615,0.0
17-3029.01,16614,0.0
17-3029.08,16710,0.0
17-3029.08,20384,1.0
17-3029.08,16732,0.0
17-3029.08,16726,0.0
17-3029.08,20385,1.0
17-3029.08,16716,0.5
17-3029.08,16721,0.5
17-3029.08,16718,0.0
17-3029.08,16715,0.5
17-3029.08,16731,0.0
17-3029.08,16725,0.0
17-3029.08,16714,0.0
17-3029.08,16722,0.0
17-3029.08,20386,0.5
17-3029.08,16709,0.5
17-3029.08,16727,0.0
17-3029.08,19736,0.0
17-3029.08,16724,0.0
17-3029.08,16719,0.0
17-3029.08,16723,0.0
17-3029.08,20387,0.0
17-3029.08,16730,0.0
17-3029.08,19731,0.0
17-3029.08,16720,0.5
17-3029.08,16728,0.0
17-3029.08,16729,0.0
17-3029.08,19733,1.0
17-3029.08,19732,0.0
17-3029.08,19734,0.5
17-3029.08,19735,0.0
17-3031.00,22103,0.0
17-3031.00,22104,0.5
17-3031.00,22105,0.5
17-3031.00,22106,0.5
17-3031.00,22107,0.5
17-3031.00,22108,0.5
17-3031.00,22109,0.5
17-3031.00,22110,0.5
17-3031.00,22111,0.5
17-3031.00,22112,0.5
17-3031.00,22113,0.5
17-3031.00,22114,0.5
17-3031.00,22115,1.0
17-3031.00,22116,0.5
17-3031.00,22117,0.5
17-3031.00,22118,0.5
17-3031.00,22119,0.5
17-3031.00,22120,0.5
17-3031.00,22121,1.0
17-3031.00,22122,0.0
17-3031.00,22123,0.5
17-3031.00,22124,0.5
17-3031.00,22125,0.5
17-3031.00,22126,1.0
17-3031.00,22127,0.5
17-3031.00,22128,0.5
17-3031.00,22129,0.5
17-3031.00,22130,0.5
17-3031.00,22131,0.0
17-3031.00,22132,0.5
19-1011.00,5415,0.5
19-1011.00,20865,1.0
19-1011.00,5417,0.5
19-1011.00,5414,0.5
19-1011.00,5413,0.5
19-1011.00,5416,0.5
19-1011.00,5418,0.5
19-1011.00,5419,0.5
19-1011.00,5420,0.0
19-1012.00,7494,0.0
19-1012.00,7486,0.5
19-1012.00,7491,0.5
19-1012.00,7485,0.5
19-1012.00,18612,0.5
19-1012.00,7488,0.5
19-1012.00,7487,0.5
19-1012.00,7490,0.0
19-1012.00,7495,0.5
19-1012.00,7489,0.0
19-1012.00,7492,0.5
19-1012.00,18611,0.5
19-1012.00,7493,0.0
19-1013.00,9021,0.5
19-1013.00,9024,0.5
19-1013.00,9022,0.5
19-1013.00,9025,0.5
19-1013.00,9026,0.5
19-1013.00,9023,0.5
19-1013.00,23903,0.5
19-1013.00,9030,0.5
19-1013.00,9035,0.5
19-1013.00,9034,0.5
19-1013.00,9027,0.5
19-1013.00,9028,0.5
19-1013.00,9036,0.5
19-1013.00,19751,0.5
19-1013.00,19754,0.5
19-1013.00,9037,0.5
19-1013.00,9033,0.5
19-1013.00,9038,0.5
19-1013.00,9029,0.5
19-1013.00,9031,0.5
19-1013.00,20198,0.5
19-1013.00,19753,0.5
19-1013.00,9041,0.0
19-1013.00,9040,0.5
19-1013.00,9039,0.5
19-1013.00,20199,0.5
19-1013.00,19750,0.5
19-1021.00,12932,1.0
19-1021.00,12948,0.5
19-1021.00,12944,0.5
19-1021.00,12931,0.5
19-1021.00,12930,0.5
19-1021.00,21168,1.0
19-1021.00,12947,0.0
19-1021.00,12938,0.5
19-1021.00,12951,0.0
19-1021.00,12929,1.0
19-1021.00,12936,0.5
19-1021.00,12937,0.5
19-1021.00,12935,0.5
19-1021.00,12940,0.5
19-1021.00,12949,0.0
19-1021.00,12933,0.5
19-1021.00,12934,0.5
19-1021.00,12946,0.0
19-1021.00,12950,0.5
19-1021.00,12941,0.5
19-1021.00,12939,0.0
19-1021.00,12942,0.5
19-1021.00,12943,0.5
19-1021.00,12945,0.0
19-1022.00,15212,0.0
19-1022.00,3680,0.5
19-1022.00,3675,0.5
19-1022.00,3676,0.5
19-1022.00,3678,0.5
19-1022.00,3681,1.0
19-1022.00,3679,0.5
19-1022.00,15213,0.5
19-1022.00,3683,0.0
19-1022.00,3677,0.0
19-1022.00,3682,0.5
19-1022.00,3685,0.5
19-1022.00,15214,0.5
19-1022.00,3684,0.0
19-1023.00,1495,0.5
19-1023.00,1493,0.5
19-1023.00,1496,1.0
19-1023.00,18616,0.5
19-1023.00,1492,0.5
19-1023.00,18615,0.5
19-1023.00,1497,0.5
19-1023.00,1499,0.0
19-1023.00,1494,0.5
19-1023.00,1501,0.5
19-1023.00,1502,0.0
19-1023.00,1503,0.0
19-1023.00,1504,0.0
19-1023.00,1498,0.5
19-1029.01,16786,1.0
19-1029.01,16792,0.5
19-1029.01,16790,1.0
19-1029.01,16794,0.5
19-1029.01,16795,0.5
19-1029.01,16777,0.5
19-1029.01,16787,1.0
19-1029.01,16791,0.5
19-1029.01,16789,1.0
19-1029.01,16793,0.5
19-1029.01,16785,0.5
19-1029.01,16781,0.5
19-1029.01,16788,1.0
19-1029.01,16784,1.0
19-1029.01,16778,0.5
19-1029.01,16776,0.5
19-1029.01,16783,1.0
19-1029.01,16779,1.0
19-1029.01,16780,1.0
19-1029.01,16782,0.5
19-1029.02,16807,1.0
19-1029.02,16813,0.5
19-1029.02,23904,1.0
19-1029.02,16805,0.0
19-1029.02,16815,0.5
19-1029.02,23905,1.0
19-1029.02,16808,0.5
19-1029.02,16810,0.5
19-1029.02,16814,0.5
19-1029.02,16809,0.5
19-1029.02,16804,0.5
19-1029.02,16802,0.0
19-1029.02,16806,0.0
19-1029.02,16816,0.5
19-1029.02,16799,0.5
19-1029.02,16811,0.5
19-1029.02,16800,0.5
19-1029.02,16796,0.5
19-1029.02,16798,0.0
19-1029.02,16797,0.5
19-1029.02,16801,0.5
19-1029.02,16812,1.0
19-1029.03,16828,0.5
19-1029.03,16839,0.5
19-1029.03,16831,0.5
19-1029.03,16832,1.0
19-1029.03,16817,1.0
19-1029.03,16830,0.5
19-1029.03,16829,0.5
19-1029.03,16827,0.5
19-1029.03,16834,0.5
19-1029.03,16840,0.5
19-1029.03,16833,0.0
19-1029.03,16826,0.5
19-1029.03,16822,0.5
19-1029.03,16837,1.0
19-1029.03,16821,0.0
19-1029.03,16818,0.0
19-1029.03,16835,0.5
19-1029.03,16825,1.0
19-1029.03,16836,0.0
19-1029.03,16823,0.5
19-1029.03,16838,0.5
19-1029.03,16824,1.0
19-1029.03,16820,0.5
19-1029.03,16819,0.5
19-1029.04,18613,0.5
19-1029.04,173,0.0
19-1029.04,175,0.5
19-1029.04,174,1.0
19-1029.04,186,0.0
19-1029.04,178,0.5
19-1029.04,177,1.0
19-1029.04,189,1.0
19-1029.04,180,0.0
19-1029.04,187,0.5
19-1029.04,18614,0.5
19-1029.04,192,0.0
19-1029.04,181,0.5
19-1029.04,176,0.5
19-1029.04,21035,1.0
19-1029.04,182,0.5
19-1029.04,188,0.5
19-1029.04,184,0.5
19-1029.04,191,0.5
19-1029.04,185,0.5
19-1029.04,193,0.5
19-1029.04,194,0.5
19-1031.00,22138,0.5
19-1031.00,22153,0.5
19-1031.00,22135,0.5
19-1031.00,22134,0.5
19-1031.00,22133,0.0
19-1031.00,22140,0.5
19-1031.00,22139,0.5
19-1031.00,22141,0.5
19-1031.00,22145,0.5
19-1031.00,22137,0.0
19-1031.00,22143,0.0
19-1031.00,22136,0.5
19-1031.00,22146,0.5
19-1031.00,22158,0.5
19-1031.00,22147,0.5
19-1031.00,22151,0.5
19-1031.00,22148,0.5
19-1031.00,22144,0.5
19-1031.00,22159,0.5
19-1031.00,22156,0.5
19-1031.00,22150,0.5
19-1031.00,22162,0.5
19-1031.00,22152,0.0
19-1031.00,22154,0.5
19-1031.00,22149,0.5
19-1031.00,22160,0.5
19-1031.00,22161,0.5
19-1031.00,22157,0.5
19-1031.00,22142,0.5
19-1031.00,22155,0.5
19-1031.02,21169,0.5
19-1031.02,7500,0.0
19-1031.02,21170,0.5
19-1031.02,7497,0.5
19-1031.02,7498,0.0
19-1031.02,7506,0.5
19-1031.02,7502,0.5
19-1031.02,7503,0.0
19-1031.02,7499,0.5
19-1031.02,7501,0.5
19-1031.02,7504,0.5
19-1031.02,7505,0.5
19-1031.02,7507,0.5
19-1031.02,7508,0.5
19-1031.02,7510,0.0
19-1031.02,7509,0.0
19-1031.02,7511,0.5
19-1031.03,3687,0.0
19-1031.03,3688,0.5
19-1031.03,20866,0.5
19-1031.03,3686,1.0
19-1031.03,20867,0.5
19-1031.03,3696,0.5
19-1031.03,3689,0.0
19-1031.03,3690,1.0
19-1031.03,3691,0.5
19-1031.03,3701,0.5
19-1031.03,3695,0.5
19-1031.03,3694,1.0
19-1031.03,3698,0.5
19-1031.03,3699,0.5
19-1031.03,3697,0.5
19-1031.03,3692,0.5
19-1031.03,3700,0.5
19-1031.03,3693,0.0
19-1032.00,195,0.5
19-1032.00,199,0.5
19-1032.00,196,0.5
19-1032.00,202,0.5
19-1032.00,197,0.0
19-1032.00,207,0.5
19-1032.00,206,0.5
19-1032.00,201,0.0
19-1032.00,198,0.0
19-1032.00,210,0.0
19-1032.00,200,0.5
19-1032.00,212,0.5
19-1032.00,215,0.5
19-1032.00,208,0.5
19-1032.00,204,0.5
19-1032.00,205,0.5
19-1032.00,211,0.0
19-1032.00,216,0.5
19-1032.00,203,0.5
19-1032.00,213,0.5
19-1032.00,219,0.5
19-1032.00,217,0.5
19-1032.00,214,0.5
19-1032.00,209,0.0
19-1032.00,218,0.5
19-1041.00,5421,0.5
19-1041.00,5423,0.5
19-1041.00,5425,0.5
19-1041.00,15215,0.5
19-1041.00,5422,0.5
19-1041.00,15216,0.5
19-1041.00,5424,0.5
19-1041.00,15217,0.5
19-1041.00,5426,0.5
19-1041.00,5429,0.5
19-1041.00,5428,0.0
19-1041.00,5431,0.5
19-1041.00,5430,0.5
19-1041.00,5427,0.5
19-1041.00,5432,0.0
19-1042.00,7514,0.0
19-1042.00,7515,0.5
19-1042.00,7513,0.5
19-1042.00,7517,0.5
19-1042.00,20200,0.5
19-1042.00,7516,0.5
19-1042.00,20201,1.0
19-1042.00,23906,1.0
19-1042.00,7518,0.5
19-1042.00,7521,0.5
19-1042.00,7519,0.5
19-1042.00,7523,0.0
19-1042.00,7520,0.5
19-1042.00,7522,0.5
19-2011.00,21171,0.0
19-2011.00,7526,0.5
19-2011.00,7530,0.5
19-2011.00,7525,0.5
19-2011.00,7524,0.5
19-2011.00,21172,0.5
19-2011.00,7529,0.5
19-2011.00,7532,0.5
19-2011.00,7527,0.0
19-2011.00,7531,0.5
19-2011.00,20049,1.0
19-2011.00,7528,0.5
19-2011.00,7534,0.5
19-2011.00,20050,0.0
19-2011.00,7533,0.5
19-2011.00,21173,0.5
19-2011.00,7535,0.5
19-2012.00,10903,1.0
19-2012.00,10905,0.5
19-2012.00,10904,1.0
19-2012.00,10907,1.0
19-2012.00,21174,1.0
19-2012.00,10912,0.5
19-2012.00,10906,1.0
19-2012.00,10916,0.5
19-2012.00,10910,0.0
19-2012.00,10911,1.0
19-2012.00,10908,0.5
19-2012.00,10915,0.5
19-2012.00,10914,0.5
19-2012.00,10913,1.0
19-2012.00,10917,0.5
19-2021.00,9068,0.5
19-2021.00,9069,0.5
19-2021.00,20208,1.0
19-2021.00,20206,0.5
19-2021.00,20209,0.5
19-2021.00,19759,0.5
19-2021.00,9070,0.5
19-2021.00,20205,0.5
19-2021.00,19755,0.5
19-2021.00,9079,0.5
19-2021.00,20210,0.5
19-2021.00,20203,0.5
19-2021.00,20211,1.0
19-2021.00,21103,1.0
19-2021.00,21104,1.0
19-2021.00,21105,0.5
19-2021.00,20207,0.5
19-2021.00,20202,0.5
19-2021.00,9083,0.5
19-2021.00,9074,0.0
19-2021.00,9076,0.5
19-2021.00,20212,0.5
19-2021.00,9078,0.0
19-2021.00,19756,0.5
19-2021.00,20204,0.5
19-2021.00,19757,0.5
19-2021.00,19758,0.5
19-2031.00,1505,0.5
19-2031.00,18475,0.0
19-2031.00,18474,0.0
19-2031.00,1513,0.0
19-2031.00,1510,0.0
19-2031.00,20388,0.5
19-2031.00,1507,0.5
19-2031.00,1511,1.0
19-2031.00,1508,0.5
19-2031.00,1506,0.5
19-2031.00,1509,0.5
19-2031.00,20389,0.5
19-2031.00,1512,0.5
19-2032.00,9087,0.5
19-2032.00,9090,0.5
19-2032.00,9085,0.5
19-2032.00,9089,0.5
19-2032.00,20214,1.0
19-2032.00,20213,0.5
19-2032.00,9091,0.5
19-2032.00,9097,0.5
19-2032.00,9098,0.0
19-2032.00,21175,1.0
19-2032.00,9086,0.5
19-2032.00,20215,0.5
19-2032.00,9093,0.0
19-2032.00,9092,0.5
19-2032.00,9099,0.0
19-2032.00,9094,0.5
19-2041.00,15220,0.5
19-2041.00,1517,0.5
19-2041.00,15218,0.5
19-2041.00,15219,0.5
19-2041.00,1519,0.5
19-2041.00,1523,0.5
19-2041.00,1514,0.5
19-2041.00,1530,0.5
19-2041.00,1531,0.5
19-2041.00,1520,0.5
19-2041.00,1524,0.5
19-2041.00,1515,0.5
19-2041.00,1533,0.5
19-2041.00,1522,0.5
19-2041.00,15221,0.5
19-2041.00,15222,0.0
19-2041.00,1534,1.0
19-2041.00,1525,0.5
19-2041.00,15223,0.5
19-2041.00,1526,0.5
19-2041.00,1529,0.5
19-2041.00,1528,0.5
19-2041.01,16849,0.5
19-2041.01,16853,0.5
19-2041.01,16850,0.5
19-2041.01,16854,0.5
19-2041.01,16851,0.5
19-2041.01,16843,0.5
19-2041.01,16846,0.5
19-2041.01,16848,0.5
19-2041.01,16842,0.5
19-2041.01,16852,0.5
19-2041.01,16841,1.0
19-2041.01,16847,0.5
19-2041.01,16844,0.5
19-2041.01,16845,0.5
19-2041.02,16856,0.5
19-2041.02,16862,0.5
19-2041.02,16875,0.5
19-2041.02,16876,0.5
19-2041.02,16872,0.5
19-2041.02,16861,0.0
19-2041.02,16865,0.5
19-2041.02,16871,0.5
19-2041.02,16859,0.5
19-2041.02,16864,0.5
19-2041.02,16873,0.5
19-2041.02,16867,0.5
19-2041.02,16866,0.5
19-2041.02,16855,1.0
19-2041.02,23907,1.0
19-2041.02,16863,0.5
19-2041.02,16860,0.5
19-2041.02,16857,0.5
19-2041.02,16869,0.5
19-2041.02,16870,0.5
19-2041.02,16868,0.5
19-2041.02,16858,0.5
19-2041.02,16874,0.5
19-2041.03,19972,0.5
19-2041.03,16888,0.5
19-2041.03,19965,0.5
19-2041.03,19968,0.5
19-2041.03,19974,0.5
19-2041.03,19982,0.5
19-2041.03,19980,0.5
19-2041.03,19978,1.0
19-2041.03,19970,0.5
19-2041.03,16886,0.5
19-2041.03,16894,0.5
19-2041.03,19975,0.5
19-2041.03,19963,0.5
19-2041.03,19983,0.5
19-2041.03,19964,0.5
19-2041.03,16893,0.5
19-2041.03,19971,0.5
19-2041.03,16885,0.5
19-2041.03,16891,1.0
19-2041.03,19969,0.5
19-2041.03,16895,0.5
19-2041.03,16881,0.5
19-2041.03,19966,0.5
19-2041.03,19977,0.5
19-2041.03,19973,0.5
19-2041.03,16884,0.5
19-2041.03,16882,0.5
19-2041.03,19976,0.5
19-2041.03,19979,0.5
19-2041.03,16889,0.5
19-2041.03,16890,0.5
19-2041.03,19981,0.5
19-2041.03,16883,0.5
19-2041.03,16896,0.5
19-2041.03,16892,0.5
19-2041.03,16879,0.5
19-2041.03,19967,0.5
19-2041.03,16880,0.5
19-2042.00,3703,0.0
19-2042.00,15224,0.5
19-2042.00,3704,0.0
19-2042.00,3702,0.5
19-2042.00,20391,0.5
19-2042.00,3705,0.5
19-2042.00,3712,1.0
19-2042.00,3706,0.5
19-2042.00,3711,0.5
19-2042.00,3713,0.0
19-2042.00,20390,0.5
19-2042.00,3709,0.5
19-2042.00,21176,1.0
19-2042.00,3707,0.5
19-2042.00,20392,0.0
19-2042.00,19768,0.5
19-2042.00,15226,0.5
19-2042.00,19771,0.5
19-2042.00,3714,0.0
19-2042.00,19772,0.5
19-2042.00,19763,0.5
19-2042.00,20393,0.5
19-2042.00,19765,0.5
19-2042.00,19767,0.5
19-2042.00,19770,0.5
19-2042.00,19760,0.5
19-2042.00,19762,0.5
19-2042.00,19766,0.5
19-2042.00,19764,0.5
19-2042.00,19769,0.5
19-2042.00,3716,1.0
19-2042.00,19761,0.5
19-2043.00,18618,1.0
19-2043.00,9104,0.5
19-2043.00,9108,0.5
19-2043.00,9116,0.5
19-2043.00,9102,0.5
19-2043.00,9105,0.5
19-2043.00,9107,0.5
19-2043.00,9100,0.5
19-2043.00,9112,0.0
19-2043.00,18617,1.0
19-2043.00,9115,0.5
19-2043.00,9119,0.5
19-2043.00,9106,0.5
19-2043.00,9103,0.5
19-2043.00,9113,0.5
19-2043.00,9111,1.0
19-2043.00,9118,0.5
19-2043.00,9120,0.0
19-2043.00,9110,0.5
19-2043.00,9123,0.5
19-2043.00,9114,0.5
19-2043.00,9121,0.0
19-2043.00,9109,0.5
19-2043.00,9117,0.5
19-2043.00,9122,0.5
19-2099.01,18270,0.5
19-2099.01,18256,0.5
19-2099.01,18261,0.5
19-2099.01,18262,0.5
19-2099.01,18258,0.5
19-2099.01,18267,0.0
19-2099.01,18257,0.5
19-2099.01,18264,0.5
19-2099.01,18259,0.5
19-2099.01,18274,0.0
19-2099.01,18260,0.5
19-2099.01,18266,0.5
19-2099.01,18277,0.5
19-2099.01,18273,0.5
19-2099.01,19773,0.5
19-2099.01,18268,0.5
19-2099.01,18271,0.5
19-2099.01,18269,0.5
19-2099.01,18265,0.5
19-2099.01,18276,0.5
19-2099.01,19774,0.5
19-2099.01,18263,0.5
19-2099.01,18272,0.5
19-2099.01,18275,0.5
19-3011.00,7536,0.5
19-3011.00,20053,0.5
19-3011.00,7538,0.5
19-3011.00,7542,0.5
19-3011.00,7544,0.5
19-3011.00,20052,0.5
19-3011.00,7539,0.5
19-3011.00,21106,0.5
19-3011.00,7537,0.5
19-3011.00,7543,0.5
19-3011.00,7540,0.5
19-3011.00,7541,0.5
19-3011.00,20051,0.5
19-3011.01,16902,1.0
19-3011.01,16915,0.5
19-3011.01,16910,0.5
19-3011.01,19985,0.5
19-3011.01,16897,0.5
19-3011.01,19984,0.5
19-3011.01,16909,0.5
19-3011.01,16901,0.5
19-3011.01,16914,0.5
19-3011.01,16913,1.0
19-3011.01,16903,1.0
19-3011.01,21177,0.5
19-3011.01,19986,0.5
19-3011.01,16906,0.5
19-3011.01,16904,1.0
19-3011.01,16905,0.5
19-3011.01,16898,0.5
19-3011.01,16908,0.5
19-3011.01,16900,0.5
19-3011.01,16899,0.5
19-3022.00,7548,1.0
19-3022.00,7553,0.5
19-3022.00,7554,1.0
19-3022.00,7545,0.5
19-3022.00,7555,0.5
19-3022.00,7546,0.5
19-3022.00,7550,0.5
19-3022.00,7556,0.5
19-3022.00,7549,0.5
19-3022.00,7552,0.5
19-3022.00,7547,0.5
19-3022.00,7557,0.5
19-3022.00,7559,1.0
19-3022.00,21107,1.0
19-3022.00,7551,0.5
19-3022.00,7558,0.5
19-3032.00,7567,0.5
19-3032.00,7566,0.5
19-3032.00,20222,0.5
19-3032.00,20223,0.5
19-3032.00,7574,0.5
19-3032.00,20224,0.5
19-3032.00,7568,0.5
19-3032.00,20225,0.5
19-3032.00,20226,1.0
19-3032.00,20227,0.5
19-3032.00,7560,0.5
19-3032.00,7565,0.5
19-3032.00,20228,0.5
19-3032.00,7571,0.5
19-3032.00,7561,0.5
19-3032.00,7569,0.5
19-3032.00,7562,0.0
19-3032.00,20229,0.0
19-3032.00,7570,0.5
19-3032.00,7563,1.0
19-3032.00,7575,0.5
19-3032.00,20230,0.5
19-3032.00,7573,0.0
19-3032.00,7564,0.5
19-3032.00,7572,0.5
19-3033.00,22166,0.0
19-3033.00,22190,0.0
19-3033.00,22164,0.0
19-3033.00,22170,1.0
19-3033.00,22163,0.5
19-3033.00,22165,1.0
19-3033.00,22176,0.5
19-3033.00,22169,0.0
19-3033.00,22167,0.5
19-3033.00,22168,0.5
19-3033.00,22173,0.5
19-3033.00,22171,0.5
19-3033.00,22172,0.5
19-3033.00,22185,0.0
19-3033.00,22175,0.0
19-3033.00,22179,0.5
19-3033.00,22180,0.5
19-3033.00,22178,0.5
19-3033.00,22192,0.0
19-3033.00,22186,0.5
19-3033.00,22182,0.0
19-3033.00,22177,0.0
19-3033.00,22174,0.5
19-3033.00,22183,0.5
19-3033.00,22191,1.0
19-3033.00,22181,0.0
19-3033.00,22184,0.5
19-3033.00,22187,0.5
19-3033.00,22189,0.5
19-3033.00,22188,0.5
19-3034.00,5446,0.5
19-3034.00,5455,0.5
19-3034.00,5447,0.0
19-3034.00,5449,0.5
19-3034.00,18619,0.5
19-3034.00,5448,0.5
19-3034.00,5454,0.5
19-3034.00,5453,0.0
19-3034.00,5461,0.5
19-3034.00,5450,0.5
19-3034.00,5452,0.5
19-3034.00,5458,0.5
19-3034.00,5451,0.5
19-3034.00,5457,0.5
19-3034.00,5459,0.5
19-3034.00,5456,0.0
19-3034.00,5460,0.0
19-3034.00,5462,0.5
19-3034.00,5463,0.5
19-3039.02,22193,0.5
19-3039.02,22194,0.5
19-3039.02,22195,0.5
19-3039.02,22196,0.5
19-3039.02,22197,0.5
19-3039.02,22198,0.5
19-3039.02,22199,0.5
19-3039.02,22200,0.0
19-3039.02,22201,0.5
19-3039.02,22202,0.5
19-3039.02,22203,0.5
19-3039.02,22204,0.0
19-3039.02,22205,0.5
19-3039.02,22206,1.0
19-3039.03,22207,0.5
19-3039.03,22208,0.5
19-3039.03,22209,0.5
19-3039.03,22210,0.5
19-3039.03,22211,0.5
19-3039.03,22212,0.5
19-3039.03,22213,0.5
19-3039.03,22214,0.5
19-3039.03,22215,0.5
19-3039.03,22216,0.0
19-3039.03,22217,0.5
19-3039.03,22218,0.5
19-3039.03,22219,0.5
19-3039.03,22220,0.5
19-3039.03,22221,0.0
19-3039.03,22222,0.0
19-3039.03,22223,0.5
19-3039.03,22224,1.0
19-3041.00,5465,0.5
19-3041.00,5467,0.5
19-3041.00,5464,1.0
19-3041.00,5466,0.5
19-3041.00,5469,0.5
19-3041.00,5468,0.5
19-3041.00,20868,0.5
19-3041.00,5473,0.5
19-3041.00,5470,0.5
19-3041.00,5474,0.5
19-3041.00,5471,0.5
19-3041.00,5475,0.0
19-3041.00,5472,1.0
19-3051.00,220,0.5
19-3051.00,226,0.5
19-3051.00,225,0.5
19-3051.00,18476,0.0
19-3051.00,230,0.5
19-3051.00,222,0.5
19-3051.00,227,0.5
19-3051.00,19777,0.5
19-3051.00,228,0.5
19-3051.00,229,0.5
19-3051.00,20524,0.5
19-3051.00,20523,0.5
19-3051.00,232,0.5
19-3051.00,233,0.5
19-3051.00,19776,0.5
19-3051.00,19778,0.5
19-3051.00,231,0.5
19-3051.00,19775,0.5
19-3051.00,20525,0.5
19-3051.00,22225,0.5
19-3051.00,22226,0.5
19-3051.00,22227,0.5
19-3051.00,22228,0.5
19-3051.00,22229,0.5
19-3051.00,22230,0.5
19-3091.00,22232,0.5
19-3091.00,22233,0.5
19-3091.00,22234,1.0
19-3091.00,22239,0.5
19-3091.00,22241,0.0
19-3091.00,22231,0.5
19-3091.00,22237,0.5
19-3091.00,22236,0.5
19-3091.00,22240,0.5
19-3091.00,22238,0.5
19-3091.00,22243,0.5
19-3091.00,22235,0.5
19-3091.00,22242,0.5
19-3091.00,22244,0.5
19-3091.00,22251,0.0
19-3091.00,22248,0.5
19-3091.00,22246,0.5
19-3091.00,22247,0.0
19-3091.00,22245,0.5
19-3091.00,22249,0.0
19-3091.00,22250,0.5
19-3091.00,22252,0.0
19-3091.00,22253,0.5
19-3091.00,22254,0.5
19-3091.00,22255,0.5
19-3091.00,22256,0.5
19-3091.00,22257,0.5
19-3091.00,22258,0.5
19-3091.00,22259,0.5
19-3091.00,22260,1.0
19-3092.00,5503,0.5
19-3092.00,5507,0.5
19-3092.00,5504,1.0
19-3092.00,5509,0.5
19-3092.00,5508,0.5
19-3092.00,5511,0.5
19-3092.00,5513,0.0
19-3092.00,5506,0.5
19-3092.00,5510,0.0
19-3092.00,5514,0.5
19-3092.00,5505,1.0
19-3092.00,5512,0.5
19-3093.00,20744,0.0
19-3093.00,3718,0.5
19-3093.00,3720,0.5
19-3093.00,3729,0.5
19-3093.00,3726,0.5
19-3093.00,3717,0.5
19-3093.00,3725,0.5
19-3093.00,3722,0.5
19-3093.00,3734,0.5
19-3093.00,3727,0.5
19-3093.00,3723,0.0
19-3093.00,3730,0.5
19-3093.00,3724,0.5
19-3093.00,3719,0.5
19-3093.00,3728,1.0
19-3093.00,3733,0.0
19-3093.00,3732,0.5
19-3093.00,3736,1.0
19-3093.00,3735,0.5
19-3093.00,3731,1.0
19-3093.00,3721,0.5
19-3094.00,5515,0.5
19-3094.00,5519,0.5
19-3094.00,5518,0.5
19-3094.00,5516,0.5
19-3094.00,23949,0.5
19-3094.00,5520,0.5
19-3094.00,5521,0.5
19-3094.00,5517,0.5
19-3094.00,23950,0.0
19-3094.00,5524,0.5
19-3094.00,5525,0.5
19-3094.00,5522,0.5
19-3094.00,5526,0.5
19-3094.00,5523,1.0
19-3099.01,16952,0.5
19-3099.01,16953,0.5
19-3099.01,16945,0.0
19-3099.01,16949,0.5
19-3099.01,20976,0.5
19-3099.01,16943,0.5
19-3099.01,20977,0.5
19-3099.01,16954,0.5
19-3099.01,16951,0.5
19-3099.01,20978,0.5
19-3099.01,19779,0.5
19-3099.01,20979,1.0
19-3099.01,16941,0.5
19-3099.01,16948,1.0
19-3099.01,16938,0.5
19-3099.01,16934,0.5
19-3099.01,16942,0.5
19-3099.01,20980,0.5
19-3099.01,16944,0.5
19-3099.01,16937,0.5
19-3099.01,16935,0.5
19-3099.01,16939,0.5
19-4012.00,5528,1.0
19-4012.00,20526,0.0
19-4012.00,5530,1.0
19-4012.00,20527,0.0
19-4012.00,20528,0.0
19-4012.00,20529,0.5
19-4012.00,20530,0.0
19-4012.00,20531,0.5
19-4012.00,5548,0.0
19-4012.00,20532,1.0
19-4012.00,5542,0.0
19-4012.00,19782,0.5
19-4012.00,19781,0.5
19-4012.00,5538,0.5
19-4012.00,5544,0.0
19-4012.00,20533,0.0
19-4012.00,5541,0.0
19-4012.00,20534,0.0
19-4012.00,20535,0.0
19-4012.00,5540,0.0
19-4012.00,5543,1.0
19-4012.00,20536,0.0
19-4012.00,5547,0.0
19-4012.00,5549,0.0
19-4012.00,20537,0.5
19-4012.00,19780,0.5
19-4012.01,18281,0.5
19-4012.01,20872,0.5
19-4012.01,20873,0.0
19-4012.01,18295,1.0
19-4012.01,18282,0.5
19-4012.01,19801,0.5
19-4012.01,18289,0.5
19-4012.01,20874,0.5
19-4012.01,18280,0.0
19-4012.01,20875,0.5
19-4012.01,18290,1.0
19-4012.01,18278,0.5
19-4012.01,18296,0.5
19-4012.01,20876,0.5
19-4012.01,18279,0.5
19-4012.01,18288,0.5
19-4012.01,18284,0.5
19-4012.01,18293,0.5
19-4012.01,19803,0.5
19-4012.01,18287,0.5
19-4012.01,19800,0.5
19-4012.01,19802,0.5
19-4013.00,7579,1.0
19-4013.00,7576,0.0
19-4013.00,20394,1.0
19-4013.00,7582,0.0
19-4013.00,20395,0.0
19-4013.00,7578,1.0
19-4013.00,20396,0.0
19-4013.00,7581,1.0
19-4013.00,7577,0.5
19-4013.00,20397,0.0
19-4013.00,7585,0.0
19-4013.00,7584,0.0
19-4013.00,20398,0.0
19-4013.00,7583,0.5
19-4013.00,7587,0.5
19-4013.00,22261,0.0
19-4021.00,3741,0.0
19-4021.00,3740,1.0
19-4021.00,3749,0.5
19-4021.00,3747,0.5
19-4021.00,3743,0.5
19-4021.00,3737,1.0
19-4021.00,20981,1.0
19-4021.00,3739,0.0
19-4021.00,3742,0.0
19-4021.00,3744,0.0
19-4021.00,3738,0.5
19-4021.00,20982,0.5
19-4021.00,3745,0.5
19-4021.00,3752,0.0
19-4021.00,3746,0.5
19-4021.00,3750,0.5
19-4021.00,3748,0.0
19-4021.00,3751,0.0
19-4031.00,1537,0.0
19-4031.00,1541,0.0
19-4031.00,1535,0.5
19-4031.00,1536,0.5
19-4031.00,1540,1.0
19-4031.00,1538,0.5
19-4031.00,18477,0.0
19-4031.00,1539,0.5
19-4031.00,1544,0.5
19-4031.00,20538,0.0
19-4031.00,1542,1.0
19-4031.00,1543,0.5
19-4031.00,1546,0.0
19-4031.00,1545,0.5
19-4031.00,1548,0.0
19-4031.00,1547,0.5
19-4042.00,1560,1.0
19-4042.00,1549,1.0
19-4042.00,1570,0.5
19-4042.00,20869,0.0
19-4042.00,1553,0.0
19-4042.00,1552,0.5
19-4042.00,1550,0.0
19-4042.00,19799,0.0
19-4042.00,1555,0.5
19-4042.00,1567,0.5
19-4042.00,1565,0.0
19-4042.00,19798,0.5
19-4042.00,1562,1.0
19-4042.00,19797,0.5
19-4042.00,1563,0.0
19-4042.00,1554,0.5
19-4042.00,1564,1.0
19-4042.00,1561,0.5
19-4042.00,1557,1.0
19-4042.00,20870,0.5
19-4042.00,1566,0.0
19-4042.00,1558,0.0
19-4042.00,1556,0.5
19-4042.00,1559,0.5
19-4042.00,20871,1.0
19-4042.00,1569,0.0
19-4043.00,22262,0.5
19-4043.00,22263,0.0
19-4043.00,22264,0.5
19-4043.00,22265,0.5
19-4043.00,22266,0.0
19-4043.00,22267,0.5
19-4043.00,22268,0.0
19-4043.00,22269,0.5
19-4043.00,22270,0.5
19-4043.00,22271,0.5
19-4043.00,22272,1.0
19-4043.00,22273,0.0
19-4043.00,22274,0.5
19-4043.00,22275,0.0
19-4043.00,22276,0.5
19-4043.00,22277,0.5
19-4043.00,22278,0.0
19-4043.00,22279,0.5
19-4043.00,22280,0.5
19-4043.00,22281,0.5
19-4043.00,22282,0.0
19-4043.00,22283,0.0
19-4043.00,22284,0.5
19-4043.00,22285,0.5
19-4043.00,22286,0.5
19-4043.00,22287,0.5
19-4043.00,22288,0.5
19-4043.00,22289,0.5
19-4043.00,22290,0.5
19-4043.00,22291,0.5
19-4044.00,22292,0.5
19-4044.00,22293,0.5
19-4044.00,22294,0.5
19-4044.00,22295,0.5
19-4044.00,22296,0.0
19-4044.00,22297,1.0
19-4044.00,22298,0.5
19-4044.00,22299,0.5
19-4044.00,22300,0.5
19-4044.00,22301,0.5
19-4044.00,22302,0.0
19-4044.00,22303,0.5
19-4044.00,22304,0.0
19-4044.00,22305,0.5
19-4044.00,22306,1.0
19-4044.00,22307,1.0
19-4051.00,22308,0.0
19-4051.00,22309,0.0
19-4051.00,22310,0.5
19-4051.00,22311,0.0
19-4051.00,22312,0.0
19-4051.00,22313,0.0
19-4051.00,22314,0.0
19-4051.00,22315,0.5
19-4051.00,22316,0.0
19-4051.00,22317,0.0
19-4051.00,22318,0.0
19-4051.00,22319,1.0
19-4051.00,22320,0.0
19-4051.00,22321,0.0
19-4051.00,22322,0.0
19-4051.00,22323,0.0
19-4051.00,22324,0.0
19-4051.00,22325,1.0
19-4051.00,22326,0.0
19-4051.00,22327,0.5
19-4051.00,22328,0.0
19-4051.02,20539,0.5
19-4051.02,7597,1.0
19-4051.02,7599,0.0
19-4051.02,7600,0.0
19-4051.02,7598,0.0
19-4051.02,7602,0.0
19-4051.02,7601,0.0
19-4051.02,7603,0.0
19-4051.02,20540,0.0
19-4051.02,7605,0.5
19-4051.02,7604,0.0
19-4051.02,7612,1.0
19-4051.02,20541,0.0
19-4051.02,7606,0.0
19-4051.02,7610,1.0
19-4051.02,7608,0.0
19-4051.02,7614,0.0
19-4051.02,7613,0.5
19-4051.02,7611,0.0
19-4061.00,12963,1.0
19-4061.00,12953,1.0
19-4061.00,12957,0.5
19-4061.00,12955,1.0
19-4061.00,12956,1.0
19-4061.00,12959,0.5
19-4061.00,12952,0.5
19-4061.00,12962,1.0
19-4061.00,12960,0.5
19-4061.00,12961,0.5
19-4061.00,12954,0.0
19-4061.00,12967,0.5
19-4061.00,12968,0.5
19-4061.00,12966,0.5
19-4061.00,12969,0.5
19-4061.00,12958,1.0
19-4061.00,12964,1.0
19-4061.00,12972,1.0
19-4061.00,12965,1.0
19-4061.00,12971,0.5
19-4061.00,12973,0.5
19-4061.00,12974,0.0
19-4061.00,12970,0.0
19-4071.00,5566,0.0
19-4071.00,5563,0.0
19-4071.00,5570,0.5
19-4071.00,5569,0.0
19-4071.00,21061,0.5
19-4071.00,5571,1.0
19-4071.00,5567,0.5
19-4071.00,5564,0.5
19-4071.00,5578,0.0
19-4071.00,5576,0.0
19-4071.00,5565,0.5
19-4071.00,5572,0.0
19-4071.00,5574,1.0
19-4071.00,5581,0.0
19-4071.00,5575,0.5
19-4071.00,5573,0.5
19-4071.00,5568,0.5
19-4071.00,5577,0.5
19-4071.00,5580,0.5
19-4071.00,5579,0.0
19-4071.00,5582,0.5
19-4092.00,18478,1.0
19-4092.00,1577,0.0
19-4092.00,1571,0.5
19-4092.00,20399,0.5
19-4092.00,1584,0.5
19-4092.00,1580,0.5
19-4092.00,1574,0.0
19-4092.00,1589,0.5
19-4092.00,1575,0.0
19-4092.00,18481,0.0
19-4092.00,18479,0.5
19-4092.00,1573,0.5
19-4092.00,1582,0.5
19-4092.00,20400,0.5
19-4092.00,18482,0.5
19-4092.00,1585,0.5
19-4092.00,1587,0.5
19-4092.00,1590,0.5
19-4092.00,1583,0.5
19-4092.00,1578,0.0
19-4092.00,20401,0.5
19-4099.01,16980,0.5
19-4099.01,16974,0.5
19-4099.01,16978,0.0
19-4099.01,16961,0.0
19-4099.01,16956,0.5
19-4099.01,16977,1.0
19-4099.01,16979,0.5
19-4099.01,16959,0.5
19-4099.01,16964,1.0
19-4099.01,16973,0.5
19-4099.01,16972,0.5
19-4099.01,16975,0.5
19-4099.01,16971,0.5
19-4099.01,16967,0.0
19-4099.01,16955,0.0
19-4099.01,16966,0.5
19-4099.01,16957,0.5
19-4099.01,16965,1.0
19-4099.01,16958,0.5
19-4099.01,16970,1.0
19-4099.01,16976,0.5
19-4099.01,16969,1.0
19-4099.01,16968,0.5
19-4099.01,16962,1.0
19-4099.01,16963,0.5
19-4099.01,16960,0.5
19-4099.03,16999,0.5
19-4099.03,16986,0.5
19-4099.03,16991,0.5
19-4099.03,16996,0.5
19-4099.03,16997,0.5
19-4099.03,16998,0.5
19-4099.03,16990,0.5
19-4099.03,16981,0.5
19-4099.03,16987,0.5
19-4099.03,16994,0.5
19-4099.03,16995,0.5
19-4099.03,16993,0.5
19-4099.03,16989,0.5
19-4099.03,16982,1.0
19-4099.03,16988,0.5
19-4099.03,16992,0.5
19-4099.03,16985,0.5
19-4099.03,16983,1.0
19-4099.03,16984,1.0
19-4099.03,19804,0.5
19-4099.03,19805,0.5
19-4099.03,19806,0.5
19-5011.00,11063,0.5
19-5011.00,11062,0.0
19-5011.00,11064,0.5
19-5011.00,11067,0.5
19-5011.00,11068,0.5
19-5011.00,11066,0.5
19-5011.00,11073,0.5
19-5011.00,11069,0.0
19-5011.00,11071,0.0
19-5011.00,11065,0.0
19-5011.00,21142,0.5
19-5011.00,11072,0.5
19-5011.00,11078,0.0
19-5011.00,11074,0.5
19-5011.00,11070,1.0
19-5011.00,11076,0.0
19-5011.00,11079,0.5
19-5011.00,11075,0.5
19-5011.00,11077,0.0
19-5011.00,11081,0.5
19-5011.00,11080,0.0
19-5012.00,11087,0.0
19-5012.00,11085,0.0
19-5012.00,11082,1.0
19-5012.00,11083,0.0
19-5012.00,11088,0.5
19-5012.00,20251,0.5
19-5012.00,20250,0.5
19-5012.00,20248,0.0
19-5012.00,11096,0.5
19-5012.00,20249,0.5
19-5012.00,11100,0.0
19-5012.00,20252,0.0
19-5012.00,19818,0.0
19-5012.00,11098,0.5
19-5012.00,11097,0.5
19-5012.00,20253,0.5
19-5012.00,11093,0.5
19-5012.00,19817,0.0
19-5012.00,11091,1.0
19-5012.00,11099,1.0
19-5012.00,19813,0.5
19-5012.00,11101,0.5
19-5012.00,11095,0.5
19-5012.00,19814,0.5
19-5012.00,19816,0.5
19-5012.00,19815,0.5
21-1011.00,5584,1.0
21-1011.00,5583,0.0
21-1011.00,18622,0.0
21-1011.00,5601,0.5
21-1011.00,5594,0.0
21-1011.00,5586,0.0
21-1011.00,5598,0.0
21-1011.00,5585,0.5
21-1011.00,5590,0.0
21-1011.00,5591,0.0
21-1011.00,5593,0.5
21-1011.00,5588,0.0
21-1011.00,5592,1.0
21-1011.00,5587,0.0
21-1011.00,5600,0.0
21-1011.00,5596,0.0
21-1011.00,5597,0.0
21-1011.00,5589,0.5
21-1011.00,18623,0.0
21-1011.00,5595,0.0
21-1011.00,5599,0.0
21-1011.00,5602,0.5
21-1011.00,5603,0.0
21-1012.00,5608,0.0
21-1012.00,18624,0.0
21-1012.00,18626,0.0
21-1012.00,5605,0.0
21-1012.00,18627,0.5
21-1012.00,5606,0.5
21-1012.00,5611,0.0
21-1012.00,5619,0.5
21-1012.00,5633,0.0
21-1012.00,5621,0.5
21-1012.00,5626,0.5
21-1012.00,18631,0.5
21-1012.00,5624,0.0
21-1012.00,18625,0.5
21-1012.00,18628,0.5
21-1012.00,18629,0.0
21-1012.00,18632,0.0
21-1012.00,5627,0.0
21-1012.00,5623,1.0
21-1012.00,18630,0.0
21-1012.00,5629,0.5
21-1012.00,18634,0.5
21-1012.00,18635,0.0
21-1012.00,5631,1.0
21-1012.00,5616,0.5
21-1012.00,5632,0.5
21-1012.00,5625,0.5
21-1012.00,5637,0.5
21-1012.00,5630,0.5
21-1012.00,18633,0.5
21-1012.00,5634,0.0
21-1012.00,5639,0.5
21-1012.00,5636,0.0
21-1012.00,5640,0.0
21-1013.00,9186,0.0
21-1013.00,9184,0.0
21-1013.00,20232,0.0
21-1013.00,9187,1.0
21-1013.00,9185,0.0
21-1013.00,9188,0.0
21-1013.00,9191,0.0
21-1013.00,20233,0.0
21-1013.00,9190,0.0
21-1013.00,9194,0.0
21-1013.00,9196,0.0
21-1013.00,9193,0.0
21-1013.00,9197,0.0
21-1013.00,9195,0.5
21-1013.00,9199,0.5
21-1013.00,9198,0.0
21-1014.00,1591,0.0
21-1014.00,1592,0.0
21-1014.00,18483,0.0
21-1014.00,1594,1.0
21-1014.00,1595,0.0
21-1014.00,1593,0.0
21-1014.00,23908,0.0
21-1014.00,20402,0.0
21-1014.00,18484,1.0
21-1014.00,1598,0.5
21-1014.00,1596,0.5
21-1014.00,1608,0.0
21-1014.00,1606,0.0
21-1014.00,1600,0.5
21-1014.00,1610,0.0
21-1014.00,23909,0.5
21-1014.00,1597,0.0
21-1014.00,1604,0.5
21-1014.00,1605,0.0
21-1014.00,1602,0.5
21-1014.00,1603,0.0
21-1014.00,1607,0.5
21-1014.00,1601,0.0
21-1014.00,1609,0.5
21-1014.00,18485,0.0
21-1014.00,1612,0.5
21-1014.00,18486,0.5
21-1015.00,9202,1.0
21-1015.00,9201,0.0
21-1015.00,9205,0.5
21-1015.00,9208,0.5
21-1015.00,9200,0.5
21-1015.00,9212,0.5
21-1015.00,9204,0.5
21-1015.00,9213,0.0
21-1015.00,9207,0.0
21-1015.00,9206,0.0
21-1015.00,9209,0.0
21-1015.00,9203,0.5
21-1015.00,9210,0.5
21-1015.00,9214,0.5
21-1015.00,20234,0.5
21-1015.00,21178,0.0
21-1015.00,9211,0.5
21-1021.00,237,1.0
21-1021.00,235,0.0
21-1021.00,250,0.0
21-1021.00,241,0.5
21-1021.00,243,0.0
21-1021.00,240,0.0
21-1021.00,239,0.0
21-1021.00,246,0.5
21-1021.00,245,0.5
21-1021.00,236,0.0
21-1021.00,244,0.0
21-1021.00,242,0.5
21-1021.00,251,0.0
21-1021.00,253,0.0
21-1021.00,238,0.5
21-1021.00,249,0.0
21-1021.00,255,0.5
21-1021.00,252,0.0
21-1021.00,256,0.0
21-1021.00,257,0.5
21-1021.00,247,0.0
21-1021.00,248,0.5
21-1021.00,254,0.5
21-1022.00,263,0.0
21-1022.00,23910,0.0
21-1022.00,258,0.5
21-1022.00,260,0.5
21-1022.00,265,0.5
21-1022.00,267,0.5
21-1022.00,264,0.5
21-1022.00,261,0.0
21-1022.00,15227,0.5
21-1022.00,262,0.0
21-1022.00,266,0.5
21-1022.00,268,0.0
21-1022.00,272,0.5
21-1022.00,269,0.5
21-1022.00,271,0.5
21-1022.00,259,0.0
21-1022.00,270,1.0
21-1023.00,273,0.0
21-1023.00,275,0.0
21-1023.00,276,0.5
21-1023.00,18487,0.5
21-1023.00,281,0.0
21-1023.00,279,0.5
21-1023.00,18489,0.0
21-1023.00,18488,0.5
21-1023.00,278,0.0
21-1023.00,18490,0.5
21-1023.00,277,0.5
21-1023.00,280,0.5
21-1023.00,282,0.0
21-1091.00,20236,1.0
21-1091.00,9218,0.0
21-1091.00,9222,1.0
21-1091.00,9216,1.0
21-1091.00,9217,0.5
21-1091.00,9221,0.0
21-1091.00,9229,0.5
21-1091.00,9223,0.0
21-1091.00,9220,0.5
21-1091.00,9225,1.0
21-1091.00,9228,0.5
21-1091.00,9224,0.5
21-1091.00,9226,0.5
21-1091.00,9227,0.5
21-1091.00,20237,0.5
21-1091.00,20235,0.5
21-1092.00,1614,1.0
21-1092.00,1618,0.0
21-1092.00,1625,0.0
21-1092.00,1617,0.0
21-1092.00,20056,0.0
21-1092.00,1628,0.0
21-1092.00,1624,0.5
21-1092.00,1621,0.5
21-1092.00,1620,0.0
21-1092.00,20055,0.0
21-1092.00,1616,1.0
21-1092.00,1631,0.5
21-1092.00,1615,1.0
21-1092.00,1629,0.5
21-1092.00,1623,0.5
21-1092.00,1622,0.5
21-1092.00,1633,0.5
21-1092.00,1619,0.5
21-1092.00,1630,0.5
21-1092.00,1627,0.5
21-1092.00,1632,0.5
21-1093.00,21179,0.5
21-1093.00,21180,0.5
21-1093.00,3754,1.0
21-1093.00,3755,0.0
21-1093.00,3757,1.0
21-1093.00,3759,0.0
21-1093.00,3753,0.5
21-1093.00,3756,0.5
21-1093.00,3758,0.0
21-1093.00,3760,0.0
21-1093.00,3770,0.5
21-1093.00,3765,0.0
21-1093.00,3764,0.0
21-1093.00,3772,1.0
21-1093.00,3771,1.0
21-1093.00,3762,0.0
21-1093.00,3767,0.5
21-1093.00,3763,0.0
21-1093.00,3761,0.0
21-1093.00,3768,0.0
21-1094.00,19031,1.0
21-1094.00,19017,0.5
21-1094.00,19028,0.0
21-1094.00,19026,0.5
21-1094.00,19027,0.0
21-1094.00,19036,0.5
21-1094.00,19024,0.0
21-1094.00,19033,0.0
21-1094.00,19016,0.5
21-1094.00,19018,0.5
21-1094.00,19015,0.0
21-1094.00,19029,0.5
21-1094.00,19020,0.5
21-1094.00,19025,0.0
21-1094.00,19043,0.0
21-1094.00,19023,0.5
21-1094.00,19037,0.0
21-1094.00,19042,0.0
21-1094.00,19038,0.0
21-1094.00,19019,0.0
21-1094.00,19040,0.5
21-1094.00,19039,0.5
21-1094.00,19021,0.0
21-1094.00,19034,0.0
21-1094.00,19030,1.0
21-1094.00,19032,0.5
21-1094.00,19022,0.5
21-1094.00,19041,0.5
21-1094.00,19035,0.5
21-2011.00,10934,0.0
21-2011.00,10935,1.0
21-2011.00,10936,1.0
21-2011.00,10937,0.0
21-2011.00,20748,0.5
21-2011.00,10939,0.0
21-2011.00,10940,0.0
21-2011.00,10943,0.0
21-2011.00,10948,0.5
21-2011.00,10941,0.0
21-2011.00,10944,1.0
21-2011.00,10945,0.0
21-2011.00,10942,0.0
21-2011.00,10947,0.0
21-2011.00,10938,1.0
21-2011.00,10950,0.0
21-2011.00,10949,0.5
21-2011.00,10952,0.5
21-2011.00,10953,0.5
21-2011.00,10951,0.5
21-2011.00,20749,0.0
21-2021.00,12975,0.5
21-2021.00,12977,0.5
21-2021.00,12985,1.0
21-2021.00,12976,0.5
21-2021.00,12978,0.5
21-2021.00,12982,0.0
21-2021.00,12979,0.5
21-2021.00,12980,0.0
21-2021.00,12984,0.0
21-2021.00,12983,1.0
21-2021.00,12981,0.5
21-2021.00,12987,0.5
21-2021.00,12988,0.5
21-2021.00,12986,0.5
21-2021.00,12990,0.0
21-2021.00,20750,0.5
21-2021.00,12991,0.0
21-2021.00,12992,1.0
21-2021.00,12989,0.0
23-1011.00,3775,0.5
23-1011.00,3773,0.5
23-1011.00,3781,0.0
23-1011.00,3774,0.5
23-1011.00,3782,0.5
23-1011.00,3779,0.0
23-1011.00,3776,0.5
23-1011.00,3783,0.5
23-1011.00,20877,0.5
23-1011.00,3786,0.5
23-1011.00,3789,0.0
23-1011.00,3780,0.5
23-1011.00,3777,0.5
23-1011.00,3778,0.5
23-1011.00,3785,0.5
23-1011.00,3788,0.5
23-1011.00,3787,0.5
23-1011.00,3790,0.5
23-1011.00,3794,0.5
23-1011.00,3792,0.5
23-1011.00,3791,0.5
23-1011.00,3793,0.5
23-1012.00,19050,0.5
23-1012.00,19051,0.5
23-1012.00,19047,1.0
23-1012.00,19046,0.5
23-1012.00,19052,0.5
23-1012.00,19048,0.5
23-1012.00,19044,0.5
23-1012.00,19053,0.5
23-1012.00,19045,0.5
23-1012.00,19061,0.5
23-1012.00,19057,1.0
23-1012.00,19054,1.0
23-1012.00,19056,0.5
23-1012.00,19049,0.0
23-1012.00,19060,0.5
23-1012.00,19055,0.5
23-1012.00,19062,0.0
23-1012.00,19058,0.5
23-1012.00,19059,0.0
23-1021.00,7627,0.5
23-1021.00,7623,0.0
23-1021.00,7617,1.0
23-1021.00,7624,0.5
23-1021.00,7625,0.5
23-1021.00,7619,0.5
23-1021.00,7618,0.5
23-1021.00,7621,0.5
23-1021.00,7626,0.5
23-1021.00,7622,1.0
23-1021.00,7620,0.5
23-1021.00,7628,0.0
23-1021.00,21181,0.5
23-1021.00,7629,0.5
23-1022.00,12999,1.0
23-1022.00,20238,0.5
23-1022.00,20239,0.5
23-1022.00,12994,0.5
23-1022.00,12993,0.5
23-1022.00,13001,0.5
23-1022.00,13008,0.5
23-1022.00,13010,0.0
23-1022.00,12996,0.5
23-1022.00,12995,0.5
23-1022.00,13005,0.5
23-1022.00,20240,0.5
23-1022.00,13011,0.5
23-1022.00,13004,0.5
23-1022.00,13012,0.5
23-1022.00,13007,0.5
23-1022.00,13003,0.5
23-1022.00,19807,0.5
23-1022.00,12997,1.0
23-1022.00,13009,0.0
23-1023.00,5644,0.5
23-1023.00,5649,0.5
23-1023.00,5643,0.0
23-1023.00,5653,0.5
23-1023.00,5647,0.5
23-1023.00,5645,0.5
23-1023.00,5646,0.5
23-1023.00,5654,0.5
23-1023.00,5650,0.5
23-1023.00,5651,0.5
23-1023.00,5648,0.5
23-1023.00,21182,0.5
23-1023.00,5655,0.5
23-1023.00,5657,0.5
23-1023.00,5656,0.0
23-1023.00,5658,0.5
23-1023.00,5652,0.5
23-1023.00,5659,0.5
23-1023.00,5660,0.0
23-1023.00,20057,0.5
23-1023.00,5661,0.0
23-2011.00,18491,1.0
23-2011.00,1634,1.0
23-2011.00,18492,0.5
23-2011.00,21062,0.5
23-2011.00,18493,0.0
23-2011.00,18494,0.5
23-2011.00,1636,0.5
23-2011.00,1639,0.5
23-2011.00,1638,0.0
23-2011.00,18496,0.5
23-2011.00,1641,0.5
23-2011.00,1642,0.5
23-2093.00,9231,0.5
23-2093.00,9234,0.5
23-2093.00,9235,0.5
23-2093.00,9233,1.0
23-2093.00,9236,0.5
23-2093.00,9230,0.5
23-2093.00,9232,1.0
23-2093.00,9240,0.5
23-2093.00,9237,0.0
23-2093.00,9238,1.0
23-2093.00,9243,0.5
23-2093.00,9244,0.5
23-2093.00,9241,0.5
23-2093.00,9239,0.5
23-2093.00,9245,0.5
23-2093.00,9246,0.5
23-2093.00,9242,0.5
25-1011.00,5662,0.5
25-1011.00,5663,0.5
25-1011.00,5667,0.0
25-1011.00,5665,1.0
25-1011.00,5670,0.5
25-1011.00,5668,0.5
25-1011.00,5666,1.0
25-1011.00,5681,0.5
25-1011.00,5664,0.5
25-1011.00,5669,0.0
25-1011.00,5673,0.5
25-1011.00,5671,0.5
25-1011.00,20058,1.0
25-1011.00,5674,0.5
25-1011.00,5676,0.5
25-1011.00,5672,0.5
25-1011.00,5678,1.0
25-1011.00,5677,0.0
25-1011.00,21108,0.0
25-1011.00,5679,0.5
25-1011.00,5675,0.5
25-1011.00,5682,0.0
25-1011.00,5680,0.5
25-1011.00,5683,0.5
25-1011.00,5684,0.5
25-1021.00,5688,1.0
25-1021.00,5689,0.5
25-1021.00,5687,0.5
25-1021.00,5685,0.5
25-1021.00,5686,1.0
25-1021.00,5690,0.5
25-1021.00,5692,0.5
25-1021.00,5694,0.5
25-1021.00,5696,0.5
25-1021.00,5691,0.5
25-1021.00,21109,1.0
25-1021.00,5697,0.5
25-1021.00,5698,0.5
25-1021.00,5695,0.5
25-1021.00,5699,0.0
25-1021.00,5706,0.0
25-1021.00,5704,0.5
25-1021.00,5701,0.5
25-1021.00,5703,0.5
25-1021.00,5693,0.5
25-1021.00,5708,0.5
25-1021.00,5702,0.5
25-1021.00,20059,0.0
25-1021.00,5707,1.0
25-1021.00,5705,0.5
25-1021.00,5700,0.0
25-1022.00,5710,0.5
25-1022.00,5709,0.5
25-1022.00,5711,1.0
25-1022.00,5713,1.0
25-1022.00,5712,1.0
25-1022.00,5715,0.5
25-1022.00,5714,0.0
25-1022.00,5716,0.0
25-1022.00,20060,0.5
25-1022.00,5717,0.5
25-1022.00,5720,1.0
25-1022.00,5719,0.5
25-1022.00,5721,0.0
25-1022.00,5724,0.5
25-1022.00,21110,0.5
25-1022.00,5723,0.5
25-1022.00,21111,1.0
25-1022.00,5725,0.5
25-1022.00,5726,0.0
25-1022.00,5722,0.5
25-1022.00,5728,1.0
25-1022.00,5727,0.0
25-1022.00,5730,0.5
25-1022.00,5729,1.0
25-1031.00,5735,0.5
25-1031.00,5733,1.0
25-1031.00,5732,0.5
25-1031.00,5731,0.5
25-1031.00,5737,1.0
25-1031.00,5734,0.0
25-1031.00,5736,0.5
25-1031.00,5739,0.5
25-1031.00,5742,0.5
25-1031.00,5740,0.5
25-1031.00,5741,0.5
25-1031.00,5743,0.5
25-1031.00,5748,1.0
25-1031.00,5738,0.0
25-1031.00,5746,0.5
25-1031.00,5745,0.0
25-1031.00,5747,0.5
25-1031.00,5744,1.0
25-1031.00,5751,0.0
25-1031.00,5750,0.5
25-1031.00,5749,0.5
25-1031.00,5752,0.0
25-1032.00,5757,0.5
25-1032.00,5758,1.0
25-1032.00,5756,0.5
25-1032.00,5760,0.5
25-1032.00,5755,0.5
25-1032.00,5754,0.5
25-1032.00,5753,0.5
25-1032.00,5762,0.5
25-1032.00,5761,0.0
25-1032.00,5759,0.5
25-1032.00,5767,0.5
25-1032.00,5764,0.5
25-1032.00,5766,1.0
25-1032.00,5763,0.0
25-1032.00,5769,0.5
25-1032.00,5768,0.5
25-1032.00,5765,0.5
25-1032.00,5770,0.5
25-1032.00,5771,0.5
25-1032.00,21112,1.0
25-1032.00,5775,0.0
25-1032.00,5774,0.0
25-1032.00,5772,0.5
25-1032.00,5773,1.0
25-1041.00,5778,0.5
25-1041.00,5785,0.5
25-1041.00,5783,0.5
25-1041.00,5782,0.0
25-1041.00,5781,0.5
25-1041.00,5779,0.5
25-1041.00,5789,0.5
25-1041.00,5776,1.0
25-1041.00,5777,0.5
25-1041.00,5790,0.0
25-1041.00,5780,0.0
25-1041.00,5786,0.5
25-1041.00,5784,0.5
25-1041.00,5787,1.0
25-1041.00,5791,0.5
25-1041.00,5792,0.5
25-1041.00,5793,0.0
25-1041.00,5788,1.0
25-1041.00,5795,1.0
25-1041.00,5794,0.0
25-1041.00,5796,0.5
25-1041.00,5798,1.0
25-1041.00,5797,0.5
25-1042.00,5800,0.5
25-1042.00,5799,0.5
25-1042.00,5807,0.5
25-1042.00,20061,1.0
25-1042.00,5806,0.0
25-1042.00,5803,0.5
25-1042.00,5804,0.5
25-1042.00,5805,1.0
25-1042.00,5802,0.5
25-1042.00,5810,0.5
25-1042.00,20062,0.5
25-1042.00,5808,0.5
25-1042.00,5809,0.0
25-1042.00,5813,0.5
25-1042.00,5812,0.5
25-1042.00,5811,0.5
25-1042.00,5814,0.5
25-1042.00,20063,0.0
25-1042.00,5816,0.5
25-1042.00,20064,1.0
25-1042.00,5815,0.5
25-1042.00,21113,0.0
25-1042.00,5817,0.5
25-1042.00,5819,1.0
25-1042.00,20065,0.0
25-1042.00,5818,0.0
25-1042.00,5821,0.5
25-1043.00,5829,1.0
25-1043.00,5824,0.5
25-1043.00,5825,0.5
25-1043.00,5833,0.0
25-1043.00,5834,1.0
25-1043.00,5823,0.5
25-1043.00,5827,0.5
25-1043.00,5835,0.5
25-1043.00,5830,0.5
25-1043.00,5832,0.0
25-1043.00,5828,0.5
25-1043.00,5831,0.5
25-1043.00,5826,1.0
25-1043.00,5836,0.0
25-1043.00,5822,0.5
25-1043.00,5843,0.0
25-1043.00,5838,0.5
25-1043.00,5837,0.5
25-1043.00,5839,0.0
25-1043.00,20066,1.0
25-1043.00,20067,0.5
25-1043.00,5841,0.5
25-1043.00,5844,0.0
25-1043.00,5840,0.5
25-1043.00,5842,1.0
25-1051.00,5859,1.0
25-1051.00,5849,0.5
25-1051.00,5851,0.5
25-1051.00,5854,0.5
25-1051.00,5850,0.0
25-1051.00,5855,0.5
25-1051.00,5852,1.0
25-1051.00,5856,0.0
25-1051.00,5847,0.5
25-1051.00,5857,0.0
25-1051.00,5858,0.5
25-1051.00,5853,0.5
25-1051.00,5862,0.5
25-1051.00,5863,0.5
25-1051.00,5845,0.5
25-1051.00,5848,0.5
25-1051.00,5846,1.0
25-1051.00,5861,0.5
25-1051.00,20068,0.0
25-1051.00,5860,0.5
25-1051.00,5866,0.0
25-1051.00,5864,1.0
25-1051.00,5867,0.0
25-1051.00,20070,0.5
25-1051.00,20069,1.0
25-1051.00,5865,0.5
25-1052.00,5868,0.5
25-1052.00,20071,0.0
25-1052.00,5870,0.5
25-1052.00,5869,0.0
25-1052.00,5872,1.0
25-1052.00,5876,0.5
25-1052.00,5871,0.5
25-1052.00,5873,1.0
25-1052.00,5875,0.5
25-1052.00,5874,0.0
25-1052.00,5880,0.5
25-1052.00,5878,0.0
25-1052.00,5877,0.5
25-1052.00,5881,0.5
25-1052.00,5884,0.5
25-1052.00,20072,0.5
25-1052.00,5882,0.5
25-1052.00,21114,1.0
25-1052.00,5886,1.0
25-1052.00,5883,0.0
25-1052.00,21115,0.0
25-1052.00,5885,0.5
25-1052.00,20073,0.0
25-1052.00,5887,0.5
25-1052.00,5890,0.0
25-1052.00,5888,0.0
25-1052.00,5889,1.0
25-1052.00,5891,0.5
25-1053.00,5895,0.5
25-1053.00,5898,1.0
25-1053.00,5897,0.0
25-1053.00,5902,0.5
25-1053.00,5894,0.5
25-1053.00,5892,0.5
25-1053.00,5899,0.5
25-1053.00,5900,0.0
25-1053.00,5893,0.5
25-1053.00,5904,1.0
25-1053.00,5901,0.5
25-1053.00,5906,0.0
25-1053.00,5907,0.5
25-1053.00,5903,0.5
25-1053.00,5905,0.5
25-1053.00,21116,1.0
25-1053.00,5909,0.5
25-1053.00,5896,1.0
25-1053.00,5911,0.0
25-1053.00,20074,1.0
25-1053.00,5912,1.0
25-1053.00,5908,0.5
25-1053.00,5914,0.0
25-1053.00,5913,0.0
25-1053.00,5910,0.5
25-1054.00,5915,0.5
25-1054.00,5920,1.0
25-1054.00,5917,0.5
25-1054.00,5916,0.5
25-1054.00,5921,0.0
25-1054.00,5922,0.5
25-1054.00,5925,0.0
25-1054.00,5918,1.0
25-1054.00,5924,0.5
25-1054.00,5919,0.0
25-1054.00,5923,0.5
25-1054.00,5929,0.5
25-1054.00,5927,0.5
25-1054.00,5926,0.5
25-1054.00,5928,0.5
25-1054.00,20075,0.0
25-1054.00,5933,0.5
25-1054.00,5930,0.5
25-1054.00,5931,0.0
25-1054.00,5932,0.5
25-1054.00,5936,1.0
25-1054.00,5937,0.0
25-1054.00,5934,0.0
25-1054.00,5935,0.5
25-1061.00,20076,0.5
25-1061.00,5939,0.5
25-1061.00,5940,0.5
25-1061.00,5942,0.0
25-1061.00,5941,0.5
25-1061.00,5945,1.0
25-1061.00,5949,0.5
25-1061.00,5950,1.0
25-1061.00,5946,1.0
25-1061.00,5948,0.5
25-1061.00,5947,0.0
25-1061.00,5944,0.5
25-1061.00,20077,1.0
25-1061.00,5951,0.0
25-1061.00,21117,1.0
25-1061.00,5955,0.5
25-1061.00,5952,0.5
25-1061.00,5954,0.5
25-1061.00,5956,0.0
25-1061.00,5953,1.0
25-1061.00,20078,1.0
25-1061.00,5957,0.5
25-1061.00,5958,0.0
25-1061.00,21118,0.0
25-1061.00,5959,0.5
25-1061.00,5960,0.0
25-1062.00,5966,0.0
25-1062.00,5963,0.5
25-1062.00,5965,0.5
25-1062.00,5964,1.0
25-1062.00,5967,0.5
25-1062.00,5961,0.5
25-1062.00,5969,0.5
25-1062.00,5962,0.5
25-1062.00,5968,0.0
25-1062.00,5970,1.0
25-1062.00,5973,0.5
25-1062.00,5971,0.5
25-1062.00,5974,0.5
25-1062.00,5982,0.5
25-1062.00,5975,0.0
25-1062.00,5972,0.5
25-1062.00,5976,1.0
25-1062.00,5977,1.0
25-1062.00,20079,1.0
25-1062.00,5981,0.0
25-1062.00,5979,0.5
25-1062.00,5980,0.0
25-1062.00,5983,0.5
25-1063.00,5984,0.5
25-1063.00,5985,1.0
25-1063.00,5994,0.5
25-1063.00,5988,0.5
25-1063.00,5986,0.5
25-1063.00,5993,0.5
25-1063.00,5987,0.5
25-1063.00,5989,1.0
25-1063.00,5990,0.0
25-1063.00,5995,0.5
25-1063.00,5991,0.0
25-1063.00,5996,0.5
25-1063.00,5998,0.5
25-1063.00,5992,0.5
25-1063.00,6001,0.5
25-1063.00,6000,0.5
25-1063.00,5999,1.0
25-1063.00,5997,0.0
25-1063.00,6002,0.5
25-1063.00,6004,0.5
25-1063.00,6003,0.0
25-1063.00,6005,0.0
25-1064.00,6011,1.0
25-1064.00,6006,0.5
25-1064.00,6017,0.5
25-1064.00,6007,0.5
25-1064.00,6008,0.5
25-1064.00,6012,0.5
25-1064.00,6009,0.0
25-1064.00,6010,1.0
25-1064.00,6013,0.5
25-1064.00,6014,0.5
25-1064.00,6015,0.0
25-1064.00,6016,0.0
25-1064.00,6021,0.0
25-1064.00,6020,0.5
25-1064.00,6018,0.5
25-1064.00,6028,0.5
25-1064.00,6026,1.0
25-1064.00,6022,0.5
25-1064.00,6019,0.5
25-1064.00,6025,0.5
25-1064.00,6027,1.0
25-1064.00,6023,0.0
25-1064.00,6024,1.0
25-1064.00,6030,0.5
25-1064.00,6029,0.0
25-1065.00,6032,0.5
25-1065.00,6036,0.5
25-1065.00,6033,0.5
25-1065.00,6031,0.0
25-1065.00,6037,0.5
25-1065.00,6042,0.5
25-1065.00,6034,0.5
25-1065.00,6035,1.0
25-1065.00,6043,0.5
25-1065.00,6038,1.0
25-1065.00,6039,0.0
25-1065.00,6040,0.5
25-1065.00,6041,0.5
25-1065.00,6044,0.5
25-1065.00,6050,0.5
25-1065.00,6045,0.0
25-1065.00,6048,1.0
25-1065.00,6047,0.5
25-1065.00,6049,0.0
25-1065.00,6051,1.0
25-1065.00,6046,0.0
25-1065.00,6052,0.5
25-1066.00,6053,0.5
25-1066.00,6055,0.0
25-1066.00,6054,0.5
25-1066.00,6057,0.5
25-1066.00,6056,0.5
25-1066.00,6058,1.0
25-1066.00,6061,0.5
25-1066.00,21119,0.5
25-1066.00,6059,0.5
25-1066.00,6063,0.5
25-1066.00,20080,0.5
25-1066.00,6062,0.0
25-1066.00,6071,0.5
25-1066.00,6066,0.5
25-1066.00,6064,0.5
25-1066.00,6073,0.5
25-1066.00,6060,1.0
25-1066.00,21120,1.0
25-1066.00,6067,0.0
25-1066.00,6069,0.5
25-1066.00,6065,0.5
25-1066.00,6070,0.5
25-1066.00,20082,0.0
25-1066.00,20081,0.0
25-1066.00,20083,1.0
25-1066.00,6068,1.0
25-1066.00,6072,0.0
25-1066.00,6074,0.0
25-1066.00,6075,0.5
25-1067.00,6076,0.5
25-1067.00,6078,0.0
25-1067.00,6079,0.5
25-1067.00,6077,0.5
25-1067.00,6080,1.0
25-1067.00,6081,0.5
25-1067.00,6087,0.5
25-1067.00,6084,0.5
25-1067.00,6082,1.0
25-1067.00,6089,0.5
25-1067.00,6083,0.0
25-1067.00,6085,0.5
25-1067.00,6093,0.0
25-1067.00,6088,0.5
25-1067.00,6086,0.5
25-1067.00,6090,0.0
25-1067.00,6096,1.0
25-1067.00,6094,0.5
25-1067.00,21121,0.0
25-1067.00,6091,0.5
25-1067.00,6092,0.5
25-1067.00,6097,0.0
25-1067.00,6095,0.0
25-1067.00,6098,0.5
25-1071.00,6103,1.0
25-1071.00,6100,0.5
25-1071.00,6102,0.5
25-1071.00,6109,0.0
25-1071.00,6101,0.5
25-1071.00,6110,1.0
25-1071.00,6099,0.5
25-1071.00,6105,0.5
25-1071.00,6106,0.5
25-1071.00,6113,0.5
25-1071.00,6116,0.5
25-1071.00,6108,0.5
25-1071.00,6115,0.5
25-1071.00,6112,0.5
25-1071.00,6111,0.0
25-1071.00,6107,0.5
25-1071.00,6121,0.0
25-1071.00,6104,0.5
25-1071.00,6118,0.5
25-1071.00,6114,0.5
25-1071.00,6117,0.0
25-1071.00,6119,1.0
25-1071.00,6120,0.5
25-1072.00,6127,0.5
25-1072.00,6126,0.0
25-1072.00,6122,0.0
25-1072.00,6130,0.5
25-1072.00,6131,0.5
25-1072.00,6123,0.5
25-1072.00,6125,1.0
25-1072.00,6145,0.0
25-1072.00,6124,0.5
25-1072.00,6129,0.5
25-1072.00,6133,1.0
25-1072.00,6132,0.5
25-1072.00,6128,0.5
25-1072.00,6134,0.0
25-1072.00,20084,0.0
25-1072.00,6139,0.5
25-1072.00,20085,0.0
25-1072.00,6138,0.0
25-1072.00,6141,0.5
25-1072.00,6137,0.5
25-1072.00,6140,1.0
25-1072.00,6142,0.0
25-1072.00,6135,0.0
25-1072.00,6136,0.5
25-1072.00,6146,0.5
25-1072.00,21122,1.0
25-1072.00,6143,1.0
25-1072.00,6144,0.0
25-1072.00,6147,0.5
25-1081.00,6148,1.0
25-1081.00,6160,0.5
25-1081.00,6159,0.5
25-1081.00,6154,0.5
25-1081.00,6153,0.5
25-1081.00,6151,0.5
25-1081.00,6149,0.5
25-1081.00,6150,0.0
25-1081.00,6158,0.5
25-1081.00,6152,0.5
25-1081.00,6156,0.0
25-1081.00,6155,0.5
25-1081.00,6162,0.5
25-1081.00,6157,1.0
25-1081.00,6168,0.5
25-1081.00,6161,0.5
25-1081.00,6164,0.0
25-1081.00,6166,1.0
25-1081.00,20086,0.5
25-1081.00,6163,0.5
25-1081.00,6167,0.0
25-1081.00,6165,1.0
25-1081.00,6169,0.0
25-1081.00,6170,0.5
25-1082.00,20087,0.5
25-1082.00,6173,0.5
25-1082.00,20088,0.5
25-1082.00,6172,0.5
25-1082.00,6171,1.0
25-1082.00,6176,0.5
25-1082.00,6175,0.0
25-1082.00,6181,0.5
25-1082.00,6178,1.0
25-1082.00,6180,0.5
25-1082.00,6185,0.5
25-1082.00,6182,0.5
25-1082.00,20089,0.5
25-1082.00,6179,0.5
25-1082.00,6188,1.0
25-1082.00,20090,1.0
25-1082.00,6186,0.0
25-1082.00,6183,0.0
25-1082.00,6184,1.0
25-1082.00,6189,0.5
25-1082.00,6187,0.5
25-1082.00,6190,0.0
25-1082.00,6191,0.0
25-1082.00,21123,0.5
25-1082.00,6192,0.5
25-1111.00,6197,0.5
25-1111.00,6193,0.0
25-1111.00,6195,0.5
25-1111.00,6196,0.5
25-1111.00,6194,0.5
25-1111.00,6202,1.0
25-1111.00,6198,1.0
25-1111.00,6200,0.5
25-1111.00,6205,0.0
25-1111.00,6204,0.5
25-1111.00,6206,0.5
25-1111.00,6210,0.5
25-1111.00,6203,0.5
25-1111.00,21124,1.0
25-1111.00,6208,0.0
25-1111.00,6209,1.0
25-1111.00,6213,0.0
25-1111.00,6199,0.5
25-1111.00,6201,0.5
25-1111.00,6212,0.5
25-1111.00,6214,0.0
25-1111.00,6207,1.0
25-1111.00,6211,0.5
25-1112.00,6218,0.0
25-1112.00,6215,0.5
25-1112.00,6219,1.0
25-1112.00,6216,0.5
25-1112.00,6220,0.5
25-1112.00,6217,0.5
25-1112.00,6227,1.0
25-1112.00,6223,0.5
25-1112.00,6221,0.5
25-1112.00,6222,0.0
25-1112.00,6226,0.5
25-1112.00,6224,0.5
25-1112.00,6235,0.5
25-1112.00,6225,0.5
25-1112.00,6230,0.5
25-1112.00,6228,0.0
25-1112.00,6234,0.0
25-1112.00,6231,0.5
25-1112.00,6229,0.5
25-1112.00,6233,0.0
25-1112.00,6232,1.0
25-1112.00,6237,0.5
25-1112.00,6236,0.5
25-1113.00,6238,0.0
25-1113.00,6244,1.0
25-1113.00,6249,0.5
25-1113.00,6243,0.0
25-1113.00,6240,0.5
25-1113.00,6245,0.5
25-1113.00,6239,0.5
25-1113.00,6247,0.5
25-1113.00,6241,0.5
25-1113.00,6248,0.5
25-1113.00,6250,0.5
25-1113.00,6251,1.0
25-1113.00,6246,0.0
25-1113.00,6257,0.5
25-1113.00,6255,1.0
25-1113.00,6256,0.5
25-1113.00,6253,0.0
25-1113.00,23911,0.0
25-1113.00,6258,0.0
25-1113.00,6260,0.0
25-1113.00,6242,0.5
25-1113.00,6254,0.5
25-1113.00,6252,1.0
25-1113.00,6259,0.5
25-1121.00,6262,0.0
25-1121.00,6261,0.5
25-1121.00,6263,0.5
25-1121.00,6267,0.0
25-1121.00,6264,0.5
25-1121.00,6266,1.0
25-1121.00,6270,1.0
25-1121.00,6268,0.5
25-1121.00,6273,0.5
25-1121.00,6275,0.5
25-1121.00,6274,0.5
25-1121.00,6277,0.5
25-1121.00,6276,0.5
25-1121.00,6278,0.0
25-1121.00,6269,0.5
25-1121.00,6283,0.5
25-1121.00,6280,0.0
25-1121.00,6281,0.5
25-1121.00,6279,0.5
25-1121.00,6285,0.0
25-1121.00,6265,0.0
25-1121.00,6272,0.5
25-1121.00,6284,0.5
25-1121.00,21125,0.0
25-1121.00,6271,0.5
25-1121.00,6286,1.0
25-1121.00,6282,1.0
25-1121.00,6287,0.5
25-1122.00,6288,0.5
25-1122.00,6290,0.0
25-1122.00,6292,0.5
25-1122.00,6289,1.0
25-1122.00,6291,0.5
25-1122.00,6293,1.0
25-1122.00,6294,0.5
25-1122.00,6295,0.0
25-1122.00,6297,0.5
25-1122.00,6299,0.5
25-1122.00,6300,0.5
25-1122.00,6302,0.5
25-1122.00,20091,0.5
25-1122.00,6303,0.0
25-1122.00,6306,0.0
25-1122.00,6301,0.5
25-1122.00,6305,0.0
25-1122.00,6307,0.5
25-1122.00,6298,0.5
25-1122.00,6304,1.0
25-1122.00,6308,0.5
25-1122.00,21126,0.0
25-1122.00,6309,0.5
25-1123.00,21127,0.5
25-1123.00,6311,0.5
25-1123.00,6312,1.0
25-1123.00,6310,0.0
25-1123.00,6314,1.0
25-1123.00,6315,0.5
25-1123.00,6313,0.5
25-1123.00,20093,0.5
25-1123.00,6318,0.5
25-1123.00,6316,0.5
25-1123.00,6317,0.0
25-1123.00,6321,0.5
25-1123.00,6320,0.5
25-1123.00,20098,0.5
25-1123.00,21128,0.5
25-1123.00,6322,1.0
25-1123.00,21129,1.0
25-1123.00,6319,0.5
25-1123.00,6323,0.0
25-1123.00,6324,0.0
25-1123.00,6325,0.5
25-1123.00,6326,1.0
25-1123.00,20094,0.0
25-1123.00,6327,0.5
25-1123.00,6329,0.5
25-1123.00,20096,0.5
25-1123.00,6328,0.5
25-1123.00,20097,1.0
25-1123.00,20095,1.0
25-1123.00,6331,0.0
25-1123.00,6332,1.0
25-1123.00,21130,1.0
25-1123.00,6333,0.5
25-1124.00,6335,1.0
25-1124.00,6337,1.0
25-1124.00,6334,0.5
25-1124.00,6336,0.0
25-1124.00,6340,0.5
25-1124.00,6345,0.5
25-1124.00,6343,0.5
25-1124.00,6338,0.5
25-1124.00,6341,0.0
25-1124.00,6339,0.5
25-1124.00,6342,0.5
25-1124.00,6344,0.5
25-1124.00,21131,1.0
25-1124.00,6346,1.0
25-1124.00,6347,0.0
25-1124.00,6352,0.5
25-1124.00,20100,0.5
25-1124.00,6348,0.5
25-1124.00,6349,1.0
25-1124.00,6350,0.0
25-1124.00,6353,0.5
25-1124.00,20099,1.0
25-1124.00,6351,0.0
25-1124.00,6354,1.0
25-1124.00,6355,0.5
25-1125.00,6358,1.0
25-1125.00,6356,0.5
25-1125.00,6360,0.0
25-1125.00,6361,0.5
25-1125.00,6365,0.5
25-1125.00,6359,0.5
25-1125.00,6357,0.5
25-1125.00,6362,1.0
25-1125.00,6363,0.5
25-1125.00,6366,0.5
25-1125.00,6364,0.0
25-1125.00,20101,1.0
25-1125.00,6374,0.5
25-1125.00,6375,0.5
25-1125.00,6369,0.0
25-1125.00,6368,0.5
25-1125.00,6367,0.5
25-1125.00,6372,0.5
25-1125.00,6376,1.0
25-1125.00,6373,1.0
25-1125.00,20102,0.5
25-1125.00,6370,0.0
25-1125.00,6371,0.0
25-1125.00,20103,0.0
25-1125.00,6377,0.5
25-1126.00,6378,0.5
25-1126.00,6379,0.0
25-1126.00,20104,0.5
25-1126.00,6382,0.5
25-1126.00,6381,1.0
25-1126.00,6383,0.5
25-1126.00,6384,1.0
25-1126.00,20105,1.0
25-1126.00,6390,0.5
25-1126.00,6389,0.5
25-1126.00,6385,0.5
25-1126.00,6386,0.0
25-1126.00,6388,0.5
25-1126.00,6396,0.5
25-1126.00,6387,0.5
25-1126.00,6392,1.0
25-1126.00,6391,0.0
25-1126.00,6395,0.5
25-1126.00,6394,1.0
25-1126.00,6393,0.0
25-1126.00,6397,0.0
25-1126.00,6398,1.0
25-1126.00,6399,0.5
25-1192.00,6400,0.5
25-1192.00,6403,1.0
25-1192.00,6402,0.5
25-1192.00,6404,0.5
25-1192.00,6401,0.5
25-1192.00,6406,0.5
25-1192.00,6407,0.5
25-1192.00,6405,1.0
25-1192.00,6409,0.5
25-1192.00,6408,0.5
25-1192.00,6410,0.5
25-1192.00,6411,0.5
25-1192.00,6413,0.5
25-1192.00,6415,0.5
25-1192.00,6416,0.0
25-1192.00,6417,0.0
25-1192.00,6418,1.0
25-1192.00,21132,1.0
25-1192.00,6419,0.5
25-1192.00,6412,0.5
25-1192.00,6414,0.0
25-1192.00,6420,1.0
25-1192.00,6421,0.5
25-1193.00,6429,0.0
25-1193.00,6425,1.0
25-1193.00,6423,1.0
25-1193.00,6422,0.5
25-1193.00,6424,0.5
25-1193.00,6428,0.5
25-1193.00,6430,0.5
25-1193.00,6426,0.5
25-1193.00,6431,0.5
25-1193.00,6438,0.5
25-1193.00,6427,1.0
25-1193.00,6441,0.5
25-1193.00,6436,1.0
25-1193.00,6432,0.5
25-1193.00,6433,0.5
25-1193.00,6434,0.5
25-1193.00,6443,1.0
25-1193.00,6437,1.0
25-1193.00,6435,0.0
25-1193.00,6439,0.5
25-1193.00,6440,0.0
25-1193.00,6442,0.0
25-1193.00,6444,0.5
25-1193.00,21133,0.0
25-1194.00,6446,0.5
25-1194.00,6447,0.5
25-1194.00,6445,0.0
25-1194.00,6448,0.5
25-1194.00,6452,0.5
25-1194.00,6449,1.0
25-1194.00,6454,0.5
25-1194.00,6451,0.5
25-1194.00,6450,0.5
25-1194.00,6456,0.5
25-1194.00,6458,0.5
25-1194.00,6453,0.0
25-1194.00,20106,0.0
25-1194.00,6455,1.0
25-1194.00,6459,0.5
25-1194.00,6460,0.5
25-1194.00,6457,0.5
25-1194.00,6461,0.5
25-1194.00,6463,0.5
25-1194.00,6462,1.0
25-2011.00,6466,0.0
25-2011.00,6467,0.0
25-2011.00,6478,0.5
25-2011.00,6464,0.0
25-2011.00,6476,0.0
25-2011.00,6465,0.0
25-2011.00,6472,0.0
25-2011.00,6469,0.0
25-2011.00,6471,0.5
25-2011.00,6482,1.0
25-2011.00,6477,0.0
25-2011.00,6470,0.0
25-2011.00,6474,0.0
25-2011.00,6468,0.0
25-2011.00,6479,0.5
25-2011.00,6481,0.0
25-2011.00,6475,0.0
25-2011.00,6480,0.0
25-2011.00,6484,0.5
25-2011.00,6473,0.0
25-2011.00,6497,0.5
25-2011.00,6487,0.5
25-2011.00,6486,0.5
25-2011.00,6485,0.5
25-2011.00,6483,1.0
25-2011.00,6489,0.5
25-2011.00,6492,0.0
25-2011.00,6491,0.0
25-2011.00,6493,0.5
25-2011.00,6488,0.0
25-2011.00,6496,0.5
25-2011.00,6490,0.0
25-2011.00,6494,0.0
25-2011.00,6495,0.0
25-2012.00,6499,0.0
25-2012.00,6507,0.0
25-2012.00,6501,0.0
25-2012.00,6498,0.0
25-2012.00,6503,0.0
25-2012.00,6502,0.0
25-2012.00,6513,0.0
25-2012.00,6500,0.0
25-2012.00,6504,0.0
25-2012.00,6509,0.5
25-2012.00,6515,0.5
25-2012.00,6517,1.0
25-2012.00,6508,0.5
25-2012.00,6505,0.5
25-2012.00,6506,0.0
25-2012.00,6511,0.0
25-2012.00,6510,0.0
25-2012.00,6527,0.5
25-2012.00,6521,0.0
25-2012.00,6514,0.0
25-2012.00,6512,0.5
25-2012.00,6516,0.0
25-2012.00,6519,0.5
25-2012.00,6518,0.0
25-2012.00,6520,0.5
25-2012.00,6523,0.5
25-2012.00,6522,0.5
25-2012.00,6526,1.0
25-2012.00,6528,0.0
25-2012.00,6524,0.0
25-2012.00,6529,0.0
25-2012.00,6525,0.5
25-2012.00,6530,0.5
25-2012.00,6532,0.0
25-2012.00,6533,0.5
25-2012.00,6531,0.0
25-2012.00,6534,0.0
25-2021.00,6535,0.0
25-2021.00,6538,0.5
25-2021.00,6540,0.0
25-2021.00,6545,0.0
25-2021.00,6548,0.5
25-2021.00,6537,0.0
25-2021.00,6552,0.0
25-2021.00,6541,0.5
25-2021.00,6549,0.0
25-2021.00,6536,0.5
25-2021.00,6553,0.0
25-2021.00,6543,1.0
25-2021.00,6539,0.5
25-2021.00,6546,0.0
25-2021.00,6550,0.5
25-2021.00,6554,0.5
25-2021.00,6544,0.5
25-2021.00,6556,0.5
25-2021.00,6547,0.5
25-2021.00,6555,0.0
25-2021.00,6561,0.0
25-2021.00,6542,0.5
25-2021.00,6560,0.0
25-2021.00,6551,0.5
25-2021.00,6557,0.5
25-2021.00,6562,0.5
25-2021.00,6559,1.0
25-2021.00,6558,0.5
25-2021.00,6564,0.5
25-2021.00,6567,0.0
25-2021.00,6563,0.5
25-2021.00,6566,0.5
25-2021.00,6565,0.0
25-2021.00,6569,0.0
25-2021.00,6568,0.0
25-2021.00,6570,0.5
25-2021.00,6571,0.0
25-2021.00,6572,0.0
25-2022.00,6585,0.5
25-2022.00,6574,0.5
25-2022.00,6577,1.0
25-2022.00,6573,0.0
25-2022.00,6586,0.5
25-2022.00,6576,0.5
25-2022.00,6581,0.0
25-2022.00,6584,0.0
25-2022.00,6579,0.5
25-2022.00,6575,0.5
25-2022.00,6592,0.5
25-2022.00,6580,0.5
25-2022.00,6578,0.5
25-2022.00,6588,0.0
25-2022.00,6583,0.0
25-2022.00,6582,0.5
25-2022.00,6589,0.0
25-2022.00,6596,0.5
25-2022.00,18638,0.5
25-2022.00,18639,0.0
25-2022.00,6606,0.0
25-2022.00,6591,0.5
25-2022.00,6595,0.5
25-2022.00,6597,0.5
25-2022.00,6593,0.0
25-2022.00,6599,0.5
25-2022.00,6598,0.0
25-2022.00,6594,1.0
25-2022.00,6602,0.0
25-2022.00,6600,0.5
25-2022.00,6603,0.5
25-2022.00,18640,0.0
25-2022.00,6601,0.0
25-2022.00,6604,0.5
25-2022.00,6607,1.0
25-2023.00,6610,0.0
25-2023.00,6612,0.0
25-2023.00,6615,0.5
25-2023.00,6608,0.0
25-2023.00,6613,1.0
25-2023.00,6622,0.0
25-2023.00,6611,1.0
25-2023.00,6609,0.0
25-2023.00,6618,0.5
25-2023.00,6617,0.0
25-2023.00,6616,0.5
25-2023.00,6621,1.0
25-2023.00,6624,0.0
25-2023.00,6620,0.5
25-2023.00,6614,0.5
25-2023.00,6623,0.0
25-2023.00,6619,0.0
25-2023.00,20241,0.0
25-2023.00,6625,0.0
25-2023.00,6628,0.0
25-2023.00,6626,1.0
25-2023.00,6627,0.5
25-2023.00,6629,0.0
25-2023.00,6631,1.0
25-2023.00,6634,0.5
25-2023.00,6635,0.5
25-2023.00,6632,0.0
25-2023.00,6633,1.0
25-2023.00,6636,0.0
25-2023.00,6638,0.0
25-2023.00,6637,0.0
25-2031.00,6643,0.0
25-2031.00,6640,0.5
25-2031.00,6641,0.5
25-2031.00,6639,0.0
25-2031.00,6644,0.5
25-2031.00,6645,0.5
25-2031.00,6647,0.5
25-2031.00,6649,0.5
25-2031.00,6656,0.0
25-2031.00,6646,0.5
25-2031.00,6642,0.5
25-2031.00,6650,0.5
25-2031.00,6654,0.5
25-2031.00,6652,0.0
25-2031.00,6648,0.0
25-2031.00,6651,0.0
25-2031.00,6658,0.0
25-2031.00,6659,0.5
25-2031.00,6655,0.0
25-2031.00,6657,0.5
25-2031.00,6661,0.5
25-2031.00,6662,0.5
25-2031.00,6663,1.0
25-2031.00,6653,0.5
25-2031.00,6665,0.5
25-2031.00,6660,0.5
25-2031.00,6669,0.0
25-2031.00,6668,0.0
25-2031.00,6664,0.5
25-2031.00,6667,0.0
25-2031.00,6666,0.5
25-2031.00,6670,0.0
25-2032.00,6673,0.0
25-2032.00,6674,0.0
25-2032.00,6675,0.0
25-2032.00,6687,1.0
25-2032.00,6677,0.5
25-2032.00,6682,1.0
25-2032.00,6672,1.0
25-2032.00,6676,0.0
25-2032.00,6671,0.0
25-2032.00,6680,0.5
25-2032.00,6686,0.0
25-2032.00,6681,0.5
25-2032.00,6683,0.5
25-2032.00,6678,0.5
25-2032.00,6679,0.0
25-2032.00,6685,0.5
25-2032.00,6684,0.0
25-2032.00,6691,0.0
25-2032.00,6688,0.0
25-2032.00,6703,0.0
25-2032.00,6695,0.0
25-2032.00,6699,0.5
25-2032.00,6692,0.5
25-2032.00,6697,0.0
25-2032.00,6700,0.5
25-2032.00,6696,1.0
25-2032.00,6694,0.0
25-2032.00,6698,0.5
25-2032.00,6689,0.5
25-2032.00,6690,0.5
25-2032.00,6693,1.0
25-2032.00,6701,0.0
25-2032.00,6702,0.0
25-2051.00,19069,0.0
25-2051.00,19085,0.0
25-2051.00,19065,0.0
25-2051.00,19084,0.0
25-2051.00,19067,0.5
25-2051.00,19090,0.5
25-2051.00,19086,0.0
25-2051.00,19068,0.0
25-2051.00,19076,0.0
25-2051.00,19073,0.0
25-2051.00,19087,0.0
25-2051.00,19072,0.0
25-2051.00,19064,0.0
25-2051.00,19079,0.0
25-2051.00,19075,0.0
25-2051.00,19070,0.0
25-2051.00,19094,0.0
25-2051.00,19066,0.0
25-2051.00,19093,1.0
25-2051.00,19071,1.0
25-2051.00,19074,0.5
25-2051.00,19098,0.0
25-2051.00,19077,0.0
25-2051.00,19080,0.5
25-2051.00,19088,0.0
25-2051.00,19082,0.0
25-2051.00,19097,1.0
25-2051.00,19063,0.0
25-2051.00,19095,0.5
25-2051.00,19081,0.5
25-2051.00,19089,0.0
25-2051.00,19078,0.0
25-2051.00,19096,1.0
25-2051.00,19091,0.0
25-2051.00,19092,0.0
25-2051.00,19083,0.0
25-2055.00,22329,0.0
25-2055.00,22330,0.0
25-2055.00,22331,0.5
25-2055.00,22332,0.0
25-2055.00,22333,0.5
25-2055.00,22334,0.0
25-2055.00,22335,1.0
25-2055.00,22336,0.5
25-2055.00,22337,0.0
25-2055.00,22338,0.0
25-2055.00,22339,0.0
25-2055.00,22340,0.0
25-2055.00,22341,0.5
25-2055.00,22342,1.0
25-2055.00,22343,0.0
25-2055.00,22344,0.5
25-2055.00,22345,0.0
25-2055.00,22346,0.0
25-2055.00,22347,0.5
25-2055.00,22348,0.0
25-2055.00,22349,0.0
25-2055.00,22350,0.0
25-2055.00,22351,1.0
25-2055.00,22352,0.0
25-2055.00,22353,0.5
25-2055.00,22354,0.5
25-2055.00,22355,0.5
25-2055.00,22356,0.0
25-2055.00,22357,0.0
25-2055.00,22358,0.0
25-2056.00,22359,0.5
25-2056.00,22360,1.0
25-2056.00,22361,0.5
25-2056.00,22362,0.5
25-2056.00,22363,0.5
25-2056.00,22364,0.5
25-2056.00,22365,0.5
25-2056.00,22366,0.0
25-2056.00,22367,1.0
25-2056.00,22368,0.0
25-2056.00,22369,0.0
25-2056.00,22370,0.0
25-2056.00,22371,0.0
25-2056.00,22372,0.0
25-2056.00,22373,0.5
25-2056.00,22374,1.0
25-2056.00,22375,0.0
25-2056.00,22376,0.5
25-2056.00,22377,0.0
25-2056.00,22378,0.5
25-2056.00,22379,0.5
25-2056.00,22380,0.0
25-2056.00,22381,0.5
25-2056.00,22382,0.0
25-2056.00,22383,0.0
25-2056.00,22384,0.5
25-2056.00,22385,0.5
25-2056.00,22386,0.0
25-2056.00,22387,0.0
25-2056.00,22388,0.0
25-2057.00,6744,0.0
25-2057.00,6750,0.5
25-2057.00,21063,0.5
25-2057.00,6745,1.0
25-2057.00,6748,0.5
25-2057.00,6749,0.0
25-2057.00,6752,0.0
25-2057.00,6747,0.5
25-2057.00,6758,0.5
25-2057.00,6751,0.0
25-2057.00,21064,0.5
25-2057.00,6760,0.0
25-2057.00,6761,0.5
25-2057.00,6755,0.0
25-2057.00,6763,0.0
25-2057.00,6746,0.0
25-2057.00,6756,0.5
25-2057.00,6754,0.5
25-2057.00,6771,0.5
25-2057.00,6753,0.5
25-2057.00,6759,0.5
25-2057.00,6757,0.0
25-2057.00,6778,0.0
25-2057.00,6767,0.5
25-2057.00,6780,0.0
25-2057.00,6766,0.0
25-2057.00,6762,1.0
25-2057.00,6765,0.5
25-2057.00,6772,1.0
25-2057.00,6764,0.5
25-2057.00,6769,0.0
25-2057.00,6775,0.0
25-2057.00,6776,0.0
25-2057.00,6773,0.0
25-2057.00,6770,0.5
25-2057.00,6774,0.0
25-2057.00,6777,0.5
25-2057.00,6768,0.0
25-2057.00,6781,0.5
25-2057.00,6782,0.0
25-2058.00,6795,0.5
25-2058.00,6802,0.5
25-2058.00,6787,0.0
25-2058.00,6785,0.0
25-2058.00,6784,1.0
25-2058.00,6789,0.5
25-2058.00,6790,0.0
25-2058.00,6797,0.0
25-2058.00,6799,0.0
25-2058.00,6796,0.5
25-2058.00,6786,0.0
25-2058.00,6801,0.5
25-2058.00,6792,0.0
25-2058.00,6798,0.0
25-2058.00,6788,0.5
25-2058.00,6791,0.5
25-2058.00,6794,1.0
25-2058.00,6803,0.0
25-2058.00,6793,0.0
25-2058.00,6800,0.0
25-2058.00,6804,0.5
25-2058.00,6812,0.5
25-2058.00,6805,0.0
25-2058.00,6809,0.5
25-2058.00,6814,1.0
25-2058.00,6808,0.5
25-2058.00,6807,0.5
25-2058.00,6810,0.0
25-2058.00,6811,0.5
25-2058.00,6813,0.5
25-2058.00,6820,0.0
25-2058.00,6806,0.0
25-2058.00,6815,1.0
25-2058.00,6816,0.0
25-2058.00,6817,0.0
25-2058.00,6819,0.0
25-2058.00,6823,0.0
25-2058.00,6818,0.5
25-2058.00,6822,0.5
25-2058.00,6821,0.0
25-2059.01,17016,0.5
25-2059.01,17018,0.0
25-2059.01,17006,0.0
25-2059.01,17005,0.0
25-2059.01,17011,0.0
25-2059.01,17017,0.0
25-2059.01,17014,0.0
25-2059.01,17013,0.5
25-2059.01,17010,0.5
25-2059.01,21186,0.0
25-2059.01,17008,1.0
25-2059.01,17015,0.5
25-2059.01,17012,1.0
25-2059.01,17004,0.5
25-2059.01,17002,1.0
25-2059.01,17007,0.5
25-2059.01,17003,0.5
25-2059.01,17000,1.0
25-2059.01,17001,1.0
25-2059.01,17009,1.0
25-3011.00,6825,0.5
25-3011.00,6836,0.0
25-3011.00,6830,1.0
25-3011.00,6824,0.5
25-3011.00,6832,0.0
25-3011.00,6829,0.0
25-3011.00,6827,0.0
25-3011.00,6826,0.5
25-3011.00,6835,0.5
25-3011.00,6828,1.0
25-3011.00,6831,0.0
25-3011.00,6833,0.0
25-3011.00,6839,0.5
25-3011.00,6838,0.5
25-3011.00,6848,1.0
25-3011.00,6843,0.0
25-3011.00,6840,0.5
25-3011.00,6841,0.5
25-3011.00,6849,1.0
25-3011.00,6844,0.5
25-3011.00,6837,0.5
25-3011.00,6851,0.5
25-3011.00,6853,0.0
25-3011.00,6846,0.0
25-3011.00,6842,0.0
25-3011.00,6850,0.5
25-3011.00,6847,1.0
25-3011.00,6845,0.5
25-3011.00,6854,0.0
25-3011.00,6858,0.0
25-3011.00,6834,0.5
25-3011.00,6856,0.5
25-3011.00,6859,0.0
25-3011.00,6861,0.5
25-3011.00,6860,0.0
25-3011.00,6852,0.5
25-3011.00,6855,0.5
25-3011.00,6857,1.0
25-3011.00,6862,1.0
25-3021.00,8668,0.0
25-3021.00,8664,0.5
25-3021.00,8671,0.0
25-3021.00,8667,0.0
25-3021.00,8676,1.0
25-3021.00,8666,0.5
25-3021.00,8683,0.5
25-3021.00,8669,1.0
25-3021.00,8675,1.0
25-3021.00,8681,0.5
25-3021.00,8672,0.0
25-3021.00,8673,0.0
25-3021.00,8687,0.5
25-3021.00,8680,0.0
25-3021.00,8674,0.5
25-3021.00,8690,0.5
25-3021.00,8679,0.0
25-3021.00,8678,0.0
25-3021.00,8682,0.0
25-3021.00,8692,0.5
25-3021.00,8685,0.5
25-3021.00,8665,0.0
25-3021.00,8670,0.0
25-3021.00,8688,0.0
25-3021.00,8684,0.5
25-3021.00,8686,0.5
25-3021.00,8691,1.0
25-3021.00,8689,0.0
25-3021.00,8677,0.5
25-3021.00,8693,1.0
25-3031.00,22389,1.0
25-3031.00,22390,0.0
25-3031.00,22391,0.5
25-3031.00,22392,0.0
25-3031.00,22393,1.0
25-3031.00,22394,0.0
25-3031.00,22395,0.0
25-3031.00,22396,1.0
25-3031.00,22397,0.5
25-3031.00,22398,1.0
25-3031.00,22399,0.0
25-3031.00,22400,0.0
25-3031.00,22401,0.0
25-3031.00,22402,0.0
25-3031.00,22403,1.0
25-3031.00,22404,0.5
25-3031.00,22405,0.0
25-3031.00,22406,0.0
25-3041.00,17027,0.5
25-3041.00,17026,0.5
25-3041.00,17034,0.5
25-3041.00,17036,0.5
25-3041.00,17037,0.5
25-3041.00,17023,1.0
25-3041.00,17033,0.5
25-3041.00,17025,0.5
25-3041.00,17020,0.5
25-3041.00,17024,0.0
25-3041.00,17032,0.5
25-3041.00,17029,1.0
25-3041.00,17030,0.5
25-3041.00,17022,0.5
25-3041.00,17028,0.5
25-3041.00,17031,1.0
25-3041.00,17019,0.0
25-3041.00,17035,0.5
25-3041.00,17021,0.5
25-4011.00,7631,0.5
25-4011.00,7633,0.5
25-4011.00,7635,1.0
25-4011.00,7637,0.5
25-4011.00,7639,0.5
25-4011.00,7630,0.5
25-4011.00,7636,0.5
25-4011.00,7634,0.5
25-4011.00,7638,0.5
25-4011.00,7632,0.5
25-4011.00,7640,0.5
25-4011.00,7641,0.0
25-4011.00,7642,0.5
25-4012.00,18641,0.5
25-4012.00,1644,1.0
25-4012.00,1649,0.5
25-4012.00,1645,0.5
25-4012.00,1648,0.5
25-4012.00,1655,0.5
25-4012.00,1646,0.5
25-4012.00,1654,1.0
25-4012.00,18642,0.5
25-4012.00,1652,0.0
25-4012.00,1647,0.0
25-4012.00,1651,0.5
25-4012.00,1656,0.5
25-4012.00,1653,0.5
25-4012.00,1657,0.5
25-4013.00,3806,0.0
25-4013.00,3818,0.0
25-4013.00,3809,0.0
25-4013.00,18644,0.5
25-4013.00,3808,0.5
25-4013.00,3810,0.0
25-4013.00,21065,1.0
25-4013.00,3814,0.5
25-4013.00,3824,0.0
25-4013.00,3811,0.0
25-4013.00,3817,0.0
25-4013.00,18645,0.0
25-4013.00,3815,0.5
25-4013.00,3820,0.5
25-4013.00,3819,0.5
25-4013.00,3813,0.5
25-4013.00,3822,0.5
25-4013.00,18643,0.0
25-4013.00,3828,0.0
25-4013.00,3807,0.5
25-4013.00,3826,0.0
25-4013.00,3823,0.5
25-4013.00,18646,0.0
25-4013.00,3827,0.0
25-4013.00,3825,0.5
25-4013.00,3821,0.0
25-4022.00,22407,0.5
25-4022.00,22408,1.0
25-4022.00,22409,0.5
25-4022.00,22411,0.5
25-4022.00,22410,0.5
25-4022.00,22412,0.5
25-4022.00,22413,0.5
25-4022.00,22414,0.5
25-4022.00,22415,0.5
25-4022.00,22416,1.0
25-4022.00,22417,0.5
25-4022.00,22419,0.5
25-4022.00,22418,1.0
25-4022.00,22420,0.5
25-4022.00,22421,0.0
25-4022.00,22422,0.5
25-4022.00,22424,0.5
25-4022.00,22423,0.5
25-4022.00,22425,0.5
25-4022.00,22426,1.0
25-4022.00,22427,0.5
25-4022.00,22428,0.5
25-4022.00,22429,0.5
25-4022.00,22430,0.5
25-4022.00,22431,0.0
25-4022.00,22432,0.5
25-4022.00,22433,0.5
25-4022.00,22434,0.5
25-4022.00,22435,1.0
25-4022.00,22436,0.0
25-4031.00,1688,0.5
25-4031.00,18511,1.0
25-4031.00,18510,0.5
25-4031.00,1696,0.0
25-4031.00,1699,1.0
25-4031.00,18512,0.5
25-4031.00,1689,1.0
25-4031.00,1690,0.5
25-4031.00,1702,0.5
25-4031.00,1697,0.0
25-4031.00,18513,1.0
25-4031.00,18515,0.0
25-4031.00,1703,1.0
25-4031.00,1693,0.0
25-4031.00,1695,0.5
25-4031.00,18518,1.0
25-4031.00,1717,0.5
25-4031.00,1704,0.0
25-4031.00,1706,1.0
25-4031.00,1698,0.5
25-4031.00,18514,1.0
25-4031.00,1707,1.0
25-4031.00,1700,0.5
25-4031.00,1705,1.0
25-4031.00,18517,0.0
25-4031.00,1701,0.5
25-4031.00,18516,0.5
25-4031.00,1714,1.0
25-4031.00,1709,1.0
25-4031.00,20989,0.0
25-4031.00,1716,0.5
25-4031.00,1710,0.0
25-4031.00,1712,0.0
25-4031.00,1711,1.0
25-4031.00,1718,1.0
25-9021.00,10976,0.0
25-9021.00,10975,0.5
25-9021.00,10974,0.5
25-9021.00,10977,0.5
25-9021.00,10979,0.5
25-9021.00,10986,0.5
25-9021.00,10984,0.0
25-9021.00,10980,1.0
25-9021.00,10978,0.5
25-9021.00,10981,0.0
25-9021.00,10982,0.0
25-9021.00,10985,0.5
25-9021.00,10988,0.5
25-9021.00,10983,0.5
25-9021.00,10987,0.0
25-9031.00,6871,0.0
25-9031.00,6864,0.0
25-9031.00,6867,1.0
25-9031.00,6863,0.0
25-9031.00,6865,0.5
25-9031.00,6877,0.5
25-9031.00,6866,0.5
25-9031.00,6875,0.5
25-9031.00,6876,0.0
25-9031.00,6870,0.5
25-9031.00,6873,0.5
25-9031.00,6878,1.0
25-9031.00,6881,0.5
25-9031.00,22437,0.5
25-9031.00,22438,0.5
25-9031.00,22439,0.5
25-9031.00,22440,0.5
25-9031.00,22441,1.0
25-9031.00,22442,0.5
25-9031.00,22443,0.5
25-9031.00,22444,1.0
25-9031.00,22445,1.0
25-9031.00,22446,0.5
25-9031.00,22447,1.0
25-9031.00,22448,0.5
25-9031.00,22449,0.5
25-9031.00,22450,0.5
25-9031.00,22451,0.5
25-9031.00,22452,0.5
25-9031.00,22453,0.5
25-9042.00,22454,0.0
25-9042.00,22455,0.5
25-9042.00,22456,0.0
25-9042.00,22457,0.0
25-9042.00,22458,0.0
25-9042.00,22459,0.0
25-9042.00,22460,0.0
25-9042.00,22461,0.0
25-9042.00,22462,1.0
25-9042.00,22463,0.0
25-9042.00,22464,1.0
25-9042.00,22465,0.0
25-9042.00,22466,0.0
25-9042.00,22467,1.0
25-9042.00,22468,0.5
25-9042.00,22469,0.0
25-9042.00,22470,0.5
25-9042.00,22471,0.0
25-9042.00,22472,0.0
25-9042.00,22473,1.0
25-9042.00,22474,0.5
25-9042.00,22475,1.0
25-9042.00,22476,1.0
25-9042.00,22477,0.0
25-9042.00,22478,0.0
25-9042.00,22479,1.0
25-9042.00,22480,0.0
25-9042.00,22481,0.5
25-9042.00,22482,1.0
25-9042.00,22483,0.5
25-9043.00,22484,0.0
25-9043.00,22485,0.5
25-9043.00,22486,0.0
25-9043.00,22487,0.0
25-9043.00,22488,0.0
25-9043.00,22489,0.0
25-9043.00,22490,0.0
25-9043.00,22491,0.0
25-9043.00,22492,0.0
25-9043.00,22493,1.0
25-9043.00,22494,0.0
25-9043.00,22495,0.0
25-9043.00,22496,0.0
25-9043.00,22497,1.0
25-9043.00,22498,0.5
25-9043.00,22499,0.5
25-9043.00,22500,0.0
25-9043.00,22501,0.0
25-9043.00,22502,0.0
25-9043.00,22503,0.5
25-9043.00,22504,1.0
25-9043.00,22505,1.0
25-9043.00,22506,0.0
25-9043.00,22507,0.0
25-9043.00,22508,0.0
25-9043.00,22509,0.0
25-9043.00,22510,1.0
25-9043.00,22511,0.0
25-9043.00,22512,0.5
25-9043.00,22513,0.5
25-9044.00,10965,0.5
25-9044.00,10956,0.5
25-9044.00,10955,0.0
25-9044.00,10967,1.0
25-9044.00,10959,1.0
25-9044.00,10957,1.0
25-9044.00,10960,0.5
25-9044.00,20878,0.5
25-9044.00,10962,1.0
25-9044.00,10958,0.0
25-9044.00,10971,0.5
25-9044.00,10963,0.0
25-9044.00,10961,1.0
25-9044.00,10966,1.0
25-9044.00,10968,0.5
25-9044.00,10964,0.0
25-9044.00,20879,0.0
25-9044.00,20880,0.0
25-9044.00,10972,0.5
25-9044.00,10973,0.5
27-1011.00,284,0.5
27-1011.00,286,0.5
27-1011.00,287,0.0
27-1011.00,288,0.5
27-1011.00,285,1.0
27-1011.00,291,0.5
27-1011.00,294,0.5
27-1011.00,289,0.5
27-1011.00,292,0.5
27-1011.00,296,0.5
27-1011.00,293,0.5
27-1011.00,20242,0.5
27-1011.00,290,0.5
27-1011.00,295,0.5
27-1011.00,297,0.5
27-1011.00,298,0.5
27-1012.00,9247,0.0
27-1012.00,9248,0.0
27-1012.00,9251,0.0
27-1012.00,9252,0.5
27-1012.00,9250,0.0
27-1012.00,9258,0.5
27-1012.00,9253,0.5
27-1012.00,20881,0.0
27-1012.00,9256,0.5
27-1012.00,9254,0.0
27-1012.00,9255,0.0
27-1012.00,9259,0.5
27-1012.00,9260,0.5
27-1012.00,9257,0.5
27-1012.00,9261,0.5
27-1013.00,10989,0.5
27-1013.00,10990,0.5
27-1013.00,10991,0.5
27-1013.00,10993,0.5
27-1013.00,20990,0.5
27-1013.00,10997,0.5
27-1013.00,10996,0.5
27-1013.00,20991,0.5
27-1013.00,11011,0.0
27-1013.00,11000,0.0
27-1013.00,20992,0.5
27-1013.00,10998,0.5
27-1013.00,11003,0.5
27-1013.00,20993,0.0
27-1013.00,20994,0.5
27-1013.00,10992,0.5
27-1013.00,11001,0.5
27-1013.00,11004,0.5
27-1013.00,10995,0.0
27-1013.00,11013,0.5
27-1013.00,11002,0.5
27-1013.00,11005,0.5
27-1013.00,10994,0.5
27-1013.00,10999,0.5
27-1013.00,11009,0.5
27-1013.00,11010,0.0
27-1013.00,11012,0.5
27-1013.00,11008,0.5
27-1013.00,11014,0.5
27-1013.00,20995,0.0
27-1013.00,11007,0.5
27-1013.00,11006,0.5
27-1014.00,6882,0.5
27-1014.00,6888,0.5
27-1014.00,6893,0.5
27-1014.00,6883,0.5
27-1014.00,6884,0.5
27-1014.00,6886,0.5
27-1014.00,6895,1.0
27-1014.00,6887,0.5
27-1014.00,6890,0.5
27-1014.00,6892,0.5
27-1014.00,6885,0.5
27-1014.00,6894,0.5
27-1014.00,6889,0.5
27-1014.00,6891,0.5
27-1021.00,6896,0.5
27-1021.00,6898,0.5
27-1021.00,6902,0.5
27-1021.00,6900,0.5
27-1021.00,6901,0.5
27-1021.00,6904,0.5
27-1021.00,6897,0.5
27-1021.00,6909,0.5
27-1021.00,6906,0.5
27-1021.00,6911,0.5
27-1021.00,6903,0.5
27-1021.00,6908,0.0
27-1021.00,6910,0.5
27-1021.00,6899,0.5
27-1021.00,6907,0.5
27-1021.00,6905,0.5
27-1021.00,6912,0.5
27-1022.00,13013,0.5
27-1022.00,13014,0.5
27-1022.00,13015,0.5
27-1022.00,13016,0.0
27-1022.00,13017,0.5
27-1022.00,13018,0.5
27-1022.00,13019,0.5
27-1022.00,13020,0.0
27-1022.00,13021,0.5
27-1022.00,13022,0.0
27-1022.00,13023,0.5
27-1022.00,13024,0.5
27-1022.00,13025,0.5
27-1022.00,13026,0.5
27-1022.00,13027,0.5
27-1022.00,13028,0.5
27-1022.00,13029,0.5
27-1022.00,13030,0.5
27-1022.00,13031,0.0
27-1022.00,13032,0.5
27-1023.00,1719,0.0
27-1023.00,1722,0.5
27-1023.00,1723,0.5
27-1023.00,20751,0.0
27-1023.00,1720,0.0
27-1023.00,1721,0.0
27-1023.00,1725,0.0
27-1023.00,1724,0.0
27-1023.00,1726,0.5
27-1023.00,1730,0.0
27-1023.00,1731,0.5
27-1023.00,1727,1.0
27-1023.00,1729,0.0
27-1023.00,1728,0.0
27-1023.00,1732,0.0
27-1023.00,1733,0.0
27-1024.00,300,0.5
27-1024.00,305,0.5
27-1024.00,299,0.5
27-1024.00,306,0.5
27-1024.00,301,0.5
27-1024.00,304,0.5
27-1024.00,15228,0.5
27-1024.00,308,0.5
27-1024.00,303,0.5
27-1024.00,307,0.5
27-1024.00,15229,0.5
27-1024.00,309,0.5
27-1024.00,302,0.5
27-1024.00,310,0.5
27-1024.00,313,0.5
27-1024.00,312,0.5
27-1025.00,20996,0.5
27-1025.00,18519,0.5
27-1025.00,20997,0.5
27-1025.00,18521,0.5
27-1025.00,1736,0.5
27-1025.00,1735,0.5
27-1025.00,1734,0.5
27-1025.00,18520,0.5
27-1025.00,1738,0.5
27-1025.00,20998,0.5
27-1025.00,20999,0.5
27-1025.00,1740,0.5
27-1025.00,1737,0.5
27-1025.00,1739,0.5
27-1025.00,1741,0.5
27-1026.00,9263,0.5
27-1026.00,9269,0.5
27-1026.00,9265,0.5
27-1026.00,9264,0.0
27-1026.00,20752,0.5
27-1026.00,20753,0.0
27-1026.00,9267,0.5
27-1026.00,20754,0.5
27-1026.00,9281,0.0
27-1026.00,9275,0.5
27-1026.00,9268,0.5
27-1026.00,9276,0.5
27-1026.00,9271,0.0
27-1026.00,9270,0.0
27-1026.00,9266,0.5
27-1026.00,9262,0.5
27-1026.00,9273,0.0
27-1026.00,20755,0.0
27-1026.00,20756,0.0
27-1026.00,9272,0.5
27-1026.00,9279,0.5
27-1026.00,9277,0.5
27-1026.00,9282,0.0
27-1026.00,9280,0.0
27-1026.00,9283,0.0
27-1027.00,9289,0.5
27-1027.00,9286,0.5
27-1027.00,9294,0.5
27-1027.00,9305,0.5
27-1027.00,9293,0.5
27-1027.00,9306,0.0
27-1027.00,9287,0.0
27-1027.00,9297,0.5
27-1027.00,9303,0.5
27-1027.00,9296,0.5
27-1027.00,9300,0.5
27-1027.00,9304,0.5
27-1027.00,9284,0.5
27-1027.00,9302,0.5
27-1027.00,9291,0.0
27-1027.00,9288,0.5
27-1027.00,9292,0.5
27-1027.00,9285,0.5
27-1027.00,9298,0.5
27-1027.00,9290,0.5
27-1027.00,9310,0.0
27-1027.00,9301,0.5
27-1027.00,9295,0.0
27-1027.00,9307,0.0
27-1027.00,9309,0.5
27-1027.00,9299,0.0
27-1027.00,9308,0.5
27-2011.00,7646,0.0
27-2011.00,7649,0.0
27-2011.00,7644,0.0
27-2011.00,7647,0.0
27-2011.00,7643,0.0
27-2011.00,7645,1.0
27-2011.00,7648,0.0
27-2011.00,7651,0.0
27-2011.00,7650,0.0
27-2011.00,7656,0.0
27-2011.00,7652,1.0
27-2011.00,7653,0.5
27-2011.00,7655,0.0
27-2011.00,7654,1.0
27-2011.00,7657,0.0
27-2011.00,7659,0.0
27-2011.00,7661,0.0
27-2011.00,7660,0.0
27-2011.00,7658,0.0
27-2012.00,22515,0.5
27-2012.00,22516,0.0
27-2012.00,22517,0.0
27-2012.00,22522,0.5
27-2012.00,22523,0.5
27-2012.00,22519,0.5
27-2012.00,22520,0.0
27-2012.00,22521,0.5
27-2012.00,22532,0.5
27-2012.00,22524,1.0
27-2012.00,22525,0.5
27-2012.00,22526,0.5
27-2012.00,22527,0.0
27-2012.00,22528,1.0
27-2012.00,22530,0.0
27-2012.00,22518,0.5
27-2012.00,22538,0.5
27-2012.00,22539,1.0
27-2012.00,22533,1.0
27-2012.00,22535,0.5
27-2012.00,22514,1.0
27-2012.00,22536,0.5
27-2012.00,22537,0.5
27-2012.00,22534,0.5
27-2012.00,22529,1.0
27-2012.00,22540,0.5
27-2012.00,22531,0.5
27-2012.00,22541,0.5
27-2012.00,22542,0.0
27-2012.00,22543,0.5
27-2012.03,7662,0.5
27-2012.03,7667,0.5
27-2012.03,7664,0.5
27-2012.03,7663,0.5
27-2012.03,7665,1.0
27-2012.03,7666,0.5
27-2012.03,7673,0.5
27-2012.03,7675,0.5
27-2012.03,7671,0.0
27-2012.03,7676,1.0
27-2012.03,7669,0.5
27-2012.03,7674,0.5
27-2012.03,7668,0.5
27-2012.03,7684,0.5
27-2012.03,7678,0.5
27-2012.03,7672,0.5
27-2012.03,7680,0.0
27-2012.03,7670,0.5
27-2012.03,7679,1.0
27-2012.03,7681,0.0
27-2012.03,7683,0.0
27-2012.03,7682,0.0
27-2012.03,7677,0.5
27-2012.04,11018,0.5
27-2012.04,11020,1.0
27-2012.04,11017,0.5
27-2012.04,11024,0.5
27-2012.04,11021,0.5
27-2012.04,11023,0.5
27-2012.04,11026,0.5
27-2012.04,11015,0.5
27-2012.04,11019,0.5
27-2012.04,11016,0.5
27-2012.04,11022,0.5
27-2012.04,21139,0.0
27-2012.04,11025,0.5
27-2012.04,21140,0.0
27-2012.04,11027,0.5
27-2012.05,3904,0.5
27-2012.05,3897,0.5
27-2012.05,3899,0.5
27-2012.05,3896,0.5
27-2012.05,3902,0.5
27-2012.05,3895,0.0
27-2012.05,3903,0.0
27-2012.05,3898,0.5
27-2012.05,3906,0.5
27-2012.05,3901,0.5
27-2012.05,3900,0.5
27-2012.05,3894,0.5
27-2012.05,3908,0.5
27-2012.05,3905,0.5
27-2012.05,3907,0.5
27-2021.00,13038,0.0
27-2021.00,13036,0.0
27-2021.00,13033,0.0
27-2021.00,13037,0.0
27-2021.00,13034,0.0
27-2021.00,13035,0.0
27-2021.00,20882,0.0
27-2021.00,13040,0.0
27-2021.00,13041,0.0
27-2022.00,1742,0.5
27-2022.00,20109,0.5
27-2022.00,1747,1.0
27-2022.00,1750,0.0
27-2022.00,1745,0.5
27-2022.00,20117,0.5
27-2022.00,20115,0.0
27-2022.00,1751,0.5
27-2022.00,20112,0.0
27-2022.00,1752,0.5
27-2022.00,1754,0.0
27-2022.00,1753,0.5
27-2022.00,1756,0.0
27-2022.00,20111,0.0
27-2022.00,1760,0.0
27-2022.00,1758,0.0
27-2022.00,20116,0.0
27-2022.00,1746,0.5
27-2022.00,20118,0.5
27-2022.00,20113,0.0
27-2022.00,1757,0.0
27-2022.00,20110,0.5
27-2022.00,20119,0.5
27-2022.00,1755,0.5
27-2022.00,20114,0.5
27-2022.00,1748,1.0
27-2022.00,1761,0.0
27-2022.00,1762,0.5
27-2023.00,3909,0.0
27-2023.00,23912,0.0
27-2023.00,3915,0.0
27-2023.00,3911,0.0
27-2023.00,3920,1.0
27-2023.00,3912,0.0
27-2023.00,3918,1.0
27-2023.00,3919,0.0
27-2023.00,3910,0.5
27-2023.00,3916,1.0
27-2023.00,3914,0.0
27-2023.00,3923,1.0
27-2023.00,3922,0.5
27-2023.00,3913,0.0
27-2023.00,3917,0.0
27-2023.00,3921,0.5
27-2031.00,7686,0.0
27-2031.00,7687,0.0
27-2031.00,7685,0.0
27-2031.00,7690,0.0
27-2031.00,7693,0.0
27-2031.00,7688,0.0
27-2031.00,7689,0.0
27-2031.00,7692,0.0
27-2031.00,7691,0.0
27-2031.00,7694,0.0
27-2031.00,21141,0.0
27-2031.00,7697,0.0
27-2031.00,7695,0.0
27-2031.00,7696,0.5
27-2032.00,11028,0.0
27-2032.00,11038,0.0
27-2032.00,11031,0.5
27-2032.00,11032,0.0
27-2032.00,11030,0.5
27-2032.00,11041,0.5
27-2032.00,11040,0.0
27-2032.00,11037,0.0
27-2032.00,11036,1.0
27-2032.00,11029,0.0
27-2032.00,11035,0.0
27-2032.00,11034,0.0
27-2032.00,11033,0.5
27-2032.00,11042,0.5
27-2032.00,11044,0.0
27-2032.00,11043,0.5
27-2032.00,11039,0.5
27-2032.00,11045,0.5
27-2041.00,22544,0.0
27-2041.00,22545,0.5
27-2041.00,22546,1.0
27-2041.00,22547,1.0
27-2041.00,22548,0.5
27-2041.00,22549,1.0
27-2041.00,22550,0.5
27-2041.00,22551,1.0
27-2041.00,22552,0.0
27-2041.00,22553,0.5
27-2041.00,22554,1.0
27-2041.00,22555,0.5
27-2041.00,22556,0.5
27-2041.00,22557,0.5
27-2041.00,22558,0.0
27-2041.00,22559,1.0
27-2041.00,22560,1.0
27-2041.00,22561,1.0
27-2041.00,22562,1.0
27-2041.00,22563,1.0
27-2041.00,22564,1.0
27-2041.00,22565,0.5
27-2041.00,22566,0.5
27-2041.00,22567,1.0
27-2041.00,22568,1.0
27-2041.00,22569,1.0
27-2041.00,22570,1.0
27-2041.00,22571,0.5
27-2041.00,22572,0.5
27-2041.00,22573,0.5
27-2042.00,22574,0.0
27-2042.00,22575,0.5
27-2042.00,22576,1.0
27-2042.00,22577,0.0
27-2042.00,22578,0.0
27-2042.00,22579,0.0
27-2042.00,22580,1.0
27-2042.00,22581,0.0
27-2042.00,22582,0.0
27-2042.00,22583,1.0
27-2042.00,22584,0.0
27-2042.00,22585,0.0
27-2042.00,22586,0.5
27-2042.00,22587,0.5
27-2042.00,22588,0.0
27-2042.00,22589,1.0
27-2042.00,22590,0.5
27-2042.00,22591,0.5
27-2042.00,22592,0.5
27-2042.00,22593,0.5
27-2042.00,22594,0.0
27-2042.00,22595,1.0
27-2042.00,22596,0.0
27-2042.00,22597,1.0
27-2042.00,22598,1.0
27-2042.00,22599,1.0
27-2042.00,22600,0.5
27-2042.00,22601,0.5
27-2042.00,22602,0.5
27-2042.00,22603,0.0
27-2091.00,22604,1.0
27-2091.00,22605,0.0
27-2091.00,22606,1.0
27-2091.00,22607,0.0
27-2091.00,22608,0.0
27-2091.00,22609,1.0
27-2091.00,22610,0.0
27-2091.00,22611,1.0
27-2091.00,22612,1.0
27-2091.00,22613,1.0
27-2091.00,22614,0.0
27-2091.00,22615,0.0
27-2091.00,22616,1.0
27-2091.00,22617,0.5
27-2091.00,22618,0.5
27-2091.00,22619,0.5
27-2091.00,22620,0.0
27-2091.00,22621,1.0
27-2091.00,22622,0.5
27-3011.00,3934,0.0
27-3011.00,3937,1.0
27-3011.00,3935,0.5
27-3011.00,3928,0.5
27-3011.00,3925,0.5
27-3011.00,20887,1.0
27-3011.00,3924,0.5
27-3011.00,3927,0.5
27-3011.00,3929,1.0
27-3011.00,20888,1.0
27-3011.00,3931,1.0
27-3011.00,3930,0.5
27-3011.00,3942,0.5
27-3011.00,3933,0.0
27-3011.00,3932,1.0
27-3011.00,3941,0.5
27-3011.00,20889,1.0
27-3011.00,20890,1.0
27-3011.00,3938,0.5
27-3011.00,3936,1.0
27-3011.00,3943,1.0
27-3011.00,3940,0.5
27-3011.00,3944,0.5
27-3011.00,3939,0.5
27-3023.00,22623,1.0
27-3023.00,22624,0.5
27-3023.00,22625,0.5
27-3023.00,22626,0.5
27-3023.00,22627,0.5
27-3023.00,22628,0.5
27-3023.00,22629,0.5
27-3023.00,22630,0.5
27-3023.00,22631,0.5
27-3023.00,22632,0.5
27-3023.00,22633,0.5
27-3023.00,22634,0.5
27-3023.00,22635,1.0
27-3023.00,22636,1.0
27-3023.00,22637,0.5
27-3023.00,22638,1.0
27-3023.00,22639,0.5
27-3023.00,22640,0.5
27-3023.00,22641,0.5
27-3023.00,22642,0.5
27-3023.00,22643,1.0
27-3023.00,22644,0.5
27-3023.00,22645,0.5
27-3023.00,22646,0.5
27-3023.00,22647,0.5
27-3023.00,22648,1.0
27-3023.00,22649,1.0
27-3023.00,22650,1.0
27-3023.00,22651,0.5
27-3023.00,22652,1.0
27-3031.00,1764,0.5
27-3031.00,20555,0.5
27-3031.00,23951,1.0
27-3031.00,20554,1.0
27-3031.00,1765,0.0
27-3031.00,1770,0.5
27-3031.00,1772,0.5
27-3031.00,1769,0.5
27-3031.00,20557,1.0
27-3031.00,1768,0.5
27-3031.00,1775,0.5
27-3031.00,19811,0.5
27-3031.00,1767,0.5
27-3031.00,1771,0.5
27-3031.00,1773,1.0
27-3031.00,19809,0.5
27-3031.00,19810,0.5
27-3031.00,1774,0.5
27-3041.00,1777,1.0
27-3041.00,1780,0.5
27-3041.00,1786,1.0
27-3041.00,1782,1.0
27-3041.00,1776,1.0
27-3041.00,1783,0.5
27-3041.00,21000,1.0
27-3041.00,1789,0.5
27-3041.00,1784,0.5
27-3041.00,1779,0.5
27-3041.00,1781,0.5
27-3041.00,1785,0.5
27-3041.00,1788,0.0
27-3041.00,1787,0.5
27-3041.00,1791,0.5
27-3041.00,1778,0.5
27-3041.00,1790,1.0
27-3041.00,1793,0.5
27-3041.00,1794,0.5
27-3041.00,1792,0.5
27-3041.00,1795,1.0
27-3042.00,3966,1.0
27-3042.00,3967,1.0
27-3042.00,3968,1.0
27-3042.00,3971,0.5
27-3042.00,3973,0.5
27-3042.00,20243,1.0
27-3042.00,3976,0.5
27-3042.00,3972,0.5
27-3042.00,3975,1.0
27-3042.00,3974,1.0
27-3042.00,3978,0.5
27-3042.00,3977,0.5
27-3042.00,3979,0.5
27-3042.00,3970,1.0
27-3042.00,3969,0.0
27-3043.00,22656,0.5
27-3043.00,22655,1.0
27-3043.00,22654,1.0
27-3043.00,22653,1.0
27-3043.00,22660,0.5
27-3043.00,22657,1.0
27-3043.00,22658,0.5
27-3043.00,22659,1.0
27-3043.00,22661,1.0
27-3043.00,22662,0.5
27-3043.00,22663,0.5
27-3043.00,22664,1.0
27-3043.00,22665,1.0
27-3043.00,22666,1.0
27-3043.00,22667,1.0
27-3043.00,22668,1.0
27-3043.00,22669,1.0
27-3043.00,22670,1.0
27-3043.00,22671,1.0
27-3043.00,22672,1.0
27-3043.05,11051,1.0
27-3043.05,11052,1.0
27-3043.05,11049,1.0
27-3043.05,11046,1.0
27-3043.05,11053,1.0
27-3043.05,11047,1.0
27-3043.05,11054,1.0
27-3043.05,11048,1.0
27-3043.05,11050,1.0
27-3043.05,11056,0.0
27-3043.05,11061,1.0
27-3043.05,11055,1.0
27-3043.05,11058,1.0
27-3043.05,11057,1.0
27-3043.05,11060,1.0
27-3043.05,11059,0.0
27-3091.00,9326,0.0
27-3091.00,9328,1.0
27-3091.00,9335,1.0
27-3091.00,9333,1.0
27-3091.00,9332,1.0
27-3091.00,9330,1.0
27-3091.00,9327,1.0
27-3091.00,9337,1.0
27-3091.00,9334,1.0
27-3091.00,9336,1.0
27-3091.00,9339,1.0
27-3091.00,9340,1.0
27-3091.00,9329,1.0
27-3091.00,9341,1.0
27-3091.00,9331,1.0
27-3091.00,9342,0.0
27-3091.00,9338,1.0
27-3092.00,8655,1.0
27-3092.00,21183,1.0
27-3092.00,8657,1.0
27-3092.00,8654,1.0
27-3092.00,8656,1.0
27-3092.00,21184,0.5
27-3092.00,8659,1.0
27-3092.00,8658,1.0
27-3092.00,8662,1.0
27-3092.00,8660,1.0
27-3092.00,8663,1.0
27-3092.00,8653,1.0
27-3092.00,21185,1.0
27-3092.00,8661,1.0
27-4011.00,3980,0.0
27-4011.00,18650,0.5
27-4011.00,3993,0.0
27-4011.00,3990,0.5
27-4011.00,18649,0.5
27-4011.00,4002,0.5
27-4011.00,3987,0.5
27-4011.00,3997,0.5
27-4011.00,3985,0.0
27-4011.00,3984,0.5
27-4011.00,4003,0.0
27-4011.00,3981,0.5
27-4011.00,3982,0.5
27-4011.00,3989,0.0
27-4011.00,18651,0.5
27-4011.00,3996,0.5
27-4011.00,3992,0.5
27-4011.00,3991,0.5
27-4011.00,4000,0.5
27-4011.00,4001,0.5
27-4011.00,3988,0.0
27-4011.00,3995,1.0
27-4011.00,3999,0.5
27-4011.00,4006,1.0
27-4011.00,3994,0.5
27-4011.00,4004,0.5
27-4011.00,3998,1.0
27-4011.00,18652,1.0
27-4011.00,4005,1.0
27-4012.00,4014,0.0
27-4012.00,18653,0.5
27-4012.00,4007,1.0
27-4012.00,4009,0.5
27-4012.00,4011,0.5
27-4012.00,4012,0.5
27-4012.00,18654,0.5
27-4012.00,18655,1.0
27-4012.00,4013,0.5
27-4012.00,18656,0.0
27-4012.00,4017,1.0
27-4012.00,4008,0.5
27-4012.00,4026,1.0
27-4012.00,4015,0.5
27-4012.00,4021,1.0
27-4012.00,4022,1.0
27-4012.00,18658,1.0
27-4012.00,4020,0.0
27-4012.00,4016,0.0
27-4012.00,4010,0.5
27-4012.00,18657,0.5
27-4012.00,4025,0.5
27-4012.00,4018,0.0
27-4012.00,4024,0.0
27-4012.00,4023,0.0
27-4012.00,4027,1.0
27-4012.00,18659,0.5
27-4012.00,4028,0.0
27-4012.00,4029,0.5
27-4014.00,7727,0.5
27-4014.00,7720,0.5
27-4014.00,7729,0.5
27-4014.00,7722,0.5
27-4014.00,18662,0.5
27-4014.00,7723,0.0
27-4014.00,7730,1.0
27-4014.00,7725,0.5
27-4014.00,7726,0.5
27-4014.00,7728,0.5
27-4014.00,7724,0.0
27-4014.00,18660,0.0
27-4014.00,18661,0.5
27-4014.00,7731,0.5
27-4015.00,22673,0.0
27-4015.00,22674,0.0
27-4015.00,22675,0.0
27-4015.00,22676,0.0
27-4015.00,22677,0.0
27-4015.00,22678,0.0
27-4015.00,22679,0.5
27-4015.00,22680,0.0
27-4015.00,22681,0.5
27-4015.00,22682,0.0
27-4015.00,22683,0.0
27-4015.00,22684,1.0
27-4015.00,22685,0.0
27-4015.00,22686,0.0
27-4015.00,22687,0.0
27-4015.00,22688,0.5
27-4021.00,9344,0.5
27-4021.00,9346,0.5
27-4021.00,9347,0.5
27-4021.00,20558,0.5
27-4021.00,9345,0.5
27-4021.00,9352,0.5
27-4021.00,9343,0.5
27-4021.00,9357,0.5
27-4021.00,9349,0.0
27-4021.00,9351,0.5
27-4021.00,9354,1.0
27-4021.00,9350,0.5
27-4021.00,9358,0.0
27-4021.00,9355,0.5
27-4021.00,9353,0.0
27-4021.00,9356,0.0
27-4021.00,9361,0.0
27-4021.00,9363,0.5
27-4021.00,9368,0.0
27-4021.00,20561,0.5
27-4021.00,9366,0.5
27-4021.00,9365,0.0
27-4021.00,9369,0.5
27-4021.00,20560,0.5
27-4021.00,9364,0.5
27-4021.00,9360,0.5
27-4021.00,9362,0.5
27-4021.00,9367,0.5
27-4021.00,20559,0.5
27-4031.00,4031,0.5
27-4031.00,4030,0.5
27-4031.00,4035,0.5
27-4031.00,4037,0.5
27-4031.00,4032,0.5
27-4031.00,4038,0.5
27-4031.00,18664,0.5
27-4031.00,4033,0.0
27-4031.00,18666,0.0
27-4031.00,18663,0.5
27-4031.00,4039,0.5
27-4031.00,18665,0.0
27-4031.00,4046,0.5
27-4031.00,4044,0.5
27-4031.00,18669,0.0
27-4031.00,4043,0.5
27-4031.00,4042,0.5
27-4031.00,18668,0.5
27-4031.00,18671,1.0
27-4031.00,18670,0.5
27-4031.00,4041,0.5
27-4031.00,4048,1.0
27-4031.00,18667,0.5
27-4031.00,4045,0.0
27-4032.00,4057,0.5
27-4032.00,4052,0.5
27-4032.00,4053,0.5
27-4032.00,4060,0.5
27-4032.00,4061,0.5
27-4032.00,4066,0.5
27-4032.00,4050,0.5
27-4032.00,4058,0.5
27-4032.00,4056,0.5
27-4032.00,4064,0.5
27-4032.00,4059,1.0
27-4032.00,4051,1.0
27-4032.00,4065,0.5
27-4032.00,4055,0.5
27-4032.00,4054,0.5
27-4032.00,4062,0.5
27-4032.00,4069,0.0
27-4032.00,4071,0.0
27-4032.00,4068,0.5
27-4032.00,4063,0.5
27-4032.00,4067,0.5
27-4032.00,4070,0.5
27-4032.00,4072,0.5
29-1011.00,6914,0.0
29-1011.00,6915,0.5
29-1011.00,6913,0.0
29-1011.00,6918,1.0
29-1011.00,6916,1.0
29-1011.00,6917,0.5
29-1011.00,6919,0.5
29-1011.00,6920,0.5
29-1011.00,6922,0.5
29-1011.00,20403,0.5
29-1011.00,6923,0.0
29-1021.00,20562,0.0
29-1021.00,6926,0.5
29-1021.00,6925,0.0
29-1021.00,20563,0.0
29-1021.00,6927,0.5
29-1021.00,6931,0.0
29-1021.00,6933,1.0
29-1021.00,6929,0.5
29-1021.00,6930,0.5
29-1021.00,6932,0.0
29-1021.00,6935,0.0
29-1021.00,6938,0.0
29-1021.00,20564,0.5
29-1021.00,6934,0.5
29-1021.00,6939,0.0
29-1021.00,6936,0.0
29-1021.00,6937,0.0
29-1021.00,6942,0.5
29-1021.00,6941,0.0
29-1021.00,6943,0.5
29-1022.00,9370,0.0
29-1022.00,9373,0.0
29-1022.00,9372,0.5
29-1022.00,9374,0.0
29-1022.00,9371,0.0
29-1022.00,9376,0.0
29-1022.00,9375,0.0
29-1022.00,9378,0.0
29-1022.00,9377,0.0
29-1022.00,9380,0.0
29-1022.00,9379,0.0
29-1022.00,20244,0.0
29-1022.00,20245,0.0
29-1022.00,9382,0.0
29-1023.00,7733,0.5
29-1023.00,7737,0.0
29-1023.00,7732,0.0
29-1023.00,7734,0.5
29-1023.00,7735,0.5
29-1023.00,7738,0.5
29-1023.00,7739,0.0
29-1023.00,7736,0.5
29-1023.00,7741,0.0
29-1023.00,7740,0.5
29-1024.00,7745,0.0
29-1024.00,20246,0.0
29-1024.00,7744,0.0
29-1024.00,7743,0.0
29-1024.00,7748,0.0
29-1024.00,7746,0.5
29-1024.00,7747,0.0
29-1024.00,7751,0.0
29-1024.00,7749,0.0
29-1024.00,7750,0.0
29-1024.00,7752,0.0
29-1031.00,314,0.5
29-1031.00,23913,0.5
29-1031.00,317,0.5
29-1031.00,316,0.5
29-1031.00,23914,0.5
29-1031.00,315,0.5
29-1031.00,23915,0.5
29-1031.00,23916,1.0
29-1031.00,327,0.5
29-1031.00,322,1.0
29-1031.00,330,0.5
29-1031.00,331,0.5
29-1031.00,333,1.0
29-1031.00,325,0.5
29-1031.00,332,0.5
29-1031.00,326,0.5
29-1031.00,318,0.5
29-1031.00,321,0.5
29-1031.00,324,0.0
29-1031.00,320,0.5
29-1031.00,329,0.5
29-1031.00,328,0.5
29-1031.00,323,0.5
29-1031.00,23917,0.5
29-1031.00,319,0.5
29-1031.00,334,0.5
29-1031.00,335,0.0
29-1031.00,336,0.5
29-1041.00,337,0.0
29-1041.00,338,0.5
29-1041.00,339,0.0
29-1041.00,340,0.5
29-1041.00,341,0.5
29-1041.00,343,0.0
29-1041.00,344,0.5
29-1041.00,342,0.5
29-1041.00,345,0.5
29-1041.00,346,0.0
29-1051.00,1808,0.5
29-1051.00,1824,0.0
29-1051.00,1809,0.5
29-1051.00,1810,0.5
29-1051.00,1812,0.5
29-1051.00,1815,0.5
29-1051.00,1820,0.0
29-1051.00,1811,0.5
29-1051.00,1816,0.0
29-1051.00,20405,0.5
29-1051.00,1814,0.5
29-1051.00,1825,1.0
29-1051.00,1813,0.5
29-1051.00,1818,0.5
29-1051.00,1823,0.5
29-1051.00,20406,1.0
29-1051.00,1822,0.5
29-1051.00,1819,0.0
29-1051.00,20404,0.0
29-1051.00,1821,0.0
29-1051.00,1826,1.0
29-1071.00,4075,0.5
29-1071.00,4074,0.5
29-1071.00,4078,0.5
29-1071.00,4076,0.5
29-1071.00,4073,0.0
29-1071.00,4077,0.5
29-1071.00,4080,0.5
29-1071.00,4079,0.0
29-1071.00,4083,0.5
29-1071.00,4081,0.0
29-1071.00,4082,0.5
29-1071.00,4084,0.5
29-1071.01,17301,0.0
29-1071.01,17302,0.0
29-1071.01,17296,0.5
29-1071.01,17304,0.0
29-1071.01,17299,0.5
29-1071.01,17310,0.0
29-1071.01,17305,0.5
29-1071.01,17309,0.0
29-1071.01,17300,0.5
29-1071.01,17306,0.0
29-1071.01,17303,0.5
29-1071.01,17311,0.0
29-1071.01,17307,0.0
29-1071.01,17297,0.0
29-1071.01,17308,0.0
29-1071.01,17298,0.0
29-1081.00,20122,0.0
29-1081.00,7849,0.5
29-1081.00,7852,0.5
29-1081.00,7850,0.5
29-1081.00,7851,0.0
29-1081.00,7853,0.5
29-1081.00,7855,0.0
29-1081.00,7854,0.0
29-1081.00,7856,0.5
29-1081.00,7857,0.5
29-1081.00,7858,0.0
29-1122.00,349,0.5
29-1122.00,347,1.0
29-1122.00,351,0.0
29-1122.00,358,0.0
29-1122.00,350,0.0
29-1122.00,348,1.0
29-1122.00,15231,0.0
29-1122.00,359,0.0
29-1122.00,353,0.0
29-1122.00,357,0.5
29-1122.00,352,0.5
29-1122.00,355,0.0
29-1122.00,356,0.0
29-1122.00,354,0.5
29-1122.00,361,0.5
29-1122.00,360,0.5
29-1122.00,362,0.0
29-1122.01,17336,0.0
29-1122.01,17355,0.5
29-1122.01,17352,0.0
29-1122.01,17350,0.5
29-1122.01,17349,1.0
29-1122.01,17346,0.0
29-1122.01,17351,0.0
29-1122.01,17345,0.0
29-1122.01,23918,0.0
29-1122.01,17338,0.5
29-1122.01,17354,0.0
29-1122.01,17348,0.0
29-1122.01,17353,0.5
29-1122.01,17341,0.5
29-1122.01,17347,0.0
29-1122.01,17339,1.0
29-1122.01,17340,0.0
29-1122.01,17342,0.0
29-1122.01,17337,0.5
29-1122.01,17343,0.5
29-1122.01,17344,0.5
29-1123.00,363,0.0
29-1123.00,364,0.5
29-1123.00,370,1.0
29-1123.00,367,0.0
29-1123.00,365,0.0
29-1123.00,368,0.0
29-1123.00,366,0.0
29-1123.00,371,0.0
29-1123.00,373,0.0
29-1123.00,377,0.0
29-1123.00,369,0.5
29-1123.00,374,1.0
29-1123.00,375,0.0
29-1123.00,381,0.5
29-1123.00,20407,0.0
29-1123.00,372,0.0
29-1123.00,378,0.0
29-1123.00,382,0.5
29-1123.00,385,0.0
29-1123.00,380,0.0
29-1123.00,379,0.0
29-1123.00,383,0.5
29-1123.00,384,0.0
29-1123.00,386,0.0
29-1124.00,4086,0.0
29-1124.00,4085,0.0
29-1124.00,4088,0.0
29-1124.00,4090,0.5
29-1124.00,4091,0.0
29-1124.00,4087,0.5
29-1124.00,4092,0.0
29-1124.00,4093,0.0
29-1124.00,4095,0.0
29-1124.00,4089,1.0
29-1124.00,4094,0.5
29-1124.00,4097,0.0
29-1124.00,4099,0.5
29-1124.00,4096,0.5
29-1124.00,4098,0.5
29-1124.00,4101,0.5
29-1124.00,20408,0.5
29-1124.00,4102,0.5
29-1124.00,4100,0.0
29-1124.00,4103,0.5
29-1124.00,4104,0.0
29-1124.00,4105,0.0
29-1125.00,393,0.0
29-1125.00,392,0.0
29-1125.00,395,0.0
29-1125.00,387,0.5
29-1125.00,388,0.5
29-1125.00,394,0.5
29-1125.00,391,0.5
29-1125.00,390,0.0
29-1125.00,389,0.0
29-1125.00,396,1.0
29-1125.00,20893,0.5
29-1126.00,398,0.0
29-1126.00,400,0.0
29-1126.00,397,0.0
29-1126.00,18522,0.0
29-1126.00,404,1.0
29-1126.00,401,0.5
29-1126.00,408,1.0
29-1126.00,405,0.0
29-1126.00,407,0.0
29-1126.00,414,0.0
29-1126.00,399,0.5
29-1126.00,403,0.0
29-1126.00,406,0.0
29-1126.00,410,0.0
29-1126.00,415,0.5
29-1126.00,409,0.0
29-1126.00,411,0.0
29-1126.00,413,0.5
29-1126.00,20409,0.0
29-1126.00,412,0.0
29-1126.00,20410,0.0
29-1126.00,20411,0.5
29-1127.00,18523,0.5
29-1127.00,18524,1.0
29-1127.00,1867,0.5
29-1127.00,1871,0.5
29-1127.00,1869,0.0
29-1127.00,18528,0.0
29-1127.00,18530,0.0
29-1127.00,18526,1.0
29-1127.00,1874,0.0
29-1127.00,1873,0.0
29-1127.00,1876,0.5
29-1127.00,1875,0.5
29-1127.00,18527,1.0
29-1127.00,18531,0.5
29-1127.00,1878,0.5
29-1127.00,18529,0.5
29-1127.00,1884,0.5
29-1127.00,18525,0.5
29-1127.00,1879,0.5
29-1127.00,1883,1.0
29-1127.00,23952,0.0
29-1127.00,1882,0.5
29-1127.00,23953,0.5
29-1127.00,1885,0.5
29-1128.00,19193,0.5
29-1128.00,19212,0.0
29-1128.00,19192,0.0
29-1128.00,19201,0.5
29-1128.00,19195,0.5
29-1128.00,19199,0.5
29-1128.00,19200,0.0
29-1128.00,19194,1.0
29-1128.00,19207,0.5
29-1128.00,19203,0.5
29-1128.00,19214,0.0
29-1128.00,19191,0.5
29-1128.00,19197,0.0
29-1128.00,19205,0.0
29-1128.00,19206,0.0
29-1128.00,19215,0.0
29-1128.00,19204,0.0
29-1128.00,19202,0.0
29-1128.00,19208,0.0
29-1128.00,19196,0.5
29-1128.00,19198,0.0
29-1128.00,19213,0.0
29-1128.00,19211,0.5
29-1128.00,19209,0.5
29-1128.00,19210,0.5
29-1129.01,19151,0.5
29-1129.01,19146,0.5
29-1129.01,19143,0.0
29-1129.01,19144,0.5
29-1129.01,19141,0.0
29-1129.01,19153,0.0
29-1129.01,19147,0.0
29-1129.01,19154,1.0
29-1129.01,19161,0.0
29-1129.01,19140,0.5
29-1129.01,19150,0.5
29-1129.01,19145,0.5
29-1129.01,19142,0.5
29-1129.01,19148,0.5
29-1129.01,19159,0.0
29-1129.01,19162,0.0
29-1129.01,19158,0.5
29-1129.01,19149,0.0
29-1129.01,19139,0.5
29-1129.01,19160,0.5
29-1129.01,19155,0.0
29-1129.01,19163,0.0
29-1129.01,19152,0.5
29-1129.01,19156,0.5
29-1129.01,19157,0.0
29-1129.02,19179,0.5
29-1129.02,19171,0.5
29-1129.02,19178,0.5
29-1129.02,19181,0.0
29-1129.02,19170,0.5
29-1129.02,19173,0.5
29-1129.02,19182,1.0
29-1129.02,19167,0.0
29-1129.02,19176,1.0
29-1129.02,19175,0.0
29-1129.02,19174,0.5
29-1129.02,19177,0.5
29-1129.02,19172,0.5
29-1129.02,20167,1.0
29-1129.02,19168,0.5
29-1129.02,19188,0.0
29-1129.02,19169,0.5
29-1129.02,19180,0.5
29-1129.02,19184,1.0
29-1129.02,19187,0.0
29-1129.02,19166,0.5
29-1129.02,20166,0.5
29-1129.02,19185,0.0
29-1129.02,19189,0.5
29-1129.02,19165,0.5
29-1129.02,19190,0.0
29-1129.02,19183,0.0
29-1129.02,19164,0.5
29-1129.02,20165,0.5
29-1129.02,19186,0.5
29-1131.00,4107,0.0
29-1131.00,4108,0.0
29-1131.00,4106,0.0
29-1131.00,4109,0.0
29-1131.00,4110,0.5
29-1131.00,4112,0.5
29-1131.00,20412,0.0
29-1131.00,18532,0.5
29-1131.00,4115,0.0
29-1131.00,18533,1.0
29-1131.00,4113,0.0
29-1131.00,18534,0.5
29-1131.00,4123,0.5
29-1131.00,4117,0.0
29-1131.00,4121,1.0
29-1131.00,4119,0.5
29-1131.00,4122,0.0
29-1131.00,4116,0.5
29-1131.00,4124,0.5
29-1131.00,4114,0.0
29-1131.00,4126,0.0
29-1131.00,4125,0.5
29-1131.00,4120,0.0
29-1141.00,1841,0.5
29-1141.00,20413,0.0
29-1141.00,1839,1.0
29-1141.00,1840,0.5
29-1141.00,1855,0.0
29-1141.00,1843,0.5
29-1141.00,1846,0.0
29-1141.00,1845,0.5
29-1141.00,1850,0.5
29-1141.00,1842,0.5
29-1141.00,1857,0.0
29-1141.00,1848,0.0
29-1141.00,1849,0.5
29-1141.00,1865,0.5
29-1141.00,1847,0.0
29-1141.00,1861,0.5
29-1141.00,1844,0.5
29-1141.00,1859,0.5
29-1141.00,1860,0.5
29-1141.00,1851,0.0
29-1141.00,1854,0.0
29-1141.00,1862,0.5
29-1141.00,1863,0.5
29-1141.00,1856,0.0
29-1141.00,1864,0.5
29-1141.00,1852,0.0
29-1141.00,1866,0.5
29-1141.01,18302,0.0
29-1141.01,18300,0.0
29-1141.01,18308,1.0
29-1141.01,18298,0.5
29-1141.01,18316,0.0
29-1141.01,18303,0.0
29-1141.01,18305,0.5
29-1141.01,18301,0.5
29-1141.01,18311,0.0
29-1141.01,18319,0.5
29-1141.01,18315,0.5
29-1141.01,18310,0.0
29-1141.01,18307,0.0
29-1141.01,18299,0.5
29-1141.01,18306,0.5
29-1141.01,18318,0.0
29-1141.01,18323,0.5
29-1141.01,18324,0.5
29-1141.01,18321,0.5
29-1141.01,18309,0.0
29-1141.01,18313,0.0
29-1141.01,18322,0.5
29-1141.01,18304,0.0
29-1141.01,18314,0.5
29-1141.01,18312,0.5
29-1141.01,18297,0.5
29-1141.01,18317,0.5
29-1141.02,17326,0.5
29-1141.02,17329,1.0
29-1141.02,17334,0.5
29-1141.02,17324,0.5
29-1141.02,17328,0.5
29-1141.02,17331,0.5
29-1141.02,17327,0.5
29-1141.02,17319,0.5
29-1141.02,17332,0.0
29-1141.02,17325,0.5
29-1141.02,17313,1.0
29-1141.02,17335,0.0
29-1141.02,17323,0.5
29-1141.02,17330,0.5
29-1141.02,17322,0.5
29-1141.02,17316,0.5
29-1141.02,17320,0.5
29-1141.02,17317,0.5
29-1141.02,17312,0.5
29-1141.02,17333,0.0
29-1141.02,17315,0.5
29-1141.02,17321,0.5
29-1141.02,17318,0.5
29-1141.02,17314,0.0
29-1141.03,18327,0.5
29-1141.03,18334,0.5
29-1141.03,18330,0.0
29-1141.03,18333,0.0
29-1141.03,18344,0.5
29-1141.03,18339,0.5
29-1141.03,18340,0.5
29-1141.03,18335,0.5
29-1141.03,18337,0.5
29-1141.03,18341,1.0
29-1141.03,18338,0.0
29-1141.03,18332,0.0
29-1141.03,18329,0.0
29-1141.03,18331,0.0
29-1141.03,18348,0.0
29-1141.03,18328,0.0
29-1141.03,18345,0.0
29-1141.03,18353,0.5
29-1141.03,18347,0.0
29-1141.03,18342,1.0
29-1141.03,18343,0.5
29-1141.03,18336,0.5
29-1141.03,18325,0.5
29-1141.03,18350,1.0
29-1141.03,18351,0.5
29-1141.03,18349,0.5
29-1141.03,18326,0.0
29-1141.03,18352,0.5
29-1141.03,18346,0.0
29-1141.04,18002,0.5
29-1141.04,18006,0.0
29-1141.04,20415,0.5
29-1141.04,18007,0.5
29-1141.04,18014,0.0
29-1141.04,18016,0.5
29-1141.04,18013,0.5
29-1141.04,21188,0.0
29-1141.04,20414,0.5
29-1141.04,18008,0.5
29-1141.04,18005,0.5
29-1141.04,18010,0.5
29-1141.04,18009,0.5
29-1141.04,18011,0.5
29-1141.04,18004,0.0
29-1141.04,18017,0.5
29-1141.04,20416,0.5
29-1141.04,18000,0.0
29-1141.04,18001,0.5
29-1141.04,20418,0.5
29-1141.04,18012,0.5
29-1141.04,18018,0.5
29-1141.04,20419,0.5
29-1141.04,20417,0.5
29-1141.04,18003,0.5
29-1141.04,18020,1.0
29-1141.04,18021,1.0
29-1141.04,18015,0.5
29-1141.04,18019,0.5
29-1141.04,20420,0.5
29-1151.00,18361,0.0
29-1151.00,18365,0.0
29-1151.00,18362,0.0
29-1151.00,18366,0.0
29-1151.00,18370,0.0
29-1151.00,18367,0.5
29-1151.00,18363,0.0
29-1151.00,18368,0.5
29-1151.00,18369,0.0
29-1151.00,18364,0.0
29-1151.00,18356,0.5
29-1151.00,18371,0.0
29-1151.00,18355,0.0
29-1151.00,18354,0.0
29-1151.00,18357,0.5
29-1151.00,18360,0.5
29-1151.00,18358,0.5
29-1151.00,18374,0.0
29-1151.00,18373,0.0
29-1151.00,18359,0.0
29-1151.00,18376,0.5
29-1151.00,18377,0.0
29-1151.00,18375,0.5
29-1151.00,18372,0.0
29-1161.00,18442,0.0
29-1161.00,18444,0.0
29-1161.00,18443,1.0
29-1161.00,18455,0.0
29-1161.00,18454,0.5
29-1161.00,18447,0.5
29-1161.00,18449,1.0
29-1161.00,18453,0.5
29-1161.00,18450,0.0
29-1161.00,18448,1.0
29-1161.00,18441,0.0
29-1161.00,18445,0.0
29-1161.00,18456,1.0
29-1161.00,18452,0.0
29-1161.00,18446,0.5
29-1161.00,18459,0.5
29-1161.00,23919,0.0
29-1161.00,18458,0.5
29-1161.00,18460,0.5
29-1161.00,18457,0.5
29-1161.00,18451,0.0
29-1171.00,18399,1.0
29-1171.00,18389,0.5
29-1171.00,18393,0.5
29-1171.00,18382,0.5
29-1171.00,18385,0.5
29-1171.00,18396,0.5
29-1171.00,18384,0.5
29-1171.00,18392,0.5
29-1171.00,18394,0.5
29-1171.00,18388,0.5
29-1171.00,18383,0.5
29-1171.00,18380,0.5
29-1171.00,18381,0.5
29-1171.00,18378,0.5
29-1171.00,18402,0.5
29-1171.00,18395,0.5
29-1171.00,18387,0.5
29-1171.00,18386,0.5
29-1171.00,18400,0.5
29-1171.00,18379,0.5
29-1171.00,18391,0.0
29-1171.00,18403,0.5
29-1171.00,18397,0.5
29-1171.00,18390,0.0
29-1171.00,18398,0.5
29-1171.00,18401,0.5
29-1171.00,18404,0.5
29-1181.00,18690,1.0
29-1181.00,18673,0.5
29-1181.00,18681,0.0
29-1181.00,18678,0.0
29-1181.00,18686,0.5
29-1181.00,18684,0.0
29-1181.00,18672,0.5
29-1181.00,18688,0.5
29-1181.00,18675,0.5
29-1181.00,7870,0.0
29-1181.00,18680,0.5
29-1181.00,18682,0.5
29-1181.00,18674,0.5
29-1181.00,7872,0.0
29-1181.00,18677,0.5
29-1181.00,18685,0.5
29-1181.00,18676,0.5
29-1181.00,18689,1.0
29-1181.00,18683,1.0
29-1181.00,18679,0.5
29-1181.00,18687,0.5
29-1181.00,7875,0.5
29-1211.00,7754,0.0
29-1211.00,7756,0.5
29-1211.00,7755,0.0
29-1211.00,7753,0.0
29-1211.00,7757,0.5
29-1211.00,7758,0.0
29-1211.00,7760,0.0
29-1211.00,7759,0.0
29-1211.00,7761,0.5
29-1211.00,7763,0.5
29-1211.00,7767,0.5
29-1211.00,7766,0.0
29-1211.00,7765,0.5
29-1211.00,7764,0.5
29-1211.00,7762,0.0
29-1211.00,7769,0.5
29-1211.00,7768,0.0
29-1211.00,7770,0.5
29-1212.00,22689,0.0
29-1212.00,22690,0.5
29-1212.00,22691,0.5
29-1212.00,22692,0.5
29-1212.00,22693,0.5
29-1212.00,22694,0.5
29-1212.00,22695,0.5
29-1212.00,22696,0.5
29-1212.00,22697,0.0
29-1212.00,22698,0.5
29-1212.00,22699,0.0
29-1212.00,22700,0.5
29-1212.00,22701,0.5
29-1212.00,22702,0.0
29-1212.00,22703,0.5
29-1212.00,22704,0.5
29-1212.00,22705,0.5
29-1212.00,22706,0.5
29-1212.00,22707,0.0
29-1212.00,22708,0.5
29-1212.00,22709,0.0
29-1212.00,22710,0.0
29-1212.00,22711,0.5
29-1212.00,22712,0.5
29-1212.00,22713,0.0
29-1212.00,22714,0.5
29-1213.00,17094,0.5
29-1213.00,17092,0.5
29-1213.00,17091,0.0
29-1213.00,17090,0.0
29-1213.00,17093,0.5
29-1213.00,17095,0.5
29-1213.00,17078,0.5
29-1213.00,17085,0.5
29-1213.00,17089,0.5
29-1213.00,17084,0.5
29-1213.00,17081,0.5
29-1213.00,17079,0.5
29-1213.00,17077,0.5
29-1213.00,17082,0.5
29-1213.00,17087,0.0
29-1213.00,17088,0.0
29-1213.00,17086,0.5
29-1213.00,17083,0.5
29-1214.00,22715,0.5
29-1214.00,22716,0.5
29-1214.00,22717,1.0
29-1214.00,22718,0.5
29-1214.00,22719,0.5
29-1214.00,22720,0.5
29-1214.00,22721,0.5
29-1214.00,22722,0.5
29-1214.00,22723,0.5
29-1214.00,22724,0.5
29-1214.00,22725,0.5
29-1214.00,22726,0.0
29-1214.00,22727,0.0
29-1214.00,22728,0.5
29-1214.00,22729,0.5
29-1214.00,22730,0.5
29-1214.00,22731,0.0
29-1215.00,7771,0.5
29-1215.00,7772,0.5
29-1215.00,7774,0.5
29-1215.00,7773,0.5
29-1215.00,7775,0.5
29-1215.00,7776,0.5
29-1215.00,7778,0.5
29-1215.00,7777,0.5
29-1215.00,7779,0.0
29-1215.00,7782,0.5
29-1215.00,20120,0.5
29-1215.00,7781,0.0
29-1215.00,20121,0.5
29-1216.00,7786,0.5
29-1216.00,7785,0.5
29-1216.00,7787,0.5
29-1216.00,7789,0.5
29-1216.00,7788,0.5
29-1216.00,7793,0.5
29-1216.00,7794,0.5
29-1216.00,7792,0.5
29-1216.00,7795,0.5
29-1216.00,7790,0.5
29-1216.00,7791,0.5
29-1216.00,7799,0.5
29-1216.00,7797,0.5
29-1216.00,7796,0.0
29-1216.00,7798,0.5
29-1216.00,7803,0.5
29-1216.00,7802,0.5
29-1216.00,7800,0.0
29-1216.00,7801,0.5
29-1217.00,17123,0.5
29-1217.00,17132,0.0
29-1217.00,17130,0.5
29-1217.00,17121,0.5
29-1217.00,17125,0.5
29-1217.00,17117,0.5
29-1217.00,17131,0.5
29-1217.00,17126,0.5
29-1217.00,17124,0.5
29-1217.00,17119,1.0
29-1217.00,17128,0.5
29-1217.00,17113,0.5
29-1217.00,17114,0.5
29-1217.00,17127,0.0
29-1217.00,17129,0.5
29-1217.00,17115,0.5
29-1217.00,17116,0.5
29-1217.00,17111,0.5
29-1217.00,17122,0.5
29-1217.00,17110,0.5
29-1217.00,17112,0.5
29-1217.00,17109,0.5
29-1217.00,17120,0.0
29-1217.00,17118,0.0
29-1218.00,7811,0.5
29-1218.00,7806,0.0
29-1218.00,7804,0.0
29-1218.00,7809,0.5
29-1218.00,7808,0.0
29-1218.00,7810,0.5
29-1218.00,7805,0.5
29-1218.00,7807,0.5
29-1218.00,7812,0.5
29-1218.00,7813,0.5
29-1218.00,7815,0.5
29-1218.00,7814,0.5
29-1218.00,7816,0.5
29-1218.00,7817,0.5
29-1218.00,7818,0.5
29-1221.00,7821,0.5
29-1221.00,7820,0.5
29-1221.00,7824,0.5
29-1221.00,7819,0.5
29-1221.00,7823,0.5
29-1221.00,7825,0.5
29-1221.00,7822,0.5
29-1221.00,7826,0.5
29-1221.00,7829,0.5
29-1221.00,7827,0.5
29-1221.00,7828,0.5
29-1221.00,21187,0.5
29-1221.00,7830,0.5
29-1221.00,7832,0.0
29-1221.00,7831,0.5
29-1221.00,7833,0.5
29-1221.00,20247,0.5
29-1222.00,17194,0.5
29-1222.00,17195,0.5
29-1222.00,17190,1.0
29-1222.00,17192,0.5
29-1222.00,17187,0.5
29-1222.00,17180,0.5
29-1222.00,17193,0.5
29-1222.00,17191,0.5
29-1222.00,17178,0.5
29-1222.00,17179,0.5
29-1222.00,17181,0.5
29-1222.00,17182,0.5
29-1222.00,17185,0.5
29-1222.00,17184,0.0
29-1222.00,17188,0.5
29-1222.00,17186,0.0
29-1222.00,17189,0.5
29-1222.00,17183,0.5
29-1222.00,17177,0.0
29-1223.00,1828,0.5
29-1223.00,1830,0.5
29-1223.00,1832,0.5
29-1223.00,1829,0.5
29-1223.00,1827,0.5
29-1223.00,1833,0.5
29-1223.00,1831,0.0
29-1223.00,1834,0.5
29-1223.00,15230,0.5
29-1223.00,1835,0.5
29-1223.00,1837,1.0
29-1223.00,1838,0.0
29-1224.00,17243,0.5
29-1224.00,17242,0.5
29-1224.00,17254,0.5
29-1224.00,17239,0.5
29-1224.00,17252,0.5
29-1224.00,17251,0.5
29-1224.00,17246,0.5
29-1224.00,17245,0.5
29-1224.00,17250,0.5
29-1224.00,17248,0.5
29-1224.00,17236,0.5
29-1224.00,17249,0.5
29-1224.00,17241,0.5
29-1224.00,17234,0.5
29-1224.00,17231,0.5
29-1224.00,17253,0.5
29-1224.00,17235,0.5
29-1224.00,22732,0.0
29-1224.00,22733,0.5
29-1224.00,22734,0.5
29-1224.00,22735,0.5
29-1224.00,22736,0.5
29-1224.00,22737,0.5
29-1224.00,22738,0.5
29-1224.00,22739,0.5
29-1224.00,22740,0.5
29-1224.00,22741,0.5
29-1224.00,22742,0.5
29-1224.00,22743,0.5
29-1224.00,22744,0.5
29-1229.01,17076,0.5
29-1229.01,17069,0.5
29-1229.01,17068,0.0
29-1229.01,17066,0.5
29-1229.01,17070,0.5
29-1229.01,17063,1.0
29-1229.01,17071,0.5
29-1229.01,17074,0.0
29-1229.01,17067,0.0
29-1229.01,17073,0.5
29-1229.01,17072,0.5
29-1229.01,17075,0.0
29-1229.01,17062,1.0
29-1229.01,17065,0.5
29-1229.01,17064,0.5
29-1229.01,17061,1.0
29-1229.02,17106,0.5
29-1229.02,17102,0.5
29-1229.02,17103,0.5
29-1229.02,17107,0.5
29-1229.02,17105,0.5
29-1229.02,17099,1.0
29-1229.02,17096,0.5
29-1229.02,17098,0.0
29-1229.02,17104,0.5
29-1229.02,17108,0.5
29-1229.02,17097,1.0
29-1229.02,23920,0.5
29-1229.02,17100,0.5
29-1229.02,17101,1.0
29-1229.03,17295,0.5
29-1229.03,17283,1.0
29-1229.03,17293,0.5
29-1229.03,17291,0.0
29-1229.03,17294,0.5
29-1229.03,17288,0.0
29-1229.03,17289,0.5
29-1229.03,17284,0.5
29-1229.03,17287,0.0
29-1229.03,17286,0.5
29-1229.03,17285,0.5
29-1229.03,17292,0.0
29-1229.03,17282,0.0
29-1229.03,17290,0.5
29-1229.04,17201,1.0
29-1229.04,17200,0.0
29-1229.04,17198,0.5
29-1229.04,17210,0.0
29-1229.04,17199,0.5
29-1229.04,17203,0.5
29-1229.04,17205,0.5
29-1229.04,17207,0.0
29-1229.04,17204,0.0
29-1229.04,17206,0.0
29-1229.04,17208,0.0
29-1229.04,17196,0.5
29-1229.04,17202,0.5
29-1229.04,17209,0.0
29-1229.04,17197,0.0
29-1229.05,17222,0.5
29-1229.05,17217,0.5
29-1229.05,17219,0.5
29-1229.05,17214,0.0
29-1229.05,17216,0.5
29-1229.05,17215,0.5
29-1229.05,17223,0.5
29-1229.05,17225,0.5
29-1229.05,17218,0.5
29-1229.05,17220,0.5
29-1229.05,17221,0.5
29-1229.05,17212,0.5
29-1229.05,17211,0.5
29-1229.05,17224,0.5
29-1229.05,17213,0.5
29-1229.06,17281,0.5
29-1229.06,17273,0.5
29-1229.06,17257,0.5
29-1229.06,17268,1.0
29-1229.06,17265,0.5
29-1229.06,17276,0.5
29-1229.06,17278,0.0
29-1229.06,17270,0.5
29-1229.06,17259,1.0
29-1229.06,17263,0.5
29-1229.06,17269,0.5
29-1229.06,17280,0.5
29-1229.06,17266,0.0
29-1229.06,17267,0.5
29-1229.06,17272,0.5
29-1229.06,17274,0.5
29-1229.06,17277,0.0
29-1229.06,17264,0.0
29-1229.06,17279,0.5
29-1229.06,17258,0.0
29-1229.06,17255,0.0
29-1229.06,17262,0.5
29-1229.06,17271,0.0
29-1229.06,17275,0.5
29-1229.06,17260,0.5
29-1229.06,17256,0.0
29-1229.06,17261,0.5
29-1241.00,17175,0.5
29-1241.00,17176,0.5
29-1241.00,17166,0.0
29-1241.00,17162,0.5
29-1241.00,17169,0.5
29-1241.00,17171,0.5
29-1241.00,17173,0.0
29-1241.00,17163,0.5
29-1241.00,17167,1.0
29-1241.00,17170,0.5
29-1241.00,17159,0.5
29-1241.00,17160,0.5
29-1241.00,17172,0.0
29-1241.00,17165,0.5
29-1241.00,17168,0.5
29-1241.00,17174,0.5
29-1241.00,17161,0.0
29-1241.00,17164,0.5
29-1242.00,22745,0.5
29-1242.00,22746,0.5
29-1242.00,22747,0.0
29-1242.00,22748,0.5
29-1242.00,22749,0.0
29-1242.00,22750,0.0
29-1242.00,22751,0.5
29-1242.00,22752,0.0
29-1242.00,22753,0.5
29-1242.00,22754,0.0
29-1242.00,22755,0.5
29-1242.00,22756,1.0
29-1242.00,22757,0.5
29-1242.00,22758,0.0
29-1242.00,22759,0.5
29-1243.00,22760,0.5
29-1243.00,22761,0.5
29-1243.00,22762,0.5
29-1243.00,22763,1.0
29-1243.00,22764,0.5
29-1243.00,22765,0.0
29-1243.00,22766,0.0
29-1243.00,22767,0.0
29-1243.00,22768,0.0
29-1243.00,22769,0.5
29-1243.00,22770,0.5
29-1243.00,22771,0.5
29-1243.00,22772,0.5
29-1243.00,22773,0.0
29-1243.00,22774,0.0
29-1243.00,22775,1.0
29-1243.00,22776,0.0
29-1243.00,22777,0.5
29-1291.00,17370,0.0
29-1291.00,17361,0.0
29-1291.00,17372,0.0
29-1291.00,17373,0.0
29-1291.00,17366,1.0
29-1291.00,17362,0.0
29-1291.00,17369,0.0
29-1291.00,17357,0.0
29-1291.00,17363,1.0
29-1291.00,17359,0.0
29-1291.00,17358,1.0
29-1291.00,17365,0.0
29-1291.00,17356,0.0
29-1291.00,17368,0.0
29-1291.00,17360,0.0
29-1291.00,17364,0.0
29-1291.00,17371,0.0
29-1291.00,17367,0.0
29-1292.00,18536,0.5
29-1292.00,417,0.0
29-1292.00,421,0.0
29-1292.00,416,0.0
29-1292.00,18537,0.0
29-1292.00,418,0.5
29-1292.00,422,0.5
29-1292.00,23921,1.0
29-1292.00,420,0.0
29-1292.00,18538,0.0
29-1292.00,18539,0.5
29-1292.00,419,0.0
29-1292.00,427,0.0
29-1292.00,424,0.0
29-1292.00,428,0.0
29-1292.00,430,0.0
29-1292.00,425,0.0
29-1292.00,429,0.0
29-1299.01,18418,1.0
29-1299.01,18412,0.5
29-1299.01,18413,0.5
29-1299.01,18410,0.0
29-1299.01,18409,0.5
29-1299.01,18411,1.0
29-1299.01,18414,0.5
29-1299.01,18408,0.0
29-1299.01,18420,0.5
29-1299.01,18407,0.5
29-1299.01,18406,1.0
29-1299.01,18424,0.5
29-1299.01,18423,0.5
29-1299.01,18415,0.0
29-1299.01,18422,0.5
29-1299.01,18405,0.0
29-1299.01,18417,0.5
29-1299.01,18421,1.0
29-1299.01,18416,0.0
29-1299.01,18419,0.0
29-1299.02,18429,0.5
29-1299.02,18430,0.5
29-1299.02,18432,1.0
29-1299.02,18428,0.5
29-1299.02,18426,0.5
29-1299.02,18427,0.5
29-1299.02,18431,0.5
29-1299.02,18434,0.0
29-1299.02,18440,0.0
29-1299.02,18433,0.5
29-1299.02,18436,1.0
29-1299.02,18435,0.5
29-1299.02,18439,0.5
29-1299.02,18438,1.0
29-1299.02,18437,0.5
29-1299.02,18425,0.5
29-2011.00,1887,0.0
29-2011.00,1886,0.5
29-2011.00,1888,0.0
29-2011.00,15233,0.0
29-2011.00,1889,1.0
29-2011.00,15232,0.5
29-2011.00,1890,0.0
29-2011.00,1892,0.0
29-2011.00,1893,0.5
29-2011.00,1896,0.0
29-2011.00,1894,0.0
29-2011.00,1895,0.5
29-2011.00,1901,0.0
29-2011.00,1899,0.0
29-2011.00,1898,0.0
29-2011.00,1900,0.5
29-2011.01,17390,0.5
29-2011.01,17389,0.5
29-2011.01,17385,0.5
29-2011.01,20569,0.5
29-2011.01,20565,0.5
29-2011.01,17391,0.5
29-2011.01,17382,0.0
29-2011.01,17376,1.0
29-2011.01,17388,0.0
29-2011.01,17377,0.0
29-2011.01,20568,1.0
29-2011.01,17380,0.0
29-2011.01,17392,1.0
29-2011.01,17381,0.0
29-2011.01,20570,0.5
29-2011.01,17375,0.0
29-2011.01,20566,1.0
29-2011.01,20571,0.0
29-2011.01,17383,0.5
29-2011.01,17386,0.5
29-2011.01,17384,0.5
29-2011.01,20572,1.0
29-2011.01,17378,0.5
29-2011.01,17393,0.0
29-2011.01,17379,0.0
29-2011.01,20573,1.0
29-2011.01,17394,0.0
29-2011.01,17374,0.5
29-2011.01,17387,0.5
29-2011.01,20567,0.0
29-2011.02,17395,0.5
29-2011.02,17401,1.0
29-2011.02,17405,0.5
29-2011.02,17397,0.5
29-2011.02,17396,0.5
29-2011.02,17402,0.0
29-2011.02,17398,0.5
29-2011.02,17399,0.0
29-2011.02,17404,0.0
29-2011.02,17406,0.0
29-2011.02,17407,0.5
29-2011.02,17408,1.0
29-2011.02,17400,0.5
29-2011.04,22778,1.0
29-2011.04,22779,0.5
29-2011.04,22780,0.0
29-2011.04,22781,0.0
29-2011.04,22782,0.5
29-2011.04,22783,0.5
29-2011.04,22784,0.0
29-2011.04,22785,0.0
29-2011.04,22786,0.0
29-2011.04,22787,1.0
29-2011.04,22788,0.5
29-2011.04,22789,0.0
29-2011.04,22790,0.0
29-2011.04,22791,0.0
29-2011.04,22792,0.5
29-2011.04,22793,0.0
29-2012.00,1902,0.5
29-2012.00,1904,0.5
29-2012.00,18535,0.0
29-2012.00,1915,0.0
29-2012.00,1910,0.0
29-2012.00,1914,0.0
29-2012.00,1907,0.0
29-2012.00,1912,0.0
29-2012.00,1908,0.0
29-2012.00,1909,0.5
29-2012.00,1911,0.5
29-2012.00,1913,0.0
29-2012.00,1906,0.5
29-2012.00,1917,0.5
29-2012.00,1905,0.5
29-2012.01,22794,0.5
29-2012.01,22795,0.0
29-2012.01,22796,0.0
29-2012.01,22797,0.0
29-2012.01,22798,0.0
29-2012.01,22799,0.0
29-2012.01,22800,0.0
29-2012.01,22801,0.5
29-2031.00,4132,0.5
29-2031.00,4129,0.5
29-2031.00,4127,0.5
29-2031.00,4134,0.5
29-2031.00,4128,0.0
29-2031.00,4133,0.0
29-2031.00,4135,0.5
29-2031.00,4136,0.0
29-2031.00,4137,0.0
29-2031.00,4138,0.0
29-2031.00,4144,0.5
29-2031.00,15235,0.0
29-2031.00,4142,0.5
29-2031.00,20574,0.0
29-2031.00,15236,0.5
29-2031.00,4143,0.5
29-2031.00,4140,0.5
29-2031.00,4131,0.5
29-2031.00,4141,0.0
29-2031.00,15237,1.0
29-2031.00,4146,1.0
29-2031.00,4147,0.5
29-2031.00,4145,0.5
29-2031.00,15238,0.5
29-2031.00,15234,1.0
29-2032.00,432,0.5
29-2032.00,433,0.0
29-2032.00,434,0.5
29-2032.00,436,0.0
29-2032.00,435,0.0
29-2032.00,431,0.5
29-2032.00,440,0.0
29-2032.00,437,0.5
29-2032.00,439,0.5
29-2032.00,443,0.5
29-2032.00,441,0.5
29-2032.00,442,0.0
29-2032.00,447,0.0
29-2032.00,448,1.0
29-2032.00,444,1.0
29-2032.00,445,0.0
29-2032.00,449,0.0
29-2032.00,446,0.0
29-2032.00,438,0.5
29-2032.00,450,0.0
29-2033.00,15239,0.0
29-2033.00,4149,0.5
29-2033.00,4153,0.5
29-2033.00,4148,1.0
29-2033.00,4155,0.5
29-2033.00,4152,0.5
29-2033.00,4156,0.0
29-2033.00,4150,0.5
29-2033.00,15240,0.0
29-2033.00,4154,0.0
29-2033.00,4158,0.5
29-2033.00,4157,0.0
29-2033.00,4159,0.0
29-2033.00,4160,0.0
29-2033.00,4161,0.5
29-2033.00,4162,0.0
29-2033.00,4163,0.5
29-2034.00,22807,0.5
29-2034.00,22804,0.0
29-2034.00,22816,0.5
29-2034.00,22808,0.5
29-2034.00,22806,0.5
29-2034.00,22802,0.5
29-2034.00,22809,0.5
29-2034.00,22826,0.0
29-2034.00,22805,0.5
29-2034.00,22818,0.0
29-2034.00,22812,0.5
29-2034.00,22803,0.5
29-2034.00,22814,0.5
29-2034.00,22820,0.5
29-2034.00,22817,0.5
29-2034.00,22819,0.5
29-2034.00,22811,0.5
29-2034.00,22810,0.5
29-2034.00,22827,0.0
29-2034.00,22813,0.0
29-2034.00,22815,0.0
29-2034.00,22825,0.5
29-2034.00,22823,0.5
29-2034.00,22824,0.5
29-2034.00,22822,0.5
29-2034.00,22828,0.5
29-2034.00,22821,0.0
29-2034.00,22829,0.5
29-2034.00,22830,0.5
29-2034.00,22831,0.5
29-2035.00,19225,0.5
29-2035.00,19228,0.5
29-2035.00,19223,0.0
29-2035.00,19226,0.0
29-2035.00,19218,0.5
29-2035.00,19222,0.5
29-2035.00,19227,0.0
29-2035.00,19236,0.5
29-2035.00,19224,0.5
29-2035.00,19220,0.5
29-2035.00,19229,0.0
29-2035.00,19238,1.0
29-2035.00,19237,0.5
29-2035.00,19217,0.0
29-2035.00,19231,0.5
29-2035.00,19216,0.0
29-2035.00,19230,0.0
29-2035.00,19232,0.5
29-2035.00,19234,0.0
29-2035.00,19219,0.0
29-2035.00,19235,0.5
29-2035.00,19221,0.5
29-2035.00,19233,0.5
29-2036.00,22832,0.5
29-2036.00,22833,1.0
29-2036.00,22834,0.5
29-2036.00,22835,0.5
29-2036.00,22836,0.5
29-2036.00,22837,0.5
29-2036.00,22838,0.5
29-2036.00,22839,0.5
29-2036.00,22840,0.5
29-2036.00,22841,0.5
29-2036.00,22842,0.0
29-2036.00,22843,0.0
29-2036.00,22844,0.5
29-2036.00,22845,0.0
29-2036.00,22846,0.0
29-2036.00,22847,1.0
29-2036.00,22848,0.5
29-2036.00,22849,1.0
29-2036.00,22850,0.5
29-2036.00,22851,0.0
29-2042.00,22852,0.0
29-2042.00,22853,0.0
29-2042.00,22854,1.0
29-2042.00,22855,0.0
29-2042.00,22856,0.5
29-2042.00,22857,0.0
29-2042.00,22858,0.0
29-2042.00,22859,0.0
29-2042.00,22860,0.0
29-2042.00,22861,0.0
29-2042.00,22862,1.0
29-2042.00,22863,0.0
29-2043.00,22864,0.0
29-2043.00,22865,0.0
29-2043.00,22866,0.5
29-2043.00,22867,1.0
29-2043.00,22868,0.0
29-2043.00,22869,0.0
29-2043.00,22870,0.0
29-2043.00,22871,0.0
29-2043.00,22872,0.5
29-2043.00,22873,0.0
29-2043.00,22874,0.0
29-2043.00,22875,0.0
29-2043.00,22876,0.0
29-2051.00,23922,0.5
29-2051.00,20421,0.5
29-2051.00,4165,1.0
29-2051.00,4167,0.5
29-2051.00,4169,0.5
29-2051.00,4171,1.0
29-2051.00,23923,0.0
29-2051.00,4173,0.5
29-2051.00,4172,0.5
29-2051.00,4166,0.5
29-2051.00,4170,0.5
29-2051.00,4175,0.5
29-2051.00,4174,0.5
29-2052.00,1939,1.0
29-2052.00,23924,1.0
29-2052.00,1946,0.5
29-2052.00,1940,0.0
29-2052.00,18545,0.5
29-2052.00,1941,1.0
29-2052.00,1943,0.5
29-2052.00,1954,0.0
29-2052.00,1944,1.0
29-2052.00,1953,0.0
29-2052.00,1947,0.5
29-2052.00,1945,0.0
29-2052.00,18544,0.0
29-2052.00,1955,1.0
29-2052.00,1952,0.5
29-2052.00,1949,0.0
29-2052.00,18546,0.0
29-2052.00,1951,0.0
29-2052.00,1956,0.0
29-2052.00,1958,0.0
29-2052.00,1957,1.0
29-2053.00,6947,0.0
29-2053.00,6944,0.5
29-2053.00,6945,0.0
29-2053.00,6946,0.0
29-2053.00,6949,0.0
29-2053.00,6948,0.0
29-2053.00,6951,0.0
29-2053.00,20575,0.0
29-2053.00,6950,0.5
29-2053.00,6953,0.0
29-2053.00,6954,0.5
29-2053.00,6952,0.0
29-2053.00,6956,0.0
29-2053.00,6955,0.5
29-2053.00,20576,0.0
29-2053.00,6957,0.0
29-2055.00,15242,0.0
29-2055.00,1959,0.0
29-2055.00,1961,0.0
29-2055.00,1963,0.0
29-2055.00,15243,0.0
29-2055.00,1960,0.0
29-2055.00,1965,0.0
29-2055.00,1964,0.0
29-2055.00,1969,0.0
29-2055.00,1968,0.0
29-2055.00,1967,0.0
29-2055.00,15244,0.0
29-2055.00,15245,0.5
29-2055.00,1970,0.0
29-2055.00,1971,0.0
29-2055.00,1972,1.0
29-2056.00,4176,0.0
29-2056.00,4177,0.0
29-2056.00,18548,1.0
29-2056.00,4179,0.5
29-2056.00,4178,0.0
29-2056.00,20422,0.0
29-2056.00,4180,0.0
29-2056.00,4182,0.0
29-2056.00,4183,0.0
29-2056.00,4193,0.0
29-2056.00,4187,0.0
29-2056.00,4190,0.0
29-2056.00,4184,0.0
29-2056.00,4181,0.0
29-2056.00,4185,0.0
29-2056.00,4188,0.5
29-2056.00,20423,0.0
29-2056.00,4194,0.0
29-2056.00,4186,0.0
29-2056.00,4191,0.0
29-2056.00,4189,0.5
29-2056.00,4192,0.0
29-2056.00,4197,0.0
29-2056.00,4196,0.0
29-2056.00,20424,0.5
29-2056.00,4195,0.5
29-2056.00,18550,0.5
29-2056.00,18549,0.0
29-2056.00,4198,1.0
29-2056.00,4199,0.0
29-2056.00,4200,0.0
29-2057.00,19252,1.0
29-2057.00,19257,0.0
29-2057.00,19250,0.5
29-2057.00,19251,0.5
29-2057.00,19249,0.5
29-2057.00,19248,0.5
29-2057.00,19239,0.0
29-2057.00,19245,0.5
29-2057.00,19255,0.0
29-2057.00,19258,0.5
29-2057.00,19244,0.5
29-2057.00,19243,0.0
29-2057.00,19247,0.0
29-2057.00,19246,0.0
29-2057.00,19240,0.5
29-2057.00,19242,0.5
29-2057.00,19241,0.0
29-2057.00,19256,0.5
29-2057.00,19253,0.0
29-2057.00,19254,0.5
29-2061.00,507,0.5
29-2061.00,510,0.5
29-2061.00,508,0.0
29-2061.00,511,0.0
29-2061.00,509,0.5
29-2061.00,513,0.0
29-2061.00,516,0.5
29-2061.00,514,0.0
29-2061.00,515,1.0
29-2061.00,517,0.0
29-2061.00,518,0.0
29-2061.00,520,0.5
29-2061.00,512,0.0
29-2061.00,519,0.5
29-2061.00,521,0.0
29-2061.00,524,0.0
29-2061.00,525,0.0
29-2061.00,528,1.0
29-2061.00,529,0.0
29-2061.00,527,0.0
29-2061.00,522,0.0
29-2061.00,523,0.5
29-2061.00,526,0.0
29-2072.00,22877,1.0
29-2072.00,22878,0.5
29-2072.00,22879,0.5
29-2072.00,22880,1.0
29-2072.00,22881,0.5
29-2072.00,22882,0.5
29-2072.00,22883,0.5
29-2072.00,22884,1.0
29-2072.00,22885,0.5
29-2072.00,22886,0.5
29-2072.00,22887,0.5
29-2072.00,22888,0.5
29-2072.00,22889,0.5
29-2072.00,22890,0.5
29-2072.00,22891,0.5
29-2072.00,22892,0.5
29-2072.00,22893,1.0
29-2081.00,4201,0.5
29-2081.00,4202,0.5
29-2081.00,4210,0.0
29-2081.00,4207,0.5
29-2081.00,4204,0.5
29-2081.00,4205,1.0
29-2081.00,4209,0.0
29-2081.00,4213,0.0
29-2081.00,4212,0.5
29-2081.00,4203,0.0
29-2081.00,4215,0.5
29-2081.00,4208,0.0
29-2081.00,4217,0.0
29-2081.00,4206,1.0
29-2081.00,4219,0.0
29-2081.00,4211,0.0
29-2081.00,4220,0.0
29-2081.00,18551,0.5
29-2081.00,4218,0.0
29-2081.00,4214,0.0
29-2081.00,4216,0.5
29-2091.00,9387,1.0
29-2091.00,9384,0.0
29-2091.00,9383,0.0
29-2091.00,9385,0.0
29-2091.00,9386,0.5
29-2091.00,9389,0.0
29-2091.00,9392,0.0
29-2091.00,9388,0.0
29-2091.00,9391,0.0
29-2091.00,9393,0.0
29-2091.00,9394,1.0
29-2091.00,9390,0.5
29-2091.00,9395,0.0
29-2091.00,9396,0.5
29-2091.00,9397,1.0
29-2092.00,17441,0.0
29-2092.00,21189,0.0
29-2092.00,17439,0.5
29-2092.00,17440,0.0
29-2092.00,17443,0.0
29-2092.00,17446,0.5
29-2092.00,17442,0.0
29-2092.00,17448,0.5
29-2092.00,17444,0.0
29-2092.00,17447,0.5
29-2092.00,17445,0.5
29-2099.01,17429,0.5
29-2099.01,17431,0.5
29-2099.01,17425,0.5
29-2099.01,17434,0.5
29-2099.01,17437,0.0
29-2099.01,17432,0.0
29-2099.01,17424,0.5
29-2099.01,17427,0.5
29-2099.01,17423,0.0
29-2099.01,17430,0.0
29-2099.01,17435,1.0
29-2099.01,17426,0.0
29-2099.01,17433,0.0
29-2099.01,17428,0.5
29-2099.01,17436,0.5
29-2099.01,17438,0.5
29-2099.05,19268,0.0
29-2099.05,19287,1.0
29-2099.05,19281,0.5
29-2099.05,19275,0.5
29-2099.05,19259,0.0
29-2099.05,19271,0.5
29-2099.05,19263,0.5
29-2099.05,19264,0.5
29-2099.05,21190,0.5
29-2099.05,19283,0.0
29-2099.05,21191,0.5
29-2099.05,19266,0.5
29-2099.05,19261,0.5
29-2099.05,19269,0.5
29-2099.05,19273,0.0
29-2099.05,19272,0.5
29-2099.05,19280,0.0
29-2099.05,19274,0.5
29-2099.05,19262,0.0
29-2099.05,19277,0.5
29-2099.05,19279,0.5
29-2099.05,19286,0.0
29-2099.05,19267,0.5
29-2099.05,19265,0.5
29-2099.05,19260,0.5
29-2099.05,19282,0.5
29-2099.05,19285,0.0
29-2099.05,19284,0.5
29-2099.05,19276,0.0
29-2099.05,19278,0.5
29-2099.05,19270,0.5
29-2099.08,17668,0.5
29-2099.08,17670,0.5
29-2099.08,17671,0.5
29-2099.08,17678,0.5
29-2099.08,17667,0.5
29-2099.08,17669,0.5
29-2099.08,17677,0.5
29-2099.08,17674,1.0
29-2099.08,17679,0.5
29-2099.08,17672,0.5
29-2099.08,17676,0.5
29-2099.08,17673,0.5
29-2099.08,17675,0.0
29-9021.00,22894,1.0
29-9021.00,22895,0.5
29-9021.00,22896,1.0
29-9021.00,22897,1.0
29-9021.00,22898,0.5
29-9021.00,22899,0.5
29-9021.00,22900,0.5
29-9021.00,22901,0.5
29-9021.00,22902,0.5
29-9021.00,22903,0.5
29-9021.00,22904,0.5
29-9021.00,22905,0.5
29-9021.00,22906,1.0
29-9021.00,22907,0.5
29-9021.00,22908,0.5
29-9021.00,22909,1.0
29-9091.00,4221,0.5
29-9091.00,4225,0.5
29-9091.00,4222,0.0
29-9091.00,4223,0.0
29-9091.00,18691,1.0
29-9091.00,23925,0.0
29-9091.00,4231,0.0
29-9091.00,4224,0.0
29-9091.00,4226,0.5
29-9091.00,4230,0.0
29-9091.00,4228,0.5
29-9091.00,4232,0.5
29-9091.00,4227,0.0
29-9091.00,4236,0.0
29-9091.00,4229,0.5
29-9091.00,4235,0.0
29-9091.00,4237,0.0
29-9091.00,4239,0.0
29-9091.00,4233,0.5
29-9091.00,4234,0.5
29-9091.00,18692,1.0
29-9091.00,18693,1.0
29-9091.00,4238,0.0
29-9092.00,17507,0.5
29-9092.00,17506,0.5
29-9092.00,17500,0.5
29-9092.00,17504,0.0
29-9092.00,17511,1.0
29-9092.00,17502,0.5
29-9092.00,17505,0.5
29-9092.00,17508,0.5
29-9092.00,17503,0.0
29-9092.00,17509,0.5
29-9092.00,17517,0.5
29-9092.00,17518,0.5
29-9092.00,17501,0.5
29-9092.00,17510,0.5
29-9092.00,17512,0.5
29-9092.00,17515,0.5
29-9092.00,17514,0.5
29-9092.00,17513,0.5
29-9092.00,17516,1.0
29-9093.00,19315,0.5
29-9093.00,19299,0.0
29-9093.00,19306,0.0
29-9093.00,19294,0.0
29-9093.00,19298,0.0
29-9093.00,19302,0.0
29-9093.00,19289,0.0
29-9093.00,19296,0.0
29-9093.00,19307,0.0
29-9093.00,19293,0.0
29-9093.00,19290,0.5
29-9093.00,19305,0.0
29-9093.00,19310,0.0
29-9093.00,19311,0.0
29-9093.00,19312,0.0
29-9093.00,19300,0.0
29-9093.00,19291,0.0
29-9093.00,19292,0.0
29-9093.00,19308,0.0
29-9093.00,19295,0.0
29-9093.00,19288,0.0
29-9093.00,19303,0.0
29-9093.00,19314,0.0
29-9093.00,19313,0.0
29-9093.00,19297,0.0
29-9093.00,19301,0.0
29-9093.00,19309,0.0
29-9093.00,19304,0.0
29-9099.01,17466,0.0
29-9099.01,17479,0.5
29-9099.01,17486,0.0
29-9099.01,17472,0.5
29-9099.01,17481,0.0
29-9099.01,17474,0.0
29-9099.01,17478,0.5
29-9099.01,17483,0.5
29-9099.01,17476,0.5
29-9099.01,17482,1.0
29-9099.01,17470,0.5
29-9099.01,17468,0.0
29-9099.01,17489,0.0
29-9099.01,17484,0.5
29-9099.01,17490,0.0
29-9099.01,17493,1.0
29-9099.01,17485,0.5
29-9099.01,17488,0.5
29-9099.01,17465,0.0
29-9099.01,17469,0.0
29-9099.01,17495,0.5
29-9099.01,17475,0.5
29-9099.01,17467,0.0
29-9099.01,17487,0.5
29-9099.01,23926,1.0
29-9099.01,17471,0.0
29-9099.01,17480,1.0
29-9099.01,17477,0.0
29-9099.01,23927,0.0
29-9099.01,17473,0.0
29-9099.01,17498,1.0
29-9099.01,17496,0.5
29-9099.01,17491,0.5
29-9099.01,17499,0.5
29-9099.01,17492,1.0
29-9099.01,17494,0.5
31-1121.00,4240,1.0
31-1121.00,4241,0.0
31-1121.00,20577,0.0
31-1121.00,18694,0.0
31-1121.00,4244,0.0
31-1121.00,4245,0.0
31-1121.00,4247,0.0
31-1121.00,4242,0.0
31-1121.00,4249,0.0
31-1121.00,4246,0.0
31-1121.00,4253,0.0
31-1121.00,18695,0.0
31-1121.00,4252,0.0
31-1121.00,4250,0.0
31-1121.00,4248,0.0
31-1122.00,2370,0.0
31-1122.00,2371,1.0
31-1122.00,2369,0.0
31-1122.00,2376,0.5
31-1122.00,2373,0.0
31-1122.00,2372,0.0
31-1122.00,2374,0.0
31-1122.00,2375,0.0
31-1122.00,2377,0.0
31-1122.00,2379,1.0
31-1122.00,2378,0.0
31-1131.00,19341,0.0
31-1131.00,19317,0.0
31-1131.00,19325,0.0
31-1131.00,19327,0.0
31-1131.00,19331,0.0
31-1131.00,19324,1.0
31-1131.00,19334,0.0
31-1131.00,19336,0.0
31-1131.00,19342,0.0
31-1131.00,19328,0.5
31-1131.00,19346,0.0
31-1131.00,19339,0.0
31-1131.00,19323,0.0
31-1131.00,19333,0.0
31-1131.00,19326,0.0
31-1131.00,19343,0.0
31-1131.00,19330,0.0
31-1131.00,19320,0.0
31-1131.00,19344,0.0
31-1131.00,19335,0.0
31-1131.00,19321,0.0
31-1131.00,19319,0.0
31-1131.00,19332,0.5
31-1131.00,19340,0.0
31-1131.00,19322,0.0
31-1131.00,19347,0.5
31-1131.00,19329,0.0
31-1131.00,19337,0.0
31-1131.00,19316,0.0
31-1131.00,19318,0.0
31-1131.00,19338,0.0
31-1131.00,19345,1.0
31-1131.00,19348,0.0
31-1132.00,19357,0.0
31-1132.00,19366,0.0
31-1132.00,19356,0.0
31-1132.00,19353,0.0
31-1132.00,19359,0.0
31-1132.00,19351,0.0
31-1132.00,19350,0.0
31-1132.00,19367,0.0
31-1132.00,19352,0.0
31-1132.00,19354,0.0
31-1132.00,19368,0.0
31-1132.00,19355,0.0
31-1132.00,19370,0.0
31-1132.00,19371,0.0
31-1132.00,19360,0.0
31-1132.00,19369,0.0
31-1132.00,19372,0.0
31-1132.00,19358,0.0
31-1132.00,19363,0.0
31-1132.00,19349,0.0
31-1132.00,19362,0.0
31-1132.00,19365,0.0
31-1132.00,19364,0.0
31-1132.00,19361,0.0
31-1133.00,18697,1.0
31-1133.00,20578,0.0
31-1133.00,18696,0.0
31-1133.00,2001,0.0
31-1133.00,2000,0.0
31-1133.00,1996,0.0
31-1133.00,2007,0.0
31-1133.00,1994,0.0
31-1133.00,2005,0.0
31-1133.00,2003,0.0
31-1133.00,1997,0.0
31-1133.00,1998,0.0
31-1133.00,1999,0.0
31-1133.00,2006,0.0
31-1133.00,2004,0.0
31-1133.00,18698,1.0
31-1133.00,2002,1.0
31-2011.00,4258,0.0
31-2011.00,4255,0.0
31-2011.00,4262,1.0
31-2011.00,4261,0.0
31-2011.00,4256,0.0
31-2011.00,4254,1.0
31-2011.00,4257,0.5
31-2011.00,18700,1.0
31-2011.00,4260,0.0
31-2011.00,4259,0.0
31-2011.00,18699,0.0
31-2011.00,4264,0.0
31-2011.00,4263,0.0
31-2011.00,4266,0.0
31-2011.00,4269,0.0
31-2011.00,4265,0.0
31-2011.00,18701,0.5
31-2011.00,4270,0.0
31-2011.00,4267,0.0
31-2011.00,4271,0.5
31-2011.00,4268,1.0
31-2011.00,4272,0.5
31-2012.00,9398,0.0
31-2012.00,9399,1.0
31-2012.00,9400,1.0
31-2012.00,9403,0.0
31-2012.00,9409,0.0
31-2012.00,9404,0.0
31-2012.00,9406,0.0
31-2012.00,9408,0.0
31-2012.00,9401,0.0
31-2012.00,9407,1.0
31-2012.00,9405,0.0
31-2012.00,9410,0.0
31-2012.00,9402,0.0
31-2012.00,9412,0.0
31-2012.00,9411,0.5
31-2021.00,2008,0.0
31-2021.00,21192,1.0
31-2021.00,15247,0.5
31-2021.00,21193,0.0
31-2021.00,2013,0.0
31-2021.00,2009,0.0
31-2021.00,15248,0.0
31-2021.00,2016,0.0
31-2021.00,2018,0.0
31-2021.00,15249,0.0
31-2021.00,2012,0.0
31-2021.00,2015,0.0
31-2021.00,2017,0.5
31-2021.00,2019,0.0
31-2021.00,15250,0.0
31-2021.00,2014,0.0
31-2021.00,2023,0.0
31-2021.00,2021,1.0
31-2021.00,2022,0.0
31-2021.00,2020,0.0
31-2021.00,21194,0.0
31-2022.00,4273,0.0
31-2022.00,4275,0.0
31-2022.00,4279,1.0
31-2022.00,4282,0.0
31-2022.00,4277,0.0
31-2022.00,4283,0.0
31-2022.00,4276,0.0
31-2022.00,15251,0.5
31-2022.00,4274,0.5
31-2022.00,4278,0.0
31-2022.00,4284,0.0
31-2022.00,4280,1.0
31-2022.00,4281,0.0
31-2022.00,4285,0.0
31-2022.00,4286,0.0
31-2022.00,4290,0.0
31-2022.00,4287,0.0
31-2022.00,4288,0.0
31-2022.00,4289,0.0
31-9011.00,7878,0.0
31-9011.00,7880,0.0
31-9011.00,23928,0.0
31-9011.00,7879,0.0
31-9011.00,7884,0.0
31-9011.00,7881,1.0
31-9011.00,7883,0.0
31-9011.00,7882,0.0
31-9011.00,7887,0.0
31-9011.00,7885,0.0
31-9011.00,7889,0.0
31-9011.00,7888,0.0
31-9011.00,20757,0.0
31-9011.00,7886,0.0
31-9091.00,550,0.0
31-9091.00,552,1.0
31-9091.00,555,0.0
31-9091.00,18552,0.5
31-9091.00,551,0.5
31-9091.00,554,1.0
31-9091.00,557,0.0
31-9091.00,553,0.5
31-9091.00,561,0.0
31-9091.00,563,0.5
31-9091.00,558,0.0
31-9091.00,556,0.0
31-9091.00,562,0.0
31-9091.00,559,0.0
31-9091.00,560,0.0
31-9091.00,18553,0.0
31-9092.00,2024,0.5
31-9092.00,2033,0.0
31-9092.00,2026,1.0
31-9092.00,2029,0.5
31-9092.00,2032,0.0
31-9092.00,2028,0.0
31-9092.00,2025,0.0
31-9092.00,2030,0.0
31-9092.00,2040,0.0
31-9092.00,2036,0.5
31-9092.00,2038,1.0
31-9092.00,2027,0.0
31-9092.00,2031,1.0
31-9092.00,2035,0.0
31-9092.00,2034,0.5
31-9092.00,2039,0.5
31-9092.00,2037,0.5
31-9092.00,2043,0.5
31-9092.00,2041,0.0
31-9092.00,2042,1.0
31-9093.00,4293,0.0
31-9093.00,4292,0.0
31-9093.00,4294,1.0
31-9093.00,4291,0.0
31-9093.00,4297,0.0
31-9093.00,4298,0.0
31-9093.00,18703,0.5
31-9093.00,18702,0.0
31-9093.00,4296,0.0
31-9093.00,4299,0.0
31-9093.00,4301,0.0
31-9093.00,4295,0.0
31-9093.00,4302,0.0
31-9093.00,4303,0.0
31-9093.00,4305,0.0
31-9093.00,4304,0.0
31-9094.00,9416,1.0
31-9094.00,9421,1.0
31-9094.00,9419,1.0
31-9094.00,9414,1.0
31-9094.00,9413,1.0
31-9094.00,9415,1.0
31-9094.00,9423,0.5
31-9094.00,9417,1.0
31-9094.00,9420,1.0
31-9094.00,20254,1.0
31-9094.00,9424,1.0
31-9094.00,9425,1.0
31-9094.00,9427,0.0
31-9094.00,9426,0.5
31-9094.00,9422,1.0
31-9095.00,2048,0.0
31-9095.00,2045,0.5
31-9095.00,2052,0.0
31-9095.00,2046,1.0
31-9095.00,18704,0.5
31-9095.00,2049,0.0
31-9095.00,2053,0.0
31-9095.00,2055,0.0
31-9095.00,2050,1.0
31-9095.00,2059,0.5
31-9095.00,20579,0.5
31-9095.00,2058,0.5
31-9095.00,2061,1.0
31-9095.00,2054,1.0
31-9095.00,2057,1.0
31-9095.00,2062,0.0
31-9095.00,2060,0.0
31-9096.00,4312,0.0
31-9096.00,4306,0.0
31-9096.00,4314,0.5
31-9096.00,4311,0.0
31-9096.00,4316,0.0
31-9096.00,4313,0.5
31-9096.00,4317,0.0
31-9096.00,4309,0.0
31-9096.00,4315,0.0
31-9096.00,4327,0.5
31-9096.00,4308,0.0
31-9096.00,4322,1.0
31-9096.00,4310,0.0
31-9096.00,4318,0.0
31-9096.00,4323,0.5
31-9096.00,4325,0.0
31-9096.00,4320,0.0
31-9096.00,4326,0.0
31-9096.00,4329,1.0
31-9096.00,4324,0.0
31-9096.00,4319,0.0
31-9096.00,4330,1.0
31-9096.00,4321,0.0
31-9096.00,21195,0.5
31-9096.00,4332,0.5
31-9096.00,4328,0.0
31-9096.00,4307,0.0
31-9096.00,4333,0.0
31-9097.00,19375,0.0
31-9097.00,19382,0.0
31-9097.00,19379,0.0
31-9097.00,19381,0.0
31-9097.00,19374,0.0
31-9097.00,19387,0.0
31-9097.00,19385,0.0
31-9097.00,19392,0.0
31-9097.00,19393,0.5
31-9097.00,19389,1.0
31-9097.00,19376,1.0
31-9097.00,19378,0.0
31-9097.00,19386,0.0
31-9097.00,19396,0.0
31-9097.00,19373,0.0
31-9097.00,19380,1.0
31-9097.00,19395,0.0
31-9097.00,19391,0.0
31-9097.00,19383,0.0
31-9097.00,19377,0.0
31-9097.00,19390,0.0
31-9097.00,19388,0.5
31-9097.00,19384,0.0
31-9097.00,19394,0.0
31-9099.01,17535,1.0
31-9099.01,17532,0.5
31-9099.01,17534,1.0
31-9099.01,17539,1.0
31-9099.01,17533,0.5
31-9099.01,17541,0.5
31-9099.01,17531,0.5
31-9099.01,17540,0.5
31-9099.01,17536,0.0
31-9099.01,17538,0.0
31-9099.01,17537,0.5
31-9099.02,17519,0.0
31-9099.02,17522,0.0
31-9099.02,17525,0.0
31-9099.02,17527,0.0
31-9099.02,17523,0.0
31-9099.02,17521,0.0
31-9099.02,17526,1.0
31-9099.02,17530,0.0
31-9099.02,17524,0.0
31-9099.02,17520,0.0
31-9099.02,17528,0.0
31-9099.02,17529,0.5
33-1011.00,9428,0.0
33-1011.00,9429,0.0
33-1011.00,9431,1.0
33-1011.00,9430,0.0
33-1011.00,9432,0.0
33-1011.00,9434,0.0
33-1011.00,9435,0.0
33-1011.00,9433,0.0
33-1011.00,9440,0.0
33-1011.00,9436,1.0
33-1011.00,9439,0.0
33-1011.00,9438,0.0
33-1011.00,9437,0.0
33-1011.00,9444,0.0
33-1011.00,9443,1.0
33-1011.00,9448,0.5
33-1011.00,9447,0.0
33-1011.00,20255,0.5
33-1011.00,9442,0.5
33-1011.00,9449,1.0
33-1011.00,9441,0.0
33-1011.00,21196,1.0
33-1011.00,9446,0.0
33-1012.00,566,0.5
33-1012.00,564,0.0
33-1012.00,568,0.0
33-1012.00,567,0.5
33-1012.00,565,0.5
33-1012.00,569,0.5
33-1012.00,576,0.0
33-1012.00,571,0.0
33-1012.00,570,0.5
33-1012.00,577,1.0
33-1012.00,573,0.0
33-1012.00,575,0.0
33-1012.00,574,0.5
33-1012.00,578,0.0
33-1012.00,572,0.5
33-1012.00,581,0.0
33-1012.00,579,1.0
33-1012.00,580,0.5
33-1012.00,582,0.0
33-1012.00,583,0.5
33-1021.00,22910,0.0
33-1021.00,22911,0.0
33-1021.00,22912,0.5
33-1021.00,22913,1.0
33-1021.00,22914,0.0
33-1021.00,22915,0.0
33-1021.00,22916,0.0
33-1021.00,22917,0.0
33-1021.00,22918,0.5
33-1021.00,22919,1.0
33-1021.00,22920,0.5
33-1021.00,22921,0.5
33-1021.00,22922,0.5
33-1021.00,22923,1.0
33-1021.00,22924,0.0
33-1021.00,22925,0.0
33-1021.00,22926,0.0
33-1021.00,22927,0.0
33-1021.00,22928,1.0
33-1021.00,22929,1.0
33-1021.00,22930,0.5
33-1021.00,22931,0.5
33-1021.00,22932,0.5
33-1021.00,22933,0.5
33-1021.00,22934,1.0
33-1021.00,22935,0.5
33-1021.00,22936,0.5
33-1021.00,22937,1.0
33-1021.00,22938,0.0
33-1021.00,22939,0.5
33-1091.00,22940,0.5
33-1091.00,22941,0.0
33-1091.00,22942,0.5
33-1091.00,22943,0.0
33-1091.00,22944,1.0
33-1091.00,22945,1.0
33-1091.00,22946,0.0
33-1091.00,22947,0.0
33-1091.00,22948,1.0
33-1091.00,22949,0.0
33-1091.00,22950,0.5
33-1091.00,22951,0.5
33-1091.00,22952,1.0
33-1091.00,22953,0.0
33-1091.00,22954,0.5
33-1091.00,22955,0.5
33-1091.00,22956,0.0
33-1091.00,22957,0.0
33-1091.00,22958,0.0
33-1091.00,22959,0.5
33-1091.00,22960,1.0
33-2011.00,22961,0.0
33-2011.00,22962,0.0
33-2011.00,22963,1.0
33-2011.00,22964,0.0
33-2011.00,22965,0.0
33-2011.00,22966,0.0
33-2011.00,22967,0.0
33-2011.00,22968,0.5
33-2011.00,22969,0.0
33-2011.00,22970,0.0
33-2011.00,22988,0.0
33-2011.00,22971,1.0
33-2011.00,22972,0.0
33-2011.00,22973,0.0
33-2011.00,22974,0.0
33-2011.00,22975,0.0
33-2011.00,22977,1.0
33-2011.00,22976,0.0
33-2011.00,22978,0.0
33-2011.00,22979,0.0
33-2011.00,22980,0.5
33-2011.00,22981,0.0
33-2011.00,22982,0.0
33-2011.00,22983,0.0
33-2011.00,22984,0.0
33-2011.00,22985,0.0
33-2011.00,22986,0.0
33-2011.00,22987,0.0
33-2011.00,22989,0.0
33-2011.00,22990,0.0
33-2021.00,22991,1.0
33-2021.00,22992,0.0
33-2021.00,22993,0.0
33-2021.00,22994,0.0
33-2021.00,22995,0.5
33-2021.00,22996,0.5
33-2021.00,22998,0.0
33-2021.00,22997,0.5
33-2021.00,22999,0.0
33-2021.00,23000,0.0
33-2021.00,23001,0.0
33-2021.00,23002,1.0
33-2021.00,23003,0.5
33-2021.00,23004,0.5
33-2021.00,23005,0.0
33-2021.00,23006,0.0
33-2021.00,23007,1.0
33-2021.00,23008,0.5
33-2021.00,23009,0.0
33-2021.00,23010,0.0
33-2021.00,23011,0.0
33-2021.00,23012,0.5
33-2021.00,23013,0.0
33-2021.00,23014,0.5
33-2021.00,23015,0.0
33-2021.00,23016,0.0
33-2021.00,23017,0.0
33-2021.00,23018,1.0
33-2021.00,23019,0.0
33-2021.00,23020,0.5
33-2022.00,11102,1.0
33-2022.00,21143,0.0
33-2022.00,11104,0.5
33-2022.00,11103,0.0
33-2022.00,11107,0.5
33-2022.00,11106,0.0
33-2022.00,11112,0.0
33-2022.00,11113,0.5
33-2022.00,11109,0.0
33-2022.00,21144,0.0
33-2022.00,11110,0.0
33-2022.00,11108,1.0
33-2022.00,11105,0.0
33-2022.00,11111,0.0
33-2022.00,11114,0.0
33-2022.00,11115,0.0
33-3011.00,20123,0.0
33-3011.00,20127,0.0
33-3011.00,2091,0.0
33-3011.00,20124,0.0
33-3011.00,2092,0.0
33-3011.00,2094,0.0
33-3011.00,21197,0.0
33-3011.00,2095,0.0
33-3011.00,20125,0.0
33-3011.00,2098,0.0
33-3011.00,20126,0.0
33-3011.00,21198,0.0
33-3011.00,2097,0.0
33-3011.00,20128,1.0
33-3011.00,2093,0.0
33-3012.00,15252,0.0
33-3012.00,15254,0.0
33-3012.00,15253,0.0
33-3012.00,15256,0.0
33-3012.00,2117,1.0
33-3012.00,15255,1.0
33-3012.00,2102,0.0
33-3012.00,2107,0.0
33-3012.00,2105,0.0
33-3012.00,2110,0.0
33-3012.00,2108,0.0
33-3012.00,15259,0.0
33-3012.00,2109,1.0
33-3012.00,15261,1.0
33-3012.00,15258,1.0
33-3012.00,15260,0.0
33-3012.00,2114,0.0
33-3012.00,2113,0.0
33-3012.00,15257,0.0
33-3012.00,2103,0.0
33-3012.00,2104,0.5
33-3012.00,2111,0.0
33-3012.00,2116,0.5
33-3012.00,2112,0.5
33-3012.00,2118,0.0
33-3012.00,2119,0.0
33-3021.00,23021,0.0
33-3021.00,23022,0.5
33-3021.00,23023,0.0
33-3021.00,23024,1.0
33-3021.00,23029,1.0
33-3021.00,23025,0.5
33-3021.00,23026,0.5
33-3021.00,23027,0.0
33-3021.00,23028,0.5
33-3021.00,23030,0.5
33-3021.00,23031,0.0
33-3021.00,23032,0.5
33-3021.00,23033,0.5
33-3021.00,23050,0.5
33-3021.00,23045,0.0
33-3021.00,23035,0.0
33-3021.00,23036,0.0
33-3021.00,23046,0.5
33-3021.00,23034,0.5
33-3021.00,23038,0.0
33-3021.00,23039,0.0
33-3021.00,23040,0.0
33-3021.00,23041,0.0
33-3021.00,23043,0.0
33-3021.00,23037,0.5
33-3021.00,23044,1.0
33-3021.00,23048,0.0
33-3021.00,23047,0.5
33-3021.00,23042,0.0
33-3021.00,23049,0.5
33-3021.02,18708,1.0
33-3021.02,2125,0.0
33-3021.02,18709,0.5
33-3021.02,2121,0.0
33-3021.02,21036,0.5
33-3021.02,2123,0.5
33-3021.02,2120,0.5
33-3021.02,2122,0.0
33-3021.02,21037,0.5
33-3021.02,18711,0.5
33-3021.02,18712,0.0
33-3021.02,18713,0.0
33-3021.02,2129,0.5
33-3021.02,2127,0.0
33-3021.02,18710,0.5
33-3021.06,17552,0.5
33-3021.06,17549,0.5
33-3021.06,17555,0.5
33-3021.06,21199,0.5
33-3021.06,21200,0.5
33-3021.06,17543,0.5
33-3021.06,17548,0.5
33-3021.06,17542,0.5
33-3021.06,17545,0.5
33-3021.06,17550,0.5
33-3021.06,17546,0.5
33-3021.06,17556,0.5
33-3021.06,17544,1.0
33-3021.06,17554,0.5
33-3021.06,17558,0.0
33-3021.06,17557,0.5
33-3021.06,17547,0.5
33-3021.06,17551,0.5
33-3021.06,17559,1.0
33-3021.06,17553,0.5
33-3031.00,7915,0.0
33-3031.00,20582,0.5
33-3031.00,20583,0.0
33-3031.00,7918,0.0
33-3031.00,20584,1.0
33-3031.00,20585,0.0
33-3031.00,7921,0.0
33-3031.00,7919,0.0
33-3031.00,20586,0.0
33-3031.00,20587,0.0
33-3031.00,20588,0.0
33-3031.00,7922,1.0
33-3031.00,7923,0.5
33-3031.00,7924,0.0
33-3031.00,7926,0.5
33-3031.00,7925,0.5
33-3031.00,7929,0.5
33-3031.00,7933,0.5
33-3031.00,7928,0.5
33-3031.00,7932,0.5
33-3031.00,7930,0.5
33-3031.00,7931,0.0
33-3031.00,7934,0.0
33-3031.00,20589,0.0
33-3041.00,7951,1.0
33-3041.00,7935,0.0
33-3041.00,7937,0.5
33-3041.00,7947,0.0
33-3041.00,7945,0.0
33-3041.00,7939,1.0
33-3041.00,7936,0.0
33-3041.00,7942,0.0
33-3041.00,7943,0.5
33-3041.00,7941,0.5
33-3041.00,7940,0.0
33-3041.00,7948,0.0
33-3041.00,7944,0.5
33-3041.00,7946,0.5
33-3041.00,7953,1.0
33-3041.00,7949,0.0
33-3041.00,7938,0.0
33-3041.00,7954,0.5
33-3041.00,7952,0.0
33-3041.00,7955,0.0
33-3041.00,7950,0.0
33-3041.00,7956,1.0
33-3041.00,7957,0.0
33-3051.00,23051,0.0
33-3051.00,23052,0.0
33-3051.00,23053,1.0
33-3051.00,23054,0.0
33-3051.00,23056,0.5
33-3051.00,23055,0.5
33-3051.00,23057,0.5
33-3051.00,23058,0.0
33-3051.00,23061,1.0
33-3051.00,23060,0.0
33-3051.00,23059,0.0
33-3051.00,23065,0.0
33-3051.00,23072,0.0
33-3051.00,23063,0.5
33-3051.00,23064,0.5
33-3051.00,23066,0.0
33-3051.00,23067,0.5
33-3051.00,23062,0.5
33-3051.00,23073,0.0
33-3051.00,23068,0.0
33-3051.00,23071,0.0
33-3051.00,23069,0.5
33-3051.00,23079,0.0
33-3051.00,23070,0.0
33-3051.00,23074,0.5
33-3051.00,23075,0.0
33-3051.00,23076,0.5
33-3051.00,23080,0.0
33-3051.00,23077,0.5
33-3051.00,23078,0.0
33-3051.04,9450,0.5
33-3051.04,9451,0.0
33-3051.04,9454,0.5
33-3051.04,9452,0.0
33-3051.04,9453,1.0
33-3051.04,9456,0.5
33-3051.04,9457,0.0
33-3051.04,9455,1.0
33-3051.04,9458,1.0
33-3051.04,9459,0.0
33-3051.04,9460,0.5
33-3052.00,9478,1.0
33-3052.00,21002,0.0
33-3052.00,9477,0.0
33-3052.00,9480,0.0
33-3052.00,9475,0.0
33-3052.00,9479,0.5
33-3052.00,9476,0.5
33-3052.00,21003,0.0
33-3052.00,21004,0.0
33-3052.00,9484,0.5
33-3052.00,9481,0.0
33-3052.00,9483,0.5
33-3052.00,9482,0.5
33-3052.00,9485,0.0
33-9011.00,7958,0.5
33-9011.00,7959,0.0
33-9011.00,7963,0.0
33-9011.00,7968,1.0
33-9011.00,7965,1.0
33-9011.00,7960,0.0
33-9011.00,7967,1.0
33-9011.00,7966,0.5
33-9011.00,7964,0.0
33-9011.00,7961,0.0
33-9011.00,7969,0.0
33-9011.00,7971,0.0
33-9011.00,7962,0.0
33-9011.00,7970,1.0
33-9011.00,7972,0.5
33-9011.00,7973,0.0
33-9021.00,13095,1.0
33-9021.00,13099,0.5
33-9021.00,13096,0.5
33-9021.00,20758,0.5
33-9021.00,13106,0.5
33-9021.00,13097,0.5
33-9021.00,13100,0.0
33-9021.00,13101,0.5
33-9021.00,13102,0.5
33-9021.00,13107,0.0
33-9021.00,13105,0.5
33-9021.00,13104,0.0
33-9021.00,13103,0.5
33-9021.00,13109,0.5
33-9021.00,13111,0.0
33-9021.00,13108,0.0
33-9021.00,13110,0.0
33-9031.00,4409,0.0
33-9031.00,4407,0.5
33-9031.00,4408,1.0
33-9031.00,21145,1.0
33-9031.00,21146,0.5
33-9031.00,21147,0.5
33-9031.00,4410,0.0
33-9031.00,4411,0.0
33-9032.00,20894,0.0
33-9032.00,2132,0.0
33-9032.00,2133,0.0
33-9032.00,2134,1.0
33-9032.00,2131,0.0
33-9032.00,2135,0.0
33-9032.00,20895,0.0
33-9032.00,2136,0.0
33-9032.00,2138,0.0
33-9032.00,2137,1.0
33-9032.00,2139,0.0
33-9032.00,2141,0.0
33-9032.00,2140,0.0
33-9032.00,2143,0.0
33-9091.00,11117,0.0
33-9091.00,11118,0.0
33-9091.00,11116,0.0
33-9091.00,11119,0.0
33-9091.00,11122,0.0
33-9091.00,11120,0.0
33-9091.00,11121,0.5
33-9091.00,11125,0.0
33-9091.00,11124,0.0
33-9091.00,11123,1.0
33-9091.00,11126,0.0
33-9091.00,11127,0.0
33-9092.00,5041,0.0
33-9092.00,5039,0.0
33-9092.00,5040,0.0
33-9092.00,5042,0.0
33-9092.00,5044,0.0
33-9092.00,20129,0.0
33-9092.00,5045,1.0
33-9092.00,5043,0.0
33-9092.00,5046,0.0
33-9092.00,5048,0.0
33-9092.00,5049,0.0
33-9092.00,5051,0.0
33-9092.00,5047,0.0
33-9092.00,5050,0.0
33-9092.00,5052,0.0
33-9093.00,15341,0.5
33-9093.00,15348,0.0
33-9093.00,15332,0.5
33-9093.00,15350,0.5
33-9093.00,15346,0.0
33-9093.00,15345,0.0
33-9093.00,15349,0.0
33-9093.00,15337,0.5
33-9093.00,15354,0.0
33-9093.00,15339,0.5
33-9093.00,15342,0.5
33-9093.00,15331,0.0
33-9093.00,15333,0.0
33-9093.00,15353,0.0
33-9093.00,15355,0.5
33-9093.00,15336,0.0
33-9093.00,15347,0.5
33-9093.00,15352,0.5
33-9093.00,15335,0.5
33-9093.00,15334,0.0
33-9093.00,15344,0.5
33-9093.00,15340,0.0
33-9093.00,15356,0.5
33-9093.00,15338,0.0
33-9093.00,15351,0.5
33-9093.00,15343,0.5
33-9094.00,23081,1.0
33-9094.00,23082,0.0
33-9094.00,23083,0.0
33-9094.00,23084,0.0
33-9094.00,23085,0.0
33-9094.00,23086,0.0
33-9094.00,23087,0.0
33-9094.00,23088,0.0
33-9094.00,23089,0.0
33-9094.00,23090,0.0
33-9094.00,23091,0.0
33-9094.00,23092,0.0
33-9094.00,23093,0.0
33-9094.00,23094,0.0
33-9094.00,23095,1.0
33-9094.00,23096,0.0
33-9094.00,23097,0.0
33-9094.00,23098,1.0
33-9099.02,17561,0.5
33-9099.02,17560,0.5
33-9099.02,17565,0.5
33-9099.02,17567,1.0
33-9099.02,17575,0.0
33-9099.02,17573,0.0
33-9099.02,17578,0.5
33-9099.02,17563,0.5
33-9099.02,17568,0.5
33-9099.02,17566,0.5
33-9099.02,17569,0.0
33-9099.02,17570,1.0
33-9099.02,17562,0.5
33-9099.02,17574,0.0
33-9099.02,17579,0.5
33-9099.02,17572,0.0
33-9099.02,17577,0.5
33-9099.02,17580,0.0
33-9099.02,17571,0.5
33-9099.02,17564,0.0
33-9099.02,17576,0.5
35-1011.00,11129,0.0
35-1011.00,11128,0.0
35-1011.00,11140,0.5
35-1011.00,11130,0.0
35-1011.00,11132,0.0
35-1011.00,11134,0.5
35-1011.00,11138,1.0
35-1011.00,11135,0.0
35-1011.00,11139,0.0
35-1011.00,11141,0.5
35-1011.00,11131,0.5
35-1011.00,11148,0.5
35-1011.00,11133,0.0
35-1011.00,11136,0.5
35-1011.00,11146,1.0
35-1011.00,11147,0.0
35-1011.00,11145,0.0
35-1011.00,11137,0.5
35-1011.00,11143,0.0
35-1011.00,11142,0.0
35-1011.00,11144,0.0
35-1012.00,18714,1.0
35-1012.00,2145,0.5
35-1012.00,2144,0.5
35-1012.00,2157,0.5
35-1012.00,2147,0.0
35-1012.00,18718,0.0
35-1012.00,2146,0.0
35-1012.00,18715,0.0
35-1012.00,18717,0.5
35-1012.00,2148,0.5
35-1012.00,2150,1.0
35-1012.00,2154,0.5
35-1012.00,18719,1.0
35-1012.00,18716,1.0
35-1012.00,2151,1.0
35-1012.00,2153,0.5
35-1012.00,2158,0.5
35-1012.00,2155,0.5
35-1012.00,2166,0.5
35-1012.00,2156,0.0
35-1012.00,2161,0.5
35-1012.00,2165,0.5
35-1012.00,18720,0.5
35-1012.00,2167,0.5
35-1012.00,2164,0.5
35-1012.00,18721,0.5
35-2011.00,5070,0.0
35-2011.00,5062,0.0
35-2011.00,5065,0.0
35-2011.00,5055,0.0
35-2011.00,5059,0.0
35-2011.00,5068,0.0
35-2011.00,5054,0.0
35-2011.00,5058,0.0
35-2011.00,5063,0.0
35-2011.00,5064,0.0
35-2011.00,5053,0.0
35-2011.00,5061,0.0
35-2011.00,5066,0.0
35-2011.00,5057,0.0
35-2011.00,5056,0.0
35-2011.00,5071,0.0
35-2011.00,5060,0.0
35-2011.00,5069,0.0
35-2011.00,5067,0.0
35-2012.00,21148,0.0
35-2012.00,9488,0.0
35-2012.00,21149,0.0
35-2012.00,9491,0.0
35-2012.00,9487,0.0
35-2012.00,9486,0.0
35-2012.00,9489,0.0
35-2012.00,9493,0.0
35-2012.00,9495,0.0
35-2012.00,9496,0.0
35-2012.00,9499,0.5
35-2012.00,9494,0.0
35-2012.00,9490,0.0
35-2012.00,9498,0.5
35-2012.00,9497,0.5
35-2012.00,9492,1.0
35-2012.00,9500,0.5
35-2013.00,9501,1.0
35-2013.00,9505,0.0
35-2013.00,20896,0.0
35-2013.00,9503,0.0
35-2013.00,20897,1.0
35-2013.00,9504,0.0
35-2013.00,9502,0.5
35-2013.00,9506,0.0
35-2013.00,9508,0.0
35-2013.00,9507,0.5
35-2013.00,9510,0.0
35-2013.00,9509,0.0
35-2013.00,9511,0.0
35-2014.00,18722,0.0
35-2014.00,18724,0.0
35-2014.00,18723,0.0
35-2014.00,2170,0.0
35-2014.00,2169,0.0
35-2014.00,2171,0.0
35-2014.00,2173,0.0
35-2014.00,2172,0.0
35-2014.00,2176,0.0
35-2014.00,2177,0.0
35-2014.00,2180,0.0
35-2014.00,2178,0.5
35-2014.00,2175,0.0
35-2014.00,2181,0.5
35-2014.00,2184,0.0
35-2014.00,2179,0.0
35-2014.00,2183,0.0
35-2014.00,2182,0.0
35-2014.00,2185,1.0
35-2014.00,2186,0.5
35-2015.00,2187,0.0
35-2015.00,18726,0.0
35-2015.00,18727,0.0
35-2015.00,18725,0.0
35-2015.00,2189,0.0
35-2015.00,2188,0.0
35-2015.00,2190,0.0
35-2015.00,2191,0.0
35-2015.00,2192,0.0
35-2015.00,2194,0.0
35-2015.00,2195,0.0
35-2021.00,18728,0.0
35-2021.00,2197,0.0
35-2021.00,2200,0.0
35-2021.00,18730,0.0
35-2021.00,18729,0.0
35-2021.00,2201,0.0
35-2021.00,2199,0.0
35-2021.00,2207,0.0
35-2021.00,18731,0.0
35-2021.00,2210,0.0
35-2021.00,2215,0.0
35-2021.00,2219,0.0
35-2021.00,2208,0.0
35-2021.00,2206,0.0
35-2021.00,2203,0.0
35-2021.00,18732,0.5
35-2021.00,2204,0.0
35-2021.00,2220,0.0
35-2021.00,2213,0.0
35-2021.00,2212,0.0
35-2021.00,2217,0.0
35-2021.00,2211,0.0
35-2021.00,2221,0.0
35-2021.00,18733,0.0
35-2021.00,2216,1.0
35-2021.00,18734,0.0
35-2021.00,21005,0.0
35-2021.00,2222,0.0
35-2021.00,2214,0.0
35-2021.00,2218,0.0
35-2021.00,2209,0.0
35-3011.00,2227,0.0
35-3011.00,2223,0.0
35-3011.00,2225,1.0
35-3011.00,2224,0.0
35-3011.00,2230,0.0
35-3011.00,2226,0.0
35-3011.00,2228,0.0
35-3011.00,2229,0.0
35-3011.00,2237,0.5
35-3011.00,18735,0.0
35-3011.00,2232,0.0
35-3011.00,2231,0.0
35-3011.00,2235,0.0
35-3011.00,2234,0.0
35-3011.00,2236,0.5
35-3011.00,2241,1.0
35-3011.00,2238,0.0
35-3011.00,2233,0.5
35-3011.00,2239,0.5
35-3011.00,2240,0.0
35-3023.00,23099,0.0
35-3023.00,23101,0.0
35-3023.00,23100,0.0
35-3023.00,23102,0.0
35-3023.00,23103,0.0
35-3023.00,23104,0.5
35-3023.00,23105,0.0
35-3023.00,23106,0.0
35-3023.00,23107,0.0
35-3023.00,23108,0.0
35-3023.00,23109,0.0
35-3023.00,23110,0.0
35-3023.00,23111,0.0
35-3023.00,23112,0.0
35-3023.00,23113,0.0
35-3023.00,23114,0.0
35-3023.00,23115,0.0
35-3023.00,23116,0.0
35-3023.00,23117,0.0
35-3023.00,23118,0.0
35-3023.00,23119,1.0
35-3023.00,23120,0.0
35-3023.00,23121,0.0
35-3023.00,23122,0.0
35-3023.00,23123,0.0
35-3023.00,23124,0.0
35-3023.00,23125,0.5
35-3023.00,23126,0.5
35-3023.01,17588,0.0
35-3023.01,17581,0.0
35-3023.01,17591,0.0
35-3023.01,17582,0.0
35-3023.01,17585,1.0
35-3023.01,17583,0.0
35-3023.01,17589,0.0
35-3023.01,17597,0.0
35-3023.01,17598,0.0
35-3023.01,17593,0.0
35-3023.01,17590,0.0
35-3023.01,17594,0.0
35-3023.01,17587,1.0
35-3023.01,17592,0.0
35-3023.01,17586,0.0
35-3023.01,17599,0.0
35-3023.01,17584,0.0
35-3023.01,17596,0.0
35-3023.01,17595,0.5
35-3031.00,2278,0.0
35-3031.00,2279,0.0
35-3031.00,2275,0.0
35-3031.00,2276,0.0
35-3031.00,2277,1.0
35-3031.00,2281,0.5
35-3031.00,2283,0.5
35-3031.00,18745,0.0
35-3031.00,2280,0.0
35-3031.00,2285,0.0
35-3031.00,2288,0.0
35-3031.00,2287,1.0
35-3031.00,18746,0.0
35-3031.00,2293,0.0
35-3031.00,18747,0.0
35-3031.00,2284,0.5
35-3031.00,2286,0.0
35-3031.00,18744,0.0
35-3031.00,2290,0.0
35-3031.00,2295,0.0
35-3031.00,2292,0.0
35-3031.00,2294,0.5
35-3031.00,2289,0.0
35-3031.00,18748,0.5
35-3031.00,2291,0.0
35-3041.00,11152,0.0
35-3041.00,11150,0.0
35-3041.00,11149,0.0
35-3041.00,11151,0.5
35-3041.00,11153,0.0
35-3041.00,11154,0.0
35-3041.00,11158,0.0
35-3041.00,11156,0.0
35-3041.00,11159,0.0
35-3041.00,11161,1.0
35-3041.00,11155,0.0
35-3041.00,11157,0.0
35-3041.00,11160,0.0
35-3041.00,11162,0.5
35-9011.00,11178,0.0
35-9011.00,11169,0.0
35-9011.00,11165,0.0
35-9011.00,11163,0.0
35-9011.00,11164,0.0
35-9011.00,23929,0.0
35-9011.00,11166,0.0
35-9011.00,11168,0.0
35-9011.00,11172,0.0
35-9011.00,11170,0.0
35-9011.00,11173,0.0
35-9011.00,11167,0.0
35-9011.00,11176,0.0
35-9011.00,11171,0.0
35-9011.00,11174,0.0
35-9011.00,11175,0.0
35-9011.00,11177,0.0
35-9011.00,11179,0.0
35-9011.00,11181,0.0
35-9011.00,11180,0.0
35-9011.00,11183,0.0
35-9011.00,11184,0.0
35-9011.00,11185,0.0
35-9011.00,11182,0.0
35-9021.00,11186,0.0
35-9021.00,11187,0.0
35-9021.00,11192,0.0
35-9021.00,11190,0.0
35-9021.00,11188,0.0
35-9021.00,11191,0.0
35-9021.00,11196,0.0
35-9021.00,11189,0.0
35-9021.00,11195,0.0
35-9021.00,11193,0.0
35-9021.00,11197,0.0
35-9021.00,11198,0.0
35-9021.00,11194,0.0
35-9031.00,2296,0.0
35-9031.00,18749,0.5
35-9031.00,2297,0.0
35-9031.00,18751,1.0
35-9031.00,2305,0.0
35-9031.00,18750,0.0
35-9031.00,18754,0.0
35-9031.00,2302,0.0
35-9031.00,2301,0.5
35-9031.00,18752,0.0
35-9031.00,2303,0.5
35-9031.00,18753,0.0
35-9031.00,21070,0.0
35-9031.00,2307,0.0
35-9031.00,2310,0.5
35-9031.00,2306,0.5
35-9031.00,2304,0.0
35-9031.00,2311,0.5
35-9031.00,2308,0.5
35-9031.00,2309,0.0
35-9031.00,2313,0.5
35-9031.00,2312,0.5
37-1011.00,9533,0.0
37-1011.00,9520,0.0
37-1011.00,9534,0.0
37-1011.00,9513,0.0
37-1011.00,9515,0.0
37-1011.00,9514,1.0
37-1011.00,9527,1.0
37-1011.00,9519,0.0
37-1011.00,9524,0.0
37-1011.00,9522,0.0
37-1011.00,9523,0.5
37-1011.00,20130,0.0
37-1011.00,9531,1.0
37-1011.00,9512,0.0
37-1011.00,9528,0.0
37-1011.00,9517,0.0
37-1011.00,9516,0.0
37-1011.00,9521,0.0
37-1011.00,9529,0.5
37-1011.00,9536,1.0
37-1011.00,9526,0.0
37-1011.00,9525,0.5
37-1011.00,9530,0.5
37-1011.00,9535,0.5
37-1011.00,9532,0.5
37-1011.00,20131,0.0
37-1012.00,11199,0.0
37-1012.00,11202,0.5
37-1012.00,11225,0.0
37-1012.00,11204,0.5
37-1012.00,11201,0.0
37-1012.00,11200,0.0
37-1012.00,11203,0.0
37-1012.00,11210,0.0
37-1012.00,11205,0.0
37-1012.00,11224,0.5
37-1012.00,11215,0.5
37-1012.00,11207,0.0
37-1012.00,11212,1.0
37-1012.00,11209,0.5
37-1012.00,11206,0.0
37-1012.00,11213,1.0
37-1012.00,11216,0.5
37-1012.00,11219,1.0
37-1012.00,11208,0.0
37-1012.00,11217,0.0
37-1012.00,11211,1.0
37-1012.00,11214,0.5
37-1012.00,11221,0.5
37-1012.00,11220,0.5
37-1012.00,11223,0.5
37-1012.00,11218,0.0
37-1012.00,11226,0.5
37-1012.00,11222,0.5
37-2011.00,9538,0.0
37-2011.00,9540,0.0
37-2011.00,9539,0.0
37-2011.00,9541,0.0
37-2011.00,9542,0.0
37-2011.00,9546,0.0
37-2011.00,9544,0.0
37-2011.00,9545,0.0
37-2011.00,9550,0.0
37-2011.00,9543,0.0
37-2011.00,9549,0.0
37-2011.00,9547,0.0
37-2011.00,9551,0.0
37-2011.00,9552,0.0
37-2011.00,20590,0.0
37-2011.00,9553,0.0
37-2011.00,20591,0.0
37-2011.00,9548,0.0
37-2011.00,9555,0.0
37-2011.00,9558,0.0
37-2011.00,9554,0.0
37-2011.00,20592,0.0
37-2011.00,9559,0.0
37-2012.00,9564,0.0
37-2012.00,9560,0.0
37-2012.00,9561,0.0
37-2012.00,9562,0.0
37-2012.00,9566,0.0
37-2012.00,9563,0.0
37-2012.00,9567,0.0
37-2012.00,9568,0.0
37-2012.00,9565,0.0
37-2012.00,9570,0.0
37-2012.00,9571,0.0
37-2012.00,9577,0.0
37-2012.00,9575,0.0
37-2012.00,9583,0.0
37-2012.00,9587,0.0
37-2012.00,9585,0.0
37-2012.00,9582,0.0
37-2012.00,9586,0.0
37-2012.00,9569,0.0
37-2012.00,9581,0.0
37-2012.00,9579,0.0
37-2012.00,9574,0.0
37-2012.00,9573,0.0
37-2012.00,9578,0.0
37-2012.00,9576,0.0
37-2021.00,7974,1.0
37-2021.00,7975,0.0
37-2021.00,20759,0.5
37-2021.00,7976,0.0
37-2021.00,7977,0.0
37-2021.00,7979,0.0
37-2021.00,20760,1.0
37-2021.00,7983,0.5
37-2021.00,7978,0.0
37-2021.00,7981,0.0
37-2021.00,7985,0.0
37-2021.00,7982,0.0
37-2021.00,7986,0.0
37-2021.00,7987,0.0
37-2021.00,7984,0.0
37-3011.00,9594,0.0
37-3011.00,9592,0.0
37-3011.00,20761,0.0
37-3011.00,9598,0.0
37-3011.00,9593,0.0
37-3011.00,9596,0.0
37-3011.00,9591,0.0
37-3011.00,9601,0.0
37-3011.00,9599,0.0
37-3011.00,9611,0.0
37-3011.00,9602,0.0
37-3011.00,9589,0.0
37-3011.00,9600,0.0
37-3011.00,9603,0.0
37-3011.00,9606,0.0
37-3011.00,9597,0.0
37-3011.00,9590,0.0
37-3011.00,9604,0.0
37-3011.00,9610,0.0
37-3011.00,9595,0.0
37-3011.00,9609,0.0
37-3011.00,9612,0.0
37-3011.00,9605,0.0
37-3011.00,9608,0.5
37-3011.00,9607,0.0
37-3011.00,9613,0.5
37-3011.00,9614,0.0
37-3012.00,11228,0.0
37-3012.00,11227,0.0
37-3012.00,11230,0.0
37-3012.00,20762,0.5
37-3012.00,11229,0.0
37-3012.00,11231,0.0
37-3012.00,11232,0.0
37-3012.00,11233,0.0
37-3012.00,11234,0.0
37-3012.00,11235,0.0
37-3013.00,13120,0.0
37-3013.00,13113,0.0
37-3013.00,13116,0.0
37-3013.00,13115,0.0
37-3013.00,13119,0.0
37-3013.00,13114,0.0
37-3013.00,13112,0.0
37-3013.00,13117,0.0
37-3013.00,13121,0.0
37-3013.00,13122,0.0
37-3013.00,13125,1.0
37-3013.00,13128,0.0
37-3013.00,13126,0.0
37-3013.00,13124,0.0
37-3013.00,13123,0.0
37-3013.00,13131,0.5
37-3013.00,13118,0.0
37-3013.00,13127,0.0
37-3013.00,13132,0.0
37-3013.00,13137,0.0
37-3013.00,13135,0.0
37-3013.00,13130,0.0
37-3013.00,13133,0.0
37-3013.00,13129,0.0
37-3013.00,13136,0.0
37-3013.00,13134,0.0
39-1013.00,23127,0.5
39-1013.00,23129,0.0
39-1013.00,23133,1.0
39-1013.00,23128,0.5
39-1013.00,23132,0.0
39-1013.00,23130,0.0
39-1013.00,23135,0.5
39-1013.00,23131,0.0
39-1013.00,23134,1.0
39-1013.00,23140,1.0
39-1013.00,23136,0.0
39-1013.00,23137,1.0
39-1013.00,23138,1.0
39-1013.00,23147,0.0
39-1013.00,23152,0.5
39-1013.00,23139,1.0
39-1013.00,23141,0.0
39-1013.00,23142,0.0
39-1013.00,23143,0.0
39-1013.00,23146,1.0
39-1013.00,23144,0.0
39-1013.00,23145,0.0
39-1013.00,23149,0.0
39-1013.00,23148,0.5
39-1013.00,23150,0.5
39-1013.00,23151,1.0
39-1013.00,23154,1.0
39-1013.00,23153,0.5
39-1013.00,23155,0.5
39-1013.00,23156,0.5
39-1014.00,23157,1.0
39-1014.00,23158,0.5
39-1014.00,23159,0.5
39-1014.00,23160,0.5
39-1014.00,23161,0.0
39-1014.00,23162,0.5
39-1014.00,23163,0.5
39-1014.00,23164,0.0
39-1014.00,23165,0.0
39-1014.00,23166,0.0
39-1014.00,23167,0.5
39-1014.00,23168,0.0
39-1014.00,23169,1.0
39-1014.00,23170,0.5
39-1014.00,23171,1.0
39-1014.00,23172,0.5
39-1014.00,23173,0.0
39-1014.00,23174,0.0
39-1014.00,23175,0.0
39-1022.00,13138,0.5
39-1022.00,13141,0.5
39-1022.00,13140,0.0
39-1022.00,13145,0.5
39-1022.00,13151,0.5
39-1022.00,13139,0.0
39-1022.00,13142,0.0
39-1022.00,13150,0.0
39-1022.00,20763,0.5
39-1022.00,13146,0.5
39-1022.00,13152,1.0
39-1022.00,13143,0.5
39-1022.00,13154,0.5
39-1022.00,23176,0.5
39-1022.00,23177,0.5
39-1022.00,23178,1.0
39-1022.00,23179,0.5
39-2011.00,7989,0.0
39-2011.00,7993,0.0
39-2011.00,20593,0.0
39-2011.00,7992,0.0
39-2011.00,7988,0.0
39-2011.00,7991,0.0
39-2011.00,7990,0.0
39-2011.00,7995,1.0
39-2011.00,20594,0.0
39-2011.00,7996,0.5
39-2011.00,7998,0.0
39-2011.00,7999,0.0
39-2011.00,8002,0.0
39-2011.00,8001,0.0
39-2011.00,20595,0.0
39-2011.00,8000,0.0
39-2011.00,8003,0.0
39-2011.00,8004,0.0
39-2011.00,7997,0.0
39-2021.00,5072,0.0
39-2021.00,5077,0.0
39-2021.00,5075,0.5
39-2021.00,5082,0.0
39-2021.00,20132,0.0
39-2021.00,5080,0.0
39-2021.00,5078,1.0
39-2021.00,5076,1.0
39-2021.00,5074,1.0
39-2021.00,21150,0.5
39-2021.00,5079,0.0
39-2021.00,5085,0.0
39-2021.00,5083,0.0
39-2021.00,5086,0.5
39-2021.00,5084,0.0
39-2021.00,5089,0.0
39-2021.00,5087,0.0
39-2021.00,5088,0.0
39-2021.00,5090,0.0
39-2021.00,5091,0.0
39-2021.00,5081,0.0
39-2021.00,5093,0.5
39-3011.00,4446,0.0
39-3011.00,21151,0.0
39-3011.00,4445,0.0
39-3011.00,4449,0.0
39-3011.00,4451,0.0
39-3011.00,4447,0.0
39-3011.00,4450,0.0
39-3011.00,4455,0.0
39-3011.00,4456,0.0
39-3011.00,4448,0.0
39-3011.00,4459,0.0
39-3011.00,4452,0.0
39-3011.00,4454,1.0
39-3011.00,4453,0.0
39-3011.00,4457,1.0
39-3011.00,4458,0.0
39-3011.00,20133,0.0
39-3011.00,4461,0.0
39-3011.00,4464,0.0
39-3011.00,4462,1.0
39-3011.00,4460,0.0
39-3012.00,8007,0.0
39-3012.00,8008,0.0
39-3012.00,20596,0.5
39-3012.00,8009,1.0
39-3012.00,8012,0.0
39-3012.00,8020,0.0
39-3012.00,8016,0.0
39-3012.00,8010,1.0
39-3012.00,8027,0.0
39-3012.00,8017,0.0
39-3012.00,8014,0.0
39-3012.00,8018,1.0
39-3012.00,8011,0.0
39-3012.00,8015,0.0
39-3012.00,8022,0.0
39-3012.00,8019,1.0
39-3012.00,8013,1.0
39-3012.00,8025,0.0
39-3012.00,8023,0.0
39-3012.00,8024,0.0
39-3012.00,8026,0.0
39-3012.00,8021,0.0
39-3021.00,8030,0.5
39-3021.00,8029,0.0
39-3021.00,8040,0.0
39-3021.00,8031,0.0
39-3021.00,21201,0.0
39-3021.00,8034,0.0
39-3021.00,8035,0.0
39-3021.00,8039,0.0
39-3021.00,8042,0.0
39-3021.00,8046,1.0
39-3021.00,21202,0.0
39-3021.00,8033,0.5
39-3021.00,8043,0.5
39-3021.00,8044,0.0
39-3021.00,8047,0.0
39-3021.00,8041,0.0
39-3021.00,8028,0.0
39-3021.00,8048,1.0
39-3021.00,8032,0.5
39-3021.00,8037,0.0
39-3021.00,8038,0.0
39-3021.00,8045,0.5
39-3031.00,5096,0.0
39-3031.00,20764,0.0
39-3031.00,20765,0.0
39-3031.00,5103,0.0
39-3031.00,5097,0.5
39-3031.00,5100,0.0
39-3031.00,5098,0.0
39-3031.00,5102,0.0
39-3031.00,20766,1.0
39-3031.00,5104,0.0
39-3031.00,5099,0.0
39-3031.00,5105,0.0
39-3031.00,5107,0.0
39-3031.00,5106,0.0
39-3031.00,20767,0.0
39-3031.00,5112,1.0
39-3031.00,5108,0.0
39-3031.00,5109,0.0
39-3031.00,5113,0.0
39-3031.00,5114,0.0
39-3031.00,5111,0.0
39-3031.00,5115,0.0
39-3031.00,20768,1.0
39-3091.00,5119,0.0
39-3091.00,5116,1.0
39-3091.00,5120,0.0
39-3091.00,5130,0.0
39-3091.00,5118,0.0
39-3091.00,5117,1.0
39-3091.00,5134,0.0
39-3091.00,5129,0.0
39-3091.00,5131,0.0
39-3091.00,5121,0.0
39-3091.00,5125,0.0
39-3091.00,5128,0.0
39-3091.00,5124,0.0
39-3091.00,5123,1.0
39-3091.00,5133,0.5
39-3091.00,5132,0.0
39-3091.00,5127,0.0
39-3091.00,5126,0.0
39-3091.00,5122,0.0
39-3092.00,9627,1.0
39-3092.00,20898,0.0
39-3092.00,9616,0.0
39-3092.00,9621,0.0
39-3092.00,9629,0.5
39-3092.00,9615,1.0
39-3092.00,9623,0.5
39-3092.00,9618,0.0
39-3092.00,9625,0.0
39-3092.00,9626,0.0
39-3092.00,9622,0.0
39-3092.00,9632,0.5
39-3092.00,9617,0.0
39-3092.00,9630,0.5
39-3092.00,9624,0.5
39-3092.00,9628,0.0
39-3092.00,9634,0.0
39-3092.00,9633,0.5
39-3092.00,9619,0.0
39-3092.00,9631,0.0
39-3092.00,9635,0.0
39-3093.00,4476,0.0
39-3093.00,4465,0.0
39-3093.00,4467,0.0
39-3093.00,4472,0.0
39-3093.00,20134,0.0
39-3093.00,4466,1.0
39-3093.00,4468,0.0
39-3093.00,4484,0.0
39-3093.00,4469,0.0
39-3093.00,4474,0.0
39-3093.00,4473,0.0
39-3093.00,4477,0.0
39-3093.00,4475,0.0
39-3093.00,4471,0.0
39-3093.00,4482,0.0
39-3093.00,4479,0.0
39-3093.00,4480,0.0
39-3093.00,4478,0.0
39-3093.00,4483,0.0
39-3093.00,4486,0.0
39-3093.00,4470,0.0
39-3093.00,4481,0.0
39-3093.00,4485,0.0
39-4011.00,4487,0.0
39-4011.00,4488,0.0
39-4011.00,4495,0.0
39-4011.00,4490,0.0
39-4011.00,4489,0.0
39-4011.00,23930,0.0
39-4011.00,4493,0.0
39-4011.00,4492,0.0
39-4011.00,20257,0.0
39-4011.00,4494,0.0
39-4011.00,4497,0.0
39-4011.00,4491,0.0
39-4011.00,4504,0.0
39-4011.00,4496,0.0
39-4011.00,4500,0.0
39-4011.00,4505,0.0
39-4011.00,4499,1.0
39-4011.00,4501,0.0
39-4011.00,4502,0.0
39-4011.00,4498,0.0
39-4011.00,4503,0.0
39-4011.00,4506,0.0
39-4011.00,4507,0.0
39-4011.00,4508,0.0
39-4011.00,4509,0.0
39-4011.00,4510,0.0
39-4012.00,23180,0.0
39-4012.00,23181,0.0
39-4012.00,23182,0.0
39-4012.00,23183,0.0
39-4012.00,23184,0.0
39-4012.00,23185,0.0
39-4012.00,23186,0.0
39-4012.00,23187,0.0
39-4012.00,23188,0.5
39-4012.00,23189,0.0
39-4012.00,23190,0.0
39-4012.00,23191,0.0
39-4021.00,4512,0.0
39-4021.00,4511,0.0
39-4021.00,20597,0.0
39-4021.00,4517,0.0
39-4021.00,4514,0.0
39-4021.00,20598,0.0
39-4021.00,4513,0.0
39-4021.00,4518,0.0
39-4021.00,4519,0.0
39-4021.00,4520,0.0
39-4021.00,4522,0.0
39-4021.00,20599,1.0
39-4021.00,20600,0.0
39-4021.00,4527,0.0
39-4021.00,4521,0.0
39-4021.00,20601,0.0
39-4021.00,4525,0.0
39-4021.00,20602,0.0
39-4021.00,4523,1.0
39-4021.00,20603,0.0
39-4021.00,20604,1.0
39-4021.00,4526,0.0
39-4021.00,4516,1.0
39-4021.00,20605,1.0
39-4021.00,20606,0.0
39-4021.00,20607,1.0
39-4031.00,3334,1.0
39-4031.00,3332,0.0
39-4031.00,3343,0.0
39-4031.00,3335,0.0
39-4031.00,3336,0.5
39-4031.00,21009,0.0
39-4031.00,3341,0.0
39-4031.00,3337,0.0
39-4031.00,3339,0.0
39-4031.00,3347,1.0
39-4031.00,15200,0.5
39-4031.00,3340,0.0
39-4031.00,3344,0.0
39-4031.00,3346,0.5
39-4031.00,3342,0.0
39-4031.00,3348,0.0
39-4031.00,3345,0.0
39-4031.00,15202,0.0
39-4031.00,3349,0.0
39-4031.00,3350,0.0
39-4031.00,15203,0.0
39-4031.00,15201,0.0
39-5011.00,8049,0.0
39-5011.00,8051,0.0
39-5011.00,8050,0.0
39-5011.00,8052,0.0
39-5011.00,8053,0.0
39-5011.00,8063,0.0
39-5011.00,8054,0.0
39-5011.00,8056,0.0
39-5011.00,8061,1.0
39-5011.00,8057,0.5
39-5011.00,8058,0.0
39-5011.00,8055,0.5
39-5011.00,8059,0.0
39-5011.00,8065,0.0
39-5011.00,8064,0.0
39-5011.00,8068,0.5
39-5011.00,8067,0.0
39-5011.00,8060,1.0
39-5011.00,8062,0.0
39-5011.00,8066,0.0
39-5012.00,635,0.0
39-5012.00,639,0.0
39-5012.00,636,0.0
39-5012.00,638,0.5
39-5012.00,640,1.0
39-5012.00,643,0.0
39-5012.00,637,0.0
39-5012.00,641,0.0
39-5012.00,642,0.0
39-5012.00,20899,0.0
39-5012.00,646,0.0
39-5012.00,644,0.0
39-5012.00,645,0.0
39-5012.00,647,0.0
39-5012.00,650,0.0
39-5012.00,651,0.0
39-5012.00,649,0.0
39-5012.00,648,0.0
39-5012.00,652,0.0
39-5012.00,654,0.0
39-5012.00,655,0.0
39-5012.00,653,0.0
39-5012.00,656,0.0
39-5091.00,14800,0.5
39-5091.00,14802,0.0
39-5091.00,14798,0.5
39-5091.00,14803,0.0
39-5091.00,14804,0.0
39-5091.00,14814,1.0
39-5091.00,14801,0.5
39-5091.00,14805,0.5
39-5091.00,14797,0.0
39-5091.00,14799,0.5
39-5091.00,14807,0.5
39-5091.00,14815,0.0
39-5091.00,14806,0.0
39-5091.00,14810,0.5
39-5091.00,14809,0.5
39-5091.00,14808,0.5
39-5091.00,14813,0.5
39-5091.00,14811,0.5
39-5091.00,14817,0.0
39-5091.00,14812,0.5
39-5091.00,14816,0.0
39-5092.00,8748,0.0
39-5092.00,8753,0.0
39-5092.00,8758,1.0
39-5092.00,8752,0.0
39-5092.00,20769,0.0
39-5092.00,20770,0.0
39-5092.00,8750,0.0
39-5092.00,20771,0.0
39-5092.00,8749,0.5
39-5092.00,20772,0.0
39-5092.00,8760,0.0
39-5092.00,8754,0.0
39-5092.00,20773,0.0
39-5092.00,20774,0.0
39-5092.00,8763,0.0
39-5092.00,8764,0.0
39-5092.00,8761,0.0
39-5092.00,8765,0.0
39-5093.00,14818,0.0
39-5093.00,14819,0.0
39-5093.00,14820,0.0
39-5093.00,14821,1.0
39-5094.00,8069,0.0
39-5094.00,8072,0.5
39-5094.00,8074,0.0
39-5094.00,8071,0.0
39-5094.00,8073,0.0
39-5094.00,8078,0.0
39-5094.00,20258,0.5
39-5094.00,8077,0.5
39-5094.00,8075,0.0
39-5094.00,8076,0.0
39-5094.00,8080,0.0
39-5094.00,8079,0.0
39-5094.00,8070,1.0
39-5094.00,8081,0.0
39-5094.00,8082,0.5
39-5094.00,8084,0.0
39-5094.00,8083,0.5
39-5094.00,8086,0.0
39-6011.00,2316,0.0
39-6011.00,2317,0.0
39-6011.00,2324,0.0
39-6011.00,2323,0.0
39-6011.00,2314,0.0
39-6011.00,2315,0.5
39-6011.00,2321,0.0
39-6011.00,2318,0.0
39-6011.00,2320,0.0
39-6011.00,2327,0.0
39-6011.00,2319,0.0
39-6011.00,2325,1.0
39-6011.00,2326,0.0
39-6011.00,2330,0.0
39-6011.00,2328,0.5
39-6011.00,2329,1.0
39-6011.00,2322,0.5
39-6012.00,20260,0.5
39-6012.00,20259,0.5
39-6012.00,4529,0.5
39-6012.00,4530,0.5
39-6012.00,20261,0.5
39-6012.00,20263,0.5
39-6012.00,4533,0.0
39-6012.00,21203,0.5
39-6012.00,4534,0.5
39-6012.00,4531,0.0
39-6012.00,20262,0.5
39-6012.00,4532,1.0
39-6012.00,4536,1.0
39-6012.00,4535,0.5
39-6012.00,20265,0.0
39-6012.00,20264,0.0
39-7011.00,4540,1.0
39-7011.00,4539,0.0
39-7011.00,4541,0.0
39-7011.00,4538,0.0
39-7011.00,20135,0.5
39-7011.00,4544,0.5
39-7011.00,4550,0.5
39-7011.00,4545,0.0
39-7011.00,4553,0.0
39-7011.00,4542,0.0
39-7011.00,4543,0.0
39-7011.00,4554,0.0
39-7011.00,20136,0.0
39-7011.00,4547,0.0
39-7011.00,4549,0.0
39-7011.00,4548,0.0
39-7011.00,4555,1.0
39-7011.00,4551,0.0
39-7011.00,4552,1.0
39-7012.00,13158,0.5
39-7012.00,13155,0.5
39-7012.00,13156,0.5
39-7012.00,13163,0.0
39-7012.00,13157,0.5
39-7012.00,13159,1.0
39-7012.00,13164,0.5
39-7012.00,13166,0.0
39-7012.00,13171,1.0
39-7012.00,13160,0.0
39-7012.00,13167,0.0
39-7012.00,13170,0.0
39-7012.00,13162,1.0
39-7012.00,13161,0.0
39-7012.00,13169,0.0
39-7012.00,13168,0.0
39-7012.00,13165,0.5
39-9011.00,18756,0.0
39-9011.00,2336,0.0
39-9011.00,18757,0.0
39-9011.00,2331,0.0
39-9011.00,2332,0.0
39-9011.00,2333,0.0
39-9011.00,2346,0.0
39-9011.00,2337,1.0
39-9011.00,2335,0.0
39-9011.00,2338,0.0
39-9011.00,2342,0.0
39-9011.00,18761,1.0
39-9011.00,18759,0.5
39-9011.00,2348,0.0
39-9011.00,2339,0.0
39-9011.00,18758,0.0
39-9011.00,2334,0.0
39-9011.00,18760,0.0
39-9011.00,18762,0.0
39-9011.00,2344,0.0
39-9011.00,2347,1.0
39-9011.00,18763,0.0
39-9011.00,2343,0.0
39-9011.00,18764,0.5
39-9011.00,2349,0.0
39-9011.01,2368,0.0
39-9011.01,2365,0.0
39-9011.01,2355,0.0
39-9011.01,2354,0.0
39-9011.01,2351,0.0
39-9011.01,2367,0.0
39-9011.01,2358,0.0
39-9011.01,2357,0.0
39-9011.01,2352,0.0
39-9011.01,2353,0.0
39-9011.01,2356,0.0
39-9011.01,2363,0.0
39-9011.01,2359,0.0
39-9011.01,2362,0.0
39-9011.01,2361,1.0
39-9011.01,2360,0.5
39-9011.01,2366,1.0
39-9011.01,2364,0.0
39-9011.01,21071,0.0
39-9031.00,4559,0.0
39-9031.00,4566,0.0
39-9031.00,4558,0.0
39-9031.00,4557,0.0
39-9031.00,4560,0.0
39-9031.00,4565,0.0
39-9031.00,4556,0.0
39-9031.00,4561,0.0
39-9031.00,4562,0.0
39-9031.00,4569,0.0
39-9031.00,4568,0.0
39-9031.00,4575,0.0
39-9031.00,4563,0.0
39-9031.00,4567,0.0
39-9031.00,4564,0.0
39-9031.00,4574,0.0
39-9031.00,4572,0.0
39-9031.00,4573,0.5
39-9031.00,4570,0.0
39-9031.00,4577,0.0
39-9031.00,4578,0.0
39-9031.00,4576,0.0
39-9032.00,2380,0.0
39-9032.00,2381,0.0
39-9032.00,21010,0.5
39-9032.00,2382,0.5
39-9032.00,2383,0.0
39-9032.00,2388,1.0
39-9032.00,2386,0.0
39-9032.00,2393,0.0
39-9032.00,2390,0.0
39-9032.00,2387,0.5
39-9032.00,21011,1.0
39-9032.00,2385,0.0
39-9032.00,2389,0.0
39-9032.00,2394,0.0
39-9032.00,2399,0.5
39-9032.00,2396,0.0
39-9032.00,2391,0.0
39-9032.00,2395,0.0
39-9032.00,2397,0.0
39-9032.00,2392,0.5
39-9032.00,18557,0.0
39-9032.00,21012,0.5
39-9032.00,2398,1.0
39-9032.00,18558,0.0
39-9041.00,6974,0.0
39-9041.00,6977,0.0
39-9041.00,20138,0.0
39-9041.00,6971,0.0
39-9041.00,6976,0.0
39-9041.00,6972,0.0
39-9041.00,6970,0.0
39-9041.00,6978,0.5
39-9041.00,6979,0.5
39-9041.00,20137,0.5
39-9041.00,6980,0.5
39-9041.00,6984,0.5
39-9041.00,6985,0.0
39-9041.00,6973,0.0
39-9041.00,6986,1.0
39-9041.00,6975,0.0
39-9041.00,6981,0.0
39-9041.00,6994,1.0
39-9041.00,6993,0.0
39-9041.00,6991,0.5
39-9041.00,20139,0.5
39-9041.00,6992,0.0
39-9041.00,6988,1.0
39-9041.00,6995,0.0
39-9041.00,6990,0.0
39-9041.00,6983,0.5
39-9041.00,6996,0.0
39-9041.00,6982,0.0
39-9041.00,6989,0.0
39-9041.00,6997,0.0
41-1011.00,657,0.5
41-1011.00,660,0.5
41-1011.00,671,0.5
41-1011.00,658,0.5
41-1011.00,668,0.5
41-1011.00,659,0.5
41-1011.00,662,0.5
41-1011.00,666,0.0
41-1011.00,672,1.0
41-1011.00,673,0.5
41-1011.00,661,0.5
41-1011.00,667,0.5
41-1011.00,664,0.5
41-1011.00,663,0.0
41-1011.00,670,0.5
41-1011.00,675,0.5
41-1011.00,669,0.5
41-1011.00,665,0.5
41-1011.00,674,0.5
41-1011.00,676,1.0
41-1011.00,677,0.5
41-1012.00,9661,0.5
41-1012.00,9665,0.5
41-1012.00,20266,0.5
41-1012.00,9660,0.5
41-1012.00,9673,1.0
41-1012.00,9662,0.5
41-1012.00,9663,0.5
41-1012.00,9666,0.5
41-1012.00,9667,0.5
41-1012.00,9672,0.0
41-1012.00,9669,0.5
41-1012.00,9668,0.5
41-1012.00,9677,0.5
41-1012.00,9670,0.5
41-1012.00,9671,0.5
41-1012.00,9676,0.5
41-1012.00,9674,0.5
41-1012.00,9675,1.0
41-2011.00,2400,0.0
41-2011.00,2408,0.5
41-2011.00,21072,0.0
41-2011.00,2401,0.0
41-2011.00,2403,0.0
41-2011.00,18768,0.0
41-2011.00,18765,0.5
41-2011.00,18766,0.0
41-2011.00,2405,0.0
41-2011.00,21073,1.0
41-2011.00,2415,0.0
41-2011.00,18767,0.0
41-2011.00,21074,0.0
41-2011.00,2424,0.0
41-2011.00,2402,0.0
41-2011.00,2411,1.0
41-2011.00,2414,1.0
41-2011.00,2412,1.0
41-2011.00,2422,0.0
41-2011.00,2416,0.0
41-2011.00,2410,0.0
41-2011.00,2406,0.0
41-2011.00,2418,0.0
41-2011.00,2423,0.5
41-2011.00,2419,0.0
41-2011.00,2417,0.5
41-2011.00,2409,0.0
41-2011.00,2413,0.0
41-2011.00,2421,1.0
41-2012.00,6999,1.0
41-2012.00,21152,0.0
41-2012.00,6998,0.0
41-2012.00,21153,0.0
41-2012.00,7003,0.0
41-2012.00,7005,1.0
41-2012.00,7004,0.0
41-2012.00,7007,1.0
41-2012.00,7001,0.0
41-2012.00,7009,0.5
41-2012.00,7008,0.0
41-2012.00,7002,0.0
41-2012.00,7006,0.0
41-2012.00,20140,0.0
41-2012.00,21154,0.0
41-2021.00,678,0.5
41-2021.00,689,1.0
41-2021.00,687,0.5
41-2021.00,691,1.0
41-2021.00,692,0.5
41-2021.00,682,0.5
41-2021.00,681,1.0
41-2021.00,686,0.0
41-2021.00,684,1.0
41-2021.00,690,0.5
41-2021.00,683,0.5
41-2021.00,685,0.0
41-2021.00,688,0.5
41-2021.00,679,0.0
41-2021.00,680,0.5
41-2021.00,693,0.5
41-2022.00,2427,0.5
41-2022.00,20775,0.5
41-2022.00,2430,0.0
41-2022.00,2425,1.0
41-2022.00,2429,1.0
41-2022.00,2426,0.5
41-2022.00,20776,0.5
41-2022.00,20777,0.0
41-2022.00,2434,0.0
41-2022.00,20778,0.0
41-2022.00,2435,1.0
41-2022.00,2433,0.0
41-2022.00,20779,0.0
41-2022.00,20780,0.5
41-2022.00,2432,0.5
41-2022.00,2437,0.0
41-2022.00,2436,0.0
41-2022.00,2438,0.0
41-2022.00,2439,0.0
41-2031.00,694,0.0
41-2031.00,700,0.5
41-2031.00,697,0.5
41-2031.00,712,0.0
41-2031.00,701,0.5
41-2031.00,696,0.5
41-2031.00,706,0.0
41-2031.00,702,0.5
41-2031.00,703,0.5
41-2031.00,711,0.5
41-2031.00,708,0.0
41-2031.00,699,0.0
41-2031.00,705,0.5
41-2031.00,707,0.0
41-2031.00,698,1.0
41-2031.00,695,0.0
41-2031.00,704,1.0
41-2031.00,714,0.5
41-2031.00,709,0.0
41-2031.00,710,0.0
41-2031.00,713,0.5
41-2031.00,716,0.5
41-2031.00,717,0.5
41-2031.00,715,1.0
41-3011.00,4579,0.5
41-3011.00,4581,0.5
41-3011.00,4586,0.5
41-3011.00,4585,0.5
41-3011.00,4580,0.5
41-3011.00,4589,0.5
41-3011.00,4592,1.0
41-3011.00,4582,1.0
41-3011.00,4584,0.5
41-3011.00,4583,0.5
41-3011.00,4588,0.5
41-3011.00,4587,0.5
41-3011.00,4594,1.0
41-3011.00,4590,0.5
41-3011.00,4596,0.5
41-3011.00,4591,0.5
41-3011.00,4593,0.5
41-3011.00,4597,0.0
41-3011.00,4595,0.0
41-3011.00,4598,1.0
41-3021.00,720,0.5
41-3021.00,721,0.5
41-3021.00,724,0.5
41-3021.00,728,1.0
41-3021.00,723,0.5
41-3021.00,718,0.5
41-3021.00,727,0.5
41-3021.00,722,0.5
41-3021.00,725,0.5
41-3021.00,729,0.5
41-3021.00,726,0.5
41-3021.00,731,0.5
41-3021.00,719,1.0
41-3021.00,732,0.5
41-3021.00,730,0.5
41-3021.00,735,0.5
41-3021.00,733,0.5
41-3021.00,734,1.0
41-3021.00,736,0.5
41-3031.00,23192,0.5
41-3031.00,23193,0.5
41-3031.00,23194,0.5
41-3031.00,23195,1.0
41-3031.00,23196,0.5
41-3031.00,23197,1.0
41-3031.00,23198,1.0
41-3031.00,23199,0.5
41-3031.00,23200,0.5
41-3031.00,23203,0.5
41-3031.00,23204,0.5
41-3031.00,23205,0.5
41-3031.00,23207,0.5
41-3031.00,23201,0.5
41-3031.00,23208,0.5
41-3031.00,23209,0.5
41-3031.00,23210,0.5
41-3031.00,23206,0.5
41-3031.00,23212,1.0
41-3031.00,23213,1.0
41-3031.00,23214,0.5
41-3031.00,23215,0.5
41-3031.00,23216,0.5
41-3031.00,23217,0.5
41-3031.00,23211,0.5
41-3031.00,23202,0.5
41-3031.00,23218,0.5
41-3031.00,23219,1.0
41-3031.00,23220,0.5
41-3031.00,23221,0.5
41-3041.00,737,0.5
41-3041.00,741,0.5
41-3041.00,738,0.5
41-3041.00,739,0.5
41-3041.00,20900,0.5
41-3041.00,740,0.5
41-3041.00,743,1.0
41-3041.00,742,0.5
41-3091.00,23222,0.5
41-3091.00,23223,0.5
41-3091.00,23224,0.5
41-3091.00,23225,0.5
41-3091.00,23226,0.5
41-3091.00,23227,1.0
41-3091.00,23228,1.0
41-3091.00,23229,0.0
41-3091.00,23230,0.5
41-3091.00,23231,0.5
41-3091.00,23232,1.0
41-3091.00,23233,1.0
41-3091.00,23234,0.5
41-3091.00,23235,0.5
41-3091.00,23236,1.0
41-4011.00,11240,0.5
41-4011.00,20608,1.0
41-4011.00,11251,0.0
41-4011.00,11241,1.0
41-4011.00,11237,0.5
41-4011.00,11238,1.0
41-4011.00,20609,0.5
41-4011.00,11239,0.5
41-4011.00,11261,0.5
41-4011.00,20610,0.5
41-4011.00,11246,0.5
41-4011.00,11252,1.0
41-4011.00,20611,0.5
41-4011.00,20612,0.5
41-4011.00,11249,0.5
41-4011.00,11245,0.5
41-4011.00,11248,0.5
41-4011.00,20613,0.5
41-4011.00,20614,0.5
41-4011.00,11265,0.0
41-4011.00,20615,0.5
41-4011.00,20616,0.5
41-4011.00,20617,0.0
41-4011.00,11256,0.5
41-4011.00,11257,0.5
41-4011.00,20618,0.5
41-4011.00,11266,0.5
41-4011.00,20619,1.0
41-4011.00,20620,0.5
41-4011.00,20621,0.5
41-4011.00,11262,0.5
41-4011.00,19828,0.5
41-4011.00,11267,0.5
41-4011.00,19826,0.5
41-4011.00,19825,0.5
41-4011.00,19827,0.5
41-4011.07,17655,0.5
41-4011.07,17656,0.5
41-4011.07,17663,0.5
41-4011.07,17661,0.5
41-4011.07,17664,0.5
41-4011.07,17658,0.5
41-4011.07,17654,0.5
41-4011.07,17665,0.5
41-4011.07,17657,0.5
41-4011.07,17662,0.5
41-4011.07,17660,0.5
41-4011.07,17659,0.5
41-4011.07,17666,0.0
41-4012.00,8113,0.5
41-4012.00,8114,0.5
41-4012.00,8116,1.0
41-4012.00,8117,0.5
41-4012.00,20267,1.0
41-4012.00,8119,0.5
41-4012.00,8122,0.5
41-4012.00,8124,1.0
41-4012.00,8115,0.5
41-4012.00,8120,0.5
41-4012.00,8129,0.5
41-4012.00,8127,0.5
41-4012.00,8128,0.5
41-4012.00,20268,0.5
41-4012.00,8118,0.5
41-4012.00,8125,0.5
41-4012.00,8126,1.0
41-4012.00,8121,0.5
41-4012.00,8131,0.5
41-9011.00,13191,0.0
41-9011.00,13194,0.0
41-9011.00,13192,0.0
41-9011.00,13190,0.0
41-9011.00,13193,0.0
41-9011.00,13196,0.0
41-9011.00,13206,0.5
41-9011.00,13195,0.0
41-9011.00,13198,0.0
41-9011.00,13203,0.0
41-9011.00,13197,0.0
41-9011.00,13199,0.0
41-9011.00,13201,0.5
41-9011.00,13205,0.0
41-9011.00,13202,0.0
41-9011.00,13200,1.0
41-9011.00,13211,0.0
41-9011.00,13208,0.0
41-9011.00,13204,0.0
41-9011.00,13207,0.5
41-9011.00,13209,0.0
41-9011.00,13213,1.0
41-9011.00,13210,0.0
41-9011.00,13212,0.5
41-9012.00,23931,0.0
41-9012.00,13217,1.0
41-9012.00,13215,0.0
41-9012.00,13218,1.0
41-9012.00,13219,0.0
41-9012.00,13225,0.5
41-9012.00,13223,0.5
41-9012.00,13224,0.0
41-9012.00,13216,0.0
41-9012.00,13221,0.5
41-9012.00,13220,0.0
41-9012.00,13227,0.0
41-9012.00,13228,0.0
41-9012.00,13226,0.0
41-9021.00,4599,0.5
41-9021.00,4600,0.5
41-9021.00,4603,0.5
41-9021.00,4604,0.5
41-9021.00,4610,0.5
41-9021.00,4602,0.5
41-9021.00,4605,0.5
41-9021.00,4601,0.5
41-9021.00,4606,0.5
41-9021.00,4612,0.5
41-9021.00,4609,0.5
41-9021.00,4613,0.5
41-9021.00,4608,0.5
41-9021.00,4611,0.5
41-9021.00,4607,0.5
41-9021.00,4616,0.5
41-9021.00,4614,0.5
41-9021.00,4615,0.5
41-9021.00,4617,0.5
41-9022.00,2443,0.5
41-9022.00,2440,0.5
41-9022.00,2445,0.5
41-9022.00,2449,0.5
41-9022.00,2441,0.5
41-9022.00,2446,0.5
41-9022.00,2447,0.5
41-9022.00,2444,0.5
41-9022.00,2442,0.5
41-9022.00,21155,0.5
41-9022.00,2460,0.5
41-9022.00,2453,0.5
41-9022.00,2448,0.5
41-9022.00,2462,0.5
41-9022.00,2456,0.5
41-9022.00,2458,0.5
41-9022.00,2450,0.0
41-9022.00,2455,0.0
41-9022.00,2451,0.5
41-9022.00,2463,0.5
41-9022.00,2452,0.5
41-9022.00,2454,0.0
41-9022.00,2464,0.5
41-9022.00,2461,0.5
41-9022.00,2459,0.5
41-9022.00,2467,0.5
41-9022.00,2465,0.5
41-9022.00,2468,0.5
41-9022.00,2466,0.0
41-9022.00,2457,0.5
41-9022.00,2470,0.5
41-9022.00,2469,0.5
41-9022.00,2471,0.5
41-9031.00,9682,0.5
41-9031.00,9680,0.5
41-9031.00,9690,1.0
41-9031.00,9689,0.0
41-9031.00,9692,0.5
41-9031.00,9697,0.5
41-9031.00,9679,0.5
41-9031.00,9678,0.5
41-9031.00,9686,0.5
41-9031.00,9685,0.5
41-9031.00,9700,0.5
41-9031.00,9698,1.0
41-9031.00,9688,0.5
41-9031.00,9681,0.5
41-9031.00,9696,0.5
41-9031.00,9701,0.0
41-9031.00,9693,1.0
41-9031.00,9691,0.0
41-9031.00,9699,0.5
41-9031.00,9683,0.5
41-9031.00,9694,0.5
41-9031.00,9687,0.5
41-9031.00,9684,0.5
41-9031.00,9695,1.0
41-9031.00,9702,0.5
41-9041.00,4618,1.0
41-9041.00,4619,0.5
41-9041.00,4620,0.5
41-9041.00,4621,1.0
41-9041.00,4622,1.0
41-9041.00,4623,1.0
41-9041.00,4624,0.5
41-9041.00,4625,1.0
41-9041.00,4626,1.0
41-9041.00,4627,1.0
41-9041.00,4628,0.5
41-9041.00,4629,0.5
41-9091.00,13233,0.0
41-9091.00,13238,0.5
41-9091.00,13231,0.0
41-9091.00,13232,1.0
41-9091.00,13235,0.0
41-9091.00,13236,1.0
41-9091.00,13239,0.0
41-9091.00,13237,0.0
41-9091.00,21075,0.0
41-9091.00,13241,0.0
41-9091.00,13240,0.5
41-9091.00,13242,0.0
43-1011.00,9704,0.5
43-1011.00,9703,0.5
43-1011.00,9705,0.5
43-1011.00,9710,0.5
43-1011.00,9707,0.0
43-1011.00,9713,0.5
43-1011.00,9711,0.5
43-1011.00,9712,1.0
43-1011.00,9709,0.5
43-1011.00,9708,0.5
43-1011.00,9716,0.5
43-1011.00,9706,0.5
43-1011.00,9715,1.0
43-1011.00,9717,0.5
43-1011.00,9722,0.0
43-1011.00,9720,0.5
43-1011.00,9719,0.5
43-1011.00,9714,0.5
43-1011.00,9721,0.5
43-1011.00,9724,0.5
43-1011.00,9718,0.5
43-1011.00,9723,0.5
43-1011.00,9729,0.5
43-1011.00,9726,0.0
43-1011.00,9730,0.5
43-1011.00,9725,0.5
43-1011.00,9727,0.5
43-1011.00,9728,0.5
43-1011.00,9731,0.5
43-2011.00,4630,1.0
43-2011.00,4631,0.5
43-2011.00,20431,0.0
43-2011.00,20430,0.5
43-2011.00,4640,1.0
43-2011.00,4633,1.0
43-2011.00,4634,1.0
43-2011.00,20432,0.0
43-2011.00,4635,1.0
43-2011.00,20428,0.0
43-2011.00,20427,1.0
43-2011.00,20429,0.5
43-2011.00,4637,0.0
43-2011.00,4638,0.0
43-2011.00,4643,1.0
43-2011.00,4642,1.0
43-2011.00,4641,1.0
43-2011.00,4639,1.0
43-2011.00,20433,0.5
43-2021.00,13243,1.0
43-2021.00,13244,1.0
43-2021.00,13245,0.5
43-2021.00,13246,1.0
43-2021.00,13247,1.0
43-2021.00,13248,1.0
43-2021.00,13249,1.0
43-2021.00,13250,1.0
43-2021.00,13251,1.0
43-2021.00,13252,1.0
43-2021.00,13253,0.0
43-2021.00,13254,1.0
43-2021.00,13255,1.0
43-2021.00,13256,1.0
43-2021.00,13257,1.0
43-2021.00,13258,1.0
43-3011.00,2474,1.0
43-3011.00,2475,0.5
43-3011.00,2473,0.5
43-3011.00,2481,0.5
43-3011.00,2477,1.0
43-3011.00,18559,0.5
43-3011.00,2478,0.5
43-3011.00,2476,0.5
43-3011.00,2472,1.0
43-3011.00,2483,0.5
43-3011.00,2484,0.5
43-3011.00,2479,1.0
43-3011.00,2480,1.0
43-3011.00,18560,1.0
43-3011.00,2482,0.5
43-3021.00,23238,1.0
43-3021.00,23243,1.0
43-3021.00,23240,1.0
43-3021.00,23242,1.0
43-3021.00,23237,1.0
43-3021.00,23239,0.5
43-3021.00,23246,1.0
43-3021.00,23241,1.0
43-3021.00,23244,0.5
43-3021.00,23247,1.0
43-3021.00,23248,0.0
43-3021.00,23249,0.0
43-3021.00,23245,1.0
43-3021.00,23256,1.0
43-3021.00,23250,0.0
43-3021.00,23255,1.0
43-3021.00,23251,1.0
43-3021.00,23252,1.0
43-3021.00,23253,1.0
43-3021.00,23254,1.0
43-3021.00,23259,0.0
43-3021.00,23258,1.0
43-3021.00,23257,1.0
43-3021.00,23261,0.5
43-3021.00,23260,0.5
43-3021.00,23262,1.0
43-3021.00,23263,1.0
43-3021.00,23264,1.0
43-3021.00,23265,0.5
43-3021.00,23266,1.0
43-3031.00,2487,1.0
43-3031.00,2486,1.0
43-3031.00,2488,0.5
43-3031.00,2495,1.0
43-3031.00,2500,0.5
43-3031.00,2493,1.0
43-3031.00,2497,1.0
43-3031.00,2496,0.5
43-3031.00,2498,1.0
43-3031.00,2494,0.5
43-3031.00,2490,1.0
43-3031.00,2489,1.0
43-3031.00,2509,1.0
43-3031.00,2512,0.5
43-3031.00,18561,0.5
43-3031.00,2499,0.5
43-3031.00,2513,1.0
43-3031.00,2501,1.0
43-3031.00,2505,0.5
43-3031.00,2503,1.0
43-3031.00,2507,0.5
43-3031.00,2502,1.0
43-3031.00,2506,1.0
43-3031.00,2510,0.5
43-3031.00,2491,0.5
43-3031.00,2508,1.0
43-3031.00,2514,1.0
43-3031.00,2504,1.0
43-3031.00,2492,0.5
43-3031.00,2511,0.5
43-3041.00,4661,0.0
43-3041.00,4664,0.0
43-3041.00,4665,0.0
43-3041.00,4662,0.0
43-3041.00,4663,1.0
43-3041.00,4668,0.0
43-3041.00,4675,1.0
43-3041.00,4666,0.5
43-3041.00,4667,1.0
43-3041.00,4673,1.0
43-3041.00,4676,1.0
43-3041.00,4671,0.0
43-3041.00,4670,0.0
43-3041.00,4672,0.0
43-3041.00,4674,1.0
43-3041.00,4669,0.0
43-3041.00,4677,1.0
43-3051.00,2519,1.0
43-3051.00,2515,0.5
43-3051.00,2516,1.0
43-3051.00,18562,1.0
43-3051.00,2528,0.5
43-3051.00,2518,1.0
43-3051.00,2526,1.0
43-3051.00,2520,1.0
43-3051.00,2521,1.0
43-3051.00,18563,1.0
43-3051.00,2517,1.0
43-3051.00,2522,0.5
43-3051.00,2524,1.0
43-3051.00,2523,0.5
43-3051.00,18564,0.5
43-3051.00,23954,1.0
43-3051.00,2529,0.5
43-3051.00,20901,1.0
43-3051.00,2525,1.0
43-3051.00,2527,1.0
43-3051.00,20902,0.5
43-3051.00,2530,1.0
43-3061.00,2539,0.5
43-3061.00,2534,0.5
43-3061.00,2531,1.0
43-3061.00,2540,1.0
43-3061.00,2538,0.5
43-3061.00,20786,0.5
43-3061.00,2545,0.5
43-3061.00,2532,0.5
43-3061.00,2541,0.5
43-3061.00,2535,0.5
43-3061.00,2537,0.5
43-3061.00,2536,1.0
43-3061.00,2533,0.5
43-3061.00,2546,0.5
43-3061.00,2542,1.0
43-3061.00,2544,0.5
43-3061.00,2547,0.5
43-3061.00,2548,1.0
43-3061.00,20785,0.0
43-3071.00,2549,1.0
43-3071.00,2551,0.5
43-3071.00,2563,0.0
43-3071.00,2550,0.5
43-3071.00,2554,0.0
43-3071.00,2553,1.0
43-3071.00,2552,0.5
43-3071.00,2560,0.5
43-3071.00,2556,0.5
43-3071.00,2558,0.5
43-3071.00,21076,1.0
43-3071.00,2555,1.0
43-3071.00,2569,0.5
43-3071.00,2565,0.0
43-3071.00,2566,0.0
43-3071.00,2564,0.5
43-3071.00,2557,0.0
43-3071.00,2559,0.5
43-3071.00,2561,0.5
43-3071.00,2568,0.0
43-3071.00,2571,0.5
43-3071.00,2562,1.0
43-3071.00,2570,1.0
43-3071.00,2572,1.0
43-3071.00,2567,0.5
43-3071.00,2576,1.0
43-3071.00,2575,1.0
43-3071.00,2573,1.0
43-3071.00,2574,1.0
43-4011.00,8145,0.5
43-4011.00,20622,1.0
43-4011.00,8149,1.0
43-4011.00,20623,1.0
43-4011.00,8148,1.0
43-4011.00,8147,0.5
43-4011.00,8150,0.5
43-4011.00,8153,0.5
43-4011.00,8151,0.5
43-4011.00,8152,0.5
43-4021.00,11276,1.0
43-4021.00,11280,1.0
43-4021.00,11273,1.0
43-4021.00,11270,1.0
43-4021.00,11277,1.0
43-4021.00,11271,1.0
43-4021.00,11279,1.0
43-4021.00,11272,1.0
43-4021.00,11289,1.0
43-4021.00,11284,1.0
43-4021.00,11281,1.0
43-4021.00,11290,1.0
43-4021.00,11286,1.0
43-4021.00,11283,1.0
43-4021.00,11275,1.0
43-4021.00,11278,1.0
43-4021.00,11282,1.0
43-4021.00,11287,1.0
43-4021.00,11274,1.0
43-4021.00,11285,0.0
43-4021.00,11288,1.0
43-4031.00,23267,0.5
43-4031.00,23284,1.0
43-4031.00,23268,0.5
43-4031.00,23269,1.0
43-4031.00,23270,1.0
43-4031.00,23271,1.0
43-4031.00,23272,0.5
43-4031.00,23278,1.0
43-4031.00,23273,0.5
43-4031.00,23274,1.0
43-4031.00,23282,0.5
43-4031.00,23276,1.0
43-4031.00,23288,0.5
43-4031.00,23277,1.0
43-4031.00,23281,1.0
43-4031.00,23279,0.5
43-4031.00,23275,1.0
43-4031.00,23280,0.5
43-4031.00,23283,1.0
43-4031.00,23290,1.0
43-4031.00,23285,0.5
43-4031.00,23287,0.5
43-4031.00,23289,0.0
43-4031.00,23291,0.5
43-4031.00,23292,0.5
43-4031.00,23293,0.5
43-4031.00,23286,0.5
43-4031.00,23294,0.5
43-4031.00,23295,0.5
43-4031.00,23296,0.5
43-4041.00,23297,1.0
43-4041.00,23298,0.5
43-4041.00,23299,0.5
43-4041.00,23300,0.5
43-4041.00,23301,0.5
43-4041.00,23302,1.0
43-4041.00,23303,1.0
43-4041.00,23304,1.0
43-4041.00,23305,0.5
43-4041.00,23306,1.0
43-4041.00,23307,0.0
43-4041.00,23308,0.5
43-4041.00,23309,0.5
43-4041.00,23310,0.5
43-4041.00,23311,1.0
43-4041.00,23312,0.5
43-4051.00,18565,0.5
43-4051.00,2578,0.5
43-4051.00,2580,0.5
43-4051.00,2581,0.5
43-4051.00,2583,0.5
43-4051.00,2584,1.0
43-4051.00,2582,0.5
43-4051.00,2579,0.5
43-4051.00,2587,0.5
43-4051.00,2588,0.5
43-4051.00,2586,0.5
43-4051.00,2589,1.0
43-4051.00,2585,0.5
43-4051.00,2590,0.5
43-4051.00,2591,0.5
43-4061.00,9734,1.0
43-4061.00,9733,0.5
43-4061.00,9739,1.0
43-4061.00,9736,0.5
43-4061.00,9732,1.0
43-4061.00,9737,0.5
43-4061.00,9735,0.5
43-4061.00,9738,0.5
43-4061.00,9744,1.0
43-4061.00,9740,0.5
43-4061.00,9742,0.5
43-4061.00,9747,0.5
43-4061.00,9745,0.5
43-4061.00,9741,1.0
43-4061.00,9746,1.0
43-4061.00,9748,0.0
43-4061.00,9743,1.0
43-4071.00,2599,0.5
43-4071.00,20627,1.0
43-4071.00,20628,1.0
43-4071.00,2597,1.0
43-4071.00,2602,1.0
43-4071.00,20629,1.0
43-4071.00,2593,1.0
43-4071.00,2596,1.0
43-4071.00,20630,0.5
43-4071.00,2595,1.0
43-4071.00,2600,0.0
43-4071.00,2605,1.0
43-4071.00,2604,0.5
43-4071.00,2603,1.0
43-4071.00,2608,1.0
43-4071.00,20631,0.5
43-4071.00,2607,0.0
43-4071.00,2601,1.0
43-4071.00,2609,0.5
43-4081.00,2610,0.5
43-4081.00,2619,0.5
43-4081.00,2615,0.0
43-4081.00,2620,0.5
43-4081.00,2611,0.5
43-4081.00,2612,0.5
43-4081.00,2617,1.0
43-4081.00,2616,0.5
43-4081.00,2622,1.0
43-4081.00,2613,0.5
43-4081.00,2618,1.0
43-4081.00,18567,0.5
43-4081.00,2623,0.5
43-4081.00,18566,0.5
43-4081.00,18568,0.0
43-4081.00,18569,0.0
43-4081.00,2626,1.0
43-4081.00,2624,0.5
43-4081.00,2625,0.0
43-4081.00,18570,0.5
43-4111.00,2627,1.0
43-4111.00,2634,1.0
43-4111.00,2633,0.5
43-4111.00,20435,0.5
43-4111.00,2630,1.0
43-4111.00,2629,1.0
43-4111.00,2636,0.5
43-4111.00,2632,1.0
43-4111.00,2628,1.0
43-4111.00,20434,0.0
43-4111.00,2637,1.0
43-4111.00,2640,0.0
43-4111.00,2638,0.5
43-4111.00,2631,0.0
43-4111.00,2641,0.5
43-4111.00,2635,1.0
43-4111.00,23932,0.5
43-4121.00,2645,0.0
43-4121.00,18769,0.0
43-4121.00,2646,0.5
43-4121.00,2643,1.0
43-4121.00,2649,0.5
43-4121.00,18773,0.5
43-4121.00,18774,0.5
43-4121.00,2647,0.5
43-4121.00,2648,0.5
43-4121.00,2650,1.0
43-4121.00,18770,1.0
43-4121.00,2655,0.5
43-4121.00,2644,0.5
43-4121.00,2652,0.5
43-4121.00,2661,1.0
43-4121.00,2656,1.0
43-4121.00,18772,0.0
43-4121.00,18771,0.5
43-4121.00,18776,0.0
43-4121.00,2653,0.0
43-4121.00,2658,1.0
43-4121.00,2662,1.0
43-4121.00,18778,1.0
43-4121.00,2664,0.0
43-4121.00,2667,0.5
43-4121.00,2654,1.0
43-4121.00,2657,0.5
43-4121.00,21077,0.0
43-4121.00,18775,1.0
43-4121.00,2660,0.0
43-4121.00,2666,0.0
43-4121.00,18779,1.0
43-4121.00,18777,0.5
43-4131.00,11291,0.5
43-4131.00,11293,0.5
43-4131.00,11296,1.0
43-4131.00,11305,0.5
43-4131.00,11295,0.5
43-4131.00,11302,0.5
43-4131.00,11301,0.5
43-4131.00,11300,0.5
43-4131.00,11292,0.5
43-4131.00,11297,1.0
43-4131.00,11307,0.5
43-4131.00,11299,1.0
43-4131.00,11294,0.5
43-4131.00,11298,0.5
43-4131.00,11306,0.5
43-4131.00,11304,0.5
43-4131.00,11303,0.5
43-4131.00,11308,0.5
43-4141.00,4730,0.0
43-4141.00,4723,1.0
43-4141.00,4728,0.5
43-4141.00,4726,1.0
43-4141.00,4722,1.0
43-4141.00,4725,0.5
43-4141.00,4724,0.5
43-4141.00,4729,0.5
43-4141.00,4731,0.5
43-4141.00,4733,0.0
43-4141.00,20141,0.5
43-4141.00,4727,0.5
43-4141.00,4735,0.5
43-4141.00,4734,0.5
43-4141.00,4732,1.0
43-4151.00,2672,1.0
43-4151.00,2671,0.5
43-4151.00,2675,1.0
43-4151.00,2670,1.0
43-4151.00,2668,1.0
43-4151.00,2680,0.5
43-4151.00,2669,1.0
43-4151.00,2679,0.5
43-4151.00,2678,1.0
43-4151.00,2673,0.5
43-4151.00,2683,0.5
43-4151.00,2674,0.5
43-4151.00,2682,0.5
43-4151.00,2676,0.5
43-4151.00,2677,1.0
43-4151.00,2684,0.5
43-4151.00,2681,0.5
43-4151.00,2685,1.0
43-4151.00,2686,0.5
43-4161.00,18572,0.5
43-4161.00,2689,1.0
43-4161.00,2687,0.5
43-4161.00,2702,0.5
43-4161.00,2691,1.0
43-4161.00,21013,0.5
43-4161.00,2693,0.5
43-4161.00,2692,0.5
43-4161.00,2694,0.5
43-4161.00,2697,1.0
43-4161.00,2695,0.5
43-4161.00,2690,0.5
43-4161.00,2698,1.0
43-4161.00,2699,0.5
43-4161.00,2701,0.5
43-4161.00,2696,0.5
43-4161.00,2704,1.0
43-4161.00,2703,0.0
43-4161.00,2700,0.5
43-4171.00,744,0.5
43-4171.00,747,0.5
43-4171.00,751,0.5
43-4171.00,748,0.5
43-4171.00,749,0.5
43-4171.00,745,0.5
43-4171.00,746,1.0
43-4171.00,750,0.5
43-4171.00,752,1.0
43-4171.00,755,0.0
43-4171.00,753,0.5
43-4171.00,756,1.0
43-4171.00,758,1.0
43-4171.00,754,0.5
43-4171.00,757,0.5
43-4171.00,762,0.0
43-4171.00,759,0.5
43-4171.00,760,0.5
43-4171.00,761,0.0
43-4181.00,9758,0.5
43-4181.00,9762,0.5
43-4181.00,9760,0.0
43-4181.00,9759,0.0
43-4181.00,9757,0.5
43-4181.00,9761,1.0
43-4181.00,9754,0.5
43-4181.00,9753,0.5
43-4181.00,9756,0.5
43-4181.00,9755,0.5
43-4181.00,9752,1.0
43-4181.00,9749,0.5
43-4181.00,9750,0.5
43-4181.00,20436,0.0
43-4181.00,9764,0.5
43-4181.00,9751,0.5
43-4181.00,20437,0.0
43-4181.00,9766,0.5
43-4181.00,9767,0.5
43-4181.00,9763,0.5
43-4181.00,9768,0.5
43-5011.00,8188,0.5
43-5011.00,8192,1.0
43-5011.00,20271,0.5
43-5011.00,8190,0.5
43-5011.00,8194,1.0
43-5011.00,8201,0.5
43-5011.00,20272,0.5
43-5011.00,8196,0.5
43-5011.00,8195,1.0
43-5011.00,20274,1.0
43-5011.00,8203,0.5
43-5011.00,8200,0.0
43-5011.00,20273,1.0
43-5011.00,8202,0.0
43-5011.00,20275,0.5
43-5011.00,8199,0.5
43-5011.00,8208,0.0
43-5011.00,8198,0.0
43-5011.00,8210,0.0
43-5011.00,8209,0.0
43-5011.00,8204,0.0
43-5011.00,8197,0.0
43-5011.00,8206,0.0
43-5011.00,8205,0.0
43-5011.01,17686,1.0
43-5011.01,17689,0.5
43-5011.01,17687,1.0
43-5011.01,17704,0.5
43-5011.01,17698,0.5
43-5011.01,17696,1.0
43-5011.01,17680,0.5
43-5011.01,17690,1.0
43-5011.01,17688,0.5
43-5011.01,17692,0.5
43-5011.01,17682,0.5
43-5011.01,17693,0.5
43-5011.01,17683,0.5
43-5011.01,17699,0.5
43-5011.01,17681,0.5
43-5011.01,17695,0.5
43-5011.01,17702,0.5
43-5011.01,17697,0.5
43-5011.01,17691,0.5
43-5011.01,17703,0.5
43-5011.01,17684,0.5
43-5011.01,17694,0.5
43-5011.01,17701,1.0
43-5011.01,17700,0.5
43-5011.01,17705,0.5
43-5011.01,17685,0.5
43-5011.01,19829,0.5
43-5011.01,19830,0.5
43-5011.01,19831,0.5
43-5011.01,19832,0.5
43-5011.01,19833,0.5
43-5021.00,20903,0.0
43-5021.00,7017,0.0
43-5021.00,7018,1.0
43-5021.00,7013,1.0
43-5021.00,7011,0.0
43-5021.00,7010,0.0
43-5021.00,7016,0.5
43-5021.00,7015,0.0
43-5021.00,7012,0.0
43-5021.00,7014,0.5
43-5021.00,7019,1.0
43-5021.00,7020,0.0
43-5021.00,7024,0.0
43-5021.00,7021,1.0
43-5021.00,7023,0.0
43-5021.00,7025,0.0
43-5021.00,7022,0.0
43-5031.00,2707,1.0
43-5031.00,2705,0.5
43-5031.00,2706,1.0
43-5031.00,2709,0.5
43-5031.00,2711,0.5
43-5031.00,2708,1.0
43-5031.00,2710,0.5
43-5031.00,2713,0.5
43-5031.00,2712,0.0
43-5031.00,2715,0.5
43-5031.00,2717,0.5
43-5031.00,2714,1.0
43-5031.00,2716,1.0
43-5031.00,2718,1.0
43-5031.00,2719,0.5
43-5031.00,2722,0.0
43-5031.00,2720,0.5
43-5031.00,2721,1.0
43-5032.00,2723,0.5
43-5032.00,2727,0.5
43-5032.00,2726,0.5
43-5032.00,2725,1.0
43-5032.00,2728,1.0
43-5032.00,2731,1.0
43-5032.00,2724,0.5
43-5032.00,2730,0.5
43-5032.00,2732,1.0
43-5032.00,2733,0.5
43-5032.00,2729,0.5
43-5032.00,2734,0.5
43-5032.00,2735,0.5
43-5041.00,11309,0.5
43-5041.00,11311,1.0
43-5041.00,11310,0.0
43-5041.00,11313,0.0
43-5041.00,11312,0.5
43-5041.00,11314,0.0
43-5041.00,11317,1.0
43-5041.00,11318,0.0
43-5041.00,11315,1.0
43-5041.00,11316,1.0
43-5041.00,20904,0.0
43-5041.00,11320,0.0
43-5041.00,11319,0.5
43-5051.00,11322,0.0
43-5051.00,11326,0.5
43-5051.00,11330,0.0
43-5051.00,11323,0.0
43-5051.00,11327,1.0
43-5051.00,11338,0.0
43-5051.00,11325,0.5
43-5051.00,11321,1.0
43-5051.00,11324,0.5
43-5051.00,11328,1.0
43-5051.00,11336,0.0
43-5051.00,11333,0.0
43-5051.00,11335,0.5
43-5051.00,11329,0.5
43-5051.00,11332,0.5
43-5051.00,11334,0.5
43-5051.00,11339,0.0
43-5051.00,11337,0.0
43-5051.00,11331,0.0
43-5051.00,20905,0.5
43-5051.00,11340,0.0
43-5052.00,20906,0.5
43-5052.00,11341,0.0
43-5052.00,11344,0.0
43-5052.00,11342,0.0
43-5052.00,11343,0.0
43-5052.00,11351,0.0
43-5052.00,11346,0.0
43-5052.00,11348,0.0
43-5052.00,11345,0.0
43-5052.00,11350,0.0
43-5052.00,11353,1.0
43-5052.00,11349,0.0
43-5052.00,11347,1.0
43-5052.00,11352,0.0
43-5052.00,11354,1.0
43-5052.00,11355,0.0
43-5052.00,11356,0.0
43-5052.00,11357,0.0
43-5052.00,11359,1.0
43-5052.00,11358,0.0
43-5052.00,11361,0.0
43-5052.00,11360,1.0
43-5053.00,8221,0.0
43-5053.00,8219,0.0
43-5053.00,8227,0.0
43-5053.00,8213,1.0
43-5053.00,8222,0.0
43-5053.00,8214,0.0
43-5053.00,8226,0.0
43-5053.00,8223,0.0
43-5053.00,8229,0.0
43-5053.00,8218,0.0
43-5053.00,8224,0.0
43-5053.00,8217,0.0
43-5053.00,8231,0.0
43-5053.00,8220,1.0
43-5053.00,8225,0.0
43-5053.00,8230,0.0
43-5053.00,8228,0.0
43-5061.00,11370,1.0
43-5061.00,11365,0.5
43-5061.00,11363,1.0
43-5061.00,11372,0.5
43-5061.00,11366,0.5
43-5061.00,11368,0.5
43-5061.00,11364,0.0
43-5061.00,11375,0.5
43-5061.00,11371,0.5
43-5061.00,11362,0.5
43-5061.00,11377,0.5
43-5061.00,11369,1.0
43-5061.00,11373,0.5
43-5061.00,11367,0.5
43-5061.00,11376,0.5
43-5061.00,11374,1.0
43-5061.00,11378,1.0
43-5071.00,20276,0.5
43-5071.00,4742,0.0
43-5071.00,4737,1.0
43-5071.00,20277,0.0
43-5071.00,4739,1.0
43-5071.00,4741,0.5
43-5071.00,20278,0.0
43-5071.00,4740,0.5
43-5071.00,20279,0.5
43-5071.00,4744,1.0
43-5071.00,19834,0.5
43-5111.00,11380,1.0
43-5111.00,11383,0.0
43-5111.00,11379,0.0
43-5111.00,11397,0.0
43-5111.00,11391,0.0
43-5111.00,11386,0.0
43-5111.00,11395,0.0
43-5111.00,11381,0.5
43-5111.00,11394,0.0
43-5111.00,11400,0.5
43-5111.00,11393,0.0
43-5111.00,11392,1.0
43-5111.00,11396,0.5
43-5111.00,11382,0.5
43-5111.00,11384,0.5
43-5111.00,11385,1.0
43-5111.00,11389,0.0
43-5111.00,11388,1.0
43-5111.00,11390,0.0
43-5111.00,11398,0.0
43-5111.00,11399,1.0
43-5111.00,11387,0.0
43-6011.00,2770,0.5
43-6011.00,2779,0.5
43-6011.00,2771,1.0
43-6011.00,18576,0.5
43-6011.00,18573,0.5
43-6011.00,2776,1.0
43-6011.00,2773,1.0
43-6011.00,2775,0.0
43-6011.00,18575,0.5
43-6011.00,2780,0.5
43-6011.00,18574,0.5
43-6011.00,2774,0.5
43-6011.00,2772,1.0
43-6011.00,18577,1.0
43-6011.00,2782,1.0
43-6011.00,18578,0.5
43-6011.00,2788,1.0
43-6011.00,2785,0.5
43-6011.00,2784,0.0
43-6011.00,2781,1.0
43-6011.00,18579,0.5
43-6011.00,2787,0.5
43-6012.00,21078,1.0
43-6012.00,764,1.0
43-6012.00,765,0.5
43-6012.00,766,0.5
43-6012.00,768,0.5
43-6012.00,767,0.5
43-6012.00,769,0.5
43-6012.00,771,1.0
43-6012.00,774,1.0
43-6012.00,18780,1.0
43-6012.00,773,0.5
43-6012.00,21079,0.5
43-6012.00,772,0.5
43-6012.00,770,0.5
43-6013.00,777,0.5
43-6013.00,775,0.5
43-6013.00,788,1.0
43-6013.00,779,0.5
43-6013.00,783,1.0
43-6013.00,781,0.5
43-6013.00,778,0.5
43-6013.00,780,0.5
43-6013.00,782,1.0
43-6013.00,787,0.5
43-6013.00,784,0.5
43-6013.00,786,1.0
43-6013.00,776,1.0
43-6013.00,20438,0.5
43-6013.00,785,0.5
43-6013.00,789,1.0
43-6014.00,2790,0.5
43-6014.00,2791,0.5
43-6014.00,20281,1.0
43-6014.00,20280,1.0
43-6014.00,20283,0.0
43-6014.00,20282,1.0
43-6014.00,2813,0.5
43-6014.00,2801,0.5
43-6014.00,2800,0.5
43-6014.00,20284,1.0
43-6014.00,2795,1.0
43-6014.00,2793,0.5
43-6014.00,2805,1.0
43-6014.00,2794,1.0
43-6014.00,2797,1.0
43-6014.00,2796,0.5
43-6014.00,2799,0.5
43-6014.00,20289,1.0
43-6014.00,2804,0.0
43-6014.00,20290,0.5
43-6014.00,20285,0.5
43-6014.00,20286,0.5
43-6014.00,2809,0.5
43-6014.00,2806,0.5
43-6014.00,2808,0.5
43-6014.00,2812,0.5
43-6014.00,2814,0.0
43-6014.00,2802,0.5
43-6014.00,20287,0.5
43-6014.00,2803,0.5
43-6014.00,2811,1.0
43-6014.00,20288,1.0
43-9021.00,11405,1.0
43-9021.00,11402,1.0
43-9021.00,11403,1.0
43-9021.00,11404,1.0
43-9021.00,11407,1.0
43-9021.00,11401,0.5
43-9021.00,11406,1.0
43-9021.00,11408,0.0
43-9021.00,11409,1.0
43-9022.00,791,0.0
43-9022.00,790,1.0
43-9022.00,794,1.0
43-9022.00,795,0.0
43-9022.00,805,0.0
43-9022.00,803,1.0
43-9022.00,793,1.0
43-9022.00,792,1.0
43-9022.00,797,1.0
43-9022.00,796,1.0
43-9022.00,799,1.0
43-9022.00,801,1.0
43-9022.00,798,1.0
43-9022.00,800,1.0
43-9022.00,802,1.0
43-9022.00,807,0.5
43-9022.00,804,0.0
43-9022.00,21014,0.5
43-9022.00,806,1.0
43-9022.00,808,1.0
43-9031.00,2816,0.5
43-9031.00,2820,0.5
43-9031.00,2815,1.0
43-9031.00,2817,0.5
43-9031.00,2818,1.0
43-9031.00,2824,0.5
43-9031.00,2823,0.5
43-9031.00,2825,1.0
43-9031.00,2829,0.5
43-9031.00,2827,1.0
43-9031.00,2821,0.5
43-9031.00,2822,0.5
43-9031.00,2828,0.5
43-9031.00,2830,1.0
43-9031.00,2831,0.5
43-9031.00,2819,1.0
43-9031.00,2832,0.5
43-9031.00,2826,0.0
43-9041.00,23313,1.0
43-9041.00,23314,0.5
43-9041.00,23315,1.0
43-9041.00,23316,1.0
43-9041.00,23317,0.5
43-9041.00,23318,1.0
43-9041.00,23319,0.5
43-9041.00,23320,1.0
43-9041.00,23321,0.5
43-9041.00,23322,1.0
43-9041.00,23323,1.0
43-9041.00,23324,1.0
43-9041.00,23325,0.5
43-9041.00,23326,1.0
43-9041.00,23327,1.0
43-9041.00,23328,1.0
43-9041.00,23329,1.0
43-9041.00,23330,0.5
43-9041.00,23331,1.0
43-9041.00,23332,0.5
43-9041.00,23333,1.0
43-9041.00,23334,1.0
43-9041.00,23335,0.5
43-9041.00,23336,1.0
43-9041.00,23337,1.0
43-9041.00,23338,1.0
43-9041.00,23339,0.5
43-9051.00,13268,0.0
43-9051.00,13261,0.5
43-9051.00,13276,0.0
43-9051.00,13264,0.0
43-9051.00,13260,0.0
43-9051.00,13266,0.5
43-9051.00,13282,0.0
43-9051.00,13259,0.0
43-9051.00,13265,0.5
43-9051.00,13287,0.0
43-9051.00,13275,0.0
43-9051.00,13270,0.0
43-9051.00,13283,0.0
43-9051.00,13280,1.0
43-9051.00,13284,1.0
43-9051.00,13267,0.0
43-9051.00,13277,0.5
43-9051.00,13262,0.0
43-9051.00,13263,0.0
43-9051.00,13274,0.5
43-9051.00,13281,0.0
43-9051.00,13273,1.0
43-9051.00,13286,0.5
43-9051.00,13272,0.0
43-9051.00,13278,0.0
43-9051.00,13279,1.0
43-9051.00,13271,0.0
43-9051.00,13285,0.0
43-9051.00,13269,0.0
43-9061.00,830,0.0
43-9061.00,827,0.5
43-9061.00,826,0.5
43-9061.00,832,1.0
43-9061.00,828,1.0
43-9061.00,834,0.5
43-9061.00,833,0.5
43-9061.00,831,1.0
43-9061.00,837,0.5
43-9061.00,840,1.0
43-9061.00,836,0.5
43-9061.00,835,0.0
43-9061.00,825,0.0
43-9061.00,829,1.0
43-9061.00,838,1.0
43-9061.00,839,0.5
43-9061.00,843,1.0
43-9061.00,842,0.0
43-9061.00,841,0.0
43-9061.00,845,0.5
43-9061.00,844,1.0
43-9071.00,13288,1.0
43-9071.00,13301,0.0
43-9071.00,13290,0.0
43-9071.00,13292,1.0
43-9071.00,13289,0.5
43-9071.00,13300,1.0
43-9071.00,13291,1.0
43-9071.00,13293,0.0
43-9071.00,13295,0.0
43-9071.00,13294,0.0
43-9071.00,13298,0.0
43-9071.00,13297,1.0
43-9071.00,13299,0.0
43-9071.00,13296,0.5
43-9071.00,13302,0.5
43-9071.00,13304,0.0
43-9071.00,13303,0.5
43-9071.00,13305,0.0
43-9081.00,5159,1.0
43-9081.00,5160,1.0
43-9081.00,5158,1.0
43-9081.00,5161,1.0
43-9081.00,5163,1.0
43-9081.00,5162,1.0
43-9081.00,20907,1.0
43-9081.00,20908,1.0
43-9081.00,20909,1.0
43-9081.00,20910,0.5
43-9081.00,5165,1.0
43-9111.00,9788,1.0
43-9111.00,9792,1.0
43-9111.00,9789,1.0
43-9111.00,9791,1.0
43-9111.00,9793,1.0
43-9111.00,9795,1.0
43-9111.00,9797,1.0
43-9111.00,9798,1.0
43-9111.00,9790,1.0
43-9111.00,9800,0.5
43-9111.00,9799,0.5
43-9111.00,9796,1.0
43-9111.00,9794,0.0
43-9111.00,9801,0.5
45-1011.00,23340,0.0
45-1011.00,23341,1.0
45-1011.00,23342,0.0
45-1011.00,23343,0.0
45-1011.00,23344,0.5
45-1011.00,23345,0.0
45-1011.00,23346,0.0
45-1011.00,23347,0.0
45-1011.00,23348,0.0
45-1011.00,23349,0.0
45-1011.00,23350,1.0
45-1011.00,23351,0.5
45-1011.00,23352,0.0
45-1011.00,23353,0.0
45-1011.00,23354,0.5
45-1011.00,23355,0.0
45-1011.00,23356,0.5
45-1011.00,23357,0.0
45-1011.00,23358,0.0
45-1011.00,23359,1.0
45-1011.00,23360,0.0
45-1011.00,23361,0.5
45-1011.00,23362,1.0
45-1011.00,23363,0.5
45-1011.00,23364,0.0
45-1011.00,23365,0.0
45-1011.00,23366,0.5
45-1011.00,23367,0.0
45-1011.00,23368,0.5
45-1011.00,23369,0.5
45-2011.00,14854,0.0
45-2011.00,14850,0.5
45-2011.00,14859,0.5
45-2011.00,14846,0.0
45-2011.00,14857,0.5
45-2011.00,14853,0.0
45-2011.00,14855,0.0
45-2011.00,14848,0.0
45-2011.00,14852,0.0
45-2011.00,14863,0.5
45-2011.00,14847,0.0
45-2011.00,14856,0.0
45-2011.00,14862,0.5
45-2011.00,14851,1.0
45-2011.00,14860,0.0
45-2011.00,14849,0.0
45-2011.00,14865,0.5
45-2011.00,14861,0.5
45-2011.00,14866,0.5
45-2011.00,14868,0.0
45-2011.00,14864,1.0
45-2011.00,14867,0.5
45-2021.00,8232,0.0
45-2021.00,8237,0.0
45-2021.00,8236,0.0
45-2021.00,21080,0.0
45-2021.00,8235,0.5
45-2021.00,8233,0.5
45-2021.00,8240,0.0
45-2021.00,8238,1.0
45-2021.00,8251,0.0
45-2021.00,8246,0.5
45-2021.00,8234,0.0
45-2021.00,21081,0.0
45-2021.00,21082,0.0
45-2021.00,8249,0.0
45-2021.00,8245,1.0
45-2021.00,8248,0.0
45-2021.00,8244,0.0
45-2021.00,8241,0.0
45-2021.00,8242,0.0
45-2021.00,8243,0.0
45-2021.00,8239,0.0
45-2021.00,8247,0.0
45-2021.00,8252,0.0
45-2021.00,8250,0.0
45-2041.00,13352,0.0
45-2041.00,13351,0.0
45-2041.00,13350,0.0
45-2041.00,13349,0.0
45-2041.00,13353,1.0
45-2041.00,13354,0.0
45-2091.00,13369,0.0
45-2091.00,13358,0.0
45-2091.00,13363,0.0
45-2091.00,13356,0.0
45-2091.00,13360,0.0
45-2091.00,13359,0.0
45-2091.00,13355,0.0
45-2091.00,13364,0.0
45-2091.00,13362,0.0
45-2091.00,13361,0.0
45-2091.00,13365,0.0
45-2091.00,13368,0.0
45-2091.00,13367,0.0
45-2091.00,13366,0.0
45-2091.00,13370,0.0
45-2091.00,13371,0.0
45-2091.00,13357,0.0
45-2092.00,23387,1.0
45-2092.00,23379,0.0
45-2092.00,23392,0.0
45-2092.00,23370,0.0
45-2092.00,23373,0.0
45-2092.00,23374,0.0
45-2092.00,23372,0.0
45-2092.00,23378,0.0
45-2092.00,23380,0.5
45-2092.00,23371,0.0
45-2092.00,23397,0.0
45-2092.00,23375,0.0
45-2092.00,23376,0.0
45-2092.00,23377,0.0
45-2092.00,23381,0.0
45-2092.00,23382,0.0
45-2092.00,23383,0.5
45-2092.00,23384,0.5
45-2092.00,23385,0.0
45-2092.00,23386,0.0
45-2092.00,23390,1.0
45-2092.00,23389,0.5
45-2092.00,23391,0.0
45-2092.00,23393,0.5
45-2092.00,23394,0.0
45-2092.00,23395,0.0
45-2092.00,23396,0.0
45-2092.00,23398,0.0
45-2092.00,23388,0.0
45-2092.00,23399,0.0
45-2093.00,13410,0.0
45-2093.00,13419,0.0
45-2093.00,13412,0.5
45-2093.00,13413,0.0
45-2093.00,13418,0.0
45-2093.00,13411,0.0
45-2093.00,13424,0.0
45-2093.00,13415,0.0
45-2093.00,13416,0.0
45-2093.00,13417,0.0
45-2093.00,13414,0.0
45-2093.00,13420,0.0
45-2093.00,13430,0.0
45-2093.00,13421,0.5
45-2093.00,13422,0.0
45-2093.00,13425,0.0
45-2093.00,13429,0.0
45-2093.00,13426,0.5
45-2093.00,13427,0.0
45-2093.00,13428,0.0
45-2093.00,13431,0.0
45-2093.00,13423,0.0
45-3031.00,23400,0.0
45-3031.00,23401,0.0
45-3031.00,23402,0.0
45-3031.00,23403,0.0
45-3031.00,23404,0.0
45-3031.00,23405,0.0
45-3031.00,23406,0.0
45-3031.00,23407,0.0
45-3031.00,23408,0.0
45-3031.00,23409,0.0
45-3031.00,23410,0.5
45-3031.00,23411,0.0
45-3031.00,23412,0.0
45-3031.00,23413,0.0
45-3031.00,23414,0.5
45-3031.00,23415,0.0
45-3031.00,23416,0.0
45-3031.00,23417,0.0
45-3031.00,23418,0.0
45-3031.00,23419,0.0
45-3031.00,23420,0.0
45-3031.00,23421,0.0
45-3031.00,23422,0.0
45-3031.00,23423,0.0
45-3031.00,23424,0.0
45-3031.00,23425,0.0
45-3031.00,23426,0.0
45-3031.00,23427,0.0
45-3031.00,23428,0.0
45-3031.00,23429,0.5
45-4011.00,7026,0.0
45-4011.00,7027,0.0
45-4011.00,7036,0.0
45-4011.00,7046,0.0
45-4011.00,7032,0.0
45-4011.00,7035,1.0
45-4011.00,7031,0.0
45-4011.00,7033,0.0
45-4011.00,20632,0.0
45-4011.00,7042,0.0
45-4011.00,7041,0.0
45-4011.00,7029,0.0
45-4011.00,7043,0.0
45-4011.00,7037,0.0
45-4011.00,7028,0.0
45-4011.00,7040,0.0
45-4011.00,7030,0.0
45-4011.00,7045,0.0
45-4011.00,7034,0.0
45-4011.00,7039,0.0
45-4011.00,7038,0.0
45-4021.00,13484,0.0
45-4021.00,13485,0.0
45-4021.00,13486,0.0
45-4021.00,13487,0.0
45-4021.00,13488,0.0
45-4021.00,13489,0.5
45-4021.00,13490,0.0
45-4021.00,13491,0.0
45-4021.00,13492,0.0
45-4021.00,13493,0.0
45-4021.00,13494,0.0
45-4021.00,13495,0.0
45-4021.00,13496,0.0
45-4021.00,13497,0.0
45-4021.00,13498,0.0
45-4021.00,13499,0.0
45-4021.00,13500,0.0
45-4021.00,13501,0.0
45-4021.00,13502,0.0
45-4022.00,9802,0.0
45-4022.00,9807,0.0
45-4022.00,9806,0.0
45-4022.00,9803,0.0
45-4022.00,9804,0.0
45-4022.00,9809,1.0
45-4022.00,9805,0.0
45-4022.00,9808,0.0
45-4022.00,9810,1.0
45-4023.00,9811,0.5
45-4023.00,9812,0.5
45-4023.00,9814,0.5
45-4023.00,9813,0.0
45-4023.00,9817,0.0
45-4023.00,9816,0.5
45-4023.00,21015,0.0
45-4023.00,9820,0.0
45-4023.00,9815,0.0
45-4023.00,9819,0.0
45-4023.00,9818,0.0
45-4023.00,9821,0.0
45-4023.00,9822,0.0
47-1011.00,20291,0.5
47-1011.00,11424,0.5
47-1011.00,11426,0.5
47-1011.00,11432,0.5
47-1011.00,11428,0.5
47-1011.00,11425,0.5
47-1011.00,11435,0.5
47-1011.00,11429,0.5
47-1011.00,11434,0.0
47-1011.00,11430,0.5
47-1011.00,11427,0.0
47-1011.00,11436,0.0
47-1011.00,11433,0.0
47-1011.00,11431,1.0
47-1011.00,11437,0.5
47-1011.03,17726,0.0
47-1011.03,17735,0.5
47-1011.03,17738,0.5
47-1011.03,17725,0.5
47-1011.03,17730,0.5
47-1011.03,17727,0.5
47-1011.03,17732,0.5
47-1011.03,17737,0.5
47-1011.03,17729,0.5
47-1011.03,17731,0.0
47-1011.03,17728,0.5
47-1011.03,17736,0.5
47-1011.03,17733,0.5
47-1011.03,17734,0.5
47-1011.03,17739,0.5
47-2011.00,11442,0.0
47-2011.00,11446,0.5
47-2011.00,11441,0.0
47-2011.00,11450,0.0
47-2011.00,11439,0.0
47-2011.00,11449,0.0
47-2011.00,11445,0.0
47-2011.00,11451,0.0
47-2011.00,11454,0.0
47-2011.00,11444,0.0
47-2011.00,11438,0.0
47-2011.00,11448,0.0
47-2011.00,11440,0.0
47-2011.00,11447,0.0
47-2011.00,11453,0.0
47-2011.00,11452,0.0
47-2011.00,11443,0.0
47-2021.00,4769,0.0
47-2021.00,4768,0.0
47-2021.00,4775,0.0
47-2021.00,4770,0.0
47-2021.00,4772,0.0
47-2021.00,4774,0.5
47-2021.00,4773,0.0
47-2021.00,4771,0.0
47-2021.00,4778,0.0
47-2021.00,4777,0.0
47-2021.00,4776,0.0
47-2021.00,4780,0.0
47-2021.00,4779,0.0
47-2021.00,4781,0.0
47-2022.00,8766,0.0
47-2022.00,8767,0.0
47-2022.00,8768,0.0
47-2022.00,8769,0.0
47-2022.00,8770,0.0
47-2022.00,8771,0.0
47-2022.00,8772,0.0
47-2022.00,8773,0.0
47-2022.00,8774,0.0
47-2022.00,8775,0.0
47-2022.00,8776,0.0
47-2022.00,8777,0.0
47-2022.00,8778,0.0
47-2022.00,8779,0.0
47-2022.00,8780,0.0
47-2022.00,8781,0.0
47-2022.00,8782,0.0
47-2031.00,23430,0.0
47-2031.00,23432,0.0
47-2031.00,23443,0.0
47-2031.00,23431,0.5
47-2031.00,23433,0.0
47-2031.00,23435,0.0
47-2031.00,23442,0.5
47-2031.00,23440,0.0
47-2031.00,23434,0.0
47-2031.00,23438,1.0
47-2031.00,23446,0.0
47-2031.00,23445,0.5
47-2031.00,23441,0.0
47-2031.00,23444,0.0
47-2031.00,23447,0.0
47-2031.00,23458,0.0
47-2031.00,23451,0.0
47-2031.00,23455,0.0
47-2031.00,23437,0.5
47-2031.00,23439,0.0
47-2031.00,23448,0.0
47-2031.00,23436,0.5
47-2031.00,23457,0.0
47-2031.00,23452,0.0
47-2031.00,23454,0.5
47-2031.00,23453,0.0
47-2031.00,23450,0.0
47-2031.00,23449,0.0
47-2031.00,23456,0.0
47-2041.00,2835,0.0
47-2041.00,2836,0.0
47-2041.00,2833,0.0
47-2041.00,2834,0.0
47-2041.00,2837,0.0
47-2041.00,2838,0.0
47-2041.00,2839,0.5
47-2041.00,2841,0.0
47-2041.00,20142,0.0
47-2041.00,2844,0.0
47-2041.00,2842,0.0
47-2041.00,2840,0.0
47-2041.00,2843,0.0
47-2041.00,2845,0.5
47-2041.00,2846,0.0
47-2041.00,2847,0.0
47-2042.00,8253,0.0
47-2042.00,8254,0.0
47-2042.00,8255,0.0
47-2042.00,8256,0.0
47-2042.00,8257,0.0
47-2042.00,8258,0.0
47-2042.00,8259,0.0
47-2042.00,8260,0.0
47-2042.00,8261,0.0
47-2042.00,8262,0.0
47-2042.00,8263,0.0
47-2042.00,8264,0.0
47-2042.00,8265,0.0
47-2042.00,8266,0.0
47-2043.00,23933,0.0
47-2043.00,14870,0.0
47-2043.00,14869,0.5
47-2043.00,14872,0.0
47-2043.00,14871,0.0
47-2043.00,14873,0.0
47-2043.00,14874,0.0
47-2044.00,2850,0.0
47-2044.00,2864,0.0
47-2044.00,2848,0.0
47-2044.00,2849,0.5
47-2044.00,2855,0.5
47-2044.00,2851,0.0
47-2044.00,2860,0.0
47-2044.00,2853,0.0
47-2044.00,2852,0.0
47-2044.00,2856,0.0
47-2044.00,2858,0.0
47-2044.00,2869,0.0
47-2044.00,2866,0.0
47-2044.00,2871,0.0
47-2044.00,2863,0.0
47-2044.00,2854,1.0
47-2044.00,2859,0.5
47-2044.00,2870,0.0
47-2044.00,2862,0.0
47-2044.00,2861,0.0
47-2044.00,2865,0.0
47-2044.00,2868,0.0
47-2044.00,2867,0.0
47-2044.00,2857,0.0
47-2044.00,2872,0.0
47-2051.00,7047,0.0
47-2051.00,7048,0.0
47-2051.00,7049,0.0
47-2051.00,7051,0.0
47-2051.00,7050,0.0
47-2051.00,7052,0.0
47-2051.00,7055,0.0
47-2051.00,7053,0.0
47-2051.00,7061,0.0
47-2051.00,7054,0.0
47-2051.00,7069,0.0
47-2051.00,7059,0.0
47-2051.00,7068,0.0
47-2051.00,7056,0.0
47-2051.00,7062,0.0
47-2051.00,7057,0.0
47-2051.00,7058,0.0
47-2051.00,7060,0.0
47-2051.00,7064,0.0
47-2051.00,7065,0.0
47-2051.00,7067,0.0
47-2051.00,7072,0.0
47-2051.00,7066,0.0
47-2051.00,7071,0.0
47-2051.00,7070,0.0
47-2051.00,7063,0.0
47-2053.00,9825,0.0
47-2053.00,9829,0.0
47-2053.00,9823,0.0
47-2053.00,9824,0.0
47-2053.00,9831,0.0
47-2053.00,9827,0.0
47-2053.00,9828,0.0
47-2053.00,9832,0.0
47-2053.00,9830,0.0
47-2053.00,9838,0.0
47-2053.00,9837,0.0
47-2053.00,9834,0.0
47-2053.00,9835,0.0
47-2053.00,9833,0.0
47-2053.00,9839,0.0
47-2053.00,9826,0.0
47-2053.00,9841,0.0
47-2053.00,9840,0.0
47-2053.00,9836,0.0
47-2053.00,9845,0.0
47-2053.00,9848,0.0
47-2053.00,9842,0.0
47-2053.00,9846,0.0
47-2053.00,9844,0.0
47-2053.00,9847,0.0
47-2053.00,9843,0.0
47-2061.00,11472,0.0
47-2061.00,11465,0.0
47-2061.00,11458,0.0
47-2061.00,11456,0.5
47-2061.00,11461,0.5
47-2061.00,11455,0.0
47-2061.00,11459,0.0
47-2061.00,11462,0.0
47-2061.00,11476,0.0
47-2061.00,19837,0.0
47-2061.00,11460,0.0
47-2061.00,19838,0.0
47-2061.00,11457,0.0
47-2061.00,11469,0.0
47-2061.00,11468,0.0
47-2061.00,11467,0.0
47-2061.00,11463,0.0
47-2061.00,11471,0.0
47-2061.00,19836,0.0
47-2061.00,19835,0.0
47-2061.00,11482,0.0
47-2061.00,11481,0.0
47-2061.00,11473,0.0
47-2061.00,11464,0.0
47-2061.00,11478,0.0
47-2061.00,11474,0.0
47-2061.00,11480,0.0
47-2061.00,11477,0.0
47-2061.00,11466,0.0
47-2061.00,11483,0.0
47-2061.00,11479,0.0
47-2061.00,11475,0.0
47-2071.00,4796,0.0
47-2071.00,4809,0.0
47-2071.00,4807,0.0
47-2071.00,4805,0.0
47-2071.00,4800,0.0
47-2071.00,4804,0.0
47-2071.00,4797,0.0
47-2071.00,4801,0.0
47-2071.00,4798,0.0
47-2071.00,4806,0.0
47-2071.00,20143,0.0
47-2071.00,4803,0.0
47-2071.00,4802,0.0
47-2071.00,4799,0.0
47-2071.00,4814,0.0
47-2071.00,4810,0.0
47-2071.00,4813,0.0
47-2071.00,4811,0.0
47-2071.00,4812,0.0
47-2071.00,4808,0.0
47-2072.00,14901,0.0
47-2072.00,14904,0.0
47-2072.00,14903,0.0
47-2072.00,14902,0.0
47-2072.00,14905,0.0
47-2073.00,9849,0.0
47-2073.00,9850,0.0
47-2073.00,9852,0.0
47-2073.00,9858,0.0
47-2073.00,9855,0.0
47-2073.00,9853,0.0
47-2073.00,9868,0.0
47-2073.00,9860,0.0
47-2073.00,9856,0.0
47-2073.00,9857,0.0
47-2073.00,9859,0.0
47-2073.00,9854,0.0
47-2073.00,9862,0.0
47-2073.00,9864,0.0
47-2073.00,9863,0.0
47-2073.00,9875,0.0
47-2073.00,9872,1.0
47-2073.00,9851,0.0
47-2073.00,9861,0.0
47-2073.00,9870,0.0
47-2073.00,9867,0.0
47-2073.00,9873,0.0
47-2073.00,9871,0.0
47-2073.00,9869,0.0
47-2073.00,9866,0.0
47-2073.00,9865,0.0
47-2073.00,9877,0.5
47-2073.00,9874,0.0
47-2081.00,13504,0.5
47-2081.00,13503,0.5
47-2081.00,13505,0.0
47-2081.00,13507,0.0
47-2081.00,13509,0.0
47-2081.00,13515,0.0
47-2081.00,13513,0.0
47-2081.00,13514,0.0
47-2081.00,13512,0.0
47-2081.00,13508,0.0
47-2081.00,13511,0.0
47-2081.00,13519,0.0
47-2081.00,13510,0.0
47-2081.00,13516,0.0
47-2081.00,13517,0.0
47-2081.00,13506,0.0
47-2081.00,13518,0.0
47-2081.00,13522,0.0
47-2081.00,13520,0.0
47-2081.00,13528,0.0
47-2081.00,13527,0.0
47-2081.00,13521,0.0
47-2081.00,13525,0.0
47-2081.00,13523,0.0
47-2081.00,13524,0.0
47-2081.00,13526,0.0
47-2082.00,13530,0.0
47-2082.00,13531,0.0
47-2082.00,13537,0.0
47-2082.00,13534,0.0
47-2082.00,13533,0.0
47-2082.00,13535,0.0
47-2082.00,13532,0.0
47-2082.00,20788,0.0
47-2082.00,13541,0.0
47-2082.00,13540,0.0
47-2082.00,13529,0.0
47-2082.00,13538,0.0
47-2082.00,13542,0.0
47-2082.00,13543,0.0
47-2082.00,13539,0.0
47-2082.00,13536,0.0
47-2111.00,2882,0.5
47-2111.00,2888,0.0
47-2111.00,2887,0.0
47-2111.00,2883,0.0
47-2111.00,2873,0.0
47-2111.00,2875,0.0
47-2111.00,2879,0.0
47-2111.00,2880,0.5
47-2111.00,2881,0.0
47-2111.00,2878,0.0
47-2111.00,2874,0.0
47-2111.00,2876,0.0
47-2111.00,2884,0.0
47-2111.00,2877,0.0
47-2111.00,2886,0.0
47-2111.00,20439,0.0
47-2111.00,2892,1.0
47-2111.00,2885,1.0
47-2111.00,2890,0.0
47-2111.00,2891,0.0
47-2111.00,2893,0.0
47-2121.00,11486,0.0
47-2121.00,11485,0.0
47-2121.00,11488,0.0
47-2121.00,11502,0.0
47-2121.00,11490,0.0
47-2121.00,11501,0.0
47-2121.00,11500,0.5
47-2121.00,11492,0.0
47-2121.00,11496,0.0
47-2121.00,11484,0.5
47-2121.00,11495,0.0
47-2121.00,11487,0.5
47-2121.00,11507,0.0
47-2121.00,11494,0.0
47-2121.00,11499,0.0
47-2121.00,11503,0.0
47-2121.00,11491,0.0
47-2121.00,11493,0.0
47-2121.00,11489,0.0
47-2121.00,11498,0.0
47-2121.00,11497,0.0
47-2121.00,11505,0.5
47-2121.00,11506,0.0
47-2121.00,11504,0.0
47-2121.00,11510,0.5
47-2121.00,11508,0.0
47-2121.00,11509,0.0
47-2131.00,13545,0.0
47-2131.00,13547,0.0
47-2131.00,13546,0.0
47-2131.00,13549,0.0
47-2131.00,13551,0.0
47-2131.00,13550,0.0
47-2131.00,13548,0.0
47-2131.00,13544,0.5
47-2131.00,13553,0.0
47-2131.00,13552,0.0
47-2132.00,13554,0.0
47-2132.00,13555,0.0
47-2132.00,13556,0.0
47-2132.00,13557,0.0
47-2132.00,13558,0.0
47-2132.00,13559,0.0
47-2132.00,13560,0.5
47-2132.00,13561,0.0
47-2132.00,13562,0.0
47-2132.00,13563,0.0
47-2132.00,13564,0.0
47-2132.00,13565,0.0
47-2132.00,13566,0.0
47-2141.00,11512,0.0
47-2141.00,11511,0.0
47-2141.00,11523,0.0
47-2141.00,11516,0.0
47-2141.00,11513,0.0
47-2141.00,11514,0.0
47-2141.00,11517,0.0
47-2141.00,11520,0.0
47-2141.00,11515,1.0
47-2141.00,11524,0.0
47-2141.00,11519,0.0
47-2141.00,11522,0.0
47-2141.00,11521,0.0
47-2141.00,11518,0.0
47-2141.00,11525,0.0
47-2141.00,11527,0.0
47-2141.00,11526,0.0
47-2141.00,11528,0.0
47-2141.00,11529,0.0
47-2142.00,14906,0.0
47-2142.00,14907,0.0
47-2142.00,14908,0.0
47-2142.00,14909,0.0
47-2142.00,14910,0.0
47-2142.00,14911,0.0
47-2142.00,14912,0.0
47-2142.00,14913,0.0
47-2142.00,14914,0.0
47-2142.00,14915,0.0
47-2142.00,14916,0.5
47-2142.00,14917,0.0
47-2142.00,14918,0.0
47-2142.00,14919,0.0
47-2142.00,14920,0.0
47-2142.00,14921,0.0
47-2142.00,14922,0.0
47-2142.00,14923,0.0
47-2142.00,14924,0.0
47-2142.00,14925,0.0
47-2151.00,11535,0.0
47-2151.00,11533,0.0
47-2151.00,11532,0.0
47-2151.00,11531,0.0
47-2151.00,11534,0.0
47-2151.00,11538,0.0
47-2151.00,11530,0.0
47-2151.00,11537,0.5
47-2151.00,11540,0.0
47-2151.00,11536,0.0
47-2151.00,11539,0.0
47-2151.00,11542,0.0
47-2151.00,11543,0.0
47-2151.00,11541,0.0
47-2152.00,23469,0.0
47-2152.00,23478,0.0
47-2152.00,23466,0.0
47-2152.00,23474,0.0
47-2152.00,23459,0.0
47-2152.00,23460,0.5
47-2152.00,23462,0.0
47-2152.00,23475,0.5
47-2152.00,23465,0.0
47-2152.00,23472,0.0
47-2152.00,23471,0.0
47-2152.00,23461,0.0
47-2152.00,23467,0.0
47-2152.00,23476,0.0
47-2152.00,23463,0.0
47-2152.00,23464,0.0
47-2152.00,23468,0.0
47-2152.00,23477,0.5
47-2152.00,23470,1.0
47-2152.00,23479,0.0
47-2152.00,23473,0.0
47-2152.00,23488,0.0
47-2152.00,23481,0.0
47-2152.00,23480,0.0
47-2152.00,23482,0.5
47-2152.00,23484,0.0
47-2152.00,23483,0.0
47-2152.00,23487,0.0
47-2152.00,23485,0.0
47-2152.00,23486,0.0
47-2152.04,17782,0.0
47-2152.04,17784,0.0
47-2152.04,17780,0.0
47-2152.04,17775,0.0
47-2152.04,17773,0.0
47-2152.04,17786,0.0
47-2152.04,17774,0.0
47-2152.04,17776,0.0
47-2152.04,17781,0.0
47-2152.04,17772,0.0
47-2152.04,17766,0.5
47-2152.04,17771,0.0
47-2152.04,17767,0.0
47-2152.04,17777,0.0
47-2152.04,17768,0.0
47-2152.04,17770,0.0
47-2152.04,17785,0.0
47-2152.04,17779,0.0
47-2152.04,17778,0.0
47-2152.04,17769,0.5
47-2152.04,17783,0.0
47-2161.00,20789,0.0
47-2161.00,20790,0.0
47-2161.00,9879,0.0
47-2161.00,9878,0.0
47-2161.00,20791,0.0
47-2161.00,20792,1.0
47-2161.00,9885,0.0
47-2161.00,9883,0.0
47-2161.00,9880,0.0
47-2161.00,9881,0.0
47-2161.00,9884,0.0
47-2161.00,9882,0.0
47-2161.00,9886,0.0
47-2161.00,9887,0.0
47-2161.00,9888,0.0
47-2171.00,13569,0.5
47-2171.00,13568,0.0
47-2171.00,13567,0.0
47-2171.00,13571,0.0
47-2171.00,13570,0.0
47-2171.00,13572,0.0
47-2171.00,13573,0.0
47-2181.00,13574,0.5
47-2181.00,13586,0.0
47-2181.00,13575,0.0
47-2181.00,20793,0.5
47-2181.00,13578,0.0
47-2181.00,13584,0.0
47-2181.00,13580,0.0
47-2181.00,13592,0.0
47-2181.00,13579,0.0
47-2181.00,20794,0.0
47-2181.00,13585,0.0
47-2181.00,13590,0.0
47-2181.00,19851,0.0
47-2181.00,13587,0.0
47-2181.00,13581,0.0
47-2181.00,13583,0.0
47-2181.00,13593,0.0
47-2181.00,13594,0.0
47-2181.00,13591,0.0
47-2181.00,19853,0.0
47-2181.00,19855,0.0
47-2181.00,13595,0.0
47-2181.00,19856,0.0
47-2181.00,13589,0.0
47-2181.00,19852,0.0
47-2181.00,13596,0.0
47-2181.00,19850,0.0
47-2181.00,19854,0.0
47-2211.00,5169,0.5
47-2211.00,20638,0.5
47-2211.00,20639,0.0
47-2211.00,5173,0.0
47-2211.00,5175,0.0
47-2211.00,19858,0.0
47-2211.00,5171,0.0
47-2211.00,5176,0.0
47-2211.00,5178,0.0
47-2211.00,5174,0.0
47-2211.00,5179,0.0
47-2211.00,5170,0.0
47-2211.00,18782,0.0
47-2211.00,5177,0.0
47-2211.00,20640,0.5
47-2211.00,20641,0.0
47-2211.00,20642,0.0
47-2211.00,19862,0.0
47-2211.00,20643,0.0
47-2211.00,19860,0.0
47-2211.00,20644,0.0
47-2211.00,19861,0.0
47-2211.00,19859,0.0
47-2211.00,19857,0.0
47-2221.00,11544,0.5
47-2221.00,11546,0.0
47-2221.00,11548,0.0
47-2221.00,11553,0.0
47-2221.00,20795,0.0
47-2221.00,11545,0.0
47-2221.00,11552,0.0
47-2221.00,11556,0.0
47-2221.00,11555,0.0
47-2221.00,11551,0.0
47-2221.00,11557,0.0
47-2221.00,11558,0.0
47-2221.00,11554,0.0
47-2221.00,11550,0.0
47-2221.00,11559,0.0
47-2221.00,11549,0.0
47-2221.00,11563,0.0
47-2221.00,11560,0.0
47-2221.00,11562,0.0
47-2221.00,11561,0.0
47-2231.00,17742,0.0
47-2231.00,17740,0.0
47-2231.00,17745,0.0
47-2231.00,17747,0.0
47-2231.00,17756,0.0
47-2231.00,17755,0.0
47-2231.00,17753,0.0
47-2231.00,17751,0.0
47-2231.00,17746,0.0
47-2231.00,17761,0.0
47-2231.00,17752,0.0
47-2231.00,17759,0.0
47-2231.00,17754,0.5
47-2231.00,17762,0.5
47-2231.00,17757,0.0
47-2231.00,17749,0.5
47-2231.00,17765,0.5
47-2231.00,17748,0.0
47-2231.00,17743,0.0
47-2231.00,17741,0.0
47-2231.00,17744,0.0
47-2231.00,17764,0.0
47-2231.00,17758,0.0
47-2231.00,17763,0.5
47-2231.00,17750,0.5
47-2231.00,17760,0.0
47-3011.00,13600,0.0
47-3011.00,13598,0.0
47-3011.00,13597,0.0
47-3011.00,13603,0.0
47-3011.00,13606,0.0
47-3011.00,13604,0.0
47-3011.00,13599,0.0
47-3011.00,13610,0.0
47-3011.00,13605,0.0
47-3011.00,13607,0.0
47-3011.00,13608,0.0
47-3011.00,13601,0.0
47-3011.00,13611,0.0
47-3011.00,13609,0.0
47-3011.00,13602,0.0
47-3012.00,8271,0.0
47-3012.00,8270,0.0
47-3012.00,8276,0.0
47-3012.00,8269,0.0
47-3012.00,20443,0.0
47-3012.00,20444,0.0
47-3012.00,8267,0.0
47-3012.00,8273,0.0
47-3012.00,8272,0.0
47-3012.00,8268,0.0
47-3012.00,8278,0.0
47-3012.00,8279,0.0
47-3012.00,8280,0.0
47-3012.00,8275,0.0
47-3012.00,8277,0.0
47-3012.00,8281,0.0
47-3012.00,8282,0.0
47-3012.00,8283,0.0
47-3013.00,4833,0.0
47-3013.00,4832,0.0
47-3013.00,4840,0.0
47-3013.00,4839,0.0
47-3013.00,4842,0.0
47-3013.00,4835,0.0
47-3013.00,4844,0.0
47-3013.00,4834,0.0
47-3013.00,4838,0.0
47-3013.00,4846,0.0
47-3013.00,4841,0.0
47-3013.00,4837,0.0
47-3013.00,4845,0.0
47-3013.00,4836,0.0
47-3013.00,4848,0.0
47-3013.00,4847,0.0
47-3013.00,4853,0.0
47-3013.00,4849,1.0
47-3013.00,4843,0.0
47-3013.00,4854,0.0
47-3013.00,4855,0.0
47-3013.00,4850,0.0
47-3013.00,4852,0.0
47-3013.00,4851,0.0
47-3014.00,13612,0.0
47-3014.00,13613,0.0
47-3014.00,13614,0.0
47-3014.00,13615,0.0
47-3014.00,13616,0.0
47-3014.00,13617,0.0
47-3014.00,13618,0.0
47-3014.00,13619,0.0
47-3014.00,13620,0.0
47-3014.00,13621,0.0
47-3014.00,13622,0.0
47-3015.00,4858,0.0
47-3015.00,4857,0.0
47-3015.00,20144,0.0
47-3015.00,4862,0.0
47-3015.00,4864,0.0
47-3015.00,4861,0.0
47-3015.00,4860,0.0
47-3015.00,4859,0.0
47-3015.00,4863,0.0
47-3015.00,4865,0.0
47-3015.00,4866,0.0
47-3015.00,4867,0.0
47-3015.00,4870,0.0
47-3015.00,4868,0.0
47-3015.00,4869,0.0
47-3016.00,14926,0.0
47-3016.00,14927,0.0
47-3016.00,14928,0.0
47-3016.00,14929,0.0
47-3016.00,14930,0.0
47-3016.00,14931,0.0
47-3016.00,14932,0.0
47-3016.00,14933,0.0
47-3016.00,14934,0.0
47-3016.00,14935,0.0
47-3016.00,14936,0.0
47-3016.00,14937,0.0
47-3016.00,14938,0.0
47-3016.00,14939,0.0
47-3016.00,14940,0.0
47-3016.00,14941,0.0
47-3016.00,14942,0.0
47-3016.00,14943,0.0
47-4011.00,878,0.0
47-4011.00,20447,0.5
47-4011.00,872,0.0
47-4011.00,869,0.0
47-4011.00,871,0.5
47-4011.00,870,0.5
47-4011.00,20445,0.0
47-4011.00,873,0.5
47-4011.00,880,0.0
47-4011.00,20446,0.0
47-4011.00,875,0.5
47-4011.00,19863,0.5
47-4011.00,20450,0.0
47-4011.00,19866,0.5
47-4011.00,19864,0.5
47-4011.00,20449,0.5
47-4011.00,20448,0.0
47-4011.00,19867,0.0
47-4011.00,19865,0.5
47-4011.01,18082,0.5
47-4011.01,18074,0.5
47-4011.01,19561,0.5
47-4011.01,18083,0.5
47-4011.01,18077,0.5
47-4011.01,18073,0.5
47-4011.01,18076,0.5
47-4011.01,19560,0.5
47-4011.01,18087,0.5
47-4011.01,18078,0.5
47-4011.01,18071,0.0
47-4011.01,18081,0.5
47-4011.01,18072,0.0
47-4011.01,18086,0.5
47-4011.01,19562,0.5
47-4011.01,18075,0.5
47-4011.01,18084,0.5
47-4011.01,18080,0.5
47-4011.01,18079,0.5
47-4011.01,18085,0.0
47-4011.01,19563,0.5
47-4021.00,11564,0.0
47-4021.00,11565,0.0
47-4021.00,11566,0.0
47-4021.00,11567,1.0
47-4021.00,11568,0.0
47-4021.00,11569,0.0
47-4021.00,11570,0.5
47-4021.00,11571,0.0
47-4021.00,11572,0.0
47-4021.00,11573,1.0
47-4021.00,11574,1.0
47-4021.00,11575,0.0
47-4021.00,11576,0.0
47-4021.00,11577,0.0
47-4021.00,11578,0.0
47-4021.00,11579,0.0
47-4021.00,11580,0.0
47-4021.00,11581,0.0
47-4021.00,11582,0.0
47-4021.00,11583,0.0
47-4031.00,13623,0.0
47-4031.00,13627,0.0
47-4031.00,13625,0.0
47-4031.00,13624,0.0
47-4031.00,13637,0.0
47-4031.00,13626,0.0
47-4031.00,13633,0.0
47-4031.00,13634,0.0
47-4031.00,13629,0.0
47-4031.00,13630,0.0
47-4031.00,13631,0.0
47-4031.00,13628,1.0
47-4031.00,13632,0.0
47-4031.00,13635,0.0
47-4031.00,13641,0.0
47-4031.00,13636,0.0
47-4031.00,13638,0.0
47-4031.00,13639,0.0
47-4031.00,13640,0.0
47-4031.00,13642,0.0
47-4041.00,20796,0.0
47-4041.00,11591,0.0
47-4041.00,11594,0.5
47-4041.00,20797,0.0
47-4041.00,11584,0.0
47-4041.00,11588,0.0
47-4041.00,11589,0.0
47-4041.00,19872,0.0
47-4041.00,19869,0.0
47-4041.00,11587,0.0
47-4041.00,11585,1.0
47-4041.00,19873,0.0
47-4041.00,11598,0.0
47-4041.00,11586,0.0
47-4041.00,19870,0.0
47-4041.00,11592,0.0
47-4041.00,19871,0.0
47-4041.00,11597,0.5
47-4041.00,11600,0.0
47-4041.00,19868,0.0
47-4041.00,11596,0.0
47-4051.00,4872,0.0
47-4051.00,4871,0.0
47-4051.00,18783,0.0
47-4051.00,4875,0.0
47-4051.00,4878,0.0
47-4051.00,4880,0.0
47-4051.00,18784,0.0
47-4051.00,4877,0.0
47-4051.00,4876,0.0
47-4051.00,4879,0.0
47-4051.00,4874,0.0
47-4051.00,4881,0.0
47-4051.00,4884,0.0
47-4051.00,4885,0.0
47-4051.00,4882,0.0
47-4051.00,4886,0.0
47-4051.00,4883,0.5
47-4051.00,4888,0.0
47-4051.00,4887,0.0
47-4061.00,13643,0.0
47-4061.00,13645,0.0
47-4061.00,20798,0.0
47-4061.00,13654,0.0
47-4061.00,13655,0.0
47-4061.00,13653,0.0
47-4061.00,13648,0.0
47-4061.00,13646,0.0
47-4061.00,13651,0.0
47-4061.00,13644,0.0
47-4061.00,13658,0.0
47-4061.00,13649,0.0
47-4061.00,13650,0.0
47-4061.00,13647,0.0
47-4061.00,13657,0.0
47-4061.00,13652,0.0
47-4061.00,13660,0.0
47-4061.00,13665,0.0
47-4061.00,13656,0.0
47-4061.00,13659,0.0
47-4061.00,13661,0.0
47-4061.00,13662,0.0
47-4061.00,13664,0.0
47-4061.00,13666,0.0
47-4061.00,13667,0.0
47-4061.00,13663,0.0
47-4071.00,11602,0.0
47-4071.00,11601,0.0
47-4071.00,11613,0.0
47-4071.00,11604,0.0
47-4071.00,11603,1.0
47-4071.00,11610,0.0
47-4071.00,11608,0.0
47-4071.00,11612,0.0
47-4071.00,11609,0.0
47-4071.00,11615,0.0
47-4071.00,11620,0.0
47-4071.00,11606,0.0
47-4071.00,11605,0.0
47-4071.00,11619,0.0
47-4071.00,11607,0.0
47-4071.00,11611,0.0
47-4071.00,11622,0.5
47-4071.00,11617,0.0
47-4071.00,11614,0.0
47-4071.00,11618,0.0
47-4071.00,11616,0.0
47-4071.00,11621,0.0
47-4091.00,8285,0.0
47-4091.00,8284,0.0
47-4091.00,8292,0.0
47-4091.00,8287,0.0
47-4091.00,8288,0.0
47-4091.00,8294,0.0
47-4091.00,8293,0.0
47-4091.00,8289,0.0
47-4091.00,8290,0.5
47-4091.00,8286,0.0
47-4091.00,8291,0.0
47-4091.00,8295,0.0
47-4099.03,21204,0.0
47-4099.03,21205,0.0
47-4099.03,17789,0.0
47-4099.03,17792,0.0
47-4099.03,17787,0.0
47-4099.03,17788,0.0
47-4099.03,17790,0.0
47-4099.03,17794,0.0
47-4099.03,17796,0.5
47-4099.03,17801,0.5
47-4099.03,17797,0.0
47-4099.03,17795,0.0
47-4099.03,17800,0.0
47-4099.03,17799,0.0
47-4099.03,17802,1.0
47-4099.03,17803,1.0
47-4099.03,17791,0.0
47-4099.03,17804,1.0
47-4099.03,17793,0.0
47-4099.03,17798,0.0
47-5011.00,9889,0.0
47-5011.00,9890,0.0
47-5011.00,9891,0.0
47-5011.00,9892,0.0
47-5011.00,9893,0.0
47-5011.00,9894,0.0
47-5011.00,9895,0.0
47-5011.00,9896,0.0
47-5011.00,9897,0.0
47-5011.00,9898,0.0
47-5011.00,9899,0.0
47-5011.00,9900,0.0
47-5011.00,9901,0.0
47-5011.00,9902,0.0
47-5011.00,9903,0.0
47-5012.00,8296,0.0
47-5012.00,8297,0.0
47-5012.00,8298,0.0
47-5012.00,8299,0.0
47-5012.00,8300,0.0
47-5012.00,8301,1.0
47-5012.00,8302,0.0
47-5012.00,8303,0.0
47-5012.00,8304,0.0
47-5012.00,8305,0.0
47-5012.00,8306,0.0
47-5012.00,8307,0.0
47-5012.00,8308,0.0
47-5012.00,8309,0.0
47-5012.00,8310,0.0
47-5012.00,8311,0.0
47-5012.00,8312,0.0
47-5012.00,8313,0.0
47-5012.00,8314,0.0
47-5012.00,8315,0.0
47-5012.00,8316,0.0
47-5012.00,8317,0.0
47-5013.00,20451,0.0
47-5013.00,7080,0.0
47-5013.00,20452,0.0
47-5013.00,7083,1.0
47-5013.00,7076,0.0
47-5013.00,7074,0.0
47-5013.00,7078,0.0
47-5013.00,7075,0.0
47-5013.00,7088,0.0
47-5013.00,7077,0.0
47-5013.00,7085,0.0
47-5013.00,7079,0.0
47-5013.00,7081,0.0
47-5013.00,19874,0.0
47-5013.00,7084,0.0
47-5013.00,7082,0.0
47-5013.00,7086,0.0
47-5013.00,7089,0.0
47-5013.00,7087,0.0
47-5022.00,12777,0.0
47-5022.00,12778,0.0
47-5022.00,12780,0.0
47-5022.00,12779,0.0
47-5022.00,12781,0.0
47-5022.00,12786,0.0
47-5022.00,12784,0.0
47-5022.00,20458,0.0
47-5022.00,12783,0.0
47-5022.00,20459,0.0
47-5022.00,12791,0.0
47-5022.00,12785,0.0
47-5022.00,12790,0.0
47-5022.00,12787,0.0
47-5022.00,12788,0.0
47-5022.00,12789,0.0
47-5023.00,13673,0.0
47-5023.00,13671,0.0
47-5023.00,13668,0.0
47-5023.00,13674,0.0
47-5023.00,13677,0.0
47-5023.00,13676,0.0
47-5023.00,13669,0.0
47-5023.00,13678,0.0
47-5023.00,13672,0.0
47-5023.00,13686,1.0
47-5023.00,13679,0.0
47-5023.00,13682,0.0
47-5023.00,13680,1.0
47-5023.00,13681,0.0
47-5023.00,13696,0.0
47-5023.00,13683,0.0
47-5023.00,21016,0.5
47-5023.00,13689,0.0
47-5023.00,13684,0.0
47-5023.00,13692,0.5
47-5023.00,13675,0.0
47-5023.00,13685,0.0
47-5023.00,13691,0.0
47-5023.00,13690,0.5
47-5023.00,13694,0.0
47-5023.00,13687,0.0
47-5023.00,13695,0.5
47-5023.00,13688,0.0
47-5023.00,13693,0.0
47-5023.00,23489,0.0
47-5032.00,9904,0.0
47-5032.00,9905,0.0
47-5032.00,9906,0.0
47-5032.00,9907,0.0
47-5032.00,9908,0.0
47-5032.00,9909,0.0
47-5032.00,9910,1.0
47-5032.00,9911,0.0
47-5032.00,9912,0.0
47-5032.00,9913,0.0
47-5032.00,9914,0.0
47-5032.00,9915,0.0
47-5032.00,9916,0.0
47-5032.00,9917,0.0
47-5032.00,9918,0.0
47-5032.00,9919,0.0
47-5032.00,9920,1.0
47-5032.00,9922,0.0
47-5032.00,9923,1.0
47-5032.00,9924,0.0
47-5032.00,9925,0.0
47-5032.00,9926,0.0
47-5032.00,9927,0.0
47-5032.00,9928,0.0
47-5032.00,9929,0.0
47-5032.00,23490,0.5
47-5032.00,23491,1.0
47-5032.00,23492,0.0
47-5032.00,23493,0.0
47-5032.00,23494,0.0
47-5041.00,20912,0.0
47-5041.00,20913,0.0
47-5041.00,20914,0.0
47-5041.00,14956,0.0
47-5041.00,14959,0.0
47-5041.00,14960,0.0
47-5041.00,14958,0.0
47-5041.00,14957,0.0
47-5041.00,14961,0.0
47-5041.00,14962,0.0
47-5041.00,14964,0.0
47-5041.00,19876,0.0
47-5041.00,14963,0.0
47-5041.00,19875,0.0
47-5041.00,14965,0.0
47-5043.00,4889,0.0
47-5043.00,21017,0.0
47-5043.00,4894,0.0
47-5043.00,21018,0.0
47-5043.00,21019,0.0
47-5043.00,4890,0.0
47-5043.00,21020,0.0
47-5043.00,21021,0.0
47-5043.00,21022,0.0
47-5043.00,21023,0.0
47-5043.00,4893,0.0
47-5043.00,4895,0.0
47-5043.00,4891,0.0
47-5043.00,4897,0.0
47-5044.00,23501,0.0
47-5044.00,23498,0.0
47-5044.00,15183,0.0
47-5044.00,15184,0.0
47-5044.00,23496,0.0
47-5044.00,23506,0.0
47-5044.00,23499,0.0
47-5044.00,15185,0.0
47-5044.00,15186,0.0
47-5044.00,23495,0.0
47-5044.00,15187,0.0
47-5044.00,15188,0.0
47-5044.00,23504,0.0
47-5044.00,23503,0.0
47-5044.00,15189,0.0
47-5044.00,15190,0.0
47-5044.00,23505,0.0
47-5044.00,15191,0.0
47-5044.00,15193,0.0
47-5044.00,23500,0.0
47-5044.00,15194,0.0
47-5044.00,23509,0.0
47-5044.00,15195,0.0
47-5044.00,15196,0.0
47-5044.00,23502,1.0
47-5044.00,23497,0.0
47-5044.00,23508,0.0
47-5044.00,23507,0.0
47-5051.00,14966,0.5
47-5051.00,14967,0.0
47-5051.00,14968,0.0
47-5051.00,14969,0.0
47-5051.00,14970,0.0
47-5051.00,14971,0.0
47-5051.00,14972,0.0
47-5051.00,14973,0.0
47-5051.00,14974,0.0
47-5071.00,7118,0.0
47-5071.00,7112,0.0
47-5071.00,20145,0.0
47-5071.00,7115,0.0
47-5071.00,7113,0.0
47-5071.00,7119,0.0
47-5071.00,7120,0.0
47-5071.00,7116,0.0
47-5071.00,7111,0.0
47-5071.00,7117,0.0
47-5071.00,7123,0.0
47-5071.00,7122,0.0
47-5071.00,7121,0.0
47-5081.00,13699,0.0
47-5081.00,13700,0.0
47-5081.00,13705,0.0
47-5081.00,13709,0.0
47-5081.00,13702,0.0
47-5081.00,13698,0.0
47-5081.00,13701,0.0
47-5081.00,13708,0.0
47-5081.00,13706,0.0
47-5081.00,13703,0.0
47-5081.00,13710,0.0
47-5081.00,13707,0.0
47-5081.00,13704,0.0
47-5081.00,13711,0.0
49-1011.00,2929,0.0
49-1011.00,15263,0.0
49-1011.00,2920,0.5
49-1011.00,2914,0.5
49-1011.00,2925,0.0
49-1011.00,2919,0.5
49-1011.00,15262,0.5
49-1011.00,2918,0.5
49-1011.00,2923,0.0
49-1011.00,2912,0.5
49-1011.00,2915,0.5
49-1011.00,2917,0.5
49-1011.00,2924,0.5
49-1011.00,2922,0.5
49-1011.00,2921,0.5
49-1011.00,2927,0.5
49-1011.00,2930,0.5
49-1011.00,2916,0.5
49-1011.00,15264,0.5
49-1011.00,2926,0.5
49-1011.00,2931,1.0
49-1011.00,2932,0.5
49-2011.00,11624,0.0
49-2011.00,11623,0.5
49-2011.00,11639,0.0
49-2011.00,11627,1.0
49-2011.00,11635,0.0
49-2011.00,11637,0.0
49-2011.00,11625,0.0
49-2011.00,11633,0.5
49-2011.00,11630,0.0
49-2011.00,11626,1.0
49-2011.00,11640,0.0
49-2011.00,11631,1.0
49-2011.00,11628,1.0
49-2011.00,11638,1.0
49-2011.00,11632,1.0
49-2011.00,11644,0.5
49-2011.00,11642,0.5
49-2011.00,11634,0.0
49-2011.00,11636,0.0
49-2011.00,11629,0.0
49-2011.00,11643,0.0
49-2011.00,11641,1.0
49-2011.00,11645,0.0
49-2011.00,11646,0.0
49-2011.00,11647,0.0
49-2021.00,19401,0.0
49-2021.00,19409,0.0
49-2021.00,19410,0.0
49-2021.00,19402,0.0
49-2021.00,19407,0.5
49-2021.00,19408,0.0
49-2021.00,19398,0.0
49-2021.00,19404,0.0
49-2021.00,19412,1.0
49-2021.00,19399,0.0
49-2021.00,19415,0.0
49-2021.00,19414,0.5
49-2021.00,19411,0.0
49-2021.00,19400,0.0
49-2021.00,19405,0.0
49-2021.00,19406,0.0
49-2021.00,19413,0.5
49-2021.00,19403,0.0
49-2021.00,23510,0.0
49-2021.00,23511,0.0
49-2021.00,23512,0.0
49-2021.00,23513,0.0
49-2021.00,23514,0.0
49-2021.00,23515,0.0
49-2021.00,23516,0.0
49-2021.00,23517,0.0
49-2021.00,23518,0.0
49-2021.00,23519,0.0
49-2021.00,23520,0.0
49-2021.00,23521,0.0
49-2022.00,11655,0.0
49-2022.00,11649,0.0
49-2022.00,11650,0.0
49-2022.00,11665,0.0
49-2022.00,11660,0.0
49-2022.00,11668,0.0
49-2022.00,11664,0.0
49-2022.00,11648,0.5
49-2022.00,11652,0.0
49-2022.00,11662,0.0
49-2022.00,11659,0.0
49-2022.00,11653,0.0
49-2022.00,11674,1.0
49-2022.00,11661,0.0
49-2022.00,11654,0.0
49-2022.00,11671,0.0
49-2022.00,11677,1.0
49-2022.00,11658,1.0
49-2022.00,11656,0.5
49-2022.00,11657,0.0
49-2022.00,11669,0.0
49-2022.00,11666,1.0
49-2022.00,11684,0.0
49-2022.00,11663,1.0
49-2022.00,11651,0.0
49-2022.00,11670,0.0
49-2022.00,11667,1.0
49-2022.00,11673,1.0
49-2022.00,11672,1.0
49-2022.00,11676,1.0
49-2022.00,11679,0.0
49-2022.00,11682,0.5
49-2022.00,11675,1.0
49-2022.00,11681,0.0
49-2022.00,11680,0.0
49-2022.00,11685,0.0
49-2022.00,11683,0.0
49-2022.00,11686,0.5
49-2022.00,11678,0.0
49-2022.00,11687,0.0
49-2091.00,9934,0.0
49-2091.00,9935,1.0
49-2091.00,9939,0.0
49-2091.00,9938,0.0
49-2091.00,9933,0.0
49-2091.00,9941,0.0
49-2091.00,9943,0.5
49-2091.00,9940,0.0
49-2091.00,9937,0.5
49-2091.00,9936,0.5
49-2091.00,9942,0.0
49-2091.00,9944,0.0
49-2091.00,9945,1.0
49-2092.00,11696,0.0
49-2092.00,11690,0.0
49-2092.00,11688,0.0
49-2092.00,11692,0.0
49-2092.00,11702,0.0
49-2092.00,11689,1.0
49-2092.00,11701,0.0
49-2092.00,11705,0.0
49-2092.00,11699,0.0
49-2092.00,11695,1.0
49-2092.00,11694,0.0
49-2092.00,11707,0.0
49-2092.00,11703,0.0
49-2092.00,11713,0.0
49-2092.00,11720,0.0
49-2092.00,11710,1.0
49-2092.00,11714,0.0
49-2092.00,11704,0.0
49-2092.00,11691,0.0
49-2092.00,11709,0.0
49-2092.00,11698,0.0
49-2092.00,11715,0.0
49-2092.00,11697,0.0
49-2092.00,11693,0.0
49-2092.00,11706,0.0
49-2092.00,11708,0.0
49-2092.00,11717,0.0
49-2092.00,11723,0.0
49-2092.00,11716,0.0
49-2092.00,11700,0.0
49-2092.00,11726,0.0
49-2092.00,11711,0.0
49-2092.00,11725,0.0
49-2092.00,11722,0.0
49-2092.00,11724,0.0
49-2092.00,11719,0.5
49-2092.00,11721,0.0
49-2092.00,11712,0.0
49-2092.00,11718,0.0
49-2093.00,11727,0.5
49-2093.00,11728,0.0
49-2093.00,11732,0.0
49-2093.00,11729,0.0
49-2093.00,11731,0.0
49-2093.00,11734,1.0
49-2093.00,11733,0.5
49-2093.00,11738,0.0
49-2093.00,11730,0.0
49-2093.00,11735,0.0
49-2093.00,11740,1.0
49-2093.00,11737,0.0
49-2093.00,11739,0.0
49-2093.00,11741,1.0
49-2093.00,11736,0.0
49-2094.00,886,0.0
49-2094.00,892,1.0
49-2094.00,884,0.0
49-2094.00,890,0.0
49-2094.00,897,0.0
49-2094.00,885,0.0
49-2094.00,899,1.0
49-2094.00,882,0.0
49-2094.00,888,0.0
49-2094.00,887,0.0
49-2094.00,895,0.5
49-2094.00,894,0.5
49-2094.00,891,0.5
49-2094.00,883,0.0
49-2094.00,893,0.0
49-2094.00,901,1.0
49-2094.00,898,0.5
49-2094.00,889,0.5
49-2094.00,896,0.0
49-2094.00,900,1.0
49-2095.00,11743,0.0
49-2095.00,11747,1.0
49-2095.00,11744,1.0
49-2095.00,11748,0.5
49-2095.00,11746,0.0
49-2095.00,11745,0.0
49-2095.00,11750,0.0
49-2095.00,11753,1.0
49-2095.00,11756,0.5
49-2095.00,11742,0.0
49-2095.00,11749,0.0
49-2095.00,11752,0.5
49-2095.00,11754,0.0
49-2095.00,11755,0.0
49-2095.00,11751,0.0
49-2095.00,11757,0.0
49-2096.00,13728,0.0
49-2096.00,13727,0.0
49-2096.00,13732,0.0
49-2096.00,13725,0.0
49-2096.00,13726,0.0
49-2096.00,13731,0.0
49-2096.00,13730,0.0
49-2096.00,13734,0.0
49-2096.00,13735,1.0
49-2096.00,13729,1.0
49-2096.00,13733,0.0
49-2096.00,13736,0.0
49-2097.00,13737,0.0
49-2097.00,13738,0.0
49-2097.00,13739,0.0
49-2097.00,13740,0.0
49-2097.00,13741,0.0
49-2097.00,13742,0.0
49-2097.00,13743,1.0
49-2097.00,13744,0.5
49-2097.00,13745,1.0
49-2097.00,13746,0.0
49-2097.00,13747,0.0
49-2098.00,11761,0.0
49-2098.00,11760,0.0
49-2098.00,11767,0.0
49-2098.00,11765,0.0
49-2098.00,20799,0.0
49-2098.00,11758,0.0
49-2098.00,20800,0.0
49-2098.00,11766,0.0
49-2098.00,11763,0.5
49-2098.00,11768,0.0
49-2098.00,11770,0.0
49-2098.00,11764,0.0
49-2098.00,11769,0.5
49-2098.00,11773,0.5
49-2098.00,11772,1.0
49-2098.00,11771,1.0
49-3011.00,9950,0.0
49-3011.00,9949,0.0
49-3011.00,9947,0.0
49-3011.00,9946,1.0
49-3011.00,9948,1.0
49-3011.00,9961,0.0
49-3011.00,9951,0.5
49-3011.00,9955,0.0
49-3011.00,9958,0.0
49-3011.00,9952,0.0
49-3011.00,9954,0.0
49-3011.00,9960,1.0
49-3011.00,9957,0.0
49-3011.00,9953,0.0
49-3011.00,9976,0.0
49-3011.00,9967,0.0
49-3011.00,9956,0.0
49-3011.00,9963,0.0
49-3011.00,9969,0.0
49-3011.00,9959,0.0
49-3011.00,9965,0.0
49-3011.00,9971,0.0
49-3011.00,9973,0.0
49-3011.00,9982,0.0
49-3011.00,9970,0.0
49-3011.00,9962,0.0
49-3011.00,9968,0.5
49-3011.00,9964,0.0
49-3011.00,9972,0.0
49-3011.00,9966,0.0
49-3011.00,9977,0.5
49-3011.00,9978,0.5
49-3011.00,9980,0.0
49-3011.00,9981,0.0
49-3011.00,9974,0.0
49-3011.00,9979,0.0
49-3011.00,9983,0.0
49-3011.00,9975,0.0
49-3021.00,2933,0.0
49-3021.00,18580,0.0
49-3021.00,2943,0.0
49-3021.00,2938,0.0
49-3021.00,2935,0.0
49-3021.00,2934,0.0
49-3021.00,2941,0.0
49-3021.00,2944,0.0
49-3021.00,2937,0.0
49-3021.00,2946,0.5
49-3021.00,2942,0.0
49-3021.00,2936,0.0
49-3021.00,2947,0.0
49-3021.00,2948,0.0
49-3021.00,2940,0.0
49-3021.00,2954,0.0
49-3021.00,2950,0.0
49-3021.00,2956,0.0
49-3021.00,2945,0.5
49-3021.00,2951,0.0
49-3021.00,2949,0.0
49-3021.00,2952,0.0
49-3021.00,2955,0.0
49-3021.00,2953,0.0
49-3021.00,2957,0.0
49-3022.00,20645,0.0
49-3022.00,8318,0.0
49-3022.00,8320,0.0
49-3022.00,8324,0.0
49-3022.00,8325,0.0
49-3022.00,20646,0.0
49-3022.00,8322,0.0
49-3022.00,8323,0.0
49-3022.00,8327,0.0
49-3022.00,8326,0.0
49-3022.00,8328,0.0
49-3022.00,8329,0.0
49-3022.00,8335,0.0
49-3022.00,8333,0.0
49-3022.00,8334,0.0
49-3022.00,8330,0.0
49-3022.00,8331,0.0
49-3022.00,8332,0.0
49-3023.00,23523,0.5
49-3023.00,23522,0.0
49-3023.00,23524,0.0
49-3023.00,23525,0.0
49-3023.00,23527,0.0
49-3023.00,23526,0.5
49-3023.00,23529,0.0
49-3023.00,23530,0.0
49-3023.00,23537,0.0
49-3023.00,23532,0.0
49-3023.00,23533,0.0
49-3023.00,23535,1.0
49-3023.00,23534,0.0
49-3023.00,23536,0.0
49-3023.00,23542,0.0
49-3023.00,23540,0.0
49-3023.00,23541,0.0
49-3023.00,23531,0.0
49-3023.00,23543,0.0
49-3023.00,23544,0.0
49-3023.00,23545,0.0
49-3023.00,23528,0.0
49-3023.00,23538,0.0
49-3023.00,23539,0.0
49-3023.00,23546,0.0
49-3023.00,23548,0.5
49-3023.00,23547,0.0
49-3023.00,23549,0.0
49-3023.00,23550,0.0
49-3023.00,23551,0.0
49-3031.00,2981,0.0
49-3031.00,2982,0.0
49-3031.00,2985,0.0
49-3031.00,2984,0.0
49-3031.00,2991,0.0
49-3031.00,2983,0.0
49-3031.00,2988,0.0
49-3031.00,2987,0.0
49-3031.00,2992,0.0
49-3031.00,2986,0.0
49-3031.00,18582,0.0
49-3031.00,2995,0.0
49-3031.00,2989,0.0
49-3031.00,2996,0.0
49-3031.00,19886,0.0
49-3031.00,2997,0.0
49-3031.00,2990,0.0
49-3031.00,2993,0.0
49-3031.00,20453,0.0
49-3031.00,20454,0.0
49-3031.00,23955,0.0
49-3031.00,2998,0.0
49-3031.00,19888,0.0
49-3031.00,19889,0.0
49-3031.00,19887,0.0
49-3031.00,2999,0.0
49-3041.00,13750,0.0
49-3041.00,13752,0.0
49-3041.00,13748,1.0
49-3041.00,13749,0.0
49-3041.00,13755,0.0
49-3041.00,13753,0.0
49-3041.00,13756,0.0
49-3041.00,13751,0.0
49-3041.00,13754,0.0
49-3041.00,13757,0.0
49-3041.00,13758,0.0
49-3041.00,13761,0.0
49-3041.00,13759,1.0
49-3041.00,13760,0.0
49-3042.00,3001,0.0
49-3042.00,3000,0.0
49-3042.00,3002,0.0
49-3042.00,3008,0.5
49-3042.00,3004,0.0
49-3042.00,3009,0.0
49-3042.00,3014,0.0
49-3042.00,18583,0.0
49-3042.00,3003,0.0
49-3042.00,3006,0.0
49-3042.00,3012,0.0
49-3042.00,18584,0.5
49-3042.00,3011,0.0
49-3042.00,3007,1.0
49-3042.00,3005,0.0
49-3042.00,3010,0.0
49-3042.00,3013,0.0
49-3042.00,3015,0.0
49-3042.00,3016,0.0
49-3042.00,3017,0.0
49-3043.00,9986,1.0
49-3043.00,9988,0.0
49-3043.00,9984,0.0
49-3043.00,9989,0.5
49-3043.00,9987,0.0
49-3043.00,9985,0.0
49-3043.00,9990,0.0
49-3043.00,9992,0.0
49-3043.00,9991,0.0
49-3043.00,10000,0.0
49-3043.00,10001,0.0
49-3043.00,9993,0.0
49-3043.00,9994,0.0
49-3043.00,9995,0.0
49-3043.00,9998,0.0
49-3043.00,9997,0.0
49-3043.00,9999,0.0
49-3043.00,10003,0.0
49-3043.00,9996,0.0
49-3043.00,10002,0.0
49-3051.00,13764,0.0
49-3051.00,13765,1.0
49-3051.00,13763,0.0
49-3051.00,13770,0.0
49-3051.00,20801,0.0
49-3051.00,13766,0.0
49-3051.00,13767,0.0
49-3051.00,13771,0.0
49-3051.00,13769,0.0
49-3051.00,13768,0.0
49-3051.00,13762,0.0
49-3051.00,13773,0.0
49-3051.00,13772,0.0
49-3052.00,20651,0.0
49-3052.00,8353,0.0
49-3052.00,8357,0.0
49-3052.00,8354,0.0
49-3052.00,8355,0.0
49-3052.00,8359,0.0
49-3052.00,8360,0.0
49-3052.00,8352,0.0
49-3052.00,20652,0.0
49-3052.00,8358,0.0
49-3052.00,23934,0.0
49-3052.00,8356,0.0
49-3052.00,20653,0.0
49-3053.00,13777,1.0
49-3053.00,13780,0.0
49-3053.00,13784,0.0
49-3053.00,13774,0.0
49-3053.00,13775,0.0
49-3053.00,13781,0.0
49-3053.00,13778,0.0
49-3053.00,13776,0.0
49-3053.00,13785,0.0
49-3053.00,13779,1.0
49-3053.00,13783,0.0
49-3053.00,13787,0.0
49-3053.00,13782,0.5
49-3053.00,13786,0.0
49-3091.00,20915,0.0
49-3091.00,20916,0.5
49-3091.00,5187,0.0
49-3091.00,5185,0.0
49-3091.00,20917,0.5
49-3091.00,5186,0.0
49-3091.00,20918,0.0
49-3091.00,5184,0.0
49-3091.00,20919,0.0
49-3091.00,20920,0.5
49-3091.00,5188,0.0
49-3091.00,20921,0.0
49-3091.00,5189,0.0
49-3091.00,5192,0.0
49-3091.00,5190,0.0
49-3091.00,5191,0.0
49-3092.00,20802,0.0
49-3092.00,10007,0.0
49-3092.00,10005,0.0
49-3092.00,10008,0.0
49-3092.00,10004,0.0
49-3092.00,10010,0.0
49-3092.00,10011,0.0
49-3092.00,10006,0.0
49-3092.00,20803,0.0
49-3092.00,20804,0.0
49-3092.00,10014,0.0
49-3092.00,10009,1.0
49-3092.00,10012,0.0
49-3092.00,10013,0.0
49-3092.00,10016,0.0
49-3092.00,10015,0.0
49-3092.00,10017,0.0
49-3093.00,8364,0.0
49-3093.00,8365,0.0
49-3093.00,20654,0.0
49-3093.00,8363,0.0
49-3093.00,20655,0.0
49-3093.00,8369,0.0
49-3093.00,8370,0.0
49-3093.00,8368,0.0
49-3093.00,8373,0.0
49-3093.00,8372,0.0
49-3093.00,8366,0.0
49-3093.00,8374,0.0
49-3093.00,20656,0.0
49-3093.00,8371,0.0
49-3093.00,20657,0.0
49-3093.00,8385,0.0
49-3093.00,8383,0.0
49-3093.00,8376,0.0
49-3093.00,8378,0.0
49-3093.00,8379,0.0
49-3093.00,20658,0.0
49-3093.00,8382,0.0
49-3093.00,8380,0.0
49-3093.00,8377,0.0
49-3093.00,20659,0.0
49-3093.00,8381,0.0
49-9011.00,8388,0.0
49-9011.00,8387,0.0
49-9011.00,8394,0.0
49-9011.00,8393,0.0
49-9011.00,8391,1.0
49-9011.00,8392,0.0
49-9011.00,8390,1.0
49-9011.00,8397,0.0
49-9011.00,8389,0.5
49-9011.00,8399,0.0
49-9011.00,8395,0.0
49-9011.00,8403,0.0
49-9011.00,8396,0.0
49-9011.00,8409,0.0
49-9011.00,20805,0.0
49-9011.00,8400,0.0
49-9011.00,8401,0.0
49-9011.00,8402,0.5
49-9011.00,8408,0.0
49-9011.00,8404,0.0
49-9011.00,8407,0.0
49-9011.00,8406,0.0
49-9011.00,8411,0.0
49-9011.00,8405,0.0
49-9011.00,8410,0.0
49-9012.00,11780,1.0
49-9012.00,11779,0.0
49-9012.00,11782,0.0
49-9012.00,21024,0.0
49-9012.00,11794,0.0
49-9012.00,11783,0.0
49-9012.00,11777,1.0
49-9012.00,11774,0.0
49-9012.00,11785,0.0
49-9012.00,11784,0.0
49-9012.00,11804,0.0
49-9012.00,11775,0.0
49-9012.00,11776,0.5
49-9012.00,11797,0.0
49-9012.00,11786,0.0
49-9012.00,11796,0.0
49-9012.00,11778,0.0
49-9012.00,11793,0.0
49-9012.00,11795,0.0
49-9012.00,11802,0.0
49-9012.00,11792,0.0
49-9012.00,11803,0.0
49-9012.00,11799,0.0
49-9012.00,11801,0.0
49-9012.00,11788,0.0
49-9012.00,11781,0.0
49-9012.00,11805,0.0
49-9012.00,11787,0.0
49-9012.00,11791,0.0
49-9012.00,11808,1.0
49-9012.00,11812,0.0
49-9012.00,11800,0.0
49-9012.00,11807,0.5
49-9012.00,11810,0.0
49-9012.00,11798,0.0
49-9012.00,11789,0.5
49-9012.00,11806,0.0
49-9012.00,11811,0.0
49-9012.00,11790,0.0
49-9021.00,23552,0.0
49-9021.00,23557,0.0
49-9021.00,23558,0.5
49-9021.00,23554,0.0
49-9021.00,23555,0.0
49-9021.00,23565,0.0
49-9021.00,23568,0.0
49-9021.00,23562,0.0
49-9021.00,23553,0.0
49-9021.00,23579,0.0
49-9021.00,23556,0.0
49-9021.00,23559,0.0
49-9021.00,23560,0.0
49-9021.00,23561,0.0
49-9021.00,23564,0.0
49-9021.00,23566,0.0
49-9021.00,23571,0.0
49-9021.00,23570,0.0
49-9021.00,23567,0.0
49-9021.00,23563,1.0
49-9021.00,23572,1.0
49-9021.00,23569,0.0
49-9021.00,23574,0.0
49-9021.00,23575,0.5
49-9021.00,23576,0.0
49-9021.00,23577,0.0
49-9021.00,23578,0.0
49-9021.00,23573,0.0
49-9021.00,23580,0.0
49-9021.00,23581,0.0
49-9031.00,13789,0.5
49-9031.00,13799,0.0
49-9031.00,13793,0.5
49-9031.00,13801,0.5
49-9031.00,13790,0.0
49-9031.00,13792,0.0
49-9031.00,13796,0.5
49-9031.00,13788,0.0
49-9031.00,13810,0.0
49-9031.00,13791,0.0
49-9031.00,13794,0.0
49-9031.00,13795,1.0
49-9031.00,13814,0.0
49-9031.00,13813,0.0
49-9031.00,13802,1.0
49-9031.00,13812,0.0
49-9031.00,13797,0.0
49-9031.00,13806,0.0
49-9031.00,13800,0.0
49-9031.00,13807,0.0
49-9031.00,13811,0.0
49-9031.00,13808,0.0
49-9031.00,13798,0.0
49-9031.00,13804,0.0
49-9031.00,13805,0.0
49-9031.00,13809,0.0
49-9031.00,13816,0.0
49-9031.00,13815,0.0
49-9031.00,13803,0.0
49-9031.00,13818,0.0
49-9031.00,13817,0.0
49-9041.00,11815,0.0
49-9041.00,11814,0.0
49-9041.00,11820,0.0
49-9041.00,11813,0.0
49-9041.00,11817,0.0
49-9041.00,11816,0.0
49-9041.00,11822,1.0
49-9041.00,11819,0.0
49-9041.00,11824,1.0
49-9041.00,11818,0.0
49-9041.00,11821,0.5
49-9041.00,11823,0.5
49-9041.00,11825,0.0
49-9041.00,11827,1.0
49-9041.00,11826,0.0
49-9041.00,23935,0.5
49-9043.00,11829,0.0
49-9043.00,11835,1.0
49-9043.00,11830,0.0
49-9043.00,11828,0.0
49-9043.00,11833,0.0
49-9043.00,11832,0.0
49-9043.00,11837,0.0
49-9043.00,11838,0.5
49-9043.00,11834,1.0
49-9043.00,11836,0.0
49-9043.00,11831,0.0
49-9043.00,11840,0.0
49-9043.00,11841,0.0
49-9043.00,11839,0.0
49-9043.00,11845,0.0
49-9043.00,11842,0.0
49-9043.00,11843,0.0
49-9043.00,11844,0.0
49-9044.00,3048,0.0
49-9044.00,3054,0.0
49-9044.00,21083,0.0
49-9044.00,3045,0.0
49-9044.00,3047,0.0
49-9044.00,18785,0.0
49-9044.00,3041,0.0
49-9044.00,3050,0.0
49-9044.00,3051,0.0
49-9044.00,3052,0.0
49-9044.00,3046,0.0
49-9044.00,3056,0.0
49-9044.00,3049,0.0
49-9044.00,3057,0.0
49-9044.00,18786,0.0
49-9044.00,3055,0.0
49-9044.00,18787,0.0
49-9044.00,3053,0.0
49-9044.00,3058,0.0
49-9044.00,3059,0.5
49-9044.00,18788,0.0
49-9044.00,3043,0.0
49-9044.00,3060,0.0
49-9045.00,13819,0.0
49-9045.00,13820,0.0
49-9045.00,13821,0.0
49-9045.00,13822,0.0
49-9045.00,13823,0.0
49-9045.00,13824,0.0
49-9045.00,13825,0.0
49-9045.00,13826,0.0
49-9045.00,13827,0.0
49-9045.00,13828,0.0
49-9045.00,13829,0.0
49-9045.00,13830,0.0
49-9045.00,13831,0.0
49-9045.00,13832,0.0
49-9045.00,13833,0.0
49-9045.00,13834,0.0
49-9051.00,8412,0.0
49-9051.00,8418,0.0
49-9051.00,8413,0.0
49-9051.00,8414,0.0
49-9051.00,8416,0.0
49-9051.00,8420,0.0
49-9051.00,8419,0.0
49-9051.00,8423,0.0
49-9051.00,8421,0.0
49-9051.00,8425,0.0
49-9051.00,8427,0.0
49-9051.00,8426,0.0
49-9051.00,8417,0.0
49-9051.00,8424,0.0
49-9051.00,8422,0.0
49-9051.00,8415,0.0
49-9051.00,8429,0.0
49-9051.00,8428,0.0
49-9051.00,8432,0.0
49-9051.00,8433,0.0
49-9051.00,8434,0.0
49-9051.00,8430,0.0
49-9051.00,8431,0.0
49-9052.00,11850,0.0
49-9052.00,11846,0.0
49-9052.00,11849,0.0
49-9052.00,11847,0.0
49-9052.00,11848,0.0
49-9052.00,11852,0.0
49-9052.00,11857,0.0
49-9052.00,11853,0.0
49-9052.00,20806,0.0
49-9052.00,11855,0.0
49-9052.00,20807,0.0
49-9052.00,11861,0.0
49-9052.00,11858,0.0
49-9052.00,11851,0.0
49-9052.00,11859,1.0
49-9052.00,11854,0.0
49-9052.00,11860,0.0
49-9052.00,11863,0.0
49-9052.00,11864,0.0
49-9052.00,11862,0.0
49-9061.00,8437,0.0
49-9061.00,8436,0.0
49-9061.00,8440,0.0
49-9061.00,8438,0.0
49-9061.00,8442,0.5
49-9061.00,8435,0.0
49-9061.00,8441,0.5
49-9061.00,8443,0.5
49-9061.00,8439,0.5
49-9061.00,8444,0.0
49-9061.00,20808,0.0
49-9061.00,8445,0.0
49-9061.00,8447,1.0
49-9061.00,8448,0.5
49-9061.00,8449,0.5
49-9062.00,3061,0.0
49-9062.00,3066,0.0
49-9062.00,3064,1.0
49-9062.00,3065,0.0
49-9062.00,3071,0.5
49-9062.00,3062,0.0
49-9062.00,3063,0.0
49-9062.00,3069,0.5
49-9062.00,3072,0.5
49-9062.00,3070,0.0
49-9062.00,3067,0.0
49-9062.00,3074,0.5
49-9062.00,3073,0.5
49-9062.00,3068,1.0
49-9062.00,3075,0.0
49-9062.00,3076,0.0
49-9062.00,3079,0.0
49-9062.00,3077,0.0
49-9062.00,3078,1.0
49-9063.00,11865,0.0
49-9063.00,11866,0.0
49-9063.00,11870,0.0
49-9063.00,11867,0.0
49-9063.00,11873,0.0
49-9063.00,11868,0.5
49-9063.00,11871,0.0
49-9063.00,11872,0.0
49-9063.00,11874,0.0
49-9063.00,11869,0.0
49-9063.00,11877,0.0
49-9063.00,11875,0.0
49-9063.00,11884,0.0
49-9063.00,11876,0.0
49-9063.00,11878,0.0
49-9063.00,11880,0.0
49-9063.00,11881,0.0
49-9063.00,11883,0.0
49-9063.00,11879,0.0
49-9063.00,11891,0.0
49-9063.00,11896,0.0
49-9063.00,11882,0.0
49-9063.00,11898,0.0
49-9063.00,11887,0.0
49-9063.00,11885,0.0
49-9063.00,11889,0.0
49-9063.00,11897,0.0
49-9063.00,11888,0.0
49-9063.00,11893,0.0
49-9063.00,11899,0.0
49-9063.00,11890,0.0
49-9063.00,11900,0.0
49-9063.00,11886,0.0
49-9063.00,11894,0.0
49-9063.00,11903,0.0
49-9063.00,11895,0.0
49-9063.00,11901,0.0
49-9064.00,14977,0.0
49-9064.00,14984,0.0
49-9064.00,14979,0.0
49-9064.00,14978,0.0
49-9064.00,14975,0.0
49-9064.00,14982,0.5
49-9064.00,14976,0.0
49-9064.00,14980,0.0
49-9064.00,14983,0.0
49-9064.00,21084,0.5
49-9064.00,14986,1.0
49-9064.00,14987,0.0
49-9064.00,14985,1.0
49-9064.00,14988,0.0
49-9064.00,14981,0.0
49-9071.00,20671,0.0
49-9071.00,3024,0.0
49-9071.00,3030,0.0
49-9071.00,20672,0.0
49-9071.00,20674,0.5
49-9071.00,3023,0.5
49-9071.00,20679,0.5
49-9071.00,3022,0.0
49-9071.00,3026,0.0
49-9071.00,20678,0.5
49-9071.00,3033,0.0
49-9071.00,3025,1.0
49-9071.00,20673,0.0
49-9071.00,20670,0.0
49-9071.00,3028,0.5
49-9071.00,19898,0.0
49-9071.00,3035,0.0
49-9071.00,20675,0.0
49-9071.00,20676,0.0
49-9071.00,3037,0.0
49-9071.00,3031,0.0
49-9071.00,19899,0.0
49-9071.00,20148,0.0
49-9071.00,20677,0.0
49-9071.00,3032,0.0
49-9071.00,3034,0.0
49-9071.00,19897,0.0
49-9071.00,3039,0.0
49-9071.00,19900,0.0
49-9071.00,3040,0.0
49-9081.00,17806,0.0
49-9081.00,17809,0.0
49-9081.00,17808,0.0
49-9081.00,17811,0.0
49-9081.00,17810,0.0
49-9081.00,17807,0.0
49-9081.00,17815,0.0
49-9081.00,17812,0.0
49-9081.00,17817,0.0
49-9081.00,17814,0.5
49-9081.00,17805,0.0
49-9081.00,17813,0.0
49-9081.00,17816,0.0
49-9091.00,13835,0.0
49-9091.00,13839,0.0
49-9091.00,13840,0.0
49-9091.00,13846,0.0
49-9091.00,13845,1.0
49-9091.00,13842,0.0
49-9091.00,13848,1.0
49-9091.00,13847,0.0
49-9091.00,13843,1.0
49-9091.00,13836,1.0
49-9091.00,13837,0.0
49-9091.00,13838,0.0
49-9091.00,13844,0.0
49-9091.00,13853,1.0
49-9091.00,13849,0.0
49-9091.00,13841,0.0
49-9091.00,13852,0.0
49-9091.00,13851,1.0
49-9091.00,13850,0.0
49-9092.00,13855,0.0
49-9092.00,13856,0.0
49-9092.00,13854,0.0
49-9092.00,13857,0.0
49-9092.00,13858,0.0
49-9092.00,13871,0.0
49-9092.00,20809,0.0
49-9092.00,13859,0.5
49-9092.00,13860,0.0
49-9092.00,13862,0.0
49-9092.00,13866,0.5
49-9092.00,13864,0.5
49-9092.00,13861,0.0
49-9092.00,13865,0.0
49-9092.00,13872,0.0
49-9092.00,13863,0.0
49-9092.00,13868,0.0
49-9092.00,13867,0.0
49-9092.00,13869,0.0
49-9092.00,13870,0.0
49-9092.00,13875,0.0
49-9092.00,13873,0.0
49-9092.00,13874,0.0
49-9092.00,13877,0.0
49-9092.00,13876,0.0
49-9094.00,7124,0.0
49-9094.00,7128,0.0
49-9094.00,18789,0.0
49-9094.00,7131,0.0
49-9094.00,18791,0.0
49-9094.00,7126,0.0
49-9094.00,18790,0.0
49-9094.00,7125,1.0
49-9094.00,7127,0.0
49-9094.00,7129,0.0
49-9094.00,7130,0.0
49-9094.00,18792,0.0
49-9094.00,18793,0.0
49-9094.00,7132,0.0
49-9095.00,13878,0.0
49-9095.00,13879,0.0
49-9095.00,13880,0.0
49-9095.00,13881,0.0
49-9095.00,13882,0.0
49-9095.00,13883,1.0
49-9095.00,13884,0.0
49-9095.00,13885,0.0
49-9095.00,13886,0.0
49-9095.00,13887,0.0
49-9095.00,13888,0.0
49-9095.00,13889,0.0
49-9095.00,13890,0.0
49-9095.00,13891,0.0
49-9096.00,13893,0.0
49-9096.00,13892,0.0
49-9096.00,13896,0.0
49-9096.00,13897,0.0
49-9096.00,13895,0.0
49-9096.00,13902,0.0
49-9096.00,13894,0.0
49-9096.00,13900,0.0
49-9096.00,13898,0.0
49-9096.00,21206,0.0
49-9096.00,13901,0.0
49-9096.00,13899,0.0
49-9096.00,13904,0.0
49-9096.00,13903,0.0
49-9097.00,13906,0.0
49-9097.00,13910,0.0
49-9097.00,23936,0.0
49-9097.00,13908,0.0
49-9097.00,13905,0.0
49-9097.00,13909,0.0
49-9097.00,13907,0.0
49-9097.00,13911,0.0
49-9097.00,13913,0.0
49-9097.00,13912,1.0
49-9097.00,13914,0.0
49-9097.00,13915,0.0
49-9097.00,13917,0.0
49-9097.00,13916,0.0
49-9098.00,3083,0.0
49-9098.00,3081,0.0
49-9098.00,3080,0.0
49-9098.00,3082,0.0
49-9098.00,3084,0.0
49-9098.00,3091,0.0
49-9098.00,20152,0.0
49-9098.00,3087,0.0
49-9098.00,3090,0.0
49-9098.00,3086,0.0
49-9098.00,20150,0.0
49-9098.00,20151,0.5
49-9098.00,3085,0.0
49-9098.00,20153,0.0
49-9098.00,3088,0.0
49-9098.00,3092,0.0
49-9099.01,17934,0.0
49-9099.01,17955,1.0
49-9099.01,17932,0.0
49-9099.01,17950,0.5
49-9099.01,17951,0.5
49-9099.01,17946,0.0
49-9099.01,17942,0.5
49-9099.01,17935,0.0
49-9099.01,17944,0.0
49-9099.01,17937,0.5
49-9099.01,17945,0.0
49-9099.01,17952,0.0
49-9099.01,17938,0.5
49-9099.01,17943,0.0
49-9099.01,17941,0.0
49-9099.01,17957,0.0
49-9099.01,17956,0.0
49-9099.01,17933,0.0
49-9099.01,17953,0.0
49-9099.01,17939,0.5
49-9099.01,17940,0.0
49-9099.01,17949,0.0
49-9099.01,17936,0.0
49-9099.01,17954,0.0
51-1011.00,8450,0.0
51-1011.00,20155,1.0
51-1011.00,8455,0.0
51-1011.00,8452,0.5
51-1011.00,8454,0.5
51-1011.00,8453,0.5
51-1011.00,8459,1.0
51-1011.00,8457,0.0
51-1011.00,8451,0.0
51-1011.00,20154,0.0
51-1011.00,21207,0.5
51-1011.00,8458,0.0
51-1011.00,8462,0.5
51-1011.00,8466,1.0
51-1011.00,8461,0.5
51-1011.00,8460,0.5
51-1011.00,8463,0.5
51-1011.00,8465,0.0
51-1011.00,20156,0.5
51-1011.00,8467,0.5
51-2011.00,20810,0.0
51-2011.00,20811,0.5
51-2011.00,13928,0.0
51-2011.00,13929,0.0
51-2011.00,20812,0.0
51-2011.00,20813,0.0
51-2011.00,13934,0.0
51-2011.00,13926,0.0
51-2011.00,13931,0.0
51-2011.00,13919,0.0
51-2011.00,13932,0.0
51-2011.00,13925,0.0
51-2011.00,13921,0.0
51-2011.00,19901,0.0
51-2011.00,13943,0.0
51-2011.00,20814,0.0
51-2011.00,13924,0.0
51-2011.00,13935,0.0
51-2011.00,20815,0.0
51-2011.00,19904,0.0
51-2011.00,20816,0.0
51-2011.00,19903,0.0
51-2011.00,20817,0.0
51-2011.00,13939,0.0
51-2011.00,13938,0.0
51-2011.00,13936,0.0
51-2011.00,20818,0.0
51-2011.00,13930,0.0
51-2011.00,19902,0.0
51-2011.00,13942,0.0
51-2021.00,11904,0.0
51-2021.00,11909,0.0
51-2021.00,11906,0.0
51-2021.00,11905,1.0
51-2021.00,11907,0.0
51-2021.00,11908,1.0
51-2021.00,11910,0.0
51-2021.00,11911,0.0
51-2021.00,11914,0.0
51-2021.00,11912,0.0
51-2021.00,11913,0.0
51-2022.00,10022,0.5
51-2022.00,10019,0.0
51-2022.00,10020,0.0
51-2022.00,10024,0.0
51-2022.00,10027,0.0
51-2022.00,10021,0.0
51-2022.00,10030,0.0
51-2022.00,10029,0.0
51-2022.00,10026,0.0
51-2022.00,10018,0.5
51-2022.00,10023,0.0
51-2022.00,10028,0.0
51-2022.00,10031,1.0
51-2022.00,10034,0.0
51-2022.00,10025,0.0
51-2022.00,10033,0.0
51-2022.00,10032,0.0
51-2023.00,13944,0.0
51-2023.00,13946,0.0
51-2023.00,13945,0.0
51-2023.00,13947,0.0
51-2023.00,13951,0.0
51-2023.00,13949,0.5
51-2023.00,13948,0.0
51-2023.00,13950,0.0
51-2023.00,13954,0.0
51-2023.00,13952,0.0
51-2023.00,13956,0.0
51-2023.00,13953,0.0
51-2023.00,13957,0.0
51-2023.00,13955,0.0
51-2031.00,13962,0.5
51-2031.00,13958,0.0
51-2031.00,13959,0.0
51-2031.00,13960,0.0
51-2031.00,13965,0.5
51-2031.00,13966,0.0
51-2031.00,13967,0.0
51-2031.00,13968,0.0
51-2031.00,13961,0.0
51-2031.00,13964,0.0
51-2031.00,13969,0.0
51-2031.00,13963,0.0
51-2041.00,10036,0.0
51-2041.00,10039,0.0
51-2041.00,10043,0.0
51-2041.00,10035,0.0
51-2041.00,10042,0.5
51-2041.00,10044,0.0
51-2041.00,10038,0.0
51-2041.00,10037,0.0
51-2041.00,10053,0.0
51-2041.00,10051,0.0
51-2041.00,10049,0.0
51-2041.00,10050,0.0
51-2041.00,10041,0.0
51-2041.00,10040,0.0
51-2041.00,10057,0.0
51-2041.00,10047,0.0
51-2041.00,10045,0.0
51-2041.00,10048,0.0
51-2041.00,10046,0.0
51-2041.00,10055,0.0
51-2041.00,10054,0.0
51-2041.00,10056,0.0
51-2041.00,10052,0.0
51-2051.00,13970,0.0
51-2051.00,13971,0.0
51-2051.00,13974,0.0
51-2051.00,13976,0.0
51-2051.00,13973,0.0
51-2051.00,13972,0.0
51-2051.00,13975,0.0
51-2051.00,13977,0.0
51-2051.00,13980,0.0
51-2051.00,13984,0.0
51-2051.00,13979,0.0
51-2051.00,13982,0.0
51-2051.00,13978,0.0
51-2051.00,13981,0.0
51-2051.00,13983,0.5
51-2051.00,13985,0.0
51-2061.00,15003,0.0
51-2061.00,15004,0.0
51-2061.00,15005,0.0
51-2061.00,15006,0.0
51-2061.00,15007,0.0
51-2061.00,15008,0.0
51-2061.00,15009,0.0
51-2061.00,15010,0.0
51-2061.00,15011,0.0
51-2061.00,15012,0.0
51-2061.00,15013,0.0
51-2061.00,15014,0.5
51-2061.00,15015,0.0
51-2061.00,15016,0.5
51-2061.00,15017,0.0
51-2061.00,15018,0.5
51-2061.00,15019,0.0
51-2092.00,20157,0.0
51-2092.00,20160,0.5
51-2092.00,8468,0.0
51-2092.00,8469,1.0
51-2092.00,20163,0.0
51-2092.00,20159,0.0
51-2092.00,8472,0.0
51-2092.00,20162,0.0
51-2092.00,20161,1.0
51-2092.00,20158,0.0
51-2092.00,20164,0.0
51-3011.00,20819,0.5
51-3011.00,11916,0.0
51-3011.00,11917,0.0
51-3011.00,11920,0.0
51-3011.00,11926,0.0
51-3011.00,11918,0.0
51-3011.00,11915,0.0
51-3011.00,11921,0.0
51-3011.00,11924,0.0
51-3011.00,11922,1.0
51-3011.00,11923,0.0
51-3011.00,11925,0.5
51-3011.00,11919,0.0
51-3011.00,11928,0.5
51-3011.00,11929,0.5
51-3011.00,11927,1.0
51-3011.00,11930,0.0
51-3011.00,11931,1.0
51-3021.00,8784,0.0
51-3021.00,8783,0.0
51-3021.00,8786,0.0
51-3021.00,8785,0.0
51-3021.00,8787,0.0
51-3021.00,8789,0.5
51-3021.00,8788,0.0
51-3021.00,8794,0.5
51-3021.00,8791,1.0
51-3021.00,8790,0.0
51-3021.00,8793,0.0
51-3021.00,8792,0.0
51-3022.00,8795,0.0
51-3022.00,8804,0.0
51-3022.00,8799,0.0
51-3022.00,8797,0.0
51-3022.00,8803,0.0
51-3022.00,8801,0.0
51-3022.00,8807,0.0
51-3022.00,8796,0.0
51-3022.00,8798,0.0
51-3022.00,8806,0.0
51-3022.00,8802,0.0
51-3022.00,8800,0.0
51-3022.00,8805,0.0
51-3023.00,13986,0.0
51-3023.00,13991,0.0
51-3023.00,13990,0.0
51-3023.00,13994,0.0
51-3023.00,13989,0.0
51-3023.00,13999,0.0
51-3023.00,13995,0.0
51-3023.00,13987,0.0
51-3023.00,13992,0.0
51-3023.00,13997,0.0
51-3023.00,13996,0.0
51-3023.00,13998,0.0
51-3023.00,13993,0.0
51-3023.00,14000,0.0
51-3023.00,13988,0.0
51-3091.00,10058,0.0
51-3091.00,10061,0.0
51-3091.00,10059,0.0
51-3091.00,10062,0.0
51-3091.00,10063,1.0
51-3091.00,10064,0.0
51-3091.00,10060,0.0
51-3091.00,10076,0.0
51-3091.00,10065,0.0
51-3091.00,10067,0.0
51-3091.00,10066,0.0
51-3091.00,10075,0.0
51-3091.00,10070,0.0
51-3091.00,10072,0.0
51-3091.00,10068,0.0
51-3091.00,10069,0.0
51-3091.00,10073,0.0
51-3091.00,10074,0.0
51-3091.00,10071,0.0
51-3091.00,10077,0.0
51-3092.00,4919,1.0
51-3092.00,4921,0.0
51-3092.00,4924,0.0
51-3092.00,4925,0.0
51-3092.00,4926,0.0
51-3092.00,4931,0.0
51-3092.00,4927,0.0
51-3092.00,4922,0.0
51-3092.00,4929,1.0
51-3092.00,4923,0.0
51-3092.00,4920,0.0
51-3092.00,4928,0.0
51-3092.00,4941,0.0
51-3092.00,4934,0.0
51-3092.00,4935,0.0
51-3092.00,4933,0.0
51-3092.00,4930,0.0
51-3092.00,4943,0.0
51-3092.00,4939,0.0
51-3092.00,4942,0.0
51-3092.00,4932,0.0
51-3092.00,4938,0.0
51-3092.00,4940,0.0
51-3092.00,4936,0.5
51-3092.00,4937,0.0
51-3093.00,4949,0.0
51-3093.00,4948,1.0
51-3093.00,4947,0.0
51-3093.00,4952,0.0
51-3093.00,4951,0.0
51-3093.00,4944,1.0
51-3093.00,4950,0.0
51-3093.00,4954,0.0
51-3093.00,4946,0.0
51-3093.00,4958,0.0
51-3093.00,4945,0.0
51-3093.00,4955,0.0
51-3093.00,4956,0.0
51-3093.00,4953,0.0
51-3093.00,4959,0.0
51-3093.00,4960,0.0
51-3093.00,4957,0.0
51-4021.00,8473,0.0
51-4021.00,8474,0.0
51-4021.00,8477,0.0
51-4021.00,8479,0.0
51-4021.00,8475,0.0
51-4021.00,8476,0.0
51-4021.00,8481,0.0
51-4021.00,8480,0.0
51-4021.00,8485,0.0
51-4021.00,8487,0.0
51-4021.00,8486,0.0
51-4021.00,8488,0.5
51-4021.00,8482,0.0
51-4021.00,8478,0.0
51-4021.00,8484,0.0
51-4021.00,8483,0.0
51-4022.00,10079,0.5
51-4022.00,10086,0.0
51-4022.00,10078,0.0
51-4022.00,10085,0.0
51-4022.00,10082,0.0
51-4022.00,10087,0.0
51-4022.00,10080,0.0
51-4022.00,10083,0.0
51-4022.00,10089,0.0
51-4022.00,10081,0.0
51-4022.00,10084,0.0
51-4022.00,10088,0.0
51-4022.00,10090,0.0
51-4023.00,10092,0.0
51-4023.00,10091,0.0
51-4023.00,10096,0.0
51-4023.00,10093,0.5
51-4023.00,10094,0.5
51-4023.00,10095,0.0
51-4023.00,10097,0.0
51-4023.00,10105,1.0
51-4023.00,10103,0.0
51-4023.00,10099,0.0
51-4023.00,10101,0.0
51-4023.00,10107,0.0
51-4023.00,10104,0.0
51-4023.00,10102,1.0
51-4023.00,10100,0.0
51-4023.00,10098,0.0
51-4023.00,10106,0.0
51-4023.00,10108,0.0
51-4023.00,10109,0.0
51-4031.00,10111,0.0
51-4031.00,10110,0.0
51-4031.00,10127,0.0
51-4031.00,10115,0.0
51-4031.00,10114,0.0
51-4031.00,10116,0.0
51-4031.00,10117,0.0
51-4031.00,10112,0.0
51-4031.00,10124,0.0
51-4031.00,10119,0.0
51-4031.00,10113,0.0
51-4031.00,10122,0.0
51-4031.00,10118,0.0
51-4031.00,10130,0.0
51-4031.00,20820,0.0
51-4031.00,10132,0.0
51-4031.00,20821,0.0
51-4031.00,10128,0.0
51-4031.00,10131,0.0
51-4031.00,10120,0.5
51-4031.00,10123,0.0
51-4031.00,10126,0.0
51-4031.00,10125,0.0
51-4031.00,10134,0.0
51-4031.00,10136,0.0
51-4031.00,10129,0.0
51-4031.00,10121,0.0
51-4031.00,10138,0.0
51-4031.00,10133,0.0
51-4031.00,10139,0.0
51-4031.00,10135,0.0
51-4031.00,10137,0.0
51-4032.00,11974,0.0
51-4032.00,11975,0.5
51-4032.00,11980,0.0
51-4032.00,11988,0.0
51-4032.00,11983,0.0
51-4032.00,11978,0.0
51-4032.00,11976,0.0
51-4032.00,11979,0.0
51-4032.00,11984,0.0
51-4032.00,11985,0.0
51-4032.00,11981,0.0
51-4032.00,11977,0.0
51-4032.00,11987,0.0
51-4032.00,11982,0.0
51-4032.00,11986,0.0
51-4032.00,11990,0.0
51-4032.00,11989,0.0
51-4033.00,10140,0.0
51-4033.00,10145,0.0
51-4033.00,10143,0.0
51-4033.00,10150,0.0
51-4033.00,10147,0.5
51-4033.00,10146,0.0
51-4033.00,10148,0.0
51-4033.00,10149,0.0
51-4033.00,10142,0.0
51-4033.00,10144,0.0
51-4033.00,10151,0.0
51-4033.00,10141,0.0
51-4033.00,10156,0.0
51-4033.00,10152,1.0
51-4033.00,10157,0.0
51-4033.00,10154,0.0
51-4033.00,10155,0.0
51-4033.00,10153,0.0
51-4034.00,11993,0.0
51-4034.00,11999,0.0
51-4034.00,11991,0.0
51-4034.00,11995,0.0
51-4034.00,12000,0.0
51-4034.00,11997,0.0
51-4034.00,11992,0.5
51-4034.00,11996,1.0
51-4034.00,11994,0.0
51-4034.00,20923,0.0
51-4034.00,12002,0.0
51-4034.00,12001,1.0
51-4034.00,11998,0.0
51-4034.00,12003,0.0
51-4034.00,12004,0.0
51-4034.00,12005,0.0
51-4035.00,14003,0.0
51-4035.00,14001,0.0
51-4035.00,14007,0.0
51-4035.00,14009,0.0
51-4035.00,14002,0.0
51-4035.00,14008,1.0
51-4035.00,14004,0.5
51-4035.00,14006,1.0
51-4035.00,14005,0.0
51-4035.00,14010,0.0
51-4035.00,14011,0.0
51-4035.00,14013,0.0
51-4035.00,14012,1.0
51-4035.00,14015,0.0
51-4035.00,14014,0.0
51-4041.00,20292,0.0
51-4041.00,3094,0.0
51-4041.00,3095,0.0
51-4041.00,20293,0.0
51-4041.00,3110,1.0
51-4041.00,20295,0.5
51-4041.00,3098,0.0
51-4041.00,20294,0.0
51-4041.00,3117,0.0
51-4041.00,3097,0.0
51-4041.00,3116,1.0
51-4041.00,3106,0.0
51-4041.00,20297,1.0
51-4041.00,20296,0.0
51-4041.00,3119,0.5
51-4041.00,19905,0.0
51-4041.00,3112,1.0
51-4041.00,3101,0.5
51-4041.00,19906,0.0
51-4041.00,3103,0.0
51-4041.00,3115,0.0
51-4041.00,3107,0.0
51-4041.00,3113,0.0
51-4041.00,3123,0.0
51-4041.00,3122,0.0
51-4041.00,3120,0.5
51-4041.00,3114,0.0
51-4041.00,3121,0.0
51-4041.00,3109,0.0
51-4051.00,10163,0.0
51-4051.00,10158,0.0
51-4051.00,10162,0.0
51-4051.00,10160,1.0
51-4051.00,10165,0.0
51-4051.00,10161,0.0
51-4051.00,10164,0.0
51-4051.00,10159,0.0
51-4051.00,10168,0.0
51-4051.00,10171,0.0
51-4051.00,10167,0.0
51-4051.00,10166,0.5
51-4051.00,10169,0.0
51-4051.00,10170,0.0
51-4051.00,10172,0.0
51-4052.00,12009,0.0
51-4052.00,12007,0.0
51-4052.00,12014,0.0
51-4052.00,12008,0.0
51-4052.00,12006,0.0
51-4052.00,12015,0.0
51-4052.00,12013,0.0
51-4052.00,12011,0.0
51-4052.00,12018,0.0
51-4052.00,12010,0.0
51-4052.00,12019,0.0
51-4052.00,12021,0.0
51-4052.00,12012,0.0
51-4052.00,12020,0.0
51-4052.00,12017,0.0
51-4052.00,12016,0.0
51-4061.00,12022,0.5
51-4061.00,12024,0.0
51-4061.00,12027,0.0
51-4061.00,12025,0.0
51-4061.00,12023,0.0
51-4061.00,12034,0.0
51-4061.00,12030,0.0
51-4061.00,12028,0.0
51-4061.00,20924,1.0
51-4061.00,12026,0.0
51-4061.00,12031,0.0
51-4061.00,20925,1.0
51-4061.00,12033,0.0
51-4061.00,12032,0.0
51-4061.00,12029,0.0
51-4061.00,12035,0.0
51-4062.00,12038,0.0
51-4062.00,12036,0.0
51-4062.00,12042,0.0
51-4062.00,12041,0.0
51-4062.00,12037,0.5
51-4062.00,12045,0.0
51-4062.00,12044,0.0
51-4062.00,12046,0.0
51-4062.00,12039,1.0
51-4062.00,21025,1.0
51-4062.00,12040,0.0
51-4062.00,12043,0.5
51-4062.00,12049,0.0
51-4062.00,12047,0.0
51-4062.00,12048,0.0
51-4071.00,12055,0.0
51-4071.00,12050,0.0
51-4071.00,12059,0.0
51-4071.00,12051,0.0
51-4071.00,12052,0.0
51-4071.00,12054,0.0
51-4071.00,12056,0.0
51-4071.00,12057,0.0
51-4071.00,12062,0.0
51-4071.00,12053,0.0
51-4071.00,12058,0.0
51-4071.00,12061,0.0
51-4071.00,12060,0.0
51-4072.00,10174,0.5
51-4072.00,10173,0.0
51-4072.00,10175,0.0
51-4072.00,10177,0.0
51-4072.00,10186,0.5
51-4072.00,10184,0.0
51-4072.00,10192,0.0
51-4072.00,10188,0.0
51-4072.00,10197,0.0
51-4072.00,10195,0.0
51-4072.00,10194,0.0
51-4072.00,10181,0.0
51-4072.00,10182,0.0
51-4072.00,10191,0.0
51-4072.00,10178,0.0
51-4072.00,10196,0.0
51-4072.00,10203,0.0
51-4072.00,10198,0.0
51-4072.00,10189,1.0
51-4072.00,10200,0.0
51-4072.00,10187,0.0
51-4072.00,10199,0.5
51-4072.00,10176,0.0
51-4072.00,10180,0.0
51-4072.00,10183,0.0
51-4072.00,10185,0.0
51-4072.00,10193,0.0
51-4072.00,10190,0.0
51-4072.00,10205,0.0
51-4072.00,10202,0.0
51-4072.00,10179,0.0
51-4072.00,10204,0.0
51-4072.00,10201,0.0
51-4081.00,10206,0.0
51-4081.00,10210,0.0
51-4081.00,10208,0.5
51-4081.00,10211,0.0
51-4081.00,10207,0.0
51-4081.00,10209,0.0
51-4081.00,10212,0.0
51-4081.00,10221,0.0
51-4081.00,10216,0.0
51-4081.00,10217,0.0
51-4081.00,10215,0.0
51-4081.00,10213,0.0
51-4081.00,10223,1.0
51-4081.00,10214,0.0
51-4081.00,10222,0.0
51-4081.00,10218,0.0
51-4081.00,10219,0.0
51-4081.00,10220,0.0
51-4081.00,10225,0.0
51-4081.00,23937,1.0
51-4081.00,10224,0.0
51-4111.00,8490,0.0
51-4111.00,8492,1.0
51-4111.00,8491,0.5
51-4111.00,8489,0.5
51-4111.00,23938,0.0
51-4111.00,8496,0.5
51-4111.00,8502,0.0
51-4111.00,8498,0.0
51-4111.00,8493,0.0
51-4111.00,8497,0.0
51-4111.00,8499,0.0
51-4111.00,8495,0.0
51-4111.00,8501,0.0
51-4111.00,8500,0.0
51-4111.00,8503,0.0
51-4111.00,8504,1.0
51-4111.00,8505,0.0
51-4121.00,23583,0.0
51-4121.00,23584,0.0
51-4121.00,23582,0.0
51-4121.00,23600,0.0
51-4121.00,23585,0.0
51-4121.00,23587,0.0
51-4121.00,23592,0.0
51-4121.00,23590,1.0
51-4121.00,23594,0.0
51-4121.00,23596,0.0
51-4121.00,23589,0.0
51-4121.00,23599,0.0
51-4121.00,23602,0.0
51-4121.00,23591,0.0
51-4121.00,23603,0.0
51-4121.00,23586,0.0
51-4121.00,23593,0.0
51-4121.00,23597,1.0
51-4121.00,23604,0.0
51-4121.00,23601,0.0
51-4121.00,23608,0.0
51-4121.00,23605,0.0
51-4121.00,23609,0.0
51-4121.00,23588,0.0
51-4121.00,23598,0.0
51-4121.00,23610,0.0
51-4121.00,23595,0.0
51-4121.00,23607,0.0
51-4121.00,23606,0.0
51-4121.00,23611,0.5
51-4122.00,10271,0.0
51-4122.00,10274,0.5
51-4122.00,10275,0.0
51-4122.00,10267,0.0
51-4122.00,10276,0.0
51-4122.00,10270,0.0
51-4122.00,10269,0.0
51-4122.00,10281,0.0
51-4122.00,10292,0.0
51-4122.00,10290,0.0
51-4122.00,10285,0.0
51-4122.00,10284,0.0
51-4122.00,10277,0.0
51-4122.00,10279,0.0
51-4122.00,10287,0.0
51-4122.00,10268,0.0
51-4122.00,10280,0.0
51-4122.00,10266,0.0
51-4122.00,10283,1.0
51-4122.00,10286,0.0
51-4122.00,10272,1.0
51-4122.00,10282,0.0
51-4122.00,10289,0.0
51-4122.00,10273,0.0
51-4122.00,10288,0.0
51-4122.00,10291,0.0
51-4122.00,10294,0.0
51-4122.00,10278,0.0
51-4122.00,10293,0.0
51-4191.00,12087,1.0
51-4191.00,12088,1.0
51-4191.00,12094,0.0
51-4191.00,12107,0.0
51-4191.00,12089,0.0
51-4191.00,12091,0.0
51-4191.00,12099,0.0
51-4191.00,12093,0.0
51-4191.00,12095,1.0
51-4191.00,12090,1.0
51-4191.00,12098,0.0
51-4191.00,12104,0.0
51-4191.00,12112,0.0
51-4191.00,12096,0.0
51-4191.00,12102,0.0
51-4191.00,12110,0.0
51-4191.00,12101,0.0
51-4191.00,12097,0.0
51-4191.00,12100,0.0
51-4191.00,12113,0.0
51-4191.00,12108,0.0
51-4191.00,12092,0.0
51-4191.00,12106,0.0
51-4191.00,12109,0.0
51-4191.00,12111,0.0
51-4191.00,12116,0.0
51-4192.00,10298,0.0
51-4192.00,10302,0.5
51-4192.00,10295,0.0
51-4192.00,10300,0.0
51-4192.00,10296,0.5
51-4192.00,10297,0.0
51-4192.00,10299,0.0
51-4192.00,10301,0.0
51-4192.00,10304,0.0
51-4192.00,10307,0.0
51-4192.00,10305,0.0
51-4192.00,10303,0.5
51-4192.00,10306,0.5
51-4192.00,10308,0.0
51-4193.00,10311,0.0
51-4193.00,10326,0.0
51-4193.00,10309,0.5
51-4193.00,10312,0.0
51-4193.00,10319,0.0
51-4193.00,10318,0.0
51-4193.00,10316,1.0
51-4193.00,10342,0.0
51-4193.00,10328,0.5
51-4193.00,10327,0.0
51-4193.00,10323,0.0
51-4193.00,10314,0.0
51-4193.00,10329,0.0
51-4193.00,10331,0.0
51-4193.00,10310,0.0
51-4193.00,10335,1.0
51-4193.00,10330,0.0
51-4193.00,10324,0.0
51-4193.00,10317,0.0
51-4193.00,10325,0.0
51-4193.00,10315,0.0
51-4193.00,10313,0.0
51-4193.00,10337,0.0
51-4193.00,10345,0.0
51-4193.00,10336,0.0
51-4193.00,10322,0.0
51-4193.00,10334,0.0
51-4193.00,10343,0.0
51-4193.00,10332,0.0
51-4193.00,10340,0.0
51-4193.00,10333,0.0
51-4193.00,10338,0.0
51-4193.00,10320,0.0
51-4193.00,10341,0.0
51-4193.00,10321,0.0
51-4193.00,10344,0.0
51-4193.00,10339,0.0
51-4193.00,10346,0.0
51-4194.00,10349,0.0
51-4194.00,10350,0.0
51-4194.00,10358,0.5
51-4194.00,10354,0.0
51-4194.00,10357,0.0
51-4194.00,10359,0.0
51-4194.00,10351,0.0
51-4194.00,10348,0.0
51-4194.00,10353,0.0
51-4194.00,10355,0.0
51-4194.00,10352,0.0
51-4194.00,10356,0.0
51-4194.00,20926,0.0
51-4194.00,10364,0.0
51-4194.00,10362,0.0
51-4194.00,10361,0.0
51-4194.00,10365,0.0
51-4194.00,10363,0.0
51-5111.00,20927,0.5
51-5111.00,20928,0.5
51-5111.00,10403,0.5
51-5111.00,20929,0.5
51-5111.00,10405,0.0
51-5111.00,10402,1.0
51-5111.00,10404,0.0
51-5111.00,10407,0.5
51-5111.00,10425,0.5
51-5111.00,10412,0.5
51-5111.00,10417,0.0
51-5111.00,10410,0.5
51-5111.00,10416,0.5
51-5111.00,10406,0.5
51-5111.00,10432,0.5
51-5111.00,10421,0.5
51-5111.00,10433,0.5
51-5111.00,10413,0.5
51-5111.00,10422,0.5
51-5111.00,10423,0.0
51-5111.00,10427,0.5
51-5111.00,10424,0.5
51-5111.00,10428,0.5
51-5111.00,10429,0.5
51-5111.00,10420,0.5
51-5112.00,19430,0.0
51-5112.00,19423,0.0
51-5112.00,19417,0.0
51-5112.00,19431,0.5
51-5112.00,19421,0.5
51-5112.00,19424,0.0
51-5112.00,19427,0.5
51-5112.00,19426,0.0
51-5112.00,19429,0.0
51-5112.00,19419,0.0
51-5112.00,19418,0.0
51-5112.00,19428,0.0
51-5112.00,19425,1.0
51-5112.00,19420,0.0
51-5112.00,19435,1.0
51-5112.00,19437,0.5
51-5112.00,19436,0.0
51-5112.00,19422,1.0
51-5112.00,19416,0.5
51-5112.00,19433,0.0
51-5112.00,19434,1.0
51-5112.00,19432,1.0
51-5112.00,19438,0.0
51-5113.00,19460,0.5
51-5113.00,19453,0.0
51-5113.00,19461,0.0
51-5113.00,19459,0.0
51-5113.00,19458,0.0
51-5113.00,19450,0.0
51-5113.00,19448,1.0
51-5113.00,19462,0.0
51-5113.00,19455,0.0
51-5113.00,19457,0.0
51-5113.00,19463,0.0
51-5113.00,19456,0.0
51-5113.00,19464,0.0
51-5113.00,19447,0.0
51-5113.00,19443,0.0
51-5113.00,19442,0.0
51-5113.00,19440,0.0
51-5113.00,19451,0.0
51-5113.00,19446,0.0
51-5113.00,19441,0.0
51-5113.00,19449,0.0
51-5113.00,19445,0.0
51-5113.00,19444,0.5
51-5113.00,19452,0.0
51-5113.00,19454,0.0
51-5113.00,19439,0.0
51-6011.00,12121,0.0
51-6011.00,12118,0.0
51-6011.00,12125,0.0
51-6011.00,12124,0.0
51-6011.00,12119,0.0
51-6011.00,12123,0.0
51-6011.00,12120,0.0
51-6011.00,12117,0.0
51-6011.00,12136,0.0
51-6011.00,12127,1.0
51-6011.00,12128,0.0
51-6011.00,12131,0.0
51-6011.00,12137,0.0
51-6011.00,12139,0.0
51-6011.00,12122,0.0
51-6011.00,12135,0.0
51-6011.00,12138,0.5
51-6011.00,12126,0.5
51-6011.00,12129,0.0
51-6011.00,12133,0.0
51-6011.00,12142,0.0
51-6011.00,12143,0.0
51-6011.00,12148,0.0
51-6011.00,12130,0.0
51-6011.00,12145,0.0
51-6011.00,12140,0.0
51-6011.00,12132,0.0
51-6011.00,12147,0.0
51-6011.00,12134,0.0
51-6011.00,12146,0.0
51-6011.00,12141,0.0
51-6011.00,12144,0.0
51-6021.00,14038,0.0
51-6021.00,14035,0.0
51-6021.00,14043,0.0
51-6021.00,14037,0.0
51-6021.00,14042,0.0
51-6021.00,14036,0.0
51-6021.00,21026,0.0
51-6021.00,14051,0.0
51-6021.00,14049,0.0
51-6021.00,14041,0.0
51-6021.00,14044,0.0
51-6021.00,14039,0.0
51-6021.00,14040,0.0
51-6021.00,14046,0.0
51-6021.00,14045,0.0
51-6021.00,14047,0.0
51-6021.00,14052,0.0
51-6021.00,14057,0.0
51-6021.00,14053,0.0
51-6021.00,14050,0.0
51-6021.00,14056,0.0
51-6021.00,14059,0.5
51-6021.00,14048,0.0
51-6021.00,14061,0.0
51-6021.00,14054,0.0
51-6021.00,14055,0.0
51-6021.00,14060,0.0
51-6021.00,14058,0.0
51-6031.00,12149,0.0
51-6031.00,12151,0.0
51-6031.00,12150,0.0
51-6031.00,12153,0.0
51-6031.00,12166,0.0
51-6031.00,12152,0.0
51-6031.00,12160,0.0
51-6031.00,12159,0.0
51-6031.00,12157,0.0
51-6031.00,12162,0.5
51-6031.00,12154,0.0
51-6031.00,12155,1.0
51-6031.00,12163,0.0
51-6031.00,12169,0.0
51-6031.00,12164,0.0
51-6031.00,12161,0.0
51-6031.00,12158,0.0
51-6031.00,12165,0.0
51-6031.00,12156,0.5
51-6031.00,12171,0.0
51-6031.00,12168,0.0
51-6031.00,12174,0.0
51-6031.00,12173,0.0
51-6031.00,12172,0.0
51-6031.00,12167,0.0
51-6031.00,12170,0.0
51-6041.00,14065,0.0
51-6041.00,14062,0.0
51-6041.00,14063,0.0
51-6041.00,14074,0.0
51-6041.00,14064,0.0
51-6041.00,14079,0.0
51-6041.00,14080,0.0
51-6041.00,14087,0.0
51-6041.00,14067,0.0
51-6041.00,14069,0.0
51-6041.00,14076,0.0
51-6041.00,14070,0.0
51-6041.00,14077,0.5
51-6041.00,14071,0.0
51-6041.00,14075,0.0
51-6041.00,14072,0.0
51-6041.00,14082,0.0
51-6041.00,14068,0.5
51-6041.00,14083,0.5
51-6041.00,14086,0.0
51-6041.00,14088,0.0
51-6041.00,14085,0.0
51-6041.00,14078,0.0
51-6041.00,14081,0.0
51-6041.00,14073,0.0
51-6041.00,14066,0.5
51-6041.00,14084,0.0
51-6042.00,14089,1.0
51-6042.00,14090,0.0
51-6042.00,14091,0.0
51-6042.00,14092,0.0
51-6042.00,14093,0.0
51-6042.00,14094,0.0
51-6042.00,14095,0.0
51-6042.00,14096,0.0
51-6042.00,14097,0.0
51-6042.00,14098,0.0
51-6042.00,14099,0.0
51-6042.00,14100,0.0
51-6042.00,14101,0.0
51-6042.00,14102,0.0
51-6042.00,14103,0.0
51-6042.00,14104,0.0
51-6042.00,14105,0.0
51-6042.00,14106,0.0
51-6042.00,14107,0.0
51-6051.00,14108,0.0
51-6051.00,14109,0.0
51-6051.00,14110,0.0
51-6051.00,14111,0.5
51-6051.00,14112,0.0
51-6051.00,14113,0.0
51-6051.00,14114,0.0
51-6051.00,14115,0.0
51-6051.00,14116,0.0
51-6051.00,14117,0.0
51-6051.00,14118,0.0
51-6051.00,14119,0.0
51-6051.00,14120,0.0
51-6052.00,12177,0.0
51-6052.00,12181,0.0
51-6052.00,12176,0.0
51-6052.00,12179,0.0
51-6052.00,12190,0.0
51-6052.00,12175,0.0
51-6052.00,12187,0.0
51-6052.00,12180,0.0
51-6052.00,12189,0.0
51-6052.00,12185,0.0
51-6052.00,12178,0.0
51-6052.00,12192,0.0
51-6052.00,12186,0.0
51-6052.00,12184,0.0
51-6052.00,12191,1.0
51-6052.00,12194,0.0
51-6052.00,12182,0.0
51-6052.00,12193,0.0
51-6052.00,12183,0.5
51-6052.00,12188,0.5
51-6052.00,12196,0.0
51-6052.00,12195,0.0
51-6061.00,14121,0.0
51-6061.00,14122,0.0
51-6061.00,14123,0.0
51-6061.00,14124,0.0
51-6061.00,14125,0.0
51-6061.00,14126,0.0
51-6061.00,14127,0.0
51-6061.00,14128,0.5
51-6061.00,14129,1.0
51-6061.00,14130,0.0
51-6061.00,14131,0.0
51-6061.00,14132,1.0
51-6061.00,14133,0.0
51-6061.00,14134,0.0
51-6061.00,14135,0.0
51-6061.00,14136,0.0
51-6061.00,14137,1.0
51-6061.00,14138,0.0
51-6061.00,14139,0.0
51-6061.00,14140,0.0
51-6061.00,14141,0.0
51-6061.00,14142,0.0
51-6061.00,14143,0.0
51-6061.00,14144,0.0
51-6062.00,21156,0.5
51-6062.00,14145,0.0
51-6062.00,14153,0.0
51-6062.00,14150,0.0
51-6062.00,14155,1.0
51-6062.00,14146,0.0
51-6062.00,14149,0.0
51-6062.00,14152,0.0
51-6062.00,14147,0.0
51-6062.00,14154,0.0
51-6062.00,14162,0.0
51-6062.00,14156,0.0
51-6062.00,14148,0.0
51-6062.00,14161,1.0
51-6062.00,14157,0.5
51-6062.00,14159,0.0
51-6062.00,14158,0.0
51-6062.00,14160,0.0
51-6063.00,14163,0.0
51-6063.00,14164,0.0
51-6063.00,14165,0.5
51-6063.00,14166,0.0
51-6063.00,14167,0.0
51-6063.00,14168,0.0
51-6063.00,14169,0.0
51-6063.00,14170,0.0
51-6063.00,14171,0.0
51-6063.00,14172,1.0
51-6063.00,14173,0.0
51-6063.00,14174,0.0
51-6063.00,14175,0.0
51-6063.00,14176,0.0
51-6063.00,14177,0.0
51-6063.00,14178,1.0
51-6063.00,14179,1.0
51-6063.00,14180,0.0
51-6063.00,14181,0.0
51-6063.00,14182,0.0
51-6064.00,14183,0.0
51-6064.00,14190,0.0
51-6064.00,14184,0.0
51-6064.00,14192,0.0
51-6064.00,14195,1.0
51-6064.00,14188,0.0
51-6064.00,14196,0.0
51-6064.00,14186,0.0
51-6064.00,14187,0.0
51-6064.00,14189,0.0
51-6064.00,14191,0.0
51-6064.00,14202,0.0
51-6064.00,14201,0.0
51-6064.00,14203,0.0
51-6064.00,14197,1.0
51-6064.00,14200,0.0
51-6064.00,14205,0.0
51-6064.00,14199,0.0
51-6064.00,14193,0.0
51-6064.00,14185,0.0
51-6064.00,14206,0.0
51-6064.00,14198,0.0
51-6064.00,14204,0.0
51-6064.00,14194,0.0
51-6091.00,14208,0.0
51-6091.00,14214,0.0
51-6091.00,14213,0.0
51-6091.00,14216,0.0
51-6091.00,14209,0.0
51-6091.00,14211,0.0
51-6091.00,14212,1.0
51-6091.00,14220,0.0
51-6091.00,14215,0.0
51-6091.00,14219,0.0
51-6091.00,14218,0.0
51-6091.00,14224,0.0
51-6091.00,14223,0.0
51-6091.00,14210,0.0
51-6091.00,14207,0.0
51-6091.00,14227,0.0
51-6091.00,14222,0.0
51-6091.00,14225,0.0
51-6091.00,14217,0.0
51-6091.00,14226,0.0
51-6091.00,14221,0.0
51-6092.00,12200,0.5
51-6092.00,20930,1.0
51-6092.00,12198,0.5
51-6092.00,20931,0.5
51-6092.00,12206,0.5
51-6092.00,12205,0.5
51-6092.00,12201,0.5
51-6092.00,12197,0.0
51-6092.00,12203,0.5
51-6092.00,12202,0.5
51-6092.00,12204,0.5
51-6092.00,12207,0.5
51-6092.00,12199,0.5
51-6092.00,20932,1.0
51-6092.00,12208,0.0
51-6092.00,12209,0.0
51-6093.00,14228,0.0
51-6093.00,14236,0.0
51-6093.00,14229,0.0
51-6093.00,14235,0.0
51-6093.00,14233,1.0
51-6093.00,14230,0.5
51-6093.00,14245,0.0
51-6093.00,14243,0.0
51-6093.00,14232,0.0
51-6093.00,14231,0.0
51-6093.00,14239,0.0
51-6093.00,14242,0.0
51-6093.00,14234,0.5
51-6093.00,14246,0.0
51-6093.00,14240,0.0
51-6093.00,14247,0.5
51-6093.00,14237,1.0
51-6093.00,14238,1.0
51-6093.00,14241,0.0
51-6093.00,14244,0.0
51-6093.00,14249,0.5
51-6093.00,14248,0.0
51-7011.00,12211,0.0
51-7011.00,12210,0.0
51-7011.00,12213,0.0
51-7011.00,12212,0.0
51-7011.00,12216,0.5
51-7011.00,12215,0.0
51-7011.00,12214,0.0
51-7011.00,12224,0.0
51-7011.00,12219,0.0
51-7011.00,12218,0.0
51-7011.00,12217,0.0
51-7011.00,12223,0.0
51-7011.00,12220,0.0
51-7011.00,12226,0.0
51-7011.00,12222,0.5
51-7011.00,12229,0.0
51-7011.00,20822,1.0
51-7011.00,12228,0.5
51-7011.00,12227,0.0
51-7011.00,12221,1.0
51-7021.00,14251,0.0
51-7021.00,14254,0.0
51-7021.00,14252,0.0
51-7021.00,14263,0.0
51-7021.00,14259,0.0
51-7021.00,14264,0.0
51-7021.00,14253,0.0
51-7021.00,14250,0.0
51-7021.00,14267,0.0
51-7021.00,14256,0.0
51-7021.00,14255,0.0
51-7021.00,14268,0.0
51-7021.00,14261,0.0
51-7021.00,14265,0.0
51-7021.00,14258,0.5
51-7021.00,14262,0.0
51-7021.00,14260,0.5
51-7021.00,14257,0.0
51-7021.00,14266,0.0
51-7021.00,14269,0.0
51-7021.00,14271,0.0
51-7021.00,14270,0.0
51-7031.00,14272,0.0
51-7031.00,14273,0.5
51-7031.00,14274,0.0
51-7031.00,14275,0.0
51-7031.00,14276,0.0
51-7031.00,14277,0.0
51-7031.00,14278,0.0
51-7031.00,14279,0.0
51-7031.00,14280,0.5
51-7031.00,14281,0.0
51-7031.00,14282,1.0
51-7031.00,14283,0.0
51-7031.00,14284,0.0
51-7031.00,14285,0.0
51-7032.00,12230,0.5
51-7032.00,12235,0.0
51-7032.00,12231,0.5
51-7032.00,12234,0.0
51-7032.00,12247,0.0
51-7032.00,12232,0.0
51-7032.00,12236,0.0
51-7032.00,12233,0.0
51-7032.00,12240,0.0
51-7032.00,12246,1.0
51-7032.00,12239,0.0
51-7032.00,12243,0.0
51-7032.00,12244,1.0
51-7032.00,12241,0.0
51-7032.00,12237,0.0
51-7032.00,12238,1.0
51-7032.00,12242,0.0
51-7032.00,12249,0.0
51-7032.00,12245,1.0
51-7032.00,12248,0.0
51-7041.00,12251,0.0
51-7041.00,12250,0.0
51-7041.00,12256,0.0
51-7041.00,12253,0.0
51-7041.00,12254,0.5
51-7041.00,12257,0.0
51-7041.00,12261,0.0
51-7041.00,12259,0.0
51-7041.00,12264,0.0
51-7041.00,12263,0.0
51-7041.00,12260,0.0
51-7041.00,12252,0.5
51-7041.00,12269,0.0
51-7041.00,12262,0.0
51-7041.00,12270,0.0
51-7041.00,12273,0.0
51-7041.00,12266,0.0
51-7041.00,12255,0.0
51-7041.00,12267,0.5
51-7041.00,12268,0.0
51-7041.00,12258,0.0
51-7041.00,12271,0.0
51-7041.00,12272,0.0
51-7041.00,12265,0.0
51-7042.00,12279,0.0
51-7042.00,12281,0.0
51-7042.00,12274,0.0
51-7042.00,12278,0.0
51-7042.00,12291,0.5
51-7042.00,12277,0.0
51-7042.00,12282,0.0
51-7042.00,12285,0.0
51-7042.00,12275,0.5
51-7042.00,12276,0.0
51-7042.00,12284,0.0
51-7042.00,12280,0.0
51-7042.00,12287,0.0
51-7042.00,12288,0.0
51-7042.00,12283,0.0
51-7042.00,12286,0.0
51-7042.00,12289,0.0
51-7042.00,12290,0.0
51-7042.00,12295,0.0
51-7042.00,20823,0.0
51-7042.00,12296,0.0
51-7042.00,12297,0.0
51-7042.00,12293,0.0
51-7042.00,12292,1.0
51-7042.00,12298,0.0
51-7042.00,12294,0.0
51-8011.00,19911,0.0
51-8011.00,8506,0.0
51-8011.00,20680,0.0
51-8011.00,8507,0.5
51-8011.00,8508,0.0
51-8011.00,8511,0.0
51-8011.00,8513,1.0
51-8011.00,8509,0.5
51-8011.00,8510,0.5
51-8011.00,8514,0.0
51-8011.00,8512,1.0
51-8011.00,20681,1.0
51-8011.00,8515,0.0
51-8011.00,8516,0.0
51-8011.00,8517,0.5
51-8011.00,19912,0.0
51-8011.00,19907,0.5
51-8011.00,19909,0.0
51-8011.00,19908,0.0
51-8011.00,19910,0.5
51-8012.00,12299,0.0
51-8012.00,12300,0.5
51-8012.00,12301,0.5
51-8012.00,12302,0.5
51-8012.00,12304,0.5
51-8012.00,12309,0.5
51-8012.00,12307,0.0
51-8012.00,12306,0.5
51-8012.00,12308,1.0
51-8012.00,12303,0.0
51-8012.00,12305,0.5
51-8012.00,12310,0.0
51-8012.00,12312,0.5
51-8012.00,12311,0.0
51-8012.00,12313,0.0
51-8013.00,12315,0.0
51-8013.00,12314,0.5
51-8013.00,12328,0.0
51-8013.00,12321,0.0
51-8013.00,12316,0.0
51-8013.00,12319,0.0
51-8013.00,12325,0.0
51-8013.00,12323,0.5
51-8013.00,12320,0.5
51-8013.00,12317,0.5
51-8013.00,12318,0.5
51-8013.00,12324,1.0
51-8013.00,12322,0.0
51-8013.00,12329,0.0
51-8013.00,12327,0.0
51-8013.00,19915,0.0
51-8013.00,19916,0.0
51-8013.00,19917,0.0
51-8013.00,19914,0.0
51-8013.00,12331,0.0
51-8013.00,12330,1.0
51-8013.00,12326,0.0
51-8013.00,23612,0.5
51-8013.00,23613,0.5
51-8013.00,23614,0.0
51-8013.00,23615,0.0
51-8013.00,23616,1.0
51-8013.00,23617,0.0
51-8013.00,23618,0.0
51-8013.00,23619,0.5
51-8013.03,17861,0.0
51-8013.03,21208,0.0
51-8013.03,17864,0.0
51-8013.03,17862,0.0
51-8013.03,17863,0.0
51-8013.03,17860,0.0
51-8013.03,17866,0.5
51-8013.03,17855,0.0
51-8013.03,17858,0.0
51-8013.03,17867,0.0
51-8013.03,17856,0.0
51-8013.03,17854,0.0
51-8013.03,17859,0.0
51-8013.03,17857,0.5
51-8013.03,17869,1.0
51-8013.03,21209,0.0
51-8013.03,17865,0.0
51-8013.03,17868,0.5
51-8013.04,17920,0.0
51-8013.04,17911,0.0
51-8013.04,17916,0.0
51-8013.04,17915,0.0
51-8013.04,17913,0.0
51-8013.04,17929,0.0
51-8013.04,17919,0.0
51-8013.04,17921,0.0
51-8013.04,17914,1.0
51-8013.04,17912,0.0
51-8013.04,17922,0.0
51-8013.04,17917,0.0
51-8013.04,17928,0.0
51-8013.04,17918,1.0
51-8013.04,17924,0.0
51-8013.04,17930,0.0
51-8013.04,17925,0.0
51-8013.04,17927,0.0
51-8013.04,17926,0.0
51-8013.04,17931,0.0
51-8013.04,17923,0.0
51-8021.00,10474,0.0
51-8021.00,10471,0.0
51-8021.00,10472,0.0
51-8021.00,10469,0.0
51-8021.00,10470,0.0
51-8021.00,10475,0.0
51-8021.00,10468,0.0
51-8021.00,10477,0.0
51-8021.00,10478,0.0
51-8021.00,10476,1.0
51-8021.00,10491,1.0
51-8021.00,10483,1.0
51-8021.00,10484,0.0
51-8021.00,10481,0.0
51-8021.00,10480,0.0
51-8021.00,10482,0.0
51-8021.00,10479,0.0
51-8021.00,10485,0.5
51-8021.00,10473,0.0
51-8021.00,10489,0.0
51-8021.00,10490,0.0
51-8021.00,10488,0.0
51-8021.00,10492,0.0
51-8021.00,10486,0.0
51-8021.00,10487,0.0
51-8031.00,925,0.0
51-8031.00,928,0.0
51-8031.00,929,1.0
51-8031.00,926,0.0
51-8031.00,927,0.0
51-8031.00,930,0.0
51-8031.00,18585,0.0
51-8031.00,932,0.0
51-8091.00,10494,0.0
51-8091.00,10499,0.0
51-8091.00,10495,0.0
51-8091.00,10493,0.0
51-8091.00,10504,0.0
51-8091.00,10498,0.5
51-8091.00,10496,0.5
51-8091.00,10502,0.0
51-8091.00,10506,0.0
51-8091.00,10501,0.5
51-8091.00,10497,0.5
51-8091.00,10500,0.0
51-8091.00,10503,0.0
51-8091.00,10509,0.0
51-8091.00,10508,0.0
51-8091.00,10507,1.0
51-8091.00,10505,0.0
51-8091.00,10511,0.0
51-8091.00,10510,0.0
51-8092.00,14286,0.0
51-8092.00,14287,0.0
51-8092.00,14288,0.0
51-8092.00,14289,0.0
51-8092.00,14290,0.5
51-8092.00,14291,0.0
51-8092.00,14292,0.0
51-8092.00,14293,0.0
51-8092.00,14294,0.0
51-8092.00,14295,1.0
51-8092.00,14296,0.0
51-8092.00,14297,0.0
51-8092.00,14298,0.0
51-8092.00,14299,0.0
51-8092.00,14300,0.0
51-8092.00,14301,0.0
51-8092.00,14302,0.0
51-8092.00,14303,0.0
51-8092.00,14304,0.0
51-8093.00,14305,0.5
51-8093.00,14306,0.0
51-8093.00,14307,0.0
51-8093.00,14308,0.0
51-8093.00,14309,0.0
51-8093.00,14310,0.0
51-8093.00,14311,0.5
51-8093.00,14312,0.0
51-8093.00,14313,0.5
51-8093.00,14314,0.5
51-8093.00,14315,0.5
51-8093.00,14316,0.0
51-8093.00,14317,0.0
51-8093.00,14318,0.0
51-8093.00,14319,0.0
51-8093.00,14320,0.0
51-8093.00,14321,0.0
51-8093.00,14322,0.5
51-8093.00,14323,0.5
51-8093.00,14324,1.0
51-8093.00,14325,0.0
51-8093.00,14326,0.0
51-8093.00,14327,0.0
51-8093.00,14328,1.0
51-8099.01,17830,0.5
51-8099.01,17821,0.0
51-8099.01,17828,0.5
51-8099.01,17825,0.5
51-8099.01,17820,0.0
51-8099.01,17822,0.0
51-8099.01,17819,0.0
51-8099.01,17829,0.0
51-8099.01,17826,0.0
51-8099.01,17827,0.0
51-8099.01,17832,0.0
51-8099.01,17818,0.0
51-8099.01,17831,0.0
51-8099.01,17823,0.0
51-8099.01,17833,0.0
51-8099.01,17835,0.0
51-8099.01,17824,0.0
51-8099.01,17836,0.0
51-8099.01,17834,0.5
51-9011.00,12334,0.0
51-9011.00,12342,1.0
51-9011.00,12336,0.0
51-9011.00,12339,0.0
51-9011.00,12341,0.0
51-9011.00,12333,0.0
51-9011.00,12335,0.0
51-9011.00,12340,0.0
51-9011.00,12338,0.0
51-9011.00,12345,0.0
51-9011.00,12346,1.0
51-9011.00,12351,0.0
51-9011.00,12337,0.0
51-9011.00,12352,0.0
51-9011.00,12343,0.0
51-9011.00,12353,0.5
51-9011.00,12344,0.0
51-9011.00,12350,0.5
51-9011.00,12355,0.0
51-9011.00,12347,0.0
51-9011.00,12349,0.0
51-9011.00,12348,0.0
51-9011.00,12354,0.5
51-9012.00,12366,0.0
51-9012.00,19918,0.0
51-9012.00,12357,0.0
51-9012.00,20824,0.0
51-9012.00,12356,0.0
51-9012.00,20825,0.5
51-9012.00,20826,0.0
51-9012.00,12365,0.0
51-9012.00,12360,0.0
51-9012.00,12368,1.0
51-9012.00,12372,0.0
51-9012.00,20827,1.0
51-9012.00,12369,0.0
51-9012.00,12364,0.0
51-9012.00,12363,0.0
51-9012.00,12362,0.0
51-9012.00,12371,0.0
51-9012.00,12367,0.0
51-9012.00,20828,0.0
51-9012.00,12373,0.0
51-9012.00,12374,0.0
51-9021.00,12376,0.0
51-9021.00,12379,0.0
51-9021.00,12377,0.0
51-9021.00,12381,0.0
51-9021.00,12380,0.0
51-9021.00,12375,1.0
51-9021.00,12387,0.0
51-9021.00,12389,0.0
51-9021.00,12378,1.0
51-9021.00,12394,0.0
51-9021.00,12385,0.0
51-9021.00,12382,0.0
51-9021.00,12386,0.0
51-9021.00,12384,0.0
51-9021.00,12388,0.0
51-9021.00,12390,0.0
51-9021.00,12391,0.0
51-9021.00,12383,0.0
51-9021.00,12392,0.0
51-9021.00,12393,0.0
51-9021.00,12395,0.0
51-9021.00,12396,0.0
51-9022.00,14329,0.0
51-9022.00,14334,0.0
51-9022.00,14331,0.0
51-9022.00,14337,0.0
51-9022.00,14333,0.0
51-9022.00,14339,0.0
51-9022.00,14336,0.0
51-9022.00,14344,0.0
51-9022.00,14346,0.0
51-9022.00,14330,0.0
51-9022.00,14340,0.0
51-9022.00,14345,0.0
51-9022.00,14338,0.0
51-9022.00,14347,0.0
51-9022.00,14335,1.0
51-9022.00,14332,0.0
51-9022.00,14341,0.0
51-9022.00,14348,0.0
51-9022.00,14342,0.0
51-9022.00,14343,0.0
51-9023.00,12397,0.0
51-9023.00,12411,0.0
51-9023.00,12410,1.0
51-9023.00,12402,0.0
51-9023.00,20682,0.0
51-9023.00,12401,0.0
51-9023.00,12404,0.0
51-9023.00,12400,0.0
51-9023.00,12405,0.0
51-9023.00,12403,0.0
51-9023.00,12406,0.0
51-9023.00,12408,0.0
51-9023.00,12398,0.0
51-9023.00,12407,1.0
51-9023.00,12409,0.0
51-9023.00,12412,0.0
51-9023.00,12413,0.0
51-9023.00,12415,0.0
51-9023.00,12414,0.0
51-9031.00,14349,0.0
51-9031.00,14350,0.0
51-9031.00,14351,0.0
51-9031.00,14361,0.0
51-9031.00,14354,0.0
51-9031.00,14356,0.0
51-9031.00,14353,0.0
51-9031.00,14357,0.0
51-9031.00,14352,0.0
51-9031.00,14359,0.0
51-9031.00,14363,0.0
51-9031.00,14364,0.0
51-9031.00,14358,0.0
51-9031.00,14365,0.0
51-9031.00,14355,0.0
51-9031.00,14360,0.0
51-9031.00,14362,0.0
51-9031.00,14366,0.0
51-9032.00,12417,0.0
51-9032.00,12419,0.5
51-9032.00,12416,0.0
51-9032.00,12422,0.0
51-9032.00,12426,0.0
51-9032.00,12432,0.0
51-9032.00,12425,0.0
51-9032.00,12418,0.0
51-9032.00,12423,0.0
51-9032.00,12427,0.0
51-9032.00,12424,1.0
51-9032.00,12421,0.0
51-9032.00,12433,0.0
51-9032.00,12429,0.0
51-9032.00,12428,0.0
51-9032.00,12430,0.0
51-9032.00,12431,0.0
51-9032.00,12436,0.0
51-9032.00,12434,0.0
51-9032.00,12420,0.0
51-9032.00,12435,0.0
51-9032.00,12438,0.0
51-9032.00,12439,0.0
51-9032.00,12442,0.0
51-9032.00,12437,0.0
51-9032.00,12440,0.0
51-9032.00,12441,0.0
51-9032.00,12443,0.0
51-9041.00,12444,0.0
51-9041.00,12447,0.0
51-9041.00,12445,0.0
51-9041.00,12446,0.0
51-9041.00,12455,0.0
51-9041.00,12452,0.0
51-9041.00,12451,1.0
51-9041.00,12449,0.0
51-9041.00,12448,0.0
51-9041.00,12466,0.0
51-9041.00,12453,0.0
51-9041.00,12456,0.0
51-9041.00,12459,0.0
51-9041.00,12450,0.0
51-9041.00,12463,0.0
51-9041.00,12470,0.0
51-9041.00,12468,0.0
51-9041.00,12462,0.0
51-9041.00,12461,0.0
51-9041.00,12454,0.0
51-9041.00,12471,0.0
51-9041.00,12464,0.0
51-9041.00,12458,1.0
51-9041.00,12467,0.0
51-9041.00,12460,0.0
51-9041.00,12457,0.0
51-9041.00,12465,0.0
51-9041.00,12469,0.0
51-9051.00,4963,0.0
51-9051.00,4966,0.0
51-9051.00,4962,0.0
51-9051.00,4965,1.0
51-9051.00,4964,1.0
51-9051.00,4967,0.0
51-9051.00,4969,0.0
51-9051.00,4970,0.0
51-9051.00,4976,0.0
51-9051.00,4971,0.0
51-9051.00,4972,0.0
51-9051.00,4974,0.0
51-9051.00,4961,0.0
51-9051.00,4978,0.0
51-9051.00,4973,0.0
51-9051.00,4975,0.0
51-9051.00,4968,0.0
51-9051.00,4977,0.0
51-9061.00,12472,0.0
51-9061.00,12478,1.0
51-9061.00,12480,0.0
51-9061.00,20299,1.0
51-9061.00,12474,0.5
51-9061.00,12485,1.0
51-9061.00,20300,0.5
51-9061.00,12486,0.5
51-9061.00,12495,0.0
51-9061.00,20298,1.0
51-9061.00,20306,0.5
51-9061.00,12477,1.0
51-9061.00,20304,0.0
51-9061.00,12487,0.0
51-9061.00,12482,0.0
51-9061.00,20305,0.0
51-9061.00,20302,0.5
51-9061.00,19920,0.0
51-9061.00,12481,1.0
51-9061.00,12484,0.5
51-9061.00,20301,0.0
51-9061.00,12491,0.0
51-9061.00,20311,0.5
51-9061.00,20307,0.5
51-9061.00,12497,0.5
51-9061.00,12488,0.0
51-9061.00,20308,1.0
51-9061.00,19919,0.0
51-9061.00,12493,0.5
51-9061.00,20310,0.0
51-9061.00,20303,1.0
51-9061.00,20309,0.0
51-9071.00,23620,0.0
51-9071.00,23621,0.0
51-9071.00,23622,0.0
51-9071.00,23623,0.0
51-9071.00,23624,0.0
51-9071.00,23625,0.0
51-9071.00,23626,0.0
51-9071.00,23627,1.0
51-9071.00,23628,0.5
51-9071.00,23629,0.0
51-9071.00,23630,0.0
51-9071.00,23631,0.0
51-9071.00,23632,0.0
51-9071.00,23633,0.0
51-9071.00,23634,0.5
51-9071.00,23635,0.5
51-9071.00,23636,0.0
51-9071.00,23637,1.0
51-9071.00,23638,0.5
51-9071.00,23639,0.5
51-9071.00,23640,0.0
51-9071.00,23641,0.0
51-9071.00,23642,0.0
51-9071.00,23643,0.0
51-9071.00,23644,0.0
51-9071.00,23645,0.5
51-9071.00,23646,0.0
51-9071.00,23647,0.0
51-9071.00,23648,0.0
51-9071.00,23649,0.0
51-9071.06,15092,0.0
51-9071.06,15093,0.5
51-9071.06,15094,0.5
51-9071.06,15095,0.5
51-9071.06,15096,0.5
51-9071.06,15097,0.5
51-9071.06,15098,0.5
51-9071.06,15099,0.0
51-9071.06,15100,0.0
51-9071.06,15101,0.5
51-9071.06,15102,0.0
51-9071.06,15103,0.0
51-9071.06,15104,0.0
51-9071.06,15105,0.0
51-9071.06,15106,0.5
51-9071.06,15107,0.0
51-9071.06,15108,0.0
51-9071.06,15109,0.0
51-9071.06,15110,0.0
51-9071.06,15111,0.0
51-9071.06,15112,0.0
51-9071.06,15113,0.0
51-9081.00,7133,0.5
51-9081.00,7135,0.0
51-9081.00,7134,0.0
51-9081.00,7136,0.0
51-9081.00,7139,0.0
51-9081.00,7147,0.0
51-9081.00,7137,0.0
51-9081.00,7138,0.0
51-9081.00,7148,0.0
51-9081.00,7143,0.0
51-9081.00,7142,0.0
51-9081.00,7141,0.0
51-9081.00,7146,0.0
51-9081.00,7140,0.0
51-9081.00,7145,0.0
51-9081.00,7149,0.0
51-9081.00,7144,0.0
51-9082.00,10520,0.0
51-9082.00,10514,1.0
51-9082.00,10513,0.0
51-9082.00,10519,0.0
51-9082.00,10518,0.5
51-9082.00,10515,0.0
51-9082.00,10523,0.0
51-9082.00,10522,0.0
51-9082.00,10521,0.0
51-9082.00,10512,0.0
51-9082.00,10524,0.0
51-9082.00,10517,0.5
51-9082.00,10516,0.0
51-9082.00,10525,0.0
51-9082.00,10526,0.0
51-9083.00,10529,0.0
51-9083.00,10532,0.5
51-9083.00,10537,0.0
51-9083.00,10540,0.5
51-9083.00,10530,0.0
51-9083.00,10533,0.0
51-9083.00,10528,0.0
51-9083.00,10535,0.5
51-9083.00,10527,0.0
51-9083.00,10534,0.0
51-9083.00,10539,0.0
51-9083.00,10531,0.0
51-9083.00,10536,0.0
51-9083.00,10538,0.0
51-9083.00,10543,0.0
51-9083.00,10542,0.0
51-9083.00,10544,0.0
51-9083.00,10541,0.0
51-9111.00,3142,0.0
51-9111.00,3134,0.0
51-9111.00,3129,0.0
51-9111.00,3124,0.0
51-9111.00,3127,0.0
51-9111.00,3136,0.0
51-9111.00,3132,0.0
51-9111.00,3138,0.0
51-9111.00,3126,0.0
51-9111.00,3135,0.0
51-9111.00,3128,0.0
51-9111.00,3125,0.0
51-9111.00,3141,0.0
51-9111.00,3137,0.0
51-9111.00,3140,0.0
51-9111.00,3131,0.0
51-9111.00,3139,0.0
51-9111.00,3143,0.0
51-9111.00,3130,0.0
51-9111.00,3133,0.0
51-9123.00,12527,0.0
51-9123.00,12528,0.0
51-9123.00,12529,0.0
51-9123.00,12530,0.0
51-9123.00,12537,0.0
51-9123.00,12534,0.0
51-9123.00,12533,0.0
51-9123.00,12531,0.0
51-9123.00,12536,0.0
51-9123.00,12535,0.0
51-9123.00,12532,0.0
51-9123.00,12538,0.0
51-9123.00,12539,0.0
51-9124.00,23656,0.0
51-9124.00,12522,0.0
51-9124.00,23664,0.0
51-9124.00,23659,0.0
51-9124.00,23655,0.0
51-9124.00,12513,0.0
51-9124.00,23654,0.0
51-9124.00,23652,0.0
51-9124.00,12509,0.0
51-9124.00,12504,0.0
51-9124.00,12517,0.0
51-9124.00,12508,0.0
51-9124.00,12503,0.0
51-9124.00,12521,0.5
51-9124.00,23653,0.0
51-9124.00,23665,0.0
51-9124.00,12516,0.0
51-9124.00,12505,0.0
51-9124.00,12512,0.0
51-9124.00,12518,0.0
51-9124.00,12510,1.0
51-9124.00,23660,0.0
51-9124.00,12524,0.0
51-9124.00,23663,0.0
51-9124.00,23650,0.0
51-9124.00,23651,0.0
51-9124.00,23657,0.0
51-9124.00,23658,0.0
51-9124.00,23661,0.0
51-9124.00,23662,0.0
51-9141.00,12573,0.0
51-9141.00,12574,1.0
51-9141.00,12575,0.5
51-9141.00,12576,0.0
51-9141.00,12577,1.0
51-9141.00,12578,0.0
51-9141.00,12579,0.0
51-9141.00,12580,0.0
51-9141.00,12581,0.0
51-9141.00,12582,0.0
51-9141.00,12583,0.0
51-9141.00,12584,1.0
51-9141.00,12585,0.5
51-9141.00,12586,1.0
51-9141.00,12587,0.0
51-9141.00,12588,0.0
51-9141.00,12589,0.0
51-9141.00,12590,0.0
51-9141.00,12591,0.0
51-9141.00,12592,0.0
51-9141.00,12593,0.0
51-9141.00,12594,0.0
51-9141.00,12595,0.0
51-9141.00,12596,0.0
51-9151.00,19484,0.5
51-9151.00,19465,0.5
51-9151.00,19479,0.5
51-9151.00,19486,0.0
51-9151.00,19483,0.5
51-9151.00,19476,0.5
51-9151.00,19467,0.0
51-9151.00,19473,0.0
51-9151.00,19471,0.5
51-9151.00,19477,0.5
51-9151.00,19466,0.5
51-9151.00,19480,1.0
51-9151.00,19470,0.0
51-9151.00,19469,0.0
51-9151.00,19481,0.5
51-9151.00,19488,0.0
51-9151.00,19474,0.0
51-9151.00,19472,1.0
51-9151.00,19475,0.5
51-9151.00,19468,0.0
51-9151.00,19492,0.5
51-9151.00,19499,0.5
51-9151.00,19497,0.5
51-9151.00,19491,0.5
51-9151.00,19478,0.5
51-9151.00,19500,0.5
51-9151.00,19490,0.0
51-9151.00,19496,0.5
51-9151.00,19485,0.5
51-9151.00,19498,0.5
51-9151.00,19487,0.5
51-9151.00,19482,0.5
51-9161.00,11932,0.0
51-9161.00,11934,0.0
51-9161.00,11937,0.0
51-9161.00,11953,1.0
51-9161.00,11942,0.0
51-9161.00,11944,0.0
51-9161.00,11941,0.0
51-9161.00,11946,0.5
51-9161.00,11935,0.0
51-9161.00,11933,0.0
51-9161.00,11947,0.0
51-9161.00,11952,1.0
51-9161.00,11939,1.0
51-9161.00,11940,1.0
51-9161.00,11936,0.0
51-9161.00,11938,0.0
51-9161.00,11950,0.0
51-9161.00,11948,0.0
51-9161.00,11949,0.0
51-9161.00,11945,0.0
51-9161.00,11955,1.0
51-9161.00,11954,0.0
51-9161.00,11951,0.0
51-9161.00,11943,0.0
51-9161.00,11956,1.0
51-9161.00,11958,0.0
51-9161.00,11957,0.5
51-9162.00,11966,1.0
51-9162.00,11959,1.0
51-9162.00,11960,1.0
51-9162.00,11961,0.5
51-9162.00,11970,1.0
51-9162.00,11963,1.0
51-9162.00,11968,1.0
51-9162.00,11967,1.0
51-9162.00,11962,1.0
51-9162.00,11971,1.0
51-9162.00,11964,0.5
51-9162.00,20922,0.0
51-9162.00,11969,1.0
51-9162.00,11972,0.5
51-9162.00,11965,1.0
51-9162.00,11973,0.0
51-9191.00,12607,0.0
51-9191.00,12598,0.0
51-9191.00,12599,0.0
51-9191.00,12604,0.0
51-9191.00,12601,0.0
51-9191.00,12605,0.0
51-9191.00,12597,0.0
51-9191.00,12600,0.0
51-9191.00,12609,0.0
51-9191.00,12608,0.0
51-9191.00,12603,1.0
51-9191.00,12606,0.0
51-9191.00,12602,0.0
51-9191.00,12611,0.0
51-9191.00,12610,0.0
51-9191.00,12612,0.0
51-9191.00,12613,0.0
51-9192.00,14368,0.0
51-9192.00,14372,0.0
51-9192.00,14373,0.0
51-9192.00,14369,0.0
51-9192.00,14367,0.0
51-9192.00,14375,1.0
51-9192.00,14374,0.0
51-9192.00,14370,0.0
51-9192.00,14371,0.0
51-9192.00,14376,0.0
51-9192.00,14377,0.0
51-9193.00,8544,1.0
51-9193.00,8543,0.0
51-9193.00,8545,0.0
51-9193.00,8547,0.0
51-9193.00,8546,0.0
51-9193.00,8548,0.0
51-9193.00,8553,0.0
51-9193.00,8542,0.0
51-9193.00,8550,0.0
51-9193.00,8557,0.0
51-9193.00,8554,0.0
51-9193.00,8559,0.0
51-9193.00,8552,0.0
51-9193.00,8558,0.0
51-9193.00,8555,0.0
51-9193.00,8556,0.0
51-9193.00,8549,0.0
51-9193.00,8560,0.0
51-9193.00,8551,0.0
51-9194.00,14395,0.5
51-9194.00,14386,0.5
51-9194.00,14385,0.0
51-9194.00,14396,0.0
51-9194.00,14379,0.0
51-9194.00,14388,0.0
51-9194.00,21027,0.5
51-9194.00,14409,0.0
51-9194.00,14378,0.0
51-9194.00,14406,0.0
51-9194.00,14383,0.5
51-9194.00,14394,0.0
51-9194.00,14382,0.5
51-9194.00,14399,0.0
51-9194.00,14392,0.0
51-9194.00,14389,0.0
51-9194.00,14398,0.5
51-9194.00,14380,0.0
51-9194.00,14404,0.0
51-9194.00,14401,0.0
51-9194.00,14384,0.0
51-9194.00,14381,0.0
51-9194.00,14402,0.0
51-9194.00,14397,0.0
51-9194.00,14391,0.0
51-9194.00,14400,0.5
51-9194.00,14407,0.0
51-9194.00,14403,0.0
51-9194.00,14408,0.0
51-9194.00,14405,0.0
51-9195.00,23666,0.0
51-9195.00,23667,0.0
51-9195.00,23668,0.0
51-9195.00,23669,0.0
51-9195.00,23670,0.0
51-9195.00,23671,0.0
51-9195.00,23672,0.0
51-9195.00,23673,0.0
51-9195.00,23674,0.0
51-9195.00,23675,0.0
51-9195.00,23676,0.0
51-9195.00,23677,0.0
51-9195.00,23678,0.0
51-9195.00,23679,0.0
51-9195.00,23680,0.0
51-9195.00,23681,0.0
51-9195.00,23682,0.0
51-9195.00,23683,0.0
51-9195.00,23684,0.0
51-9195.00,23685,0.0
51-9195.00,23686,0.0
51-9195.00,23687,0.0
51-9195.00,23688,0.0
51-9195.00,23689,0.0
51-9195.00,23690,0.0
51-9195.00,23691,0.0
51-9195.00,23692,0.0
51-9195.03,12615,0.0
51-9195.03,12621,0.0
51-9195.03,12619,0.0
51-9195.03,12616,0.5
51-9195.03,12624,0.0
51-9195.03,12618,0.0
51-9195.03,12620,0.0
51-9195.03,12617,0.5
51-9195.03,12614,0.0
51-9195.03,12622,0.0
51-9195.03,12623,0.0
51-9195.03,12625,0.0
51-9195.03,12628,0.0
51-9195.03,12629,0.0
51-9195.03,12626,0.0
51-9195.03,12627,0.5
51-9195.04,12632,0.0
51-9195.04,12630,0.0
51-9195.04,12631,1.0
51-9195.04,12646,0.0
51-9195.04,12644,0.0
51-9195.04,12633,0.0
51-9195.04,20829,0.0
51-9195.04,12638,0.0
51-9195.04,12634,0.0
51-9195.04,12635,0.0
51-9195.04,12647,0.0
51-9195.04,12641,0.0
51-9195.04,12649,0.0
51-9195.04,12648,0.0
51-9195.04,12637,0.5
51-9195.04,12640,0.0
51-9195.04,12645,0.0
51-9195.04,12643,0.0
51-9195.04,12639,0.0
51-9195.05,21210,0.0
51-9195.05,21211,0.0
51-9195.05,15118,0.0
51-9195.05,15115,0.0
51-9195.05,15117,0.0
51-9195.05,15122,0.0
51-9195.05,15119,0.5
51-9195.05,21212,0.0
51-9195.05,15114,0.0
51-9195.05,21213,0.0
51-9195.05,15120,0.0
51-9195.05,15123,0.0
51-9195.05,21214,0.5
51-9195.05,15127,0.0
51-9195.05,15124,0.5
51-9195.05,15126,0.0
51-9195.05,15131,0.0
51-9195.05,15125,0.0
51-9195.05,15129,0.0
51-9195.05,15128,0.0
51-9195.05,15130,0.0
51-9195.05,15121,0.5
51-9195.05,15132,0.0
51-9195.05,15133,0.0
51-9196.00,12678,0.0
51-9196.00,12683,0.0
51-9196.00,12679,0.0
51-9196.00,12689,0.0
51-9196.00,12681,0.0
51-9196.00,12687,0.0
51-9196.00,12685,0.0
51-9196.00,12688,0.0
51-9196.00,12680,0.0
51-9196.00,12682,0.0
51-9196.00,12686,0.0
51-9196.00,12684,0.0
51-9196.00,12690,0.0
51-9196.00,12691,0.0
51-9196.00,12692,0.0
51-9197.00,14418,0.0
51-9197.00,14430,0.0
51-9197.00,14425,0.0
51-9197.00,14431,0.0
51-9197.00,14423,0.0
51-9197.00,21215,0.0
51-9197.00,14426,0.0
51-9197.00,14411,0.0
51-9197.00,14415,0.0
51-9197.00,14421,0.0
51-9197.00,14413,0.0
51-9197.00,14428,0.5
51-9197.00,14427,0.0
51-9197.00,14417,0.0
51-9197.00,14414,0.0
51-9197.00,14412,0.0
51-9197.00,14410,0.0
51-9197.00,14422,0.0
51-9197.00,14424,0.0
51-9197.00,14416,0.0
51-9197.00,14429,0.0
51-9197.00,14419,0.0
51-9197.00,14420,0.0
51-9198.00,12699,0.0
51-9198.00,12693,0.0
51-9198.00,12706,0.0
51-9198.00,12694,0.5
51-9198.00,12703,0.0
51-9198.00,12695,0.0
51-9198.00,12707,0.0
51-9198.00,12696,0.0
51-9198.00,12710,0.0
51-9198.00,12708,0.0
51-9198.00,12700,0.0
51-9198.00,12697,0.5
51-9198.00,12713,0.5
51-9198.00,12704,0.0
51-9198.00,12705,0.0
51-9198.00,12698,0.0
51-9198.00,12721,0.0
51-9198.00,12716,0.0
51-9198.00,12709,0.0
51-9198.00,12702,1.0
51-9198.00,12715,1.0
51-9198.00,12720,0.0
51-9198.00,12711,0.0
51-9198.00,12701,0.0
51-9198.00,12712,0.0
51-9198.00,12725,0.0
51-9198.00,12723,0.0
51-9198.00,12726,0.0
51-9198.00,12717,0.0
51-9198.00,12719,0.0
51-9198.00,12718,0.0
51-9198.00,12722,0.0
51-9198.00,12714,0.0
51-9198.00,12724,0.0
53-1041.00,14435,0.5
53-1041.00,14434,0.0
53-1041.00,20933,0.0
53-1041.00,14432,0.5
53-1041.00,14433,1.0
53-1041.00,14436,0.0
53-1042.00,20830,0.0
53-1042.00,8563,0.0
53-1042.00,8566,0.0
53-1042.00,8567,0.0
53-1042.00,8562,0.0
53-1042.00,8565,0.0
53-1042.00,8561,0.5
53-1042.00,8564,0.0
53-1042.00,8570,1.0
53-1042.00,8573,0.0
53-1042.00,8579,0.5
53-1042.00,8571,0.0
53-1042.00,8568,0.5
53-1042.00,8576,0.5
53-1042.00,8574,0.0
53-1042.00,8575,0.0
53-1042.00,8582,0.5
53-1042.00,8581,0.0
53-1042.00,8569,0.0
53-1042.00,8583,0.5
53-1042.00,8572,0.0
53-1042.00,8577,0.5
53-1042.00,8578,1.0
53-1042.00,8580,0.5
53-1042.01,17888,0.0
53-1042.01,17907,1.0
53-1042.01,17889,0.0
53-1042.01,17910,0.5
53-1042.01,17909,0.0
53-1042.01,17905,0.5
53-1042.01,17890,0.5
53-1042.01,17893,0.5
53-1042.01,17908,1.0
53-1042.01,17906,0.0
53-1042.01,17899,0.5
53-1042.01,17892,0.5
53-1042.01,17901,0.0
53-1042.01,17900,0.0
53-1042.01,17904,0.0
53-1042.01,17902,0.5
53-1042.01,17891,0.5
53-1042.01,17895,0.5
53-1042.01,17903,1.0
53-1042.01,17897,0.0
53-1042.01,17896,0.5
53-1042.01,17898,0.5
53-1042.01,17894,0.5
53-1043.00,8584,0.0
53-1043.00,8585,0.5
53-1043.00,8589,0.5
53-1043.00,8599,0.5
53-1043.00,8586,0.0
53-1043.00,20455,0.0
53-1043.00,8601,0.5
53-1043.00,8605,0.0
53-1043.00,8592,1.0
53-1043.00,8593,1.0
53-1043.00,8595,1.0
53-1043.00,8588,0.0
53-1043.00,8596,0.5
53-1043.00,8602,0.0
53-1043.00,8594,0.0
53-1043.00,8597,0.5
53-1043.00,8591,0.5
53-1043.00,8603,0.5
53-1043.00,8600,0.5
53-1043.00,23693,0.0
53-1043.00,23694,0.0
53-1043.00,23695,0.5
53-1044.00,23696,1.0
53-1044.00,23697,0.5
53-1044.00,23698,0.5
53-1044.00,23699,0.0
53-1044.00,23700,0.0
53-1044.00,23701,0.0
53-1044.00,23702,0.0
53-1044.00,23703,0.5
53-1044.00,23704,0.5
53-1044.00,23705,0.0
53-1044.00,23706,0.0
53-1044.00,23707,0.0
53-1044.00,23708,0.5
53-1044.00,23709,0.5
53-1044.00,23710,0.5
53-1044.00,23711,0.5
53-1044.00,23712,0.5
53-1044.00,23713,0.0
53-1044.00,23714,0.0
53-2011.00,10562,0.5
53-2011.00,10568,0.0
53-2011.00,10564,0.0
53-2011.00,10563,0.5
53-2011.00,10569,0.0
53-2011.00,10565,0.5
53-2011.00,10571,0.5
53-2011.00,10567,0.0
53-2011.00,10566,0.0
53-2011.00,10570,0.5
53-2011.00,10572,0.5
53-2011.00,10574,0.5
53-2011.00,10577,0.5
53-2011.00,10575,0.5
53-2011.00,10576,0.0
53-2011.00,10578,1.0
53-2011.00,10582,0.0
53-2011.00,10579,1.0
53-2011.00,10573,0.5
53-2011.00,10583,0.0
53-2011.00,10580,0.5
53-2011.00,10581,0.0
53-2011.00,10584,0.5
53-2011.00,10585,0.0
53-2011.00,20312,0.5
53-2011.00,10586,0.5
53-2012.00,10595,0.0
53-2012.00,10589,0.0
53-2012.00,10590,0.0
53-2012.00,10587,0.0
53-2012.00,10591,1.0
53-2012.00,10588,0.0
53-2012.00,10593,0.5
53-2012.00,10604,0.5
53-2012.00,10596,0.0
53-2012.00,10592,0.0
53-2012.00,10594,0.5
53-2012.00,10598,0.5
53-2012.00,20831,0.0
53-2012.00,10599,0.5
53-2012.00,10597,0.0
53-2012.00,10600,1.0
53-2012.00,10607,0.0
53-2012.00,10609,0.0
53-2012.00,10606,0.0
53-2012.00,10602,0.0
53-2012.00,10601,1.0
53-2012.00,10608,0.0
53-2012.00,10605,0.0
53-2012.00,10610,0.5
53-2012.00,10611,0.0
53-2012.00,10612,0.0
53-2021.00,12731,0.5
53-2021.00,12728,0.0
53-2021.00,12735,0.0
53-2021.00,12732,0.0
53-2021.00,12733,0.0
53-2021.00,12729,0.0
53-2021.00,12734,0.0
53-2021.00,12730,0.5
53-2021.00,12736,0.0
53-2021.00,12739,0.5
53-2021.00,12738,0.5
53-2021.00,12737,0.5
53-2021.00,12740,0.5
53-2021.00,20691,0.0
53-2021.00,12741,0.5
53-2021.00,12742,0.5
53-2021.00,12744,0.0
53-2021.00,12743,0.5
53-2021.00,12747,0.5
53-2021.00,12748,1.0
53-2021.00,12749,1.0
53-2021.00,12745,0.5
53-2021.00,12746,0.5
53-2022.00,23939,0.5
53-2022.00,10613,0.0
53-2022.00,23940,0.5
53-2022.00,20456,0.0
53-2022.00,23941,0.0
53-2022.00,20457,0.0
53-2022.00,10621,0.5
53-2022.00,10622,0.0
53-2022.00,10614,0.5
53-2022.00,10616,0.0
53-2022.00,10618,0.0
53-2022.00,10615,0.5
53-2022.00,10619,0.5
53-2022.00,10630,0.5
53-2022.00,10626,0.5
53-2022.00,10632,0.0
53-2022.00,10623,1.0
53-2022.00,10617,1.0
53-2022.00,10620,0.5
53-2022.00,10629,0.5
53-2022.00,10633,0.5
53-2022.00,10624,0.5
53-2022.00,10631,1.0
53-2022.00,10627,0.5
53-2022.00,10625,1.0
53-2022.00,10628,0.5
53-2022.00,10634,0.5
53-2031.00,9639,0.0
53-2031.00,9637,0.0
53-2031.00,23942,0.0
53-2031.00,9638,0.0
53-2031.00,9636,0.0
53-2031.00,9642,0.0
53-2031.00,9640,0.0
53-2031.00,9643,0.0
53-2031.00,9641,0.0
53-2031.00,9645,0.0
53-2031.00,9644,0.0
53-2031.00,9656,1.0
53-2031.00,9646,1.0
53-2031.00,9651,0.0
53-2031.00,9649,0.0
53-2031.00,9652,0.0
53-2031.00,9650,0.0
53-2031.00,9654,0.0
53-2031.00,9648,0.5
53-2031.00,9657,0.0
53-2031.00,9658,0.0
53-2031.00,9647,1.0
53-2031.00,9655,0.0
53-2031.00,9653,1.0
53-2031.00,9659,0.0
53-3011.00,8607,0.0
53-3011.00,8606,0.0
53-3011.00,8612,1.0
53-3011.00,8608,0.0
53-3011.00,8609,0.0
53-3011.00,8611,0.0
53-3011.00,21028,0.0
53-3011.00,21029,0.0
53-3011.00,8610,0.0
53-3011.00,8613,0.0
53-3011.00,8614,0.0
53-3031.00,3158,0.0
53-3031.00,3156,0.5
53-3031.00,3161,1.0
53-3031.00,3155,0.5
53-3031.00,3154,0.5
53-3031.00,3164,0.0
53-3031.00,3163,0.0
53-3031.00,3159,0.0
53-3031.00,3157,1.0
53-3031.00,3162,0.0
53-3031.00,3165,0.0
53-3031.00,3160,0.0
53-3032.00,20693,1.0
53-3032.00,20692,0.0
53-3032.00,10636,0.0
53-3032.00,10651,0.0
53-3032.00,10638,0.0
53-3032.00,10637,1.0
53-3032.00,10643,1.0
53-3032.00,10644,1.0
53-3032.00,10653,0.0
53-3032.00,10646,0.0
53-3032.00,10640,0.0
53-3032.00,10647,0.5
53-3032.00,10641,0.0
53-3032.00,10645,0.5
53-3032.00,10650,0.5
53-3032.00,20695,1.0
53-3032.00,20694,0.0
53-3032.00,20696,0.0
53-3032.00,19923,0.5
53-3032.00,10662,0.0
53-3032.00,10656,0.0
53-3032.00,10642,0.0
53-3032.00,10635,0.0
53-3032.00,10655,0.5
53-3032.00,10658,0.0
53-3032.00,10660,0.0
53-3032.00,20697,0.0
53-3032.00,19922,0.0
53-3032.00,10659,0.0
53-3032.00,10664,0.0
53-3032.00,19921,0.0
53-3033.00,8615,0.0
53-3033.00,8621,0.0
53-3033.00,8623,0.5
53-3033.00,8620,0.5
53-3033.00,8619,0.0
53-3033.00,8626,0.0
53-3033.00,8622,1.0
53-3033.00,8616,0.0
53-3033.00,8618,0.5
53-3033.00,8617,1.0
53-3033.00,8629,0.0
53-3033.00,8624,1.0
53-3033.00,20698,0.5
53-3033.00,8628,0.0
53-3051.00,23715,0.0
53-3051.00,23716,0.0
53-3051.00,23717,0.0
53-3051.00,23718,0.0
53-3051.00,23719,0.0
53-3051.00,23720,0.0
53-3051.00,23721,1.0
53-3051.00,23722,0.0
53-3051.00,23723,0.0
53-3051.00,23724,0.0
53-3051.00,23725,1.0
53-3051.00,23726,0.5
53-3051.00,23727,1.0
53-3051.00,23728,0.0
53-3051.00,23729,0.0
53-3051.00,23730,1.0
53-3051.00,23731,1.0
53-3052.00,18794,0.0
53-3052.00,3146,0.0
53-3052.00,3144,0.0
53-3052.00,21085,1.0
53-3052.00,18795,0.0
53-3052.00,18798,0.0
53-3052.00,18796,0.0
53-3052.00,3148,1.0
53-3052.00,3149,0.0
53-3052.00,3150,0.0
53-3052.00,18797,1.0
53-3052.00,18799,0.0
53-3052.00,21086,0.5
53-3052.00,3151,0.0
53-3052.00,3153,0.0
53-3053.00,23732,0.5
53-3053.00,23733,0.0
53-3053.00,23734,0.0
53-3053.00,23735,1.0
53-3053.00,23736,1.0
53-3053.00,23737,0.0
53-3053.00,23738,0.0
53-3053.00,23739,0.0
53-3053.00,23740,1.0
53-3053.00,23741,0.0
53-3053.00,23742,0.0
53-3053.00,23743,0.0
53-3053.00,23744,0.0
53-3053.00,23745,0.0
53-3053.00,23746,0.0
53-3053.00,23747,0.0
53-3053.00,23748,1.0
53-3053.00,23749,0.0
53-3053.00,23750,0.5
53-3053.00,23751,0.0
53-3053.00,23752,0.5
53-3053.00,23753,0.0
53-3053.00,23754,0.0
53-3053.00,23755,1.0
53-3053.00,23756,0.0
53-3053.00,23757,0.0
53-3054.00,23758,0.0
53-3054.00,23759,1.0
53-3054.00,23760,1.0
53-3054.00,23761,1.0
53-3054.00,23762,0.0
53-3054.00,23763,0.0
53-3054.00,23764,1.0
53-3054.00,23765,0.0
53-3054.00,23766,0.0
53-3054.00,23767,0.0
53-3054.00,23768,0.0
53-3054.00,23769,0.5
53-3054.00,23770,0.0
53-3054.00,23771,0.0
53-3054.00,23772,0.0
53-3054.00,23773,0.0
53-4011.00,12752,1.0
53-4011.00,12754,1.0
53-4011.00,12753,0.0
53-4011.00,12750,0.0
53-4011.00,12751,0.5
53-4011.00,12758,0.0
53-4011.00,12755,0.0
53-4011.00,12757,0.0
53-4011.00,12756,0.0
53-4011.00,12759,0.0
53-4011.00,12762,0.5
53-4011.00,12760,1.0
53-4011.00,12761,0.0
53-4011.00,12764,0.0
53-4011.00,12763,0.0
53-4013.00,10667,0.0
53-4013.00,10669,0.0
53-4013.00,10670,0.0
53-4013.00,10666,0.0
53-4013.00,10665,1.0
53-4013.00,10675,0.0
53-4013.00,10673,0.0
53-4013.00,10679,0.0
53-4013.00,10668,0.0
53-4013.00,10672,0.0
53-4013.00,10671,1.0
53-4013.00,10678,1.0
53-4013.00,10674,0.0
53-4013.00,10677,0.0
53-4013.00,10680,1.0
53-4013.00,10685,0.0
53-4013.00,10683,0.0
53-4013.00,10681,0.0
53-4013.00,10682,0.0
53-4013.00,10676,0.0
53-4013.00,10689,0.0
53-4013.00,10684,1.0
53-4013.00,10686,0.0
53-4013.00,10687,0.0
53-4013.00,10688,0.0
53-4022.00,23774,0.0
53-4022.00,23775,0.0
53-4022.00,23776,0.0
53-4022.00,23777,0.0
53-4022.00,23778,0.5
53-4022.00,23779,0.0
53-4022.00,23780,0.5
53-4022.00,23781,0.0
53-4022.00,23782,0.0
53-4022.00,23783,0.0
53-4022.00,23784,1.0
53-4022.00,23785,0.5
53-4022.00,23786,0.0
53-4022.00,23787,0.0
53-4022.00,23788,0.5
53-4022.00,23789,0.0
53-4022.00,23790,0.0
53-4022.00,23791,0.0
53-4022.00,23792,0.0
53-4022.00,23793,0.0
53-4022.00,23794,0.0
53-4022.00,23795,0.0
53-4022.00,23796,0.0
53-4022.00,23797,0.0
53-4022.00,23798,1.0
53-4022.00,23799,0.0
53-4022.00,23800,1.0
53-4022.00,23801,0.0
53-4031.00,10690,0.0
53-4031.00,10699,0.5
53-4031.00,10691,0.5
53-4031.00,10697,0.5
53-4031.00,10692,0.0
53-4031.00,10694,0.0
53-4031.00,10693,0.5
53-4031.00,10700,0.0
53-4031.00,10696,0.0
53-4031.00,10701,0.0
53-4031.00,10698,0.5
53-4031.00,10704,0.5
53-4031.00,10710,0.0
53-4031.00,10703,1.0
53-4031.00,10695,0.0
53-4031.00,10702,0.5
53-4031.00,10706,0.0
53-4031.00,10705,0.0
53-4031.00,10707,1.0
53-4031.00,10708,0.5
53-4031.00,10709,0.0
53-4031.00,10711,0.0
53-4041.00,12767,0.0
53-4041.00,12765,0.0
53-4041.00,12766,0.0
53-4041.00,12770,1.0
53-4041.00,12769,0.0
53-4041.00,12771,1.0
53-4041.00,12768,0.0
53-4041.00,12772,1.0
53-4041.00,12773,1.0
53-4041.00,12774,0.0
53-4041.00,12775,0.0
53-4041.00,12776,1.0
53-5011.00,14482,0.0
53-5011.00,14479,0.0
53-5011.00,14461,0.0
53-5011.00,14475,0.5
53-5011.00,14462,0.0
53-5011.00,14457,0.0
53-5011.00,14476,0.0
53-5011.00,14480,0.0
53-5011.00,14468,0.0
53-5011.00,14467,0.0
53-5011.00,14458,0.0
53-5011.00,14472,0.0
53-5011.00,14469,0.0
53-5011.00,20934,0.0
53-5011.00,14473,0.0
53-5011.00,14470,0.0
53-5011.00,14465,0.0
53-5011.00,14471,0.0
53-5011.00,14474,0.0
53-5011.00,14459,0.0
53-5011.00,14460,0.0
53-5011.00,14481,0.0
53-5011.00,14464,0.0
53-5011.00,14463,0.0
53-5011.00,20935,1.0
53-5011.00,14477,0.0
53-5011.00,14484,0.0
53-5011.00,14483,0.0
53-5021.00,23802,0.0
53-5021.00,23803,0.0
53-5021.00,23804,0.0
53-5021.00,23805,0.5
53-5021.00,23806,0.0
53-5021.00,23807,1.0
53-5021.00,23808,0.0
53-5021.00,23809,0.0
53-5021.00,23810,0.0
53-5021.00,23811,0.0
53-5021.00,23812,1.0
53-5021.00,23813,0.0
53-5021.00,23814,0.0
53-5021.00,23815,0.0
53-5021.00,23817,0.0
53-5021.00,23816,0.0
53-5021.00,23819,1.0
53-5021.00,23818,1.0
53-5021.00,23820,0.0
53-5021.00,23821,0.5
53-5021.00,23822,1.0
53-5021.00,23823,0.0
53-5021.00,23824,0.0
53-5021.00,23825,0.0
53-5021.00,23826,0.5
53-5021.00,23827,0.0
53-5021.00,23828,0.0
53-5021.00,23829,1.0
53-5021.00,23830,0.5
53-5021.00,23831,0.0
53-5022.00,14535,0.0
53-5022.00,14536,0.0
53-5022.00,14538,0.0
53-5022.00,14537,0.0
53-5022.00,14548,0.0
53-5022.00,14540,0.0
53-5022.00,14543,0.0
53-5022.00,14544,0.0
53-5022.00,14541,0.0
53-5022.00,14545,0.0
53-5022.00,14542,0.0
53-5022.00,14539,0.0
53-5022.00,14547,0.0
53-5022.00,14546,0.0
53-5022.00,14549,0.0
53-5022.00,14550,0.0
53-5022.00,14551,0.0
53-5031.00,14558,0.0
53-5031.00,14560,0.0
53-5031.00,14556,0.0
53-5031.00,14553,0.0
53-5031.00,14557,1.0
53-5031.00,14561,0.0
53-5031.00,14554,0.0
53-5031.00,14559,0.0
53-5031.00,14552,0.0
53-5031.00,14567,0.0
53-5031.00,14555,1.0
53-5031.00,14563,0.0
53-5031.00,14562,0.0
53-5031.00,14564,0.0
53-5031.00,14565,0.5
53-5031.00,14568,0.0
53-5031.00,14566,0.5
53-6011.00,7152,0.0
53-6011.00,7153,0.0
53-6011.00,7156,0.0
53-6011.00,7151,1.0
53-6011.00,7155,0.0
53-6011.00,7150,0.0
53-6011.00,7161,1.0
53-6011.00,7160,1.0
53-6011.00,7154,1.0
53-6011.00,7162,0.0
53-6011.00,7164,0.0
53-6011.00,7163,0.0
53-6011.00,7165,0.0
53-6011.00,7166,0.0
53-6011.00,7157,0.0
53-6011.00,7159,0.0
53-6011.00,7158,0.0
53-6011.00,7169,0.0
53-6021.00,3187,0.0
53-6021.00,3196,0.5
53-6021.00,3192,0.0
53-6021.00,20835,0.0
53-6021.00,20836,0.0
53-6021.00,20837,0.5
53-6021.00,3191,0.0
53-6021.00,20838,0.0
53-6021.00,3188,0.0
53-6021.00,20839,0.0
53-6021.00,3190,0.0
53-6021.00,3189,0.0
53-6021.00,3198,0.0
53-6021.00,3200,0.0
53-6021.00,3195,0.0
53-6021.00,20840,1.0
53-6021.00,3197,0.0
53-6021.00,3199,0.0
53-6031.00,10712,0.0
53-6031.00,20936,0.0
53-6031.00,10719,0.0
53-6031.00,10715,0.0
53-6031.00,10720,0.0
53-6031.00,10725,0.0
53-6031.00,10724,0.0
53-6031.00,10721,0.0
53-6031.00,10714,1.0
53-6031.00,20937,0.0
53-6031.00,10713,0.0
53-6031.00,10726,0.0
53-6031.00,10723,1.0
53-6031.00,10718,1.0
53-6031.00,10727,0.0
53-6032.00,23832,0.0
53-6032.00,23833,0.0
53-6032.00,23834,0.0
53-6032.00,23835,0.0
53-6032.00,23836,1.0
53-6032.00,23837,0.0
53-6032.00,23838,0.0
53-6032.00,23839,0.0
53-6032.00,23840,0.5
53-6032.00,23841,0.0
53-6032.00,23842,0.0
53-6032.00,23843,0.0
53-6032.00,23844,1.0
53-6032.00,23845,0.0
53-6032.00,23846,0.0
53-6032.00,23847,0.0
53-6032.00,23848,0.0
53-6032.00,23849,0.0
53-6041.00,8643,0.5
53-6041.00,8630,0.0
53-6041.00,8645,0.5
53-6041.00,8633,0.5
53-6041.00,8634,1.0
53-6041.00,8632,0.5
53-6041.00,8647,1.0
53-6041.00,8631,0.5
53-6041.00,8635,0.5
53-6041.00,8640,1.0
53-6041.00,8642,0.5
53-6041.00,8637,0.5
53-6041.00,8639,0.5
53-6041.00,8638,0.5
53-6041.00,8641,0.0
53-6041.00,8644,0.5
53-6041.00,8650,0.5
53-6041.00,8649,0.0
53-6041.00,8636,0.0
53-6041.00,8646,0.5
53-6041.00,20938,0.5
53-6041.00,8648,0.5
53-6041.00,8652,0.5
53-6041.00,8651,0.5
53-6051.00,23850,1.0
53-6051.00,23851,0.0
53-6051.00,23852,1.0
53-6051.00,23853,0.0
53-6051.00,23854,0.0
53-6051.00,23855,0.5
53-6051.00,23856,0.0
53-6051.00,23857,0.5
53-6051.00,23858,0.0
53-6051.00,23859,0.5
53-6051.00,23860,1.0
53-6051.00,23861,0.5
53-6051.00,23862,0.5
53-6051.00,23863,1.0
53-6051.00,23864,0.0
53-6051.00,23865,0.5
53-6051.00,23866,0.0
53-6051.00,23867,1.0
53-6051.00,23868,1.0
53-6051.00,23869,0.0
53-6051.00,23870,0.5
53-6051.01,10728,0.0
53-6051.01,10734,0.5
53-6051.01,10733,0.0
53-6051.01,10741,0.5
53-6051.01,10732,1.0
53-6051.01,10731,0.5
53-6051.01,10735,0.0
53-6051.01,10729,0.0
53-6051.01,10730,0.5
53-6051.01,10736,0.5
53-6051.01,10738,0.5
53-6051.01,10743,0.5
53-6051.01,10742,0.5
53-6051.01,10740,0.0
53-6051.01,10739,0.0
53-6051.07,14569,0.5
53-6051.07,14570,0.5
53-6051.07,14573,0.0
53-6051.07,19929,0.0
53-6051.07,19931,0.0
53-6051.07,19926,0.5
53-6051.07,14574,1.0
53-6051.07,19930,0.5
53-6051.07,14575,1.0
53-6051.07,19925,1.0
53-6051.07,14582,0.5
53-6051.07,14578,0.5
53-6051.07,19927,0.5
53-6051.07,14572,0.0
53-6051.07,19928,1.0
53-6051.07,14580,0.5
53-6051.07,14581,0.0
53-6051.07,14579,1.0
53-6051.07,19924,0.0
53-6051.07,14576,0.5
53-6051.07,14577,0.5
53-6061.00,20841,0.0
53-6061.00,13172,0.0
53-6061.00,13174,1.0
53-6061.00,13183,0.0
53-6061.00,13182,0.5
53-6061.00,13176,0.0
53-6061.00,13181,0.0
53-6061.00,13179,1.0
53-6061.00,13178,0.5
53-6061.00,13175,0.0
53-6061.00,13173,0.0
53-6061.00,13177,0.0
53-6061.00,13184,0.0
53-6061.00,13185,0.0
53-7011.00,10748,0.0
53-7011.00,10750,0.0
53-7011.00,10747,1.0
53-7011.00,10757,0.0
53-7011.00,10755,0.0
53-7011.00,10760,0.0
53-7011.00,21030,0.5
53-7011.00,10756,0.0
53-7011.00,10744,0.0
53-7011.00,10753,0.0
53-7011.00,10746,0.0
53-7011.00,10745,0.0
53-7011.00,10752,0.0
53-7011.00,10758,0.0
53-7011.00,10764,0.0
53-7011.00,10749,0.0
53-7011.00,10759,0.0
53-7011.00,10761,0.0
53-7011.00,10766,0.0
53-7011.00,10754,0.5
53-7011.00,10763,0.0
53-7011.00,10751,0.0
53-7011.00,10765,0.0
53-7021.00,10767,0.5
53-7021.00,10768,0.0
53-7021.00,10771,0.0
53-7021.00,10769,0.0
53-7021.00,10772,0.0
53-7021.00,10770,0.0
53-7021.00,10773,0.0
53-7021.00,10775,1.0
53-7021.00,10777,0.0
53-7021.00,10776,0.0
53-7021.00,10774,0.5
53-7031.00,15177,0.0
53-7031.00,15178,0.0
53-7031.00,15179,0.0
53-7031.00,15180,0.0
53-7031.00,15181,0.0
53-7031.00,15182,0.0
53-7041.00,4979,0.0
53-7041.00,4980,0.0
53-7041.00,4981,0.0
53-7041.00,4982,0.0
53-7041.00,4983,0.0
53-7041.00,4984,0.0
53-7041.00,4985,0.0
53-7041.00,4986,0.0
53-7041.00,4987,0.0
53-7041.00,4988,0.0
53-7041.00,4989,0.0
53-7041.00,4990,0.0
53-7041.00,4991,0.0
53-7051.00,3202,0.0
53-7051.00,3201,0.0
53-7051.00,15266,0.0
53-7051.00,3203,0.0
53-7051.00,15265,0.0
53-7051.00,3208,0.0
53-7051.00,3206,0.5
53-7051.00,3205,0.0
53-7051.00,3207,0.0
53-7051.00,3209,0.0
53-7051.00,3210,0.0
53-7061.00,4997,0.0
53-7061.00,5006,0.0
53-7061.00,4996,0.0
53-7061.00,4998,0.0
53-7061.00,4993,0.0
53-7061.00,4992,0.5
53-7061.00,4994,0.0
53-7061.00,5005,1.0
53-7061.00,5000,0.0
53-7061.00,5007,0.0
53-7061.00,4999,0.0
53-7061.00,5008,0.0
53-7061.00,5002,0.0
53-7061.00,4995,0.0
53-7061.00,5004,0.0
53-7061.00,5010,0.0
53-7061.00,5011,0.0
53-7061.00,5003,0.0
53-7061.00,5001,0.0
53-7061.00,5009,0.0
53-7061.00,5012,0.0
53-7062.00,10781,0.0
53-7062.00,10782,0.0
53-7062.00,10778,0.0
53-7062.00,10779,0.0
53-7062.00,10795,0.0
53-7062.00,10780,1.0
53-7062.00,10788,0.0
53-7062.00,10801,0.0
53-7062.00,10790,0.0
53-7062.00,10789,0.0
53-7062.00,10792,0.0
53-7062.00,10793,0.0
53-7062.00,10804,0.0
53-7062.00,10786,0.0
53-7062.00,10787,0.0
53-7062.00,10806,0.0
53-7062.00,10796,0.0
53-7062.00,10791,0.0
53-7062.00,10799,0.0
53-7062.00,10794,0.0
53-7062.00,10798,0.0
53-7062.04,17872,0.0
53-7062.04,17884,0.0
53-7062.04,17878,0.0
53-7062.04,17882,0.0
53-7062.04,17886,0.0
53-7062.04,17880,0.0
53-7062.04,17885,0.0
53-7062.04,17871,0.0
53-7062.04,17874,0.0
53-7062.04,17877,0.0
53-7062.04,17883,0.0
53-7062.04,17881,1.0
53-7062.04,17875,0.0
53-7062.04,17879,0.0
53-7062.04,17870,0.0
53-7062.04,17873,0.0
53-7062.04,17876,0.0
53-7062.04,17887,0.0
53-7063.00,14583,0.0
53-7063.00,14591,1.0
53-7063.00,14585,0.0
53-7063.00,14589,0.0
53-7063.00,14586,0.0
53-7063.00,14588,0.0
53-7063.00,14587,0.0
53-7063.00,14593,0.0
53-7063.00,14590,0.0
53-7063.00,14584,0.0
53-7063.00,14595,0.0
53-7063.00,14594,0.0
53-7063.00,14592,0.0
53-7064.00,21216,0.0
53-7064.00,3212,0.0
53-7064.00,3214,1.0
53-7064.00,3216,0.0
53-7064.00,3218,0.0
53-7064.00,3222,0.0
53-7064.00,3211,0.0
53-7064.00,3219,0.0
53-7064.00,3215,0.0
53-7064.00,3221,0.0
53-7064.00,3217,0.0
53-7064.00,3220,0.0
53-7065.00,23871,1.0
53-7065.00,23877,0.0
53-7065.00,23886,0.0
53-7065.00,23895,1.0
53-7065.00,23880,0.0
53-7065.00,23899,0.0
53-7065.00,23879,0.0
53-7065.00,23872,0.0
53-7065.00,23878,0.0
53-7065.00,23873,0.5
53-7065.00,23900,0.0
53-7065.00,23890,0.0
53-7065.00,23875,0.0
53-7065.00,23884,0.0
53-7065.00,23874,0.0
53-7065.00,23885,0.5
53-7065.00,23888,0.0
53-7065.00,23894,1.0
53-7065.00,23892,0.0
53-7065.00,23898,0.0
53-7065.00,23891,0.0
53-7065.00,23893,0.0
53-7065.00,23889,0.5
53-7065.00,23887,0.0
53-7065.00,23876,0.0
53-7065.00,23896,0.0
53-7065.00,23882,0.0
53-7065.00,23897,0.5
53-7065.00,23881,0.5
53-7065.00,23883,0.0
53-7071.00,14596,0.0
53-7071.00,14603,0.0
53-7071.00,14600,1.0
53-7071.00,14597,0.0
53-7071.00,14601,0.0
53-7071.00,14599,0.0
53-7071.00,14606,1.0
53-7071.00,14604,0.5
53-7071.00,14598,1.0
53-7071.00,14602,0.0
53-7071.00,14605,0.0
53-7071.00,14608,0.0
53-7071.00,14607,0.0
53-7072.00,14609,0.5
53-7072.00,14610,1.0
53-7072.00,14614,0.5
53-7072.00,14613,0.0
53-7072.00,14611,0.0
53-7072.00,14618,0.0
53-7072.00,14612,0.0
53-7072.00,14616,0.0
53-7072.00,14615,1.0
53-7072.00,14622,0.0
53-7072.00,14619,0.0
53-7072.00,14620,0.0
53-7072.00,14617,0.0
53-7072.00,14621,0.0
53-7073.00,21159,0.0
53-7073.00,21160,0.0
53-7073.00,5019,0.0
53-7073.00,5013,0.0
53-7073.00,5014,0.0
53-7073.00,5016,0.0
53-7073.00,5015,0.0
53-7073.00,5020,0.0
53-7073.00,21161,0.0
53-7073.00,5023,0.0
53-7073.00,5018,0.0
53-7073.00,5025,0.0
53-7073.00,5017,0.0
53-7073.00,5021,0.0
53-7073.00,5022,0.0
53-7073.00,5024,0.0
53-7081.00,7176,0.0
53-7081.00,7170,0.0
53-7081.00,7174,0.0
53-7081.00,7175,0.0
53-7081.00,20313,0.0
53-7081.00,7177,0.0
53-7081.00,7171,0.0
53-7081.00,7172,1.0
53-7081.00,7178,1.0
53-7081.00,7179,0.0
53-7081.00,7181,0.0
53-7081.00,7180,0.0
53-7081.00,7184,1.0
53-7081.00,7183,0.5
53-7081.00,7182,0.0
53-7081.00,19932,0.0
53-7121.00,12800,0.0
53-7121.00,12792,0.0
53-7121.00,12809,0.0
53-7121.00,12797,0.0
53-7121.00,12793,0.0
53-7121.00,12795,0.0
53-7121.00,12794,0.0
53-7121.00,12796,1.0
53-7121.00,12798,0.0
53-7121.00,12799,0.0
53-7121.00,12808,0.0
53-7121.00,12802,0.0
53-7121.00,12801,0.0
53-7121.00,12806,0.0
53-7121.00,12807,0.0
53-7121.00,12804,0.0
53-7121.00,12803,0.0
53-7121.00,12805,0.0
53-7121.00,12810,0.0
