id,name,batch,status,text,is_ai,is_robotics
694,Permutive,Summer 2014,Active,"Rebuilding data in advertising to protect privacy. As third-party identifiers like the cookie disappear, ad-tech breaks—targeting, frequency capping and measurement disappear. We're rebuilding data infrastructure in advertising to work with cohorts—privacy safe descriptions of users—which enable advertising use cases without the need for sharing personal identifiers. We do this by moving data processing and management out of the cloud, and on to the user's device",0,0
11962,Dyneti Technologies,Winter 2019,Active,Reduce payment fraud,0,0
97,Firebase,Summer 2011,Acquired,"Build and grow iOS, Android, and Web apps.. Firebase is a mobile platform that gives developers the tools and infrastructure to build better apps and grow successful businesses Firebase was acquired by Google in October, 2014. Learn more at firebase.google.com",0,0
24498,Levo,Summer 2021,Inactive,"Treasury management platform for SMBs to optimize idle cash in Latam. Levo is a regulated treasury management platform for startups and SMBs to optimize idle cash with tailor-made investment, cash management and working capital strategies",0,0
22788,FunctionUp (FanPlay),Winter 2021,Acquired,A skill-tech platform that runs placement bootcamps. A technical placement bootcamp in the Income Sharing Model. We train top tech talent with 0 upfront fee and place them across our partner companies. Also our program has a deep social impact. We provide special assistance to women and unemployed youth in India- both economically and socially,0,0
31493,Plena Health,Spring 2026,Active,"Plena is the AI operating system for specialty medical practices. Plena is the AI operating system for specialty medical practices. We automate the administrative workflows that keep clinics running — referrals, fax intake, scheduling, procedure compliance, and collections — end to end, across all the systems a practice already uses. Unlike point solutions that cover a slice of the problem, Plena becomes the operating layer across the entire practice, connecting the systems, teams, and workflows that keep it running. In 10 months we've grown 17x and crossed seven figures in committed ARR across six specialties and eight states, with 80% of growth through word of mouth",0,0
12033,PerShop,Winter 2019,Inactive,Your personal clothing store!,0,0
818,Moltin,Winter 2015,Acquired,"eCommerce building blocks through simple APIs for websites & apps.. At Moltin, we believe that brand experiences should never be obscured by technology and that commerce development should be simple, lightweight and fun. Moltin is an API-first digital commerce solution that enables retailers to build distinctive shopping experiences and embed them into any consumer touchpoint. It combines an extremely flexible set of APIs, developer toolkits, pre-built applications and cloud infrastructure to make commerce development simple, lightweight and fast. Moltin APIs are the simplest, most powerful in the industry. Retailers can test new channels quickly, scale into new markets, and keep pace with ever-evolving consumer trends. With Moltin, commerce flows seamlessly across any channel, device and experience. Moltin has a rapidly growing community of more than 17,000 developers around the world, pushing the boundaries of traditional commerce",0,0
30641,Overdrive Health,Winter 2026,Active,"AI-Native Medical Billing Services. Overdrive Health offers AI powered medical billing services, helping providers get paid more money in less time. Our technology enables us to provide the best quality insurance and patient billing services for a fraction of the usual cost",0,0
28939,CareOasis,Summer 2023,Active,Get Paid for Family Caregiving,0,0
27810,Cakework,Winter 2023,Inactive,"API that adds cloud hosting to any developer platform. We make it possible to build a serverless cloud platform that hosts custom user code with just APIs and no infrastructure team. For example, an open source framework can build a cloud offering that deploys their users code from Github or local dev environments in days instead of months",0,0
31528,Asendia AI,Spring 2026,Active,"AI recruiters for staffing agencies. Asendia AI replaces the top-of-funnel recruiter. Our AI agents clone each agency's best human recruiter: their knowledge base, screening logic, outreach style, and judgment, then run the full workflow across phone, SMS, WhatsApp, and email, 24/7. A req comes in; by the time a recruiter sits down, Asendia has already sourced, screened, and drafted submittals. Staffing is a $200B+ industry where speed is the entire margin",0,0
1219,Hush,Summer 2016,Inactive,Hush is the top social commerce app in the United States.. Hush is a mobile-first makeup retailer,0,0
1286,Ready Education,Summer 2016,Active,"Ready Education is building the mobile OS for higher education. We. Student engagement and persistence pose a significant challenge in higher education. Ready Education, the preferred choice of over 350 higher ed institutions, offers custom mobile app solutions that enable colleges and universities to personalize the student experience and support engagement. Our mission is to make college a successful journey for every student. The Ready Education platform is designed to support student success by unifying campus resources – LMS, co-curricular, athletics, clubs/orgs, events and many more – within a branded, integrated, college app. By adopting the Ready Education platform, administrators are able to track student engagement, get immediate feedback, and send targeted content to their students. Clear communication between a student and their institution is crucial when it comes to having a positive higher learning experience. Going mobile bridges this communication gap, connecting hundreds of thousands of students with their administrators, their campus, and most importantly, their peers, both on and off campus. For more information, visit www.oohlalamobile.com",0,0
467,Svbtle,Summer 2012,Active,A publishing platform.. A publishing platform designed to work the same way your brain does,0,0
31400,shotwell.ai,Spring 2026,Active,The Observability Layer for Robotics. Robotics companies send Shotwell their video data and we detect failures. We do this for both their training data and for their deployments. We've developed models that can automatically produce these annotations with near-instant turnaround time,0,0
31185,Chamber,Winter 2026,Active,"The AIOps Agent for ML Teams. Chamber puts your AI infrastructure on autopilot, and saves your machine learning engineers hours of manual effort. Our agents continually monitor, detects failures, provide root-cause analysis, resolve issues, and optimize AI workloads and scale across clouds. It operates like an autonomous infrastructure team, helping save your research and engineers hours each day, and debugging workload performance issues. Your ML teams move faster, infra waste drops, and GPU bottlenecks disappear",0,0
13486,Valienta,Winter 2020,Inactive,"Helping Dropshippers in Colombia run the business and increase sales. Valienta helps Dropshippers in Colombia (and Latinamerica, eventually) to run the business, reduce costs and increase sales. Through Valienta, our users have access to a marketplace of 160+ suppliers and thousands of products, to the possibility of shipping the orders to most of the country, and to multiple payment methods. In addition to that, our users are able to create their own e-commerce site for free, increase their advertising budget with our credit line, and improve their knowledge on sales and digital marketing with our educational content. We are working to democratize e-commerce by giving any person access to the capabilities that only established companies enjoy. We are working to become The Dropshipping Operating System",0,0
27177,MovingLake,Summer 2022,Active,Realtime Data Connectors. MovingLake is Fivetran for event-driven architectures. Companies such as Casai use our product to obtain orders and price changes in real time,0,0
215,Crocodoc,Winter 2010,Acquired,"Embed PDFs, PowerPoints, and other documents into web and mobile apps. Crocodoc developed the world's most advanced web-based document viewing and collaboration technology for Microsoft Office and PDF files, built on open standards such as HTML5 and CSS3. Whether viewing a document, adding comments to a presentation, highlighting an e-textbook, or filling out a form, we make it easy for companies to create amazing experiences for their users with technology that is secure, scalable, and trusted by top brands in the consumer and enterprise space. Every month users upload millions of documents to Crocodoc, whose customers include top brands such as Dropbox, Yammer, LinkedIn, SAP, and Edmodo. Crocodoc was founded in 2007 and is funded by Y Combinator, SV Angel, 500 Startups, and top angel investors including Joshua Schachter, Paul Buchheit, Steve Chen, and Shan Sinha",0,0
30504,Third Chair,Spring 2025,Active,"AI-Native IP Enforcement Agent. Third Chair works with IP rightsholders to enforce and monetize their rights, supported by an on-demand network of top lawyers to step in when you need them. We’ve started with revenue-generating workflows, giving media companies visibility into who’s using their content and helping them turn unauthorized ads into a predictable income stream. The biggest media and entertainment companies like Universal Music Group in the world rely on Third Chair to enforce their intellectual property, unlock licensing revenue, and accelerate deal flow",0,0
31253,Maven,Winter 2026,Active,"Payments Infrastructure for Voice Agents. We enable AI voice agents to collect payments over the phone through a single API call, handling card processing and PCI compliance across all payment gateways",0,0
27147,FoodCourt,Summer 2022,Active,"Virtual Restaurants & Stores for Africa. FoodCourt (CoKitchen) is Africa's leading virtual restaurant company. We've served over 350,000 meals in the last 12 months & our goal is to make good food and quick convenience goods more accessible across Africa, through virtual restaurants & dark stores. Understanding the unique problems of the African on-demand/ food delivery market, we've taken a full-stack approach by controlling different areas of the value chain such as technology, production & delivery to give users a seamless & consistent experience while giving us unlimited flexibility for growth. Learn more at www.getfoodcourt.com or email henry@cokitchen.ng",0,0
1872,Super,Winter 2018,Active,"Super is the first and leading Indonesian social commerce platform. We are building Pinduoduo for Indonesia by enabling community leaders to become retailers within their communities, starting by selling daily products through the Super app. We use technology to: 1) Help community leaders find the best price 2) build the lowest cost logistics network 3) facilitate communication for this social buying behavior",0,0
29611,mdhub,Summer 2024,Active,"AI-native operating system for behavioral health clinics.. mdhub is the AI-native operating system for behavioral health. We combine AI workers with a purpose-built EHR, CRM, and RCM into one platform where clinical teams and AI collaborate across every workflow. Mid to large-sized behavioral health clinics run on disconnected legacy systems that weren't designed for today's demand. The result: clinician burnout, admin bloat, and patients waiting weeks for care. mdhub replaces the entire fragmented stack with a single AI-first platform. Our AI workers: Emma, AI Clinical Assistant: automates documentation and gives clinicians back hours every day. Sarah, AI Admissions Coordinator: handles 100% of inbound calls, verifies insurance, and books patients 24/7. Eric, AI Billing Agent: manages coding, claims submission, and denial management same-day. Our platform: mdhub EHR: the first clinical workspace built for AI from day one. Documentation, intake, treatment planning, e-prescribing, and billing in one place. mdhub CRM: every lead captured, every follow-up automated, nothing falls through the cracks. mdhub RCM: end-to-end revenue cycle management. From claim submission to collections, AI-powered and fully integrated. We're not another EHR with AI bolted on. We're not a point solution. We're the full operating system where AI workers and human teams run a clinic together. Hundreds of mid to large-sized behavioral health clinics use mdhub today, including some of the largest organizations in the country. One platform, less overhead, more patients seen",0,0
30956,Automax.ai,Fall 2025,Active,"AI native real-estate appraisal firm. Automax.ai does property appraisals faster and more transparent. Our mobile app uses LiDAR and computer vision to capture property details automatically, and our custom-trained AI agents combine that data with all the analysis and aggregation required to to generate a complete appraisal report in minutes. The result is a clear, grounded valuation, fully Fannie Mae & Freddie Mac compliant — done in under 20 minutes from start to finish",0,0
30281,Waypoint Transit,Winter 2025,Active,"We automate urban planning so cities can build cheaper and faster.. Waypoint Transit is an AI city planner that generates civil infrastructure studies. Cities spend $50B/year on planning. With Waypoint, cities can generate reports in months rather than years, and at 30% of the cost. Varun and Ryan met at Stanford, where they graduated with degrees in CS and EE respectively. Before founding Waypoint, Varun worked on AI at Microsoft and Ryan worked on chip design at Apple. US cities are facing three major crises: congestion, budget deficits, and climate change. At the same time, city governments are understaffed and frequently need to contract work out to expensive consultants. Leveraging recent advancements in AI, we empower cities to reduce their costs, build infrastructure, and respond to problems quickly. In the United States, state and local governments spend $50B/year on planning. Through automation, we can redefine the existing transportation and urban planning consulting markets. For more information, visit waypointtransit.com or contact us at contact@waypointtransit.com",0,0
31409,InstaAgent,Spring 2026,Active,"Scale marketing campaigns across hundreds of personas. InstaAgent helps consumer brands scale a single campaign across hundreds of specific audiences on Meta and TikTok, each with its own content, voice, and targeting. Traction: $1M Ann. Run Rate in 10 months, and doubled to $2M in 4 months during YC. From one brief, we create personalized creatives, distribute them through paid channels and niche social accounts, and use performance data to learn what works, scale winners, and improve every campaign",0,0
12824,Midnox,Winter 2012,Acquired,"Luma (formerly Midnox) allows you to record and share beautiful HD videos with real-time video stabilization, filters and zoom. Change filters and stabilization after you've finished recording! Follow your friends to watch, like and comment on their videos",0,0
24086,Advantage Club,Summer 2021,Active,"Global platform for employee engagement with rewards&flexible benefits. Advantage Club is a global platform for employee engagement including rewards, flexible benefits, perks and communities. We are currently live with 1000+ companies across 100+ countries and have a ARR of ~$8m. Our revenue has grown ~4x in the last 1 year",0,0
25915,UNISON,Winter 2022,Active,"Live between worlds, in UNISON, using the headset we're building!. UNISON is building a unified reality headset to dive in and resurface from virtual worlds with new-found value. UNISON is a small team of passionate people from companies like Meta, Sony, Apple and research labs like the IARAI, based in the SF Bay Area and backed by some of the world’s best investors. Learn more about us, our product, and team here: in-unison.com",0,0
30609,Halluminate,Summer 2025,Active,"Data and RL environments to automate knowledge work. We help foundation model labs and enterprises train computer use AI with data and sandboxes. A knowledge worker spends 90% of their day on a computer. A productive AI agent must similarly learn how to use our computers, browsers, and software to deliver real world value. Today, browser and computer use AI is inaccurate, slow, and expensive. Model labs and enterprises who want to improve these agents are bottlenecked by two resources: 1) High quality datasets for benchmarking and evaluations 2) Realistic sandbox environments for safe and accurate testing/training (ex. a simulated version of Salesforce) Halluminate offers a suite of products and services to address both these issues. Our evaluation service combines proprietary datasets with high quality annotations to help our customers identify and prioritize the biggest failure modes of their computer- and browser- use AI. Our platform provides a catalog of fully managed sandboxes, empowering our customers to safely and accurately test/train at scale, resulting in improved performance. Our customers see - Improved browser- and computer-use agent performance - New and emergent frontier agent capabilities - Data driven prioritization leading to exponentially faster development speed - Increased revenue/sales via marketing from public benchmarks Our paying customers already include leading computer use model labs and the two largest browser agent companies in the space. Wyatt and Jerry are friends that met their first week of school studying CS at Cornell University. They’ve been working and studying together for 7+ years",0,0
69,Picplum,Summer 2011,Inactive,"Picplum is a photo printing service that is the perfect addition to any family with young children. We know parents are too busy to organize their photos, let alone to find the time to print and share them. That's where Picplum comes in - it's the hassle-free way to share your best moments with friends and family",0,0
31370,Dayjob,Spring 2026,Active,"AI Scheduling for Short Haul Trucks. Dayjob does AI Scheduling for Short Haul Trucks. Our scheduling agent plugs into existing ERPs and continuously re-optimises routes in real time - handling new jobs, driver changes, and exceptions automatically. Customers in waste management see 8%+ efficiency gains from day one",0,0
994,Outschool,Winter 2016,Active,"A live online learning platform that empowers kids ages 3–18.. Outschool is an innovative education platform that offers a variety of engaging, small-group classes online. Unlike traditional classes, Outschool classes give kids the unique opportunity to explore their interests in-depth via interactive, live video by experienced, independent educators. When Outschool was founded in 2015, homeschoolers were the first to discover our classes, but it wasn’t long before kids in conventional schools began supplementing their education with fun and unique, interest-based classes. During the COVID-19 pandemic, Outschool became vital to families who wanted to keep kids learning, social, and pursuing their passions. Today, Outschool offers more than 140,000 live online classes to more than 1,000,000 learners in 183 countries worldwide",0,0
825,Pretty Instant,Winter 2015,Acquired,"Inventor of the first roaming-photo booth + pro photography platform. Pretty Instant was a Y Combinator-backed marketplace for professional photography and videography in the U.S., active from 2012 to 2020. Acquired by Snappr in 2021, the company served over 3,500 brands and non-profits, handling logistics, staffing, editing, and delivery. It became a go-to solution for companies seeking streamlined visual content creation nationwide. They also invested the roaming photo-booth experience that instantly sent branded photos to guests and contact info to CRMs. Services included photography and videography for Events, Portraits, Real Estate, Product, Food, and more. Photographers were thoroughly vetted 1099 contractors, ensuring quality and reliability. Pretty Instant aimed to simplify hiring processes for businesses needing professional visual content",0,0
22327,Matter,Summer 2020,Active,"Building the future of reading. Matter is a powerful, modern reading app that lets you save media from anywhere, pulls in your newsletters, lets you listen to your articles in a natural voice, and much more",0,0
1719,CoderWall,Winter 2012,Acquired,"Coderwall is a collaborative learning platform for software developers to improve their programming knowledge. It is based in San Francisco, California",0,0
31531,Manicule,Spring 2026,Active,"AgentRel — Devrel For Agents. Manicule does AgentRel. We get companies discovered and used by AI agents. Think DevRel, rebuilt for a world where agents make all the decisions. We own developer documentation and technical content across social channels, end-to-end. We've grown 100% MoM over the last three months to $53K in monthly revenue, with customers like Supermemory, Greptile, Reducto, and Mastra. Getting discovered and used by agents is its own job now, and the market for it is broken. The SEO/GEO SaaS tools just show you data like where you rank in AI answers. The agencies are slow and lack know-how with agents. The one person who could own all of it end-to-end, a DevRel, is nearly impossible to hire: our customers have had roles open for months at $300K+ and still can't find anyone good. We solve all these gaps. Naman has been doing fractional DevRel since he was 13, working with companies like PromptLayer, Brightdata, and Courier.com. Shreyans has been building since 14 — he built an AI app that hit App Store Productivity Trending within a month, and was the founding engineer at Supermemory. We met in high school and have built multiple startups together since",0,0
530,GoComm,Summer 2013,Inactive,"Mobile communications platform for teams working on live events. GoComm, a Y-Combinator backed company, is a real-time communications and task management system for distributed workforces. Similar to what Yammer has done for office workers, we are doing for mobile teams, with an initial target market of the companies, venue operators and individuals who manage complex events of various sizes. GoComm brings to these workers a modern, integrated, task management and communications system that works immediately with their current mobile devices",0,0
21997,Clew,Summer 2020,Acquired,Unified file system for the cloud.. Clew lets employees see and organize files across their work apps from one place,0,0
29756,Stempad,Summer 2024,Active,"Notion for science. You can think of Stempad as a Notion for science. It is the world's first true pen-and-paper alternative to fast scientific writing and collaborating. Quickly switch between different forms of technical visualization with the ease of a whiteboard and the convenience of your keyboard. Stempad allows you to share your work, collaborate in real time, store your data, annotate, write papers, plan, takes notes, create presentations, and so much more. Our vision is to make it easier and faster for students and scientists to digitize and share their scientific ideas",0,0
24034,Ananya Health,Summer 2021,Active,"Portable cryoablation to prevent cervical cancer. Building a standard-of-care medical device to freeze abnormal cells before they become cervical cancer, in any clinic, anywhere in the world, at 1/10 the cost. -- Ananya Health is building a portable cryoablation unit designed for every primary care clinic in the world. Our beachhead application is cervical cancer prevention -- even though cervical cancer is easy to screen for, 80% of clinics worldwide lack the infrastructure and specialized staff to treat at the earliest stages. Our platform technology allows nurses and lower level health workers to treat at the point of care for 1/10 the cost of traditional ablation, and is the only cryo device that will help us achieve the WHO target to eliminate cervical cancer in our lifetime",0,0
31335,Memoir,Spring 2026,Active,"Marketing campaigns from everything your team ships. Memoir turns what your team ships into marketing material. It connects to GitHub, Linear, Slack, customer feedback, and product analytics to understand what changed, why it matters, who should hear about it, and how to tell the story. From there, Memoir creates multi-touchpoint marketing across social, blogs, changelogs, demo videos, customer updates, and launch content, all in your company’s voice. It also watches what is getting traction in your market, learns from your edits and campaign performance, and gets better every time you ship. It is not a generic AI content tool. Memoir is a marketer with the soul of an engineer: it starts from the product source of truth and turns product velocity into market velocity",0,0
28885,Hiro,Summer 2023,Active,Your first security hire,0,0
25685,Boya,Winter 2022,Active,"Corporate Expense cards and Spend management for businesses in Africa. Boya Makes it easy for businesses in Africa to issue corporate expense cards instantly and great software to control and track spending. For example, if you run a pharmaceutical company, you can use Boya to instantly issue Visa cards to sales and marketing teams and get real-time visibility and control over their spending. 50M+ businesses in Africa have no easy way to streamline and track their employee spending in real-time. So we are building a corporate card and a spend management platform that enables businesses to streamline spend workflows and provide real-time reporting. We are building the first corporate card that supports mobile money, banks and card schemes payment workflows",0,0
31403,transload,Spring 2026,Active,"Measure freight with security cameras. transload helps logistics companies measure shipments using the security cameras they already have. A pallet, a couch, a tire – we capture its true size as it moves through the warehouse. For our customers, 15% of shipments turn out to be bigger than what the sender claimed. Catching those differences is worth ~$50k per site per month in rebillings and improved trailer utilization",0,0
29485,Granza Bio,Winter 2024,Active,"Building programmable therapeutics for the immune system. Granza Bio is developing programmable therapeutics for the immune system. Our platform is built on the foundational discovery of immune “superkiller” attack particles — the natural ammunition used by cytotoxic immune cells to deliver potent, localized killing. By re-arming exhausted immune cells with newly programmed ammunition, Granza restores and enhances immune function. This approach enables a new class of treatments with the potential to transform diseases ranging from cancer to autoimmunity",0,0
1343,Suiteness,Summer 2016,Active,Book guaranteed connecting rooms and suites at hotels. Suiteness is the first online booking platform with access to an inventory of thousands of exclusive luxury hotel suites. Suiteness is carving a niche for itself in the international travel industry as the leading website dedicated solely to luxury suites and finding success with group travelers and families looking for a nice place to stay together,0,0
658,Billforward,Summer 2014,Inactive,"Subscription billing, rate plan management and analytics as a. San Francisco-based BillForward a YCombinator company is comprised of talented and passionate folks who are excited by the challenges and opportunities of subscription billing. We offer a flexible and innovative billing platform, which gives any type of recurring-payment based businesses the ability to bill customers for sophisticated products and carry out in-depth revenue analysis. Launched in Jan 2013 the platform has already gained great traction in the Telecoms, SaaS, Product as Service and Platform as a Service industries, where product managers and CFO’s have realized that the ability to change their offering in hours, rather than weeks, can give them an edge on the competition",0,0
1452,lvl5,Winter 2017,Acquired,HD maps for self-driving cars,0,0
12624,Revel,Summer 2019,Inactive,We Deserve More in Midlife. Revel offers events and online communities that nourish women at midlife and beyond. We are backed by Forerunner Ventures and Y Combinator and were recently named one of the Most Innovative Companies of 2020 by Fast Company,0,0
23957,Stipop,Summer 2021,Active,"Monetization platform for character creators. Stipop is a monetization platform for character creators, or simply put, Patreon for character creators. We help independent character IP owners generate revenue directly from their audience with fun, dynamic features. Previously, Stipop was a sticker platform with 5,000 sticker creators, and 250K stickers and provided stickers to Canva, Teams, Google, and Adobe. We also provide sticker API and SDK to help chat apps improve revenue and user engagement. Stipop has been invested by Snap (through Yellow Accelerator), YC, Translink Investment, Strong Ventures, Next Ventures, and more",0,0
1626,Escher Reality,Summer 2017,Acquired,The backend for Augmented Reality.. The most advanced Augmented Reality API,0,0
243,Bump,Summer 2009,Acquired,"Bump, Flock, Photoroll (unreleased) => Google Photos. Bump was acquired by Google in 2013. The Bump and Flock apps were shut down, but our unreleased Photoroll app went on to become the basis for Google Photos, which we led from inception to more than 1B users. Bump let you exchange contact info and photos by bumping phones together. Bump was one of the all-time top mobile apps, amassing more than 150M installs by 2013. Flock was a semi-automated photo sharing app that figured out which photos you took with which friends and created private shared albums. Bump was co-founded in 2009 and received funding from Y Combinator, Sequoia, and Andreessen-Horowitz. We were based in Mountain View, CA",0,0
779,Pakible,Winter 2015,Inactive,"We make it insanely easy to design, price, and manufacture custom. 2000+ customers use Pakible including Samsung, Reddit, Soylent, and the Golden State Warriors. We make it insanely easy to design, price, and manufacture custom product packaging. Leveraging in house software to automate operations, an incredibly user-friendly customer-facing interface, plus amazing people + vendors. Pakible is an unbeatable experience and price compared to brokers or direct manufacturers. Packaging is the most slept-on market in the world, a $500B market just domestically representing over 2% of US GDP. We're a startup of < 10 people. Come build something special with us, and have a huge role in doing so",0,0
743,Final,Winter 2015,Acquired,"A credit card that drastically reduces payment fraud and gives. At Final, we are re-building the credit card from the ground up. Final is issuing a credit card that gives consumers total control over their merchant relationships, transparency in their spending, and piece of mind across all payment experiences. Rather than a single, 16-digit card number, Final generates multiple card numbers and manages them automatically. It works everywhere you buy; online, and offline, and integrates with digital wallets like Google Wallet and ApplePay with zero updates to the payment infrastructure. Bottom line - with Final, you’ll never lose access to your spending ability from a breach, fraud, cancelled or stolen card ever again",0,0
23397,Jetdocs,Winter 2021,Active,"Collaborative ticketing that integrates into Teams and Slack. Jetdocs is a collaborative ticketing solution that is integrated into Microsoft Teams and Slack. We allow teams to create no-code workflows that digitize your processes and connect your teams. We empower IT and Ops teams with the interface, as well as the ability to build out workflows to handle internal tickets, requests and approvals. We eliminate the problems of bloated email chains, group inboxes and long messaging threads",0,0
23511,Forcyte Biotechnologies,Winter 2021,Inactive,"Discover drugs that control how much cells ""squeeze"" to treat disease. In a nutshell: many diseases are caused by how much your cells squeeze (asthma, fibrosis, others). We discover drugs that control how much cells squeeze, with ease, to treat disease. We use patented bioMEMS technology to turn cell strength (cells' ability to pull/ squeeze) into a quantifiable metric in drug discovery, to help find better drugs for mechanical diseases. We screen 100,000s of drugs against numerous contractile human cell types to comprehensively map human mechanobiology (the ""contractome"") and identify promising drug development starting points to deliver novel medicines to treat mechanically-driven diseases including asthma, hypertension, preterm labor, fibrosis, and others",0,0
23472,Moonvalley,Winter 2021,Active,"Building the next generation AI creative studio. We are building the next generation creative studio, powered by the most capable video and image foundational models. We are creating the place where generative image and video experiences will be built. Backed by Y-Combinator and Khosla Ventures",0,0
831,Spoil,Winter 2015,Inactive,"Spoil is gifting for the Snapchat generation.. Spoil fundamentally changes the way people interact with each other. Spoil brings people closer to on another through genuine gestures that are fueled by technology. With a tool that empowers its users to engage in positive human interaction, Spoil inspire them to give, and enhances how they receive. Using technology, Spoil predicts what makes someone happy and leverages on-demand logistics to make it happen. With Spoil you can make anyone happy as easily as calling an Uber. Spoil is all about the experience we provides to both the sender and the recipient. Focusing on how we want the recipient to feel, each step of the process leverages the right emotions and builds a story around the Spoil being received. This makes sending a Spoil a thoughtful gesture as opposed to just an exchange of items. Spoil help individuals and corporations acknowledge people around them through genuine gestures. It is the only medium accessible to everyone that builds simple, contagious and ubiquitous happiness. Because, we believe that everyone should be Spoiled",0,0
12853,Valiu,Summer 2019,Inactive,"USD mobile banking for LatAm's businesses and people. It is very hard to access USD or stable currency in LatAm's depreciating, and hyper-inflationary economies. We are solving that for individuals and businesses",0,0
21914,Bits,Summer 2020,Active,Bits is a credit card designed to help people build credit,0,0
152,Humble Bundle,Winter 2011,Acquired,"Pay what you want for awesome games and other content while giving to. Humble Bundle is a distribution platform selling games, ebooks, software, and other digital content. Since Humble’s founding in 2010, our mission has been to support charity (“Humble”) while providing awesome content to customers at great prices (“Bundle”). We started by offering only game bundles, but have branched out to include an online storefront, a monthly subscription service, a publishing initiative, and lots more. We have raised over $250 million for charity. And we now have over 500,000 subscribers to our Humble Monthly. Join our award winning team by checking out our careers page at https://jobs.humblebundle.com",0,0
22046,Flint,Summer 2020,Active,Securing Nurses for Your Future. We help hospitals 🏥 hire nurses 🧑🏻‍⚕️ from all around the world 🌏 and with technology make the complexity of immigration and licensing simple,0,0
12502,Bun,Summer 2019,Acquired,"Bun is an incredibly fast all-in-one JavaScript toolkit. Bun is an incredibly fast all-in-one toolkit for building, installing, running, and testing JavaScript and TypeScript. We were born out of frustration with the fragmented, slow JavaScript ecosystem and are on a mission to make JavaScript development faster and more productive",0,0
21766,Luminai,Summer 2020,Active,"Luminai helps automate repetitive manual work away from your mission. Luminai helps automate repetitive manual work away from your mission critical business processes. We're serving customers across insurance, healthcare, financial services, and more. Visit our website and see our customer case studies below: https://luminai.com Grateful to be backed by General Catalyst, Craft Ventures, Y Combinator, Moxxie Ventures, Caffeinated Capital, Unshackled Ventures, Scribble Ventures, Shrug Capital, Underscore VC, Weekend Fund, Liquid 2 Ventures, Nikhil Basu Trivedi, Yuri Sagalov, Chris Golda, Basement Fund, the founders and CEOs of Dropbox, Flexport, Notion, Deel, Front, Ramp, Coda, Rappi, Twitch, Lever, Algolia, Thredup, Pagerduty, Sendbird, the COO's of Stitchfix/Rippling, and the former heads of product of Twitter, Instagram, and Uber. We’ve raised $20 million till date. We’re hiring across all roles!",0,0
716,Tinker,Summer 2014,Inactive,"Digital Currency Market Making. Tinker is a cryptocurrency electronic trading & market making firm, founded in 2014. At our peak we've processed $10m+ in daily volumes and represented 10-20% of all BTCUSD trading on regulated exchanges",0,0
13163,Fig,Summer 2020,Acquired,"Fig adds visual apps, shortcuts, and autocomplete to your terminal.. Fig is re-imagining the terminal. We make it more accessible to beginners and more productive for advanced engineers Our first product is autocomplete, but we plan to expand into a full App Store ecosystem for the Terminal. We can do a bunch of cool stuff, check out our website. And if you're interested, we are hiring 😀",0,0
1340,Jumpcut,Summer 2016,Active,Helping creators go viral and build businesses.. We help aspiring creators go viral and monetize their content,0,0
31455,tday.com,Spring 2026,Active,"AI that turns your product into on-brand marketing content. tday automatically turns a software company's product into on-brand marketing creative. Connect your product and git repo, and tday generates polished launch videos, social graphics, and ads, the content a team would normally spend hours making in a design tool or pay a freelancer for. tday then publishes the creative and measures how it performs across your social and ad channels, closing the loop from what you ship to what you post",0,0
74,Stypi,Summer 2011,Acquired,"Realtime collaborative coding. Stypi is a San Francisco based tech company focusing on real-time collaboration. Its first product is a collaborative code editor that many companies such as Apple, Pinterest, and Palantir, have incorporated into their remote interview process. Stypi was acquired by Salesforce.com in 2012, where the team still continues to build its real-time technology and platform",0,0
22195,Lume,Summer 2020,Inactive,"Lume was a banking app for nurses with earned wage access, student loan refinancing, and travel nurse jobs. Acquired by Vivian Health (an NYSE: IAC company) in 2022",0,0
12035,Ashby,Winter 2019,Active,"All-in-one recruiting platform that empowers hiring excellence in. At Ashby, we're improving the productivity of working professionals with intelligent and powerful software. We put a lot of effort into designing products that are approachable to beginners but mastered & extended by power users. In many ways, spreadsheets set the bar here. Our first products provide talent teams with clever automation, powerful analytics tools, and customizable workflows packaged in great UX. We have many paying customers who love us and use us every day like Opendoor, Airtable, Duolingo, and Notion. Notion's Head of Talent said Ashby is ""probably the tool we are in the most and rely on the most, as a recruiting team."" Our culture is motivated by Abhik's (my co-founder and Head of Engineering) and my belief that a small talented team, given the right environment, can build a great product and service fast (and work regular hours!). We hire exceptional, kind, thoughtful people and provide an environment where we can be happy, feel challenged, and do our best work. We are well funded and backed by great investors, including Y Combinator, Elad Gil, and Lachy Groom. We'll share more once we meet!",0,0
22828,Aviron Interactive,Winter 2021,Active,"Aviron transforms workouts with game-based exercise machines, making. Aviron, a Y Combinator-backed company, reimagines fitness with connected exercise machines powered by an immersive gaming platform. We're on a mission to build the leading fitness entertainment experience, motivating our community through game psychology, engaging content, and innovative technology",0,0
630,Weave,Winter 2014,Public,"Customer communication and payments platform.. As the pace of innovation continues, it is growing more difficult to see the value of technology. Often meaningful information is inaccessible at the time it would be most beneficial. Weave threads together data, software and communication platforms to build stronger relationships at the point of contact by making valuable information instantly available in simple and intuitive formats. This delivers improved productivity, better collaboration and greater insights making it easier to meet the needs of patients and to build better business and clinical outcomes",0,0
12275,WorkClout,Winter 2019,Acquired,"Safety & quality software for industrial sectors.. WorkClout is enabling industrial labor to perform to their highest potential. WorkClout is a tool that helps industrial Operations & HR Teams make better decisions to improve production efficiency. WorkClout's SaaS tool centralizes on-the-job employee training, troubleshooting, safety/quality procedures, knowledge building, and performance tracking",0,0
702,SFOX,Summer 2014,Active,"Crypto-currency trading platform.. SFOX, a YC-backed company, makes it easy for enterprises to trade bitcoin. We started with an advanced trading platform that uses algorithms to provide a competitive advantage to our customers. SFOX now aims to expand international commerce by making it easy to trade any currency and settle in real time",0,0
30781,Duranium,Summer 2025,Active,"Reshoring critical metal production. China and Russia control the world’s critical minerals. We can produce Titanium, Magnesium, Aluminum, Zirconium & Hafnium in the U.S. more profitably than any existing process, and carbon neutrally via co-production. Carbochlorination is the primary process for producing critical metals like titanium, hafnium, and zirconium, and was once the standard for magnesium. The problem: conventional carbochlorination relies on purchasing carbon feedstocks, wastes valuable byproducts, and is highly CO₂-intensive. Duranium changes this with a novel reactor that recycles CO₂ emissions back into feedstock (CO) while generating a valuable co-product (bleaching agents). This closed loop slashes emissions and delivers Chinese-level metal pricing without subsidies — unlocking the full potential of carbochlorination for U.S. critical mineral production",0,0
13089,Unfaze AI,Summer 2020,Inactive,Create stunning product images and short-form promotional videos 10x,0,0
22307,Atmos,Summer 2020,Inactive,"The entire homebuilding process, all online",0,0
30067,Beglaubigt.de,Fall 2024,Active,"The legal back-office for European founders - the incorporation API. Beglaubigt.de is building the digital back-office for European founders. Our German brand Beglaubigt.de is the market-leading platform for digital company formations and notarizations - reducing GmbH incorporations from 6–8 weeks to as little as 3 days. Through Germany's first fully automated incorporation API, we power the formation flows of partners like Qonto, Holvi, and Sevdesk. We're now expanding the stack into ongoing business operations: registered addresses, trade registrations, bookkeeping, and the full legal back-office",0,0
659,Bitaccess,Summer 2014,Acquired,We make bitcoin simple.. We make enterprise software for crypto. Our leading product is a Bitcoin ATM. Customers have converted over $1B USD of cash into Bitcoin at our network,0,0
1023,Unima,Winter 2016,Inactive,"Fast and low-cost diagnostics for real time disease surveillance. Unima developed a fast and low-cost diagnostic and real-time disease surveillance that allows anyone to diagnose a disease directly where the patient is, without using lab equipment, with results in 15 minutes and at a very low cost",0,0
277,Picurio,Winter 2009,Inactive,Picurio is web-based photo sharing and photo management software,0,0
24477,Portão 3,Summer 2021,Active,"We are the frictionless way for companies to make payments.. Portão 3 is Ramp for LATAM. We are the frictionless way for companies to make payments. The company is founded by Fernando, second-time entrepreneur with past successful exit and ex-CPO of large IT consulting firms in Brazil and Bianca, experienced entrepreneur that handled payments for Cargill and funded startups in travel and growth. We've grown bootstrapped from the beginning and we were in the Y Combinator S21 batch",0,0
31210,Mendral,Winter 2026,Active,"AI DevOps Engineer. Mendral is an AI DevOps Engineer that observes, diagnoses, acts, and learns continuously. It autonomously handles CI failures, flaky tests, slow builds, broken releases, and code reviews, improving with every build and run. Over time, Mendral evolves into a self-improving delivery system that manages performance, quality, security, and compliance, all without manual intervention",0,0
13353,Hiration,Winter 2020,Active,"We help job seekers quickly create resumes that get 2X more interviews. Our SaaS product solves the different problems that job seekers face in the process of finding a new job - creating an efficient resume, writing a cover letter/email, updating their LinkedIn profile, applying to suitable jobs, interview preparation... It's the 1st time in history that we've been able to create resumes using technology that surpass human made resumes. This is a novel way to add active job seekers to our database of resumes as none of the incumbents are focussing on candidates' problems. 100k+ new active job seekers are added to our database every month, growing rapidly. As the next step, we are launching a recruitment marketplace to close the loop",0,0
485,Bitnami,Winter 2013,Acquired,"The App Store for Server Software. Packaged Applications for Any Platform. Bitnami has automated the ability to package, deploy and maintain applications, lowering the barrier to adoption for anyone to deploy and maintain a full spectrum of server applications, development stacks and infrastructure applications in virtually any format. Simply click to deploy any one of 120+ ready-to-run applications from the Bitnami Application Catalog or use Bitnami Stacksmith to package and migrate your custom in-house applications to the cloud. For more information, visit www.Bitnami.com, or follow us on Twitter (@Bitnami) and Facebook",0,0
30772,stagewise,Summer 2025,Active,"The Open Source Agentic IDE. stagewise is building the open-source agentic IDE: a developer workspace for creating and orchestrating coding agents, previewing running apps, and managing Git workflows. Developers can run agents in parallel, use their preferred models or existing coding subscriptions, and keep agents connected to browser/runtime context as well as the broader codebase, from APIs and tests to docs and deployment paths",0,0
29953,Hey Revia,Summer 2024,Acquired,"Voice AI to automate complex phone calls for healthcare providers. Hey Revia is a voice AI that handles complex phone calls for healthcare providers. Our software automates complex menus, reduces hold times, and handles tedious phone calls—verifying provider details, updating insurance info, and securing approvals. We offer Revia as web app, mobile app and API",0,0
22844,Kodo,Winter 2021,Active,Corporate card & spend management platform for Indian startups,0,0
29965,Formula Insight,Summer 2024,Active,"Help Institutional Investors manage, track & query their Excel models. Formula Insight offers Institutional Investors previously inaccessible data. We provide a central repository of financial models so investors can track changes to forecasts, quantify projection accuracy and expedite analysis. This further systematizes the investment process and enables better investment decisions",0,0
12064,Deel,Winter 2019,Active,"The all-in-one HR and payroll platform for global teams. Deel is the all-in-one payroll and HR platform for global teams. Built for the way the world works today, Deel combines HRIS, payroll, compliance, benefits, performance, and equipment management into one seamless platform. With AI-powered tools and a fully owned payroll infrastructure, Deel supports every worker type in 120+ countries—helping businesses scale smarter, faster, and more compliantly. Discover how Deel makes global work simple at deel.com",0,0
31003,Voltair,Winter 2026,Active,"Autonomous Drones for Earth Observation. Voltair is building the world's first globally distributed network of autonomous drones for Earth observation. Power utilities are the perfect first customer. Aging infrastructure and extreme weather drive the need for millimeter-scale inspection data on the power grid. Utilities spend tens of billions of dollars every year just looking at their own equipment. Autonomous drone fleets will enable utilities to inspect 7 million miles of infrastructure more frequently, quickly, and accurately. Our long-range, weatherized flying robots work with charging pads installed directly on utility poles. Each new pad unlocks 1000 square miles of coverage. With a charging network deployed on the power grid, we can serve existing multi-billion dollar data markets in road, rail and telecom inspection at 10x lower prices while enabling entirely new applications in hyperlocal weather monitoring, forestry, construction, search & rescue, and insurance. We envision a future in which drone ""instances"" are requested on-demand through our platform, enabling any application builder to serve these critical markets without ever operating their own hardware",0,0
645,Avametric,Winter 2014,Acquired,"Simulate clothes on your body.. Avametric is a privately-held AR and simulation company working to revolutionize the fashion and retail industries. We were founded in 2012 and centrally located in the thriving San Francisco neighborhood of SOMA. Our software platform provides automated content creation for brands, retail & e-commerce sales tools, and increased efficiency in garment design & development. By working on both enterprise-facing tools for design and consumer-facing tools for virtual fitting rooms, we are excited to transform visualization experiences in fashion and bring traditionally physical experiences to the virtual space. We are proudly backed and supported by our lead investors at Khosla Ventures and, together, we look forward to changing the way people shop and design clothing globally. Sound like you? Find your fit at our careers page: https://www.avametric.com/careers/",0,0
1440,boxouse,Winter 2017,Inactive,"portable, affordable, beautiful smart homes. Boxouse is the product of curiosity and mishap by Luke and Heather. They build beautiful, sustainable, portable, affordable houses for everyone. Inspired by portable, modular shipping containers and fed up with paying rising rents in San Francisco for non ideal housing they set out to redefine the landscape in which they lived and rethink housing for modern aspirations. Boxouse started on a vacant lot in 2013 and quickly grew into a community of friends who all shared a common goal of experimenting with sustainability and building. They still run all their production out of beautiful Oakland California. Their catalogue offers a variety of houses from minimal to a luxe edition with wheels, solar and full utilities",0,0
13234,Release,Winter 2020,Active,Environments as a service. Release delivers staging environments as a service. With Release a staging environment is automatically generated with every Pull Request which removes the bottleneck most companies have when they only have a single staging environment,0,0
28094,Constant,Winter 2023,Active,"AI Analysts for the Buy-Side. Institutional-grade AI, replicating a team of top analysts",0,0
23955,Deskimo,Summer 2021,Active,"Workspaces on demand, paid by the minute.. Join the hybrid work revolution! Find professional workspaces near your home and escape the home office without wasting time on commuting. Deskimo connects the hybrid corporate workforce with quality workspaces all over Singapore, Indonesia, Malaysia, Hong Kong and the UAE. 1) Deskimo is an asset-light extension of a corporate office Most companies are looking to downsize their office leases and move to a hybrid work model to save costs and provide employees greater flexibility post pandemic. 2) Deskimo is an instant access pass to all workspaces One tap in the Deskimo app generates a QR code, which gets scanned at the front desk to check in and check out. No memberships, no registrations, no long-term commitments needed. 3) The hybrid work revolution is only getting started Employees have no intention to go back to the office 5 days / week post pandemic. This will transform the way companies manage their hybrid workforce and decentralized workplace. Deskimo is at the center of this transformation",0,0
13052,Zaraz,Winter 2020,Acquired,"A third-party manager, built for speed.. Zaraz makes any website 40% faster with a single line of code, by optimizing how it loads third-party tools. This results in 2x conversion rates and better SEO rankings",0,0
12020,Bensen,Winter 2019,Active,Online and phone ordering for restaurant takeout and delivery,0,0
24598,Ferveret,Summer 2021,Active,"Liquid cooling solutions inspired by nuclear reactor cooling. Ferveret develops liquid cooling solutions inspired by nuclear power plant cooling. We save data centers 96% in cooling costs, 68% on capital costs, and reduce their carbon footprint by 40% while increasing chip performance by 2X. Today, about 40% of the electricity used in these facilities is wasted on cooling. Our technology eliminates this wasted energy",0,0
26661,Stream,Summer 2022,Active,"The AI Claims Workbench automating insurance claims. At Stream, we’re on a mission to modernize the insurance industry. Our product—the Stream AI Claims Workbench—uses custom AI agents to turn a constant stream of PDFs into automated workflows and high-value signals. This helps claims teams focus on the human work—getting people the medical treatment they need and the benefits they’re owed—while reducing costs for insurance companies",0,0
656,SpringWit,Summer 2014,Inactive,Brain health and awareness,0,0
12564,Juno College of Technology,Summer 2019,Active,Juno is the university of the future,0,0
1814,Psylaris,Winter 2018,Active,Psychotherapy through autonomous and personalized VR-sessions.. We empower mental healthcare clients with virtual reality sessions that are additive to traditional therapy. Clients regain their self-reliance the moment they are given the chance to contribute to their treatment. Therapists can focus on the aspects of treatment that e-health is not equiped to deal with. Treatment efficiency goes up - costs go down: E-health the way it was meant to be,0,0
22996,Resquared,Winter 2021,Active,"Marketing automation platform for selling to local businesses.. Local businesses were the hardest B2B segment to reach, but account for over 60% firms in the U.S. Our SaaS application has data on every local business that are easy to get in touch with using our specialized marketing automation tools and workflows. Resquared has been proven to save sales pro's over 3 hours per day and result in 53% stronger leads (case study on website)",0,0
12063,Pyxai,Winter 2019,Active,"An assessment tool that evaluates people to predict future success. Pyxai helps organizations evaluate, identify and source top talent by focusing on the best indicators of long-term job success, soft skills. Our proprietary, AI driven assessment tool helps organizations increase retention by at least 30% all while reducing the time to hire by more than 50%",0,0
25655,Anfin,Winter 2022,Active,"A multi-asset trading platform dedicated to retail investors. Anfin is a modern trading platform that aims to democratize access to financial services and wealth management for Vietnam’s retail investors. Our mission is to help the underserved retail investor navigate the complexities of investments in Vietnam, from stock market to the underutilized commodity trading. We are backed by international renowned investors such as YC, Goodwater Capital, Global Founders Capital, and many more",0,0
12461,Safely Finance,Summer 2019,Inactive,"BNPL for moving and renting.. Safely Finance (YCS19) is a pay-over-time solution for moving and renting. We remove price as a barrier to leasing for renters. We increase NOI and decrease bad debt for properties. Safely Finance embeds directly in moving and renting experiences with easy-to-integrate options via widget, API, or property management solution",0,0
12262,Cuanto,Winter 2019,Active,"Building the operating system for developing world merchants. We are building the operating system to allow merchants in the developing world to sell online. We started by helping those in LatAm instantly launch online to monetize their audience and sell over social media. We help merchants create a storefront, process payments, and manage fulfillment in one simple platform",0,0
32230,Codag,Summer 2026,Active,Log compression for agents,0,0
31104,Cofia,Winter 2026,Active,"AI automations that implement themselves. Cofia learns how your team runs internal operations and automates the highest-ROI workflows, automatically",0,0
1751,ClearBrain,Winter 2018,Acquired,"Causal Analytics for Growth Teams. ClearBrain (YC W18) is a startup building the first self-serve AI platform for growth marketing. We help companies automatically predict and retarget users when they are most likely to purchase. Fortune 1000 companies use ClearBrain’s automated machine learning platform to personalize experiences for hundreds of millions of user predictions - as effectively as Uber or Google. We’re led by the founding engineers of Google Ads and Optimizely’s data infrastructure teams, and backed by investors in Dropbox, Optimizely, and AdMob. We’re a deeply technical team who value humility and customer empathy above all. As a group we’re also pretty good at bowling, D&D, and Rubik’s cubes. We are building an advanced analytics platform with the challenge of making it accessible to a smart, capable clientele of growth experts that demands ease of use, utility, high availability and good responsiveness. You’ll join a startup environment where you'll be exposed to a variety of backend, frontend, machine learning frameworks in a fast-moving company!",0,0
26050,Olympian Motors,Winter 2022,Active,"Next-generation, modular electric vehicles. ⚡️Olympian manufactures timeless, art-deco electric vehicles. We challenge today’s mundane, over-standardized car designs produced by the traditional automotive industry. ► Olympian EVs are powered by an open, modular EV architecture. We are pioneering a new modular production model in the U.S., delivering 85–90% reductions in tooling and machinery costs, and achieved 60–80% faster production-lead-times compared to legacy automakers in the U.S. 💸 Revenue Backlog: $61M+ 🚗 Number of Orders: 790+ 🏭 Production Capacity: 2,400 units in 2026 ✅ Backed by: YC, NVIDIA, Climate Capital, Mobility Vision, Amazon AWS, Soma & Collaborative. -- Olympian has two pillars: 1) Art-deco, aesthetic, but simple electric cars 2) Modular EV architecture that enables rapid, cost-efficient production. Olympian rejects today's mundane and over-standardized car experience. We challenge the 40-year status-quo in automotive design, and bring aesthetic, simplicity and color back to the cars. We are manufacturing electric vehicles with our innovative 'modular' vehicle & drivetrain architecture (MVDS), providing Olympian with strong cost and lead-time advantages compared to legacy automakers like Tesla and Ford. Olympian is disrupting 120+ years old automotive industry and targeting to capture 7% market share in the U.S. automotive market by 2030. Olympian developed a fully-decoupled, modular, EV drivetrain system (eMVDS) that provides a 'Lego-like' vehicle architecture. Built on 4-core-hardware and 2-core software modules, Olympus eMVDS platform unlocks 80% reduction in tooling & machinery costs and built ~60% faster production lead time",0,0
29656,Leeroo,Spring 2025,Active,"Organizational Superintelligence. An AI that continuously learns your organization’s knowledge and expert playbooks, uses experimentation, and with human approval ships data & AI programs and their operational UIs on your existing stack",0,0
907,Bluecrew,Summer 2015,Acquired,"Bluecrew is a web based staffing agency.. BlueCrew is an on-demand, data-driven staffing platform for blue collar jobs in Los Angeles, San Francisco Bay Area, Sacramento, and Reno. Bluecrew is a seed-stage, YC backed company creating software to automate outdated, and inefficient traditional temp agencies. We are the best platform to quickly fill positions with high-quality workers. Bluecrew is an ideal staffing partner for companies looking for temporary, seasonal, or temp to hire workers for jobs including event staff, warehouse staff, drivers, forklift operators, data entry personnel, movers, and customer service reps. By innovating on screening, matching, dispatching, and time tracking technology, BlueCrew eliminates the major pain points of other alternatives",0,0
24539,HitPay,Summer 2021,Active,"Payments infrastructure for businesses scaling in APAC. HitPay is a full stack payments infrastructure platform designed for growing businesses in APAC. Founded in 2016 and headquartered in Singapore, HitPay unifies e-commerce, point of sale, and B2B payments into a single platform. The company is regulated in 6 APAC jurisdictions and backed by leading global investors, including Tiger Global, Y Combinator, Global Founders Capital, and HOF Capital",0,0
351,Whitenoise,Winter 2007,Inactive,"Whitenoise is like a social network for the music industry. It comes with specially made tools for bands, agents, publicists, and venues to manage each part of their business. Bands will be able to manage their cross country tours by map, using a venue search to find gigs in any town they're passing through. Venues will get access to a full list of artists in their area along with samples and ways to reach their agent to book a show",0,0
12008,Swadesh,Summer 2019,Active,"We setup Immigrants with a free US Bank Account, Credit Card, SIM. We offer a free US FDIC Insured Checking account, Free Credit Card (no interest rate, collateral, fees), Free AT&T SIM Card shipped to home with 40%+ cheaper plans than retail, and save thousands of dollars in remittances to our customers - all by opening a free Swadesh Account. We enable new to America expats become ""American"" in the eyes of the US Financial system. We're starting by serving the 150,000+ Indian expats migrating to the US each year. We have a comprehensive solution that covers banking, credit building, communication, remittance, as well as value-add services such as insurance, housing etc. along with all the standard bells and whistles of neobanks",0,0
31388,Elyra,Spring 2026,Active,"AI Reservation System for Restaurants. Elyra is an AI reservation system for restaurants. Instead of missing 40% of incoming phone calls and taking days to reply to emails, leaving over $100,000 in bookings on the table every year, restaurants get AI agents that answer every call and email instantly, 24/7, connected to a reservation system that optimizes table placements in real time so empty seats get filled with the right guests. Felix and Alan met in primary school in Stockholm and have been building things together ever since. We launched with a single restaurant and within weeks they hit record occupancy, bookings they used to miss were suddenly being captured automatically, and empty Tuesday nights started filling up. Today we power top restaurants groups. There are over 1 million restaurants in the US and Europe alone. The average restaurant loses $100K+ a year to missed calls and slow email replies. At our current pricing, that's a $10B+ market opportunity, and we're the only system that handles the call, the email, and the table allocation in one place",0,0
1004,Able Health,Winter 2016,Acquired,"Able Health gets doctors paid more for higher quality care. Able Health is the one platform physician organizations need to manage value-based programs. From calculating HEDIS and Medicare measures to engaging clinicians and health plans, managing value-based programs can take an army of administrators and IT staff. Able Health simplifies administration, customized to your specific programs, so you can ease today's reporting requirements and set your organization up for the future of healthcare reimbursements",0,0
2024,Enveritas,Summer 2018,Active,We verify global supply chains for issues like child slavery and,0,0
22721,Zepto,Winter 2021,Active,10-Minute Grocery Delivery in India. We deliver groceries in 10 minutes through a network of optimized micro-warehouses or 'dark stores' that we build across cities in India. We're currently doing hundreds of millions of dollars in annual sales with best-in-class unit economics - come join us!,0,0
26811,Payload,Summer 2022,Acquired,"Developer-First Headless CMS and Application Framework. Payload is a developer-first headless CMS and application framework built to finally give developers a better choice in the world of CMS. From documentation to design, Payload is crafted from the ground-up to save engineers time and effort while building the backend and admin panel for websites, native apps, ecommerce, SaaS, and any other product that needs to manage content. Payload is changing the CMS status quo—working to give developers the tools they want to build the CMS they need, all in clean and well-structured code. Learn more at https://payloadcms.com",0,0
30337,Paratus Health,Winter 2025,Active,The first healthcare GTM data platform. We’re building the first GTM data platform made for selling into healthcare. Previously built voice agents for outpatient facilities and scaled to 35+ in under a year. Healthcare GTM data is broken - so we’re building what we wish we’d had,0,0
29509,Blacksmith,Winter 2024,Active,"The fastest way to run your GitHub Actions. Blacksmith helps companies run their continuous integration (CI) up to twice as fast, at half the cost. We do this by running their CI on high performance gaming CPUs. - Engineering productivity is often marred by slow CI that grows quadratically with the size of the engineering organization. - On top of this, companies pay high markups to run CI on the hyperscalers. - Consequently, companies have to run their CI on spot instances to keep costs in check. Since spot instances can get pre-empted at any point, running CI reliably on them requires [significant engineering investment](https://www.rippling.com/blog/how-rippling-used-spot-instances-to-save-and-scale-ci-cd). Blacksmith offers CI compute that is more performant, cheaper, and reliable. With Blacksmith, companies do not have to think about CI as they scale. We are starting with GitHub Actions - today's most popular and fastest-growing CI system. With a one-line change, companies can run their CI up to twice as fast on our high-performance hardware. In addition to this, Blacksmith provides colocated warm caches along with optimizations for common CI workloads (like building and pushing Docker images). Aayush, JP and Aditya have gained deep systems and product knowledge from their time at Cockroach Labs and Faire respectively. Both these companies, with several hundred engineers, were spending in the order of millions of dollars on their CI. Yet they were riddled with slow CI and actively seeking out cheaper and faster alternatives. Blacksmith offers exactly this alternative, at a time where being lean is table-stakes for most companies",0,0
132,Inporia,Winter 2011,Inactive,"Fashion shopping email list.. Inporia's current product is Kaleidoscope - a inspiration ecommerce app and widget. Kaleidoscope launched on Android in Feburary 2011 and was made available for the iPhone in April 2011. It’s the first in what promises to be a series of ecommerce-driven apps from parent company Inporia. The four-person company was started by Ryan Junee, a serial entrepreneur who co-founded Omnisio (acquired by Google in 2008) and serves as a mentor to 500 Startups and StartMate, and Max Skibinsky. Sarah Kunst and Simon Ratner complete the 4 person team. It raised $1.25 million in seed funding from Ron Conway’s SV Angel and 500 Startups, NEA, Start Fund and Y-Combinator among others",0,0
29336,Scout,Winter 2024,Active,"AI insights for consumer products. Scout is an AI insights tool for consumer products companies to increase topline revenue. It ingests data from retailer portals and syndicated sources (such as SPINS, NielsenIQ), and tell sales teams exactly where they can grow. Brands use Scout to figure out which accounts to expand, which SKUs to prioritize, and which promotions drove incremental sales",0,0
22705,JoinSub,Winter 2021,Inactive,"India's first aggregator and provider of local business subscriptions. We, at JoinSub, are empowering the Indian small and medium retailers to drive repeat purchases & maximize their revenue by building a subscription-based model. India has over 14 million retail outlets, and we are poised to revolutionize the Retail Sector and enhance the buying experience both for retailers and consumers. We are dedicated to co-creating a community of futuristic retailers who are ready to embrace tech for growth. Our Subscription Programs work wonderfully for everyone who is looking to drive repurchases, right from those in the F&B industry, to Salons, Nail Salons, Spas, Gyms, Yoga & Dance Studios, Coffee Shops, Bakeries, Dry Cleaners, Florists, etc. We can help you delight your consumers and accelerate your business, the JoinSub Way!",0,0
1093,Astranis,Winter 2016,Active,"Advanced satellites for high orbits.. Astranis builds advanced satellites for high orbits, expanding humanity’s reach into the solar system. Today Astranis satellites provide dedicated, secure networks to highly-sophisticated customers across the globe— large enterprises, sovereign governments, and the US military. With five satellites on orbit and many more set to launch soon, the company is servicing a backlog of more than $1 billion of commercial contracts. Astranis is the preferred satellite communications partner for buyers with stringent requirements for uptime, data security, network visibility, and customization. Astranis has raised over $750 million from some of the world’s best investors, from Andreessen Horowitz to Blackrock, and Fidelity, and employs a team of 450 engineers and entrepreneurs. Astranis designs, builds, and operates its satellites out of its 153,000 sq. ft. headquarters in Northern California, USA",0,0
405,HealthSherpa,Summer 2012,Active,Private sector Healthcare.gov,0,0
25717,Lenco,Winter 2022,Active,"Pan-African digital bank for Africa's 50m businesses. Lenco is a multi-currency digital bank for businesses in Africa. With Lenco, retail outlets, hospitality businesses and startups can easily pay vendors, suppliers and perform cross-border payment while having access to growth capital",0,0
30301,FuseAI,Winter 2025,Active,"#1 AI Platform for Outbound Sales. FuseAI is the AI-native sales platform for modern revenue teams. Built for high-performance outbound, FuseAI consolidates your entire GTM stack - data, enrichment, multi-channel automation, real-time buying signals, and AI-driven execution into one seamless system. With powerful integrations and intelligent workflows, FuseAI doesn’t just help you run campaigns. It turns every signal into pipeline, and every rep into a top performer",0,0
12425,Together Software,Summer 2019,Acquired,"Learn from the experts at your company.. Targeting companies with 500+ employees, Together helps Learning and Development teams run a best-practice mentoring program for employees. It captures everyone's areas for development and goals, matches them with the most relevant mentor within their company, and guides and tracks relationships. Integrating with Outlook, Gsuite and other enterprise tools, it is designed for the professional user",0,0
917,jEugene,Summer 2015,Inactive,"jEugene highlights undefined terms and unused definitions in legal. jEugene jumpstarts definitions checks. In seconds, it highlights undefined terms and unused definitions right in the text of documents, so that lawyers can focus on harder problems. Not so long ago, a corporate associate experienced firsthand the stress of definitions checking. Catching all undefined terms and unused definitions is hard, especially when time is short and terms complex",0,0
30508,Sygaldry Technologies,Spring 2025,Active,quantum-accelerated AI servers. We’re building quantum-accelerated AI servers so organizations building AI can exponentially speed up training and inference. And we’re making tools for AI researchers to integrate quantum capabilities into AI models and workflows,0,0
24260,Planet A Foods,Summer 2021,Active,"Building the next generation food ingredient champion.. Imagine a world without chocolate. Horrifying, right? But the supply of cocoa is endangered and chocolate is as bad as meat for our planet. We make future-proof chocolate using precision fermentation. Doing this, our chocolate is 10x more sustainable and 20% cheaper than conventional chocolate. In order to mimic the organoleptic properties of chocolate (tender, smoothly melting taste release) we are working on the flavor itself but also on replacing the cocoa butter. 55 Mio lbs of chocolate are consumed every day. By 2035 we will substitute a big chunk of it through our sustainable chocolate. In addition, we are working on extending our technology platform to additional ingredients such as palm oil",0,0
31344,Totalis,Spring 2026,Active,derivative layer for prediction markets,0,0
23817,Epsilon3,Summer 2021,Active,"AI-Powered ERP, MES, and Test Software for Complex Operations. Epsilon3 is the AI-Powered ERP, MES, and Test Management Software for Complex Engineering, Manufacturing, & Operations. We are a growing team of engineers from SpaceX, NASA, Google, and Stanford with unique experience planning and executing over 100 space missions. We are applying what we learned to develop web-based solutions that make building and operating advanced systems as efficient, error-free, and enjoyable as possible. Want to join a fully remote, US-based SaaS startup on a mission to solve complex problems in aerospace, energy, defense, maritime, and biotech? Apply today!",0,0
31271,VOYGR,Winter 2026,Active,"Real-world place intelligence for AI apps and agents. VOYGR is a better maps API every agent and AI app will need. Google says '4.2 stars, open till 10 – VOYGR knows the chef left, wait times doubled, and locals moved on. Our intelligent local search combines accurate place data with fresh web context – news, articles, and events. We expand beyond 10-15 map attributes into infinite, queryable place profiles, enabling agents to reason and act in the real world. Maps are no longer browsed – LLMs/agents use them to reason and act. 20M+ apps/websites, up to 40% of search queries, and 20% of LLM prompts need local context. 10-15 attributes per place are not enough for AI. Places change constantly - restaurants close, hours change, businesses move. LLMs struggle with semantic queries “Specialty coffee shops in SF with Wi-Fi, popular with YC founders”. Agents cannot reliably “parse half the internet” - they need real-world ontology We’re experienced builders in maps, search, and ML to solve this. Vlad knows this space inside and out – he worked on the Google Maps APIs GTM, plus firsthand customer experience from building in ridesharing and travel. Yarik has spent over a decade leading ML/search teams at Apple, Google, and Meta. Google Places alone is a $XXB/Yr monopoly. Agents turn it into a transactional layer opportunity for local commerce and ads",0,0
29662,Atum Works,Spring 2025,Active,Gigascale Nanomanufacturing,0,0
134,SingleStore,Winter 2011,Active,"The cloud-native, operational database built for speed and scale.. MemSQL is The No-Limits DatabaseTM, powering modern applications and analytical systems with a cloud-native, massively scalable architecture for maximum ingest and query performance at the highest concurrency. MemSQL envisions a world where every business can make decisions in real-time and every experience is optimized through data. Global enterprises use the MemSQL distributed database to easily ingest, process, analyze, and act on data in order to thrive in today’s insight-driven economy. MemSQL is optimized to run on any public cloud or on-premises with commodity hardware. Visit www.memsql.com or follow us @memsql. Headquartered in San Francisco, CA with offices in Seattle, WA and Portland OR, MemSQL has raised over $100M from top investors including GV, Accel Partners, and Khosla Ventures, among others. MemSQL is trusted by customers including Uber, Akamai, Dell EMC, Samsung, Comcast, Kellogg, and more. If you want to work at a company that celebrates diversity, innovation, leadership, and creativity every day, check out our openings at https://www.memsql.com/careers/",0,0
12581,Genecis Bio,Winter 2020,Active,Makes guilt-free plastics from food waste,0,0
24197,Hilos,Summer 2021,Acquired,"Close and activate your customers on WhatsApp. Platform for WhatsApp API that allows you Profile leads, automate follow-ups and integrate with your favorite tools to increase conversion. Hilos allows startups and SMBs to run their entire business on WhatsApp, without code. We focus specifically on letting businesses build apps within WhatsApp that integrate with other systems (CRMs, Databases, Payment providers, etc.)",0,0
26847,Slauth.io,Summer 2022,Inactive,The IAM Policy Copilot. Slauth.io generates and rightsizes IAM policies in order to save engineering time and secure the organization. We use PR's to suggest what good functional and secure IAM policies should look like and integrate with IaC (Terraform) to have a seamless end-to-end IAM policy creation and deployment. Save hundreds of DevOps engineering time each year and increase your security to scale faster,0,0
29124,Onward,Summer 2023,Inactive,"Intelligent meeting automation for ambitious teams.. Onward is a new take on conversational intelligence. We streamline follow-ups, CRM updates, ticket creation, and other tasks after every meeting—helping you connect this knowledge to the rest of your tools",0,0
30297,OpenIntake,Winter 2025,Active,The AI Front Door For Law Firms. OpenIntake boosts law firm revenue by converting callers into clients 24/7,0,0
27703,Dashdive,Winter 2023,Acquired,"Break down AI and cloud costs by feature and customer. Dashdive attributes AI/LLM and cloud costs to customers, teams and products at the endpoint invocation level using observability tools. This allows software companies to optimize their pricing and evaluate the profitability of each product",0,0
228,Gamador,Winter 2010,Inactive,"Gamador is a social game developer that has released three games so far. The company says that it differentiates itself from other developers by releasing quick, smart games at a very rapid pace (they can develop a game in about a week. The company has built its own analytics platform for social games called Rankador, which they liken to a â€˜PageRank for social gamesâ€™",0,0
30293,Orbital Operations,Winter 2025,Active,"High Thrust Space Vehicles for Satellite Defense. Orbital Operations is developing a high thrust, reusable space vehicle for satellite defense. We protect critical satellites, like GPS and Military communication satellites, from adversarial threats, like China and Russia. Our vehicle will use the exact same propulsion systems that launch vehicles have used for decades by implementing a cryogenic management system. This will give us over 100x the thrust or current in-space propulsion. Ross and I have over 15 years of combined aerospace experience across NASA, Aerojet Rocketdyne, SpaceX, Blue Origin, and Relativity Space. We’ve worked side by side for more than 3.5 years developing propulsion systems, turbomachinery, and building our own respective engineering teams. We are currently working on the first demo of our unique cryo management system and intend to launch an operational vehicle by 2027",0,0
27258,AccessOwl,Summer 2022,Active,"Managing your Employees' Access to SaaS. AccessOwl automates employee SaaS account provisioning and permissioning for any tool. IT teams from companies like Zeplin and Sary save 30 minutes on every request. Access management used to be an enterprise problem. With work from home, exploding SaaS usage and the need for SOC2 certifications startups have the same problems as enterprises. Mathias and Philip have built several startups and teams before and experienced the same problems around access management over and over again. Philip was the CEO and Co-Founder of blik, an award winning IoT solution that was used by Volkswagen and BMW. Mathias built the leading private payment infrastructure provider in Germany as well as the first digital car insurance as Co-Founder and CTO. Based on these experiences we decided to build a solution we wish we could have used when building our former companies. AccessOwl can be deployed within minutes instead of weeks by simply installing a Slack application. We save companies that use AccessOwl 30 minutes for every access request, on- and offboarding",0,0
24507,Warrant,Summer 2021,Acquired,"Authorization and access control as a service.. Warrant is an open source authorization service that helps developers implement and enforce access control in their applications. Warrant serves as a dedicated, centralized platform for handling user authorization and access control so engineering teams can focus on building their core products",0,0
30758,Hera,Summer 2025,Active,"AI Motion Designer. Hera is an AI motion designer that turns 5-hour projects into 5-minute tasks. When you're a YouTuber making an infographic animation, instead of spending hours manually clicking buttons in Adobe After Effects, you can create the same animation in minutes in Hera. Through talking to our users, we realized that 95% of time spent on motion graphics is manual button clicking, not creative work. This insight led us to focus on automating the tedious parts while giving the user all creative control. We launched in May 2025, got 100k waitlist signups in 8 weeks, and we're doubling revenue monthly",0,0
220,Nowmov,Winter 2010,Acquired,"Nowmov is an endless stream of videos recommended to users based on their interests, friends and what's trending around the world",0,0
31535,Arlo Industries,Spring 2026,Active,"Track drones and missiles without radars - Accurate, Passive, Scalable. Arlo Industries is building a network of sensors that precisely tracks stealthy drones and aerial threats better than radars. This capability does not exist yet because traditional radars are built on past war doctrines designed to protect single, centralised assets. Modern warfare, however, demands wide-area, persistent coverage that is both passive and economically scalable. By utilising a mesh architecture, Arlo Industries unlocks unprecedented asymmetric economics. The network is fundamentally built to scale: the cost of adding sensors grows linearly, but the tracking accuracy increases exponentially, delivering highly resilient, persistent coverage for a fraction of the cost of legacy systems. Deo founded Arlo Industries after spending over 6 years in the Israeli defence ecosystem, where he lived through multiple conflicts and experienced the Iron Dome and other systems in action against ICBMs and the infamous Shahed drones. Learning exactly how these defence systems could be improved after a Shahed exploded close to his apartment, he built Arlo Industries around the core philosophy that conflict should be concise & precise. The people behind Arlo1 includes a PhD in drones and autonomy and military experts. Arlo Industries has actively showcased this technology directly to Ukrainian militaries on the frontlines, as well as to operators across Europe and the USA",0,0
23443,Vendease,Winter 2021,Active,"Where restaurants in Africa buy food supplies. Vendease is a marketplace that lets restaurants in Africa, order directly from farms and food manufacturers. Now, instead of going through expensive - middlemen - vendors, or wasting productive man hours sending staff to open markets with hiked prices, restaurants can now get on our platform, click to order and get all their food supplies within 24hrs",0,0
31591,RightNow,Fall 2026,Active,"Enabling Model-Hardware Co-Design at Scale. RightNow AI is a research lab building GPU infrastructure that lets teams own their AI stack instead of depending on closed-source APIs. Our platform RunInfra takes any HuggingFace model, auto-generates optimized GPU kernels, and deploys it serverlessly with pay-per-token pricing RightNow AI lab: https://rightnowai.co RunInfra platform: https://runinfra.ai",0,0
1007,Deako,Winter 2016,Active,"We make beautiful connected light switches that allow you to control. Deako believes that everyone should be able to enjoy the wonderful experiences of smart lighting, regardless of their budget. We invented the modular light switch, giving homeowners maximum flexibility to customize and upgrade their systems, at any time, in minutes and without turning off the power. Deako’s beautiful designer switches are like nothing else on the market today. Deako Smart Lighting has been named the #1 Smart Lighting Control System by TecHome Builder, Top 25 Innovative IOT Companies by Entrepreneur, featured in “I Want That!” episode on DIY Network, Top 50 most promising Startups by Bloomberg, and “Changing The Way Builders Spec Light Switches” - Builder Magazine",0,0
19890,Ukama,Summer 2020,Active,Empowering anyone to build cellular network,0,0
12045,BlitzIQ,Winter 2019,Inactive,Note taking workspace for B2B sales teams,0,0
24530,Float,Summer 2021,Active,Supply chain finance for consumer brands. Float is Pipe for supply chain finance. We help fast-growing consumer brands unlock capital from their inventory. We pay their supplier invoices up front and enable them to pay for their inventory after they’ve sold it,0,0
32525,FlowManual,Summer 2026,Active,"AI for Construction's Back Office.. FlowManual is the all-in-one AI bidding and purchasing platform for both general and specialty construction contractors. Built by two engineers and Harvard dropouts, FlowManual automates the buying process during pre-construction. With FlowManual, specialty contractors win more work while general contractors deliver at higher standards",0,0
12509,PopSQL,Summer 2019,Acquired,"SQL editor for teams. Every company wants to use data to make informed decisions, and SQL is the lingua franca for data. However, data collaboration is broken. People are rewriting each other's queries, switching apps to visualize their data, and copying/pasting SQL into Slack. PopSQL solves this by creating a beautiful, fun way to write SQL, visualize data, and share results. The product is loved by data teams from over 2000 companies including DoorDash, Shipt, Redfin, and Optimizely. What we've built so far is just the beginning. Join us and build a great product, a great culture, and a great company 🚀",0,0
13499,Termii,Winter 2020,Active,"Termii is an AI-native reliability infrastructure company.. Termii is an AI-native reliability infrastructure that prevents transactions like logins, payments, checkouts, fraud alerts, and OTPs from failing — using AI. We process over 3B+ transactions and reach more than 16M end-users across banks, fintechs, e-commerce and digital platforms globally",0,0
25086,Northwind,Winter 2022,Inactive,"Tele-dermatology for chronic skin conditions. Northwind is a tele-dermatology start-up changing how chronic skin conditions Psoriasis and Atopic Eczema are treated. We connect 31 million American patients to specialists in under 12 hours, and provide a tailor-made treatment plan with our proprietary line of clinically tested vegan OTC and Rx products. Patients register and go through our digital questionnaire, uploading pictures of their affected skin. In under 12 hours the patient receives their own specialised dermatologist who then decides the correct treatment plan required - with monthly checkpoints where the plan is adjusted based on patient feedback and results. Today, thousands of users rely on, and love Northwinds proprietary Swedish formulas. The company is led by a patient suffering from 20 years of severe Psoriasis",0,0
1854,Secured,Winter 2018,Inactive,"Tools for Sneaker, NFT & web3 investors. Our vision is that anyone with a passion for collectibles (sneakers, NFTs, sports cards, Pokemon cards etc.) will need a Secured membership to access the ultimate market advice and best connect with their community",0,0
11925,Intelline,Winter 2019,Active,"Intelline makes the world's most efficient fuel agnostic engines for. Intelline makes fuel agnostic engines for practical, clean, and low-cost industrial power. Our first customers are in data center energy infrastructure and oil & gas production. Our engine generate electricity with even the most difficult fuels like flare gas, while reducing fuel OPEX by 40%. There are 1,000,000 new heavy duty engines produced per year, and at an average $50k per heavy duty engine this is a $50B market opportunity. Our generator can efficiently run emerging fuel types that traditional diesel engines can't use (flare gas, syngas, ammonia, hydrogen), and can switch between fossil fuels and any other liquid/gaseous fuel while running. Full size running prototype successfully tested April 2025",0,0
12067,PNOĒ,Winter 2019,Active,"Enabling health professionals to prescribe clinical-grade wellness. PNOĒ enables health professionals to provide science-backed bio-optimization through breath analysis. For 100+ years, breath analysis (AKA metabolic testing, VO2max) has been the gold standard in anti-aging quantification, nutrition prescription, and evaluation of most critical systems, including the heart, lungs, cells, and nervous system. Until recently, it was only available in sophisticated clinics and regarded as the most valuable but underutilized assessment in medicine. PNOĒ changed that through the first easy-to-use clinical-grade breath analysis device, proprietary software package, and dedicated metabolic expert support. Through a non-invasive 10 min breath test, PNOĒ analyzes the human breath and prescribes a personalized nutrition, exercise, breathwork, and bio-optimization (i.e., red light therapy, hyperbaric chamber, IV therapy, etc.) program based on one’s biological limitations. 3,000+ health professionals trust PNOĒ because it personalizes the clients’ journey through their clinics, builds retention by quantifying progress, and enables the upsell of personalized nutrition and breathwork. All this without any effort, time commitment, or upfront cost. PNOĒ has been independently validated by Georgetown University, VA in Maryland, and Rutgers University and is trusted by leading institutions including Cenegenics, Dais Cove, MIT, UCLA, Pan Pacific, CLMBR, UCS, OURA, TONAL, Spartan Racing, and Paris Saint Germain",0,0
236,Infoharmoni,Winter 2010,Inactive,Inforharmoni is a data visualization company that visualizes real-time social web and aggregates content,0,0
1052,GoLorry,Winter 2016,Active,Mobile marketplace for inter-city trucking in India. GoLorry offers transport and logistics services to its clients. It was founded in 2015 and conducts operations in California and Hyderabad,0,0
1781,Vanta,Winter 2018,Active,"Vanta—the proven leader in automated compliance helping startups. About Vanta Vanta (YC W18) is the leading automated compliance and trust management platform designed to simplify and centralize compliance and security workflows for organizations of all sizes. Why YC Startups Need Vanta As a YC company, proving your security compliance is crucial for hitting new milestones—from finding product market fit, to selling to bigger customers. We would know, we’ve been there—and we’ve helped over 10,000 customers do just that! Vanta's all-in-one solution, combined with expert service partners, helps you quickly and painlessly achieve and maintain compliance with top frameworks—like SOC 2 and ISO 27001—and build a strong security foundation, so you can close bigger deals and scale faster. Learn more at vanta.com. YC Companies get Exclusive Discounts on Vanta’s packages: Vanta’s packages for startups are designed to make security and compliance easier, faster, and more cost-effective. Whether you’re closing your first deal or gearing up for growth, our all-in-one solution provides the tools necessary to become compliant quickly, demonstrate your security posture, and build a strong security foundation. Why Vanta? Built for startups: Vanta knows startups. We went through YC in 2018 and have since helped thousands of startups, including YC companies Supabase (YC S20), Fern (YC W23), and Newfront (YC W18) achieve and maintain compliance quickly. Startups like Charityvest (YC S20), BreachRX, and Flo Health have gone from zero to SOC 2 Type I or ISO 27001 certification in 10 days or less with Vanta. Future-proof, feature-rich, automated platform: Vanta’s modular platform is built for the needs of today and tomorrow, including: * 35+ frameworks spanning security, privacy, industry, geographic, and custom frameworks * 375+ integrations that automate evidence collection for these frameworks * 1,200+ automated, hourly tests to ensure real, continuous security—not just at audit time, but all the time * Pre-built policy templates, lightweight agent for security checks, background checks, cyber insurance, cookie consent management, auditor portal, user access reviews, security awareness training, risk assessments, vendor security reviews, managing vulnerabilities, and more * Tailored support for early-stage companies: Vanta offers internal, no-cost Customer Success and GRC (compliance) experts, robust technical support, detailed documentation, and a 24/7 chatbot for frequently asked questions. * (Optional) Purchase Vanta with auditors experienced in your framework and the Vanta platform, or choose from a range of MSP/consulting partners for additional services like penetration tests and virtual CISO support—some at no cost. We don’t force vendor lock-in. * Transparent pricing and promises: Vanta strives to do what it says on the tin: we believe in setting and meeting customer expectations. We offer flexible contracts, fair and transparent pricing, and publish our support metrics. We prefer to focus on helping customers succeed and let them explain why they chose us over others—check out our G2 reviews and customer case studies! Proven market leader and well-funded: Vanta was founded in 2018 and has raised $350M with over 700 employees. We’ve guided over 10,000 customers through their first or multiple audit cycles for various frameworks. These customer learnings and our funding help drive a fast pace of product development to delight customers and ensure Vanta will be there for you in the future. Interested in seeing why Upflow (YC W20), Tailor (YC S22), and hundreds of other YC companies trust Vanta to automate compliance so they can focus on scaling? Reach out to our team at yc@vanta.com to get started!",0,0
12300,Atlas,Winter 2019,Active,Modern spend management & concierge,0,0
302,Slinkset,Summer 2008,Inactive,Votable lists. Slinkset is a white label social news platform that allows anyone to start a social news site and integrate it into their own website,0,0
31154,Orthogonal,Winter 2026,Active,"Agentic Payments for APIs. APIs weren't built for agents. Orthogonal fixes that. We enable agentic payments so any agent can instantly discover, access, and pay for hundreds of APIs. No subscriptions, no sales calls, just pay per use. API providers list once and get paid every time an agent calls their API",0,0
1921,INKHUNTER,Summer 2018,Inactive,Augmented Reality mobile app to try and buy tattoos,0,0
223,Zencoder,Winter 2010,Acquired,"Video Encoding API, Open source video player (video.js). Zencoder is a cloud-based video and audio encoding product suite from Brightcove (NASDAQ: BCOV), a leading global provider of cloud content services. The Zencoder service provides customers with high quality, reliable encoding of live and on-demand video and access to unlimited video encoding power without having to pay for, manage and scale expensive hardware and software",0,0
12272,VotingWorks,Winter 2019,Active,"Non-profit building open-source voting machines for US elections.. VotingWorks is a non-partisan non-profit founded on the powerful idea that the operating system of our democracy should be publicly owned. Every citizen’s vote is sacred, and every citizen deserves evidence that our elections are free and fair. Forty states use voting machines that are over ten years old. Their technology is outdated, their source code proprietary and their security vulnerabilities – described in detail by the security community over many years – are left unpatched. It’s not surprising that 76% of voters are concerned that our elections are vulnerable to hacking. And if voters lose trust in elections, then the very foundation of our democracy is at risk. We’re using open-source software, off-the-shelf hardware, and modern product engineering to make elections dramatically safer, more accessible, and more affordable. Affordability may sound pedestrian, but it is key. The front line of America’s election security rests in the hands of the 50% of US counties that struggle to afford basic services, let alone upgrade aging voting equipment",0,0
30730,Idler,Summer 2025,Active,Reinforcement learning environments.. Idler builds reinforcement learning environments that teach AI models to code at expert human levels. We create training environments based on real-world coding scenarios that prepare models for the complex challenges they'll face in production,0,0
31418,Taiga,Spring 2026,Active,"Autonomous medical billing. Taiga automates medical billing for doctor's offices. A doctor uploads their visit data, our AI figures out the right billing codes, checks the claim for errors, and submits it to insurance, dealing with any denials. Faster billing, fewer rejected claims, less busywork. We're Nanda and Adam, friends since 3rd grade. Both of our parents are doctors with their own practices, and billing was always a source of stress and lost revenue for them. We want providers to treat patients while we handle the rest",0,0
30927,Oxus,Winter 2026,Active,AI-powered automation for internal audit workflows. Oxus automates internal audits for pre-IPO and public companies using AI. Companies including leading payroll providers and public biotech companies work with us to streamline audit workflows and get audits done 10x faster. Learn more at: https://www.oxus-ai.com/,0,0
1022,Bus.com,Winter 2016,Inactive,"The easiest way to charter a bus in North America.. Bus.com removes all of the friction involved in bringing a group of people to an event or experience. Our web app makes it easy to organize, book, join and enjoy bus trips: we believe organizing group travel should be just as easy and fun as the trip itself. Founded by travel industry veterans and built with startup hustle, we get you where you want to go, with people you love, while having a blast. Planning an event, going on a trip, or just curious? Visit us at www.bus.com",0,0
28410,Finta,Winter 2023,Active,"Magically simplify accounting and taxes. Automated bookkeeping, effortless tax filing, real‑time insights. Set up in 10 mins and get back to building",0,0
13241,Mini Exhibitions,Winter 2020,Inactive,Virtual events for remote teams,0,0
12645,Brave Care,Summer 2019,Inactive,"Modern healthcare for kids. Pediatric Primary, Urgent & Remote Care.. Brave Care is a group of kid-only primary & urgent care clinics that create a comfortable environment for little ones and reduce the stress and cost of emergency medicine for parents. We are 1/10th the cost of an ER trip and most often a visit can be completed in 1/4th the time. Common treatments: Pinkeye / Allergies / Tummy Bugs / Stitches / Broken Bones / Head Bumps / Sore Throats / Coughs / Fevers. Our digital services leverage our in-clinic medical professionals to reach across the country",0,0
25723,Aklimate,Winter 2022,Inactive,"Software for enterprises to track and reduce supply chain emissions. With Aklimate, enterprises provide their suppliers with carbon management tools for free, in exchange for their emissions data. You can imagine it as the company paying for a Watershed-lite for each of their suppliers",0,0
2008,Goodly,Summer 2018,Inactive,Student loan repayment as an employee benefit,0,0
33281,Earendil Robotics,Summer 2026,Active,"Drone swarm defence at a small-unit level. Earendil Robotics builds cUAS solutions for the modern warfighter, enabling effective air defence at the small-unit level. We deliver spotting, engaging, and destroying capabilities through advanced sensors, autonomous interceptors, and integrated systems. Our product lineup covers every stage of the kill chain, complemented by the Drone Warfare Academy that trains soldiers to eliminate enemy drone threats in contested environments. Backed by worldwide frontline combat experience, we equip units with combat-proven tools to counter evolving aerial threats",0,0
24416,Zoios.,Summer 2021,Active,"Help start- and scale-ups excel at People, Culture and Performance.. Are you looking for a platform that can help you overcome people and culture challenges? We combine human expertise with advanced data analytics to help you achieve the results you dream about. Our platform helps organizations build a great culture, hire the right talent and lead their people. There is no need to be guessing, and worrying all the time. Use Zoios to get real-time actions that will help you create an organization where employees thrive",0,0
31390,Wealor,Spring 2026,Active,AI-native platform for wealth managers,0,0
26147,Cofactr,Winter 2022,Active,"Cloud pre-factory logistics and procurement for electronics. Innovative hardware teams use Cofactr to scale their electronic hardware from BOM through production, replacing spreadsheets and shelves with insights and on-demand infrastructure. We're a Y Combinator W22 company with growing revenue and backed with significant venture funding from VCs like Bain Capital Ventures",0,0
30799,Avent,Summer 2025,Active,"AI agents for industrial commerce. Avent helps manufacturers and industrial distributors run quoting and order entry on autopilot. Our AI agents manage sales inboxes, build quotes from past pricing and tribal knowledge, and keep records up to date in existing ERPs",0,0
12658,Blair,Summer 2019,Inactive,Financing education through Income Share Agreements. Raised a +100M Debt fund to finance thousands of students in the US. Raised 7.5M in Equity from top-tier VCs and multiple Unicorn Founders. Sold all assets in 2022 after regulatory changes in our space. Lots of learnings and many lives we changed for the better :),0,0
12047,AuroraQ,Winter 2019,Inactive,"Building the first practical, integrated quantum computer.. At AuroraQ, we are building the world’s first truly practical quantum computing system. This system integrates together different quantum components, each performing different functions with the data, including processing, communication, and memory. Integration of different specialized components that efficiently work together to complete the calculation is precisely how classical computers work. No other quantum hardware company has yet tackled the integration challenge. AuroraQ will be the Dell of quantum computing, sourcing components from our partners to build a better quantum computer",0,0
12637,OpenReplay,Summer 2019,Active,"Open-source, self-hosted, session replay tool for developers.. Open-source alternative to FullStory and LogRocket. Self-hosted for a complete control over your data and costs",0,0
1884,Curebase,Summer 2018,Active,"Modern, AI-powered clinical trial software platform.. Curebase is the modern eClinical platform built for flexibility, usability, and full-study oversight. We empower sponsors, CROs, and sites to launch studies faster, deliver better participant experiences, and seamlessly capture data with next-gen, AI-powered ePRO, eConsent, engagement tools, and integrated EDC",0,0
24479,Payhippo,Summer 2021,Active,"Loans to Nigeria's SMEs in under 3 hours. Payhippo provides loans to small businesses in Africa in under 3 hours. We made $42k in revenue in Nigeria in July 2021, growing 25% m/m with a 97% repayment rate",0,0
648,Vidpresso,Winter 2014,Acquired,"Help media companies make quality live video. [Acquired by Facebook]. Media companies, brands and celebrities used Vidpresso to create the best quality live videos, typically for Facebook Live and Twitter. Vidpresso was acquired in 2018 by Facebook",0,0
847,Flip,Winter 2015,Active,"Community-driven marketplace for sneakers.. FLIP is everyone’s sneaker connect — the premier specialty destination where people find and sell hard to find, rare, limited edition sneakers. They have created a community where their members can buy and sell with confidence and ease. Never miss out on an opportunity to place your bid on hard to find sneakers in 90 minutes from a curated list of quality sellers who really care. Their mobile only platform is currently available for your iPhone and coming soon to Android. They strive to keep an open and trusted environment for their community",0,0
22842,Dashlabs.ai,Winter 2021,Active,"Software for medical laboratories and clinics. We write software for diagnostic laboratories. We provide the following: - Cashier system - Booking system - Integration with clinical medical instruments (hematology analyzers, chemistry analyzers) - Integration with imaging equipment (DICOM enabled x-rays, ultrasounds) - Automatic generation of test results - Secure sharing of test results with employers and manpower agencies (to help them meet country-specific regulatory requirements)",0,0
24143,InstaKin,Summer 2021,Active,Financial Platform for Migrant Families in America,0,0
155,Insight Data Science,Winter 2011,Inactive,"Turning PhDs & engineers into data scientists & data engineers. The Insight Data Science Fellows Program is an intensive seven week post-doctoral training fellowship bridging the gap to new careers in Data Science, Data Engineering, Health Data, and AI in Silicon Valley, New York City, Boston, Seattle and across the US with our Remote program. Insight is a Palo Alto based education startup, funded by Y Combinator and SV Angel, with 1000 alumni at hundreds of companies including Facebook, Netflix, LinkedIn, Twitter, The New York Times, Apple, Airbnb, Microsoft, Capital One, NBC, Memorial Sloan Kettering, and many others",0,0
31417,Pairio,Spring 2026,Active,AI mobile app that helps factory technicians fix broken machines. Pairo is an AI mobile app to help technicians fix broken equipment in factories. Users just take a picture of the broken machine and we search thousands of pages of manuals to find the right solution,0,0
30233,Inversion Semiconductor,Winter 2025,Active,"Manufacturing the most powerful chips, 15x faster. Inversion Semiconductor is developing the next-generation chip fabrication machine, to create the most powerful chips 15x faster. Our vision is to reshore advanced chip fabrication capabilities in the West. We're building a lithography machine. Lithography uses light to pattern circuit features on silicon. We're scaling transistors to their physical limits by shrinking particle accelerators 1000x, to create a high power light source. Using our light source we will double transistor density for a given numerical aperture and 3x throughput",0,0
30960,Metorial,Fall 2025,Active,"Agentic infrastructure to power AI-native companies.. Metorial gives every employee, agent, and AI client in your company one place to connect tools and skills. Governance, access control, and tracing included",0,0
25355,Supertone,Winter 2022,Inactive,Share sounds with other musicians online. Supertone makes it easy to find and share samples with musicians around the world,0,0
23550,Clear,Winter 2021,Active,"The unbiased AI and data layer for skin health.. On the surface, Clear is a free mobile app where consumers track routines, products and selfies, get brand-agnostic recommendations, and learn from others in the community. Underneath, we’re building a vertically focused AI/data platform that helps consumers, clinicians, and brands understand what actually works, for whom, and why. The skincare industry is worth over $200B globally, yet it still runs largely on guesswork: consumers waste money on trial-and-error, brands lack real-world evidence, and dermatologists have limited visibility into day-to-day product use and outcomes. Clear is brand-agnostic, data-rich, and community-driven. Every routine log, product review, and progress update helps create a unique longitudinal dataset across skin concerns, routines, and outcomes - powering better decisions for users and better innovation for the wider industry. We were the 2022 L’Oréal Beauty Tech for Good winners, have been recognised by Beiersdorf, and have been featured multiple times by Apple, including App of the Day and Best New Apps",0,0
30429,Claim Health,Spring 2025,Active,"AI Revenue Platform for Post-Acute Care. Post-acute care loses billions to broken revenue infrastructure. Claim Health prevents it. We catch denials before they happen, automate the work drowning ops teams, and connect every step from referral to cash so agencies can scale without adding headcount. Kevin and JJ bring nearly a decade of experience building and scaling healthtech companies across different segments. Post-acute care is a $400B market with over $20B in annual revenue leakage due to broken revenue infrastructure. Claim Health is fixing that",0,0
12640,KubeSail,Summer 2019,Active,"The Self-Hosting Company. KubeSail is the home hosting company. We make it easy to take back your privacy, fix the internet, and de-google all at once: host apps at home! Plug in a spare PC or buy our custom home-hosting hardware https://pibox.io, install apps like PhotoPrism, NocoDB, and Minecraft, and enjoy complete ownership of your data. We build everything you need to make hosting at home viable and fun. For companies, we make it easy to deploy software on-demand for your customers (either in the cloud, or by physically shipping them pre-configured hardware) to your users. Companies like ChatWoot use KubeSail Platform to deploy instances of their software dynamically, the moment a user pays",0,0
325,Dropbox,Summer 2007,Public,"Backup and share files in the cloud.. Dropbox is building the world’s first smart workspace. Back in 2007, making work better for people meant designing a simpler way to keep files in sync. Today, it means designing products that reduce busywork so you can focus on the work that matters. Most “productivity tools” get in your way. They constantly ping, distract, and disrupt your team’s flow, so you spend your days switching between apps and tracking down feedback. It’s busywork, not the meaningful stuff. We want to change this. We believe there’s a more enlightened way to work. Dropbox helps people be organized, stay focused, and get in sync with their teams",0,0
25526,Complif,Winter 2022,Active,"Compliance tools for financial companies in LatAm KYC & AML. Complif automates compliance processes for financial entities, including KYC/KYB, AML, risk profiling, documentation management and regulatory reporting",0,0
24868,HEO Robotics,Summer 2021,Active,We visually monitor space objects for governments and defense. HEO Robotics visually monitors satellites for governments and defence. We do this by transforming existing Earth observation satellites with software to image other satellites as they fly close by,0,0
30411,cubic,Spring 2025,Active,"AI-powered code review platform. Code review is a major bottleneck for software teams, and the rise of AI-generated code is making the problem worse. Reviewing large volumes of code slows devs down, and increases the chances of bugs slipping through. That's why we're building cubic: an intelligent code review platform that helps devs merge PRs 28% faster. How? - When you open a PR, cubic automatically reviews it. It learns from your codebase's patterns, points out bugs, suggesting fixes, and frees you from low-level review tasks. - You then jump into the cubic platform, which is designed to optimize how humans review code. For example, file changes are organized in a logical order instead of alphabetical, and cubic generates diagrams of architecture changes",0,0
413,Vayable,Summer 2012,Acquired,We're building a marketplace for unique travel experiences (it's. Vayable makes it easy to discover and book unique experiences and activities worldwide offered by independent companies and local experts. What do you want to do when you get there? Let us know! it's easy to list and discover new trips! Just go to http://vayable.com,0,0
550,Watchsend,Summer 2013,Inactive,"Videos of your iOS apps. Watchsend (YC S13) makes actionable software analytics that tells you where problems are and how to fix them by recording an entire app's state to extract behaviors, actionable analytics and visualize ordinary metrics in the context of the application's appearance, all in the familiar form of video",0,0
1831,Pagedraw,Winter 2018,Inactive,"Pagedraw is a platform for productionizing designs into code. Thanks. Pagedraw turns UI drawings into code, bringing your app's look to life, and ready to deploy to production Our mission is to make programming more powerful",0,0
13169,Eze,Winter 2020,Active,"The easiest way to track, buy, and sell your company’s tech — all in. Eze is your all-in-one hub for IT asset management, procurement, and recovery. Easily track every laptop, phone, and license from purchase to retirement with real-time visibility across your organization. Need new equipment? Order directly from vetted suppliers at competitive prices. Upgrading? We’ll handle buybacks, trade-ins, and recycling — so you recover value from your old tech instead of letting it collect dust. From automated asset tracking to one-click purchasing and vendor management, Eze keeps your inventory accurate, your costs low, and your team focused on work that matters — not spreadsheets. Whether you’re scaling fast or streamlining operations, we make sure your IT is always working for you",0,0
31188,Maywood,Winter 2026,Active,"The first finance-compliant proactive AI that runs 24/7. Maywood is the first finance-compliant proactive AI that runs 24/7, working across your network, pipeline, and active processes, running constantly in the background and surfacing things you'd otherwise miss. It tracks relationships and sector context to flag when a target is gearing up for a process (and drafts the outreach in your voice), watches network activity across LinkedIn, news, and conference follow-ups, and surfaces where active processes stand, including what's at risk since you last looked. It also auto-updates CRMs and trackers and creates meeting briefs that includes relationship history, recent activity, deal context, external research, talking points that can pull from internal and external data sources. Dealmakers interact with it over email, Teams, or the platform itself",0,0
1491,InnaMed,Winter 2017,Inactive,"At-home blood testing: measure + analyze + enhance.. InnaMed's HomeLab device and software take the hassle out of blood testing and let you access precision medical care from the comfort and privacy of your home. Healthcare providers and researchers can now receive timely clinical reports that they are accustomed to interpreting directly to their EMR, LIMS or EDC system. Trend identification and pattern matching software can guide decision making in the prescription and dosing of therapy and deep integration with the healthcare system and telehealth services allows for data driven care while also ensuring human connection",0,0
25573,Zorba,Winter 2022,Active,"AI copilot for real-estate sales teams, powered by proprietary data. Zorba is a real estate sales AI copilot, powered by proprietary vertical data, designed to help sales and customer success teams grow their client base and improve retention. It's used and trusted by both Fortune 500 and mid-market firms. With a multi-layered, LLM-driven engine, we’ve built a proprietary dataset of consolidated real estate entities, delivering real-time insights tailored specifically for the industry. Think Apollo or ZoomInfo, but AI-first and driven by real estate data",0,0
1785,Meitre,Winter 2018,Active,"Opentable for the world's top restaurants; we help them increase. Online reservations, guest and revenue management for the world's top restaurants",0,0
31048,FullSeam,Winter 2026,Active,"AI agents for corporate accounting teams. FullSeam builds agents for corporate accounting. Our agents replace manual accounting tasks that typically happen outside of our customers’ accounting software, like accounts payable, accounts receivable, and reconciliation",0,0
121,Ridejoy,Summer 2011,Inactive,"Long-distance carpooling marketplace. Shut down in early 2013.. Ridejoy is a community-driven marketplace for sharing rides. Ridejoy making it easy to share rides with friendly people. If you're going on a trip, you can list extra seat space in your car, and if you need to get somewhere, you can find a ride, using their service",0,0
31457,ValCtrl,Spring 2026,Active,"ValCtrl is building the only intelligent prediction market. ValCtrl is building the intelligent prediction market: users type any public, resolvable belief about the future, ValCtrl structures it, prices it, and lets them trade it. Today’s prediction markets only support pre-listed questions, leaving user beliefs fragmented across venues, contract wording, rules, and proxy markets. ValCtrl’s world model maps typed beliefs to relevant market signals, evaluates basis risk, prices the claim, and moves toward model-priced liquidity where ValCtrl can take the other side with risk and compliance controls. We are starting from hard belief-to-market queries and building toward a market where anything that can be resolved can be priced",0,0
25776,Partna,Winter 2022,Active,"Unlock African payments. Stablecoin-powered payment infrastructure, to collect, convert, and settle between Africa and global markets",0,0
30118,Ember,Fall 2024,Active,"AI RCM. A/R Analysis in 3 days or less. Reduce claim denials by 55%.. At Ember, we're tackling one of healthcare's most costly and overlooked challenges: the massive inefficiency in clinical documentation and revenue cycle management. Medical practices lose billions annually due to incomplete documentation, missed billing opportunities, and denied claims - issues that stem from antiquated systems that force clinicians to choose between patient care and paperwork. We combine ambient listening technology with deep understanding of medical billing requirements to eliminate the administrative burden that plagues healthcare providers",0,0
23174,Feroot Security,Winter 2021,Active,"AI-powered Compliance Platform for PCI 4, CCPA, HIPAA, CIPA, 50+ laws. Feroot (YC W21) is the leading compliance and security platform for b2b websites that helps you easily achieve and maintain compliance with PCI DSS 4.0.1, CCPA, CIPA, HIPAA and 50+ data privacy regulations",0,0
13091,Porter,Summer 2020,Active,"Easiest way to deploy on AWS/GCP/Azure. Porter is the easiest way to deploy and scale your applications on AWS, Azure, and GCP. Connect your own cloud account, and Porter will provision and manage the underlying infrastructure for you - simply point at your repository and Porter will handle the rest, from building your application to autoscaling it. Under the hood, Porter manages the same kind of infrastructure that growth-stage companies use and allows you to scale without DevOps overhead",0,0
1622,Value Voting,Summer 2017,Inactive,Platform to defeat political extremism through strategic primary. Value Voting develops political targeting software for advocacy groups,0,0
13352,Zeo Route Planner,Winter 2020,Active,"Route Optimisation platform for SMB in delivery & home services.. Experience cutting-edge route optimization with Zeo, a versatile platform designed for both mobile and web. Our innovative app, trusted by over 1 million drivers across 146 countries, revolutionizes last-mile delivery by minimizing delivery times and reducing costs. Zeo Fleet, an essential tool for fleet managers and businesses, offers a seamless, no code solution to manage and assign stops to drivers, streamlining setup in under 15 minutes. Join 5,000+ businesses that rely on Zeo for daily route planning. Zeo caters to a diverse range of industries including last-mile delivery, waste management, healthcare, home services (like lawn mowing, pool maintenance, handyman services, HVAC), real estate, building inspection, and national park service. Key features of Zeo include advanced stop assignment, efficient route optimization, real-time driver tracking, comprehensive proof of delivery tracking, effective load assignment, and precise geo-fencing for drivers. Choose Zeo for a smarter, more efficient routing solution",0,0
24255,Perfekto,Summer 2021,Inactive,"Grocery subscription service against food waste in Latam. Over 1/3 of food is being thrown away and in Latin America 72% of it prior to the consumer stage. Mainly due to physical imperfections or surplus production, despite being fresh and edible. Perfekto offers a grocery subscription box with imperfect and surplus food, home-delivered. Thereby, consumers save time and money while reducing food waste. The founders are experienced leaders scaling startups & grocery operations. Anahí previously led the Uber Grocery initiative for Latam. Jan scaled Swiss FinTech Sonect to pre-Series B and to Mexico. Juan led Walmart's eCommerce logistics and operations in Mexico. By the end of 2022, Perfekto had: 🌱 rescued over 500,000kgs of food from being wasted 🚚 delivered over 60,000 orders 📈 grown 1,120% year-over-year 🥖 gone beyond just produce and now help rescue items like bread or packaged goods from companies like Heartbest Foods, Bové, Tuny - with major multinationals in the pipeline 💚 become a beloved brand with an NPS of 70 🫂 built an online community of over 20,000 people and several thousand homes receiving Perfekto boxes",0,0
1737,Rhythmm,Winter 2018,Inactive,"Read interesting conversations. Rhythmm is a social app that enables its users to share interesting thoughts and conversations. Users can follow awesome channels and tap through each thought, finding their Rhythmm. They can also create their own channel, invite others to contribute or rock it solo, and the app help with the rest. Rhythmm wants to take live chat conversations from experts and interesting people and let others follow along. The startup wants to take the insights people are getting from chat groups on Telegram and remove all the noise with their own platform. Only people who have been invited by the chat creator can participate, everybody else just follows the conversations",0,0
1908,OpenWrench,Summer 2018,Active,"We help retailers and restaurant chains manage repairs and. We helps retail and restaurant chains big and small deliver great customer experiences, putting money back in their budget and time back in their day",0,0
29967,Village Labs,Summer 2024,Active,"Helping America's businesses become employee owned. At Village Labs, we help America's businesses become employee owned by helping them set up and manage an employee stock ownership plan (ESOP). ESOPs are a federal retirement plan that enable businesses to give their employees a stake in the company in exchange for significant tax benefits. With 2.9M Baby Boomer business owners set to retire in the coming years, there's a growing ""Silver Tsunami"" of businesses across the country in search of new ownership. For many of these owners, selling to their employees is a socially-minded yet financially pragmatic solution. By selling ownership of their business to an ESOP, owners get a fair price, tax benefits, and the satisfaction of knowing their employees and legacy will be taken care of — things not guaranteed with traditional buyers like private equity. In turn, employees retain their jobs and get shares in the business that can help them create life changing wealth by the time they retire — imagine an office secretary retiring as a millionaire. Thousands of businesses across America like Bob's Red Mill, Harpoon Brewery, and Recology already have an ESOP, benefiting over 14 million workers and creating 2.1 trillion in employee wealth. We're excited about the opportunity to massively grow these numbers by making it simple for every business to become employee owned",0,0
13105,Factored Quality,Winter 2020,Acquired,"Helping 100+ brands bring all quality and compliance operations. Factored Quality is a digital QC management tool that brings all quality and compliance operations together in a single unified platform. We help 100+ brands like Brooklinen, The Honest Company, Dr. Squatch, and Canopy Humidifiers run QC, Supplier Audits, and Compliance Testing anywhere in the world",0,0
916,zPREDICTA,Summer 2015,Acquired,"Patient-derived 3D tissue reconstruction models for preclinical. zPREDICTA is developing organ-specific, physiologically-relevant 3D cell culture models providing a 1-to-1 reconstruction of human tissues. This is the only available 3D culture approach that comprehensively accounts for the major components of the cellular and extracellular tissue microenvironment preserving the critical interactions between a tumor and its surroundings. Clinical study data demonstrate the high correlation between drug efficacy measured in our platform and the clinical response. The ability of the zPREDICTA platform to reliably predict clinical outcomes offers superior compound attrition management, empowering researchers to exclude ineffective compounds while selecting agents with a high probability of success in the clinic. Our approach is compatible with any drug class, multiple tissue/cell types and a wide variety of readouts. Our customers are using these models for efficacy screening of anticancer compounds, including immuno-oncology agents, evaluation of mechanisms of drug resistance, the rescue of failed drug candidates, assessment of off-target toxicity, and a multitude other applications",0,0
24884,Chipax,Summer 2021,Active,"Quickbooks for SMBs in Latam. Chipax handles all payments, invoices, and reconciliations to provide real-time AR & AP for SMBs, starting in Mexico and Chile. We're currently at $1.6M ARR with more than 1,100 paying businesses. The company is founded by Antonio Correa, François Gueneau de Mussy, Joaquín Brenner, and Felipe Urzúa, Engineers from top universities in Chile, who have all experienced the pain of managing SMBs finances first hand in their previous jobs",0,0
11934,Positive,Winter 2019,Active,B2B supplier of fresh/healthy packaged food,0,0
13516,Healthlane,Winter 2020,Active,"Africa's Preventative Health System. Rebuilding Africa's health system, with focus on prevention this time",0,0
1761,NEXGENT,Winter 2018,Active,"We can provide you with the skills, experience and knowledge you need to skyrocket through the ranks of the IT industry faster than anyone even if you have zero experience right now. Our job-ready training program (which is based on our thorough experience working at Cisco, Dimension Data, Arista, etc. and as IT instructors for the U.S. Air Force) and and in-person certification will help you master the most in-demand networking skills in 2-5 months so that you can break into a tech job or get promoted. Additionally, we provide 1:1 live mentorship from some of the best engineers in the world, skills assessment, career guidance and a proven system that can help you prioritize and execute your career plans confidently. Apply to our program here: http://zerotoengineer.com and/or learn more here: http://help.nexgent.com",0,0
30963,TakeCareOS,Spring 2026,Active,"AI-native operating system for long term care providers. TakeCareOS is building the infrastructure for the AI-native long term care providers. Today’s care providers are held back by massive administrative overhead, buried under fragmented tools and manual workflows. TakeCareOS consolidates the entire care lifecycle—scheduling, billing, documentation, compliance, customer support etc.—into a single, intelligent system driven by AI agents. We are eliminating the operational friction of care coordination to establish a new standard of high-efficiency, highly scalable care practices",0,0
31491,TesterArmy,Spring 2026,Active,"Test your app with AI, catch bugs before users do. TesterArmy is an AI agent that tests websites and mobile apps. It monitors production on a schedule and runs automatically on every GitHub Pull Request, delivering screenshots, recordings, and actionable bug reports. Describe tests in plain English. The agent handles login flows, OAuth, and OTPs, no scripts to write or maintain. We catch the regressions and UX issues that code review misses",0,0
33,Make School,Winter 2012,Inactive,"Make School is redesigning college for the 21st century. Students. Make School is redesigning college for the 21st century. Our bachelor's degree program combines liberal arts, computer science theory, software development, and character development with an emphasis on preparing students for successful careers as software engineers, product managers, or entrepreneurs. Our alumni work at Facebook, Google, Apple, Snapchat, LinkedIn, Lyft and more. Our college is accessible to students of all backgrounds, 40% are underrepresented minority students and 50% come from low income families. Students pay tuition as a percentage of earnings once they are employed, directly aligning their incentives with ours. Make School is funded by Learn Capital, Y Combinator, Mitch Kapor, Alexis Ohanian, Tim Draper and others",0,0
24726,Abatable,Summer 2021,Active,"Carbon markets platform and solutions. Abatable is a carbon offsetting procurement platform which connects companies with carbon project developers of high quality carbon offsets. Abatable facilitates procurement decisions by offering third party quality assessments of projects and by standardizing multi-year purchase agreements and an automated RFP platform. The team has extensive experience advising institutional investors on nature-based carbon removal and impact investment portfolios and is backed by leading investors like YCombinator, BlueBear Capital and Global Founders Capital",0,0
1492,Fibo,Winter 2017,Inactive,SaaS calendar and messaging for SMBs,0,0
22696,SlashAuth,Winter 2021,Inactive,"The solution for fine-grained access control in web3. Slashauth builds a developer platform for web3 enabled apps. Slashauth’s platform provides login functionality, role based access control, data storage, and more to any web3 enabled application",0,0
30104,Revi,Fall 2024,Active,"AI-enabled M&A deal origination. Revi helps Investment Banks, PE firms, and Corporate Development teams source new deals. We do this by using agentic workflows to replicate their end-to-end deal origination process, entirely removing the trade-off between precision and scalability. We released the first version of Revi in September 2023 and now have companies like KPMG and platforms backed by KKR and Nordic Capital using our product",0,0
1942,Tall Poppy,Summer 2018,Active,"Protecting your employees against online harassment. Tall Poppy is building tools and services to make personal digital safety accessible to everyone. Founded in 2018, we work both proactively to help prevent harassment from escalating, and also provide expert incident response services when people come under attack",0,0
12847,Mudafy,Summer 2019,Active,"The LatAm tech-enabled real estate broker to buy and sell houses.. Mudafy is a tech-enabled real estate broker for LatAm that makes it easier for people to buy and sell their homes. Mudafy delivers superior customer experience through technology and data analytics. Their customer-facing product includes 360° virtual tours, online booking for showings & appraisals, and dynamic benchmark pricing data for properties. For agents, they have processes and tools that increase their efficiency by 10x compared to traditional realtors. For the first time, there is a level of professionalism to the LATAM real estate market, which is leading to homes closing faster and at a fraction of the cost",0,0
23777,Cococart,Summer 2021,Active,"Empowering local businesses to sell online.. Cococart is the easiest way for anyone to sell anything online. Merchants can set up a store with no code, no design, and no app downloads. 200 million businesses worldwide still use WhatsApp or phone to take orders — but with Cococart, they can set up a website with no learning curve",0,0
26734,Serinus Biosciences,Summer 2022,Active,"Combinations therapy by rational design. Serinus Biosciences is tackling one of the toughest problems in cancer treatment: creating combination therapies to override treatment resistance. We leverage cutting edge technology to design a fully explainable AI platform primed with decades of system biology knowledge. Uniquely powered for biological inference, our AI engine uncovers how cancer cells evolve treatment resistance and identifies molecules to overcome resistance escape routes. We design combinations that are safer, more effective, and can get to patients quickly. Founded by MIT PhDs and supported by a scientific advisory board of top academics from the Broad Institute, Dana-Farber, and UCSD, Serinus is powered by Y Combinator and other top investors to revolutionize precision medicine",0,0
30335,Butter,Winter 2025,Active,"Embedded Sandboxes for Agents. Butter is building bVisor, an incredibly lightweight sandbox runtime for AI agents. It embeds directly into your local process, providing a safe bash environment without the overhead of VMs or remote infra",0,0
826,Priime,Winter 2015,Inactive,"Priime is a company dedicated to advancements in technology around. Priime's founding team of lifetime photographers are made up of Y Combinator alumni who are also seasoned developers and designers. Combining our passion in photography, with our experience and skills of product design and development, we are setting out to lead the world in improving the overall quality of shared photos",0,0
26852,Slidely AI,Summer 2022,Active,"AI for professional PowerPoint presentations, available in PowerPoint. Create new slides or upgrade existing ones with AI that works natively inside PowerPoint and stays true to your company’s branding, templates, and standards. How Slidely AI is different - 1. Works directly in PowerPoint Native PPTX support — no HTML-to-PPT hacks, exports, or broken layouts. 2. Improves slides you already have Because it understands real PowerPoint files, Slidely AI can rewrite, redesign, and tighten existing decks — not just generate new ones. 3. Agentic, consulting-grade output Unlike other tools which can only use simple templates, Slidely AI agent puts each shape individually on slides to express your complex data. 4. Truly on-brand, every time Learns from your past decks to follow your colors, fonts, layouts, and slide patterns — so every slide looks like it came from you, not a generic AI tool",0,0
31225,Ditto Biosciences,Winter 2026,Active,"Evolutionary intelligence for autoimmune disease. Ditto Bio discovers drugs for autoimmune diseases by harnessing parasite biology. Viruses, ticks, and worms have experimented over millions of years to create proteins that control the human immune system. We use AI to identify these proteins and engineer them into next-generation autoimmune therapies. Our team is three PhD scientists from UCSF, UCSD, and UC Berkeley who have worked together for 3+ years in biotech. We have deep expertise in parasite biology, computational biology, and software for AI-based protein structure prediction",0,0
30448,PgDog,Spring 2025,Active,"Scaling engine for PostgreSQL. PgDog is an application for sharding PostgreSQL. It understands SQL and can distribute queries automatically between databases. It's built for managed databases, like AWS RDS, and doesn't require any changes to application code or schema. In addition to sharding, PgDog is a load balancer and pooler, so it can act as a replacement for PgBouncer, RDS Proxy, and other Postgres scaling products. It brings the simplicity and performance of HTTP load balancing to the database. Built from the experience of sharding Postgres at Instacart during peak growth in 2020, PgDog is the answer to the old question: does Postgres scale? It does now",0,0
517,7cups,Summer 2013,Active,"7 Cups is an emotional support service that matches up people that. 7 Cups of Tea is an on-demand emotional health and well-being service. Our bridging technology anonymously & securely connects real people to real listeners in one-on-one chat. Anyone who wants to talk about whatever is on their mind can quickly reach out to a trained, compassionate listener through our network. We have hundreds of listeners who come from all walks of life and have diverse experiences. People connect with listeners on 7 Cups of Tea for all kinds of reasons, from big existential thoughts to small, day-to-day things that we all experience. Unlike talking to family or friends, a 7 Cups of Tea listener doesn’t judge or try to solve problems and say what to do. Our listeners just listen. They understand. They give you the space you need to help you clear your head",0,0
25152,Mederva,Winter 2022,Active,"Longevity for the 99%.. Mederva is bringing AI-enabled healthspan care to primary care. We partner with clinics to turn lifestyle and behavior change into continuous, reimbursed care, extending healthy years of life between visits",0,0
1598,Ribbon Health,Summer 2017,Acquired,"Health enterprise API for data on doctors, insurance, costs, & quality. Ribbon Health is a health care data platform that provides the critical infrastructure that health insurers, medical providers, and digital health solutions need to enable accurate provider directories, reliable referral management, and efficient care navigation. We offer a seamless API layer that integrates into each health care organization's existing workflow to build connectivity across the industry and continuously improve the accuracy of its data with its spread and use. Ribbon is the only solution to offer all of these capabilities in one platform, and delivers the most comprehensive data on doctors, insurance plans, and the cost and quality of care culled from thousands of sources. By providing this infrastructure, Ribbon delivers on its mission of making it easy for every health care decision to be high-quality, cost effective, and convenient",0,0
29305,SynsoryBio,Winter 2024,Active,"""If-then"" conditional logic for protein drugs. SynsoryBio is creating next generation, protein therapeutics that sense where they are in the body and only activate at diseased tissue. This technology platform has the potential to expand the therapeutic window of highly potent drugs and apply to many diseases such as cancer and autoimmune disorders",0,0
22111,Pardes Biosciences,Summer 2020,Public,We break viruses. We make oral drugs to treat and prevent viral infections - like COVID-19,0,0
30502,PowerMatrix,Spring 2025,Active,"Efficient and compact power supply for AI hardware. PowerMatrix provides the MOST efficient and compact next-generation high-performance power supplies for emerging technologies, such as GPUs, xPUs, AI server, datacenters, drones, EV, aerospace, etc. Based on patented circuit topology, embedded packaging, and novel magnetics, our power supply systems can reduce energy loss by up to 50%. We have developed several prototypes and are collaborating with world-leading customers",0,0
30935,s2.dev,Fall 2025,Active,"API for unlimited, durable, real-time streams. S2 is an API for durable streams. We make working with streaming data dead simple and reliable. The more we worked on data systems, the more we felt like there was a missing building block. The seamless experience of object storage simply did not exist for durable streams – so we set out to fix that! S2 reimagines streams as an unlimited and access-controlled web resource. Like if Kafka and S3 had a baby. - Building agents? Use granular streams to persist context in real time, make workflows auditable, and coordinate between agents. - Publishing fast-moving data? Streams support high fanout and can be accessed directly over the internet, so they are a great fit for broadcasting real-time feeds. - Sandboxing? Emit to per-instance streams, and read history or live events just as easily. - Local-first and multiplayer experiences? Propagate updates reliably and efficiently. Stop dealing with clusters, and start streaming",0,0
25678,Botin,Winter 2022,Inactive,"Investment super app for Latin America. Botin a mobile app where people in Latin America can invest in US Stocks, Crypto and more. We are building a one stop shop product for consumers to create wealth in Latin America by giving them the investment tools of the 1%",0,0
1965,Pine Park Health,Summer 2018,Active,"We provide primary care in senior living communities.. We're a primary care practice that helps residents of senior living communities lead healthier, happy lives. Our mission is to keep senior living residents healthy—by keeping them away from hospitals where exposure to health risks is high. Through our new clinical care delivery model, we bring clinicians right into senior living communities, providing safer, more convenient primary care. Pine Park partners with senior living communities to provide primary care to their residents, building a value-based care model where we keep patients healthier. This allows us to provide comprehensive healthcare on-site, see patients regularly, and better support their holistic health",0,0
922,Zeplin,Summer 2015,Active,"Deliver on the Promise of Design. Zeplin is an organized workspace to publish finalized designs, where the entire team can collaborate to ship beautiful products together. We were founded in 2014 and today we are honored to support 5+ million users from thousands of product teams including Apple, Starbucks, Salesforce, Amazon, Microsoft, Audi and many more. We’re a Y Combinator startup, also backed by amazing investors like Elad Gil, Mike Maples, Kevin Hale. We’re a distributed crew with offices in San Francisco, Istanbul and London. We're Hiring! Please apply directly on Zeplin's job site: https://zpl.io/jobs",0,0
2030,Culdesac,Summer 2018,Active,"We build cities for people, not cars.. Culdesac designs, builds, and manages walkable communities. Culdesac is a real estate developer and property manager. We build neighborhoods that embrace community, open space, and mobility. We offer residential units at a variety of price points integrated with local retail, commercial uses, and open space for nature and public plazas. Our communities prioritize biking, walking, and transit over cars and parking. We partner with leading mobility companies to deliver convenient and affordable transportation services. This creates a vibrant urban lifestyle without the need for a private vehicle. Read more here > https://medium.com/culdesac/introducing-culdesac-3fbfe7c4219c",0,0
28937,LifestyleRx,Summer 2023,Active,Virtual Care for Type 2 Diabetes Reversal. LifestyleRx delivers insurance-covered virtual care for Type 2 Diabetes reversal. Our doctors guide patients through lifestyle changes to reverse the underlying process of diabetes,0,0
13166,Homestead,Winter 2020,Inactive,"Homestead is a real estate development platform for homeowners. Homestead enables homeowners to become their own real estate developer. We're empowering homeowners, allowing them to take advantage of California's new $6T regulatory opportunity: SB9. SB9 allows homeowners to split their lots in half, build a new unit, and sell it on the open market. Use our website to see if a property qualifies for our services",0,0
31204,Forum,Winter 2026,Active,"The first exchange to trade on attention.. Forum is building the first exchange to trade on cultural attention. We create indices from search, social, and streaming data to measure what the world cares about, enabling users to go long or short on changes in relevance. Attention is the primary driver of business success in the digital age, but it has never been directly tradable. Forum introduces attention as a new asset class for managing cultural and demand risk",0,0
24046,PropReturns,Summer 2021,Inactive,"End-to-end commercial real estate transaction platform. PropReturns is an online platform to buy, sell and rent commercial real estate in India. The real estate market in India is highly fragmented and plagued by lack of transparency. We empower businesses and individuals in India to transact commercial real estate backed by data",0,0
28650,Artie,Summer 2023,Active,"Software that streams data from databases to warehouses in real-time. Artie is software that streams data from databases to data warehouses in real-time. Today, most companies run their ETL process every few hours or overnight, so their data warehouse is always out of date; with Artie, the warehouse always has live production data",0,0
31129,Verdex,Winter 2026,Active,"AI Verification for Insurance. Verdex is an AI insurance adjuster. We use data streams like satellite imagery to verify claims, allowing insurers to process it immediately and save billions of dollars. We are currently helping insure over 11% of all American farmland",0,0
30642,Orange Slice,Summer 2025,Active,"Agentic sales enrichment spreadsheet. Orange Slice is a spreadsheet where every column is TypeScript—and AI writes it for you. Describe what you want in chat (""find the CEO's LinkedIn and get their email""), and we generate the code, create the columns, and run it across thousands of rows. Our fully-typed SDK has 100+ enrichments built in: LinkedIn, contact info, company data, web scraping, AI research. Columns automatically execute in dependency order. No workflow builders—just describe it or code it",0,0
772,Kickpay,Winter 2015,Inactive,"A platform to finance inventory for e-commerce companies.. Kickpay is transforming how companies finance their inventory. By leveraging a client's data, we enable them to access financing that was previously unavailable, allowing them to grow faster. With Kickpay, you only pay for inventory after it sells. Not months beforehand",0,0
697,Product Hunt,Summer 2014,Acquired,"The best new products in tech. Product Hunt surfaces the best new products, every day. It's a place for product-loving enthusiasts to share and geek out about the latest mobile apps, websites, hardware projects, and tech creations. Community members can submit, browse, vote and comment on daily submissions of products and collections of products. They also get the opportunity to interact directly with product creators, investors, journalists, as well as, an active community of people who are passionate about products",0,0
21950,Yotta,Summer 2020,Active,"Save money and win prizes up to $10m through weekly number draws.. Users save money, get over 2x the national average in interest and weekly chances to win additional prizes up to $10 million through weekly random number drawings",0,0
214,All Screen,Winter 2010,Acquired,"Connecting users with engaging video content across the web.. 140Fire is the fastest growing online video ad network. Brands and agencies utilize 140Fire for it's suite of engagement and data tools which make media buying 10x more effective when it comes to running video ads. Backed by Y Combinator, Mark Cuban, Jonathan Kraft and Skip Paul, 140Fire is based in Santa Monica and has 15 employees",0,0
31211,Sazabi,Spring 2026,Active,"The AI-native observability platform for fast-moving engineering teams. The AI-native observability platform for fast-moving engineering teams. Backed by tastemakers from the world's top AI companies: Vercel, Graphite, Daytona, Browserbase, LangChain, Mastra, Replit, and more",0,0
22238,Nestybox,Summer 2020,Acquired,"Enables Linux containers to act as super fast & efficient VMs. Nestybox creates software that enables Linux containers to act like virtual machines. This increases the use cases for containers and gives enterprises a less expensive and more flexible alternative to virtual machines in many scenarios. Our first product is a ""container runtime"", the software that creates the containers. It's called ""Sysbox"" and integrates with the popular Docker and Kubernetes engines, enabling these tools to deploy containers that act like virtual machines. This technology provides software engineers with an alternative to VMs, one that easier to use, much more efficiency, and easily migrated across clouds. Hacker News Launch: https://news.ycombinator.com/item?id=24084758",0,0
31193,9 Mothers,Spring 2026,Active,"Counter Drone Systems. $1.6m sales. We delivered for the DoW.. We have sold $1.6m of systems to the DoW. Multiple systems delivered to the DoW. Our first product - EDDA - is a counter drone system - small, low power, low cost fully autonomous-capable. It's designed to be used on vehicles, bases, or carried - to stop group 1 suicide drones. We have multiple contracts, sales, etc. We have 3 more products with demand in various stages of development. More details at https://9mothers.com",0,0
30905,Travo,Winter 2026,Active,"The data infrastructure for real estate. We are building the most accurate and comprehensive real estate data set. Travo is the one stop shop for anyone working in real estate to search any property or parcel of land and instantly access rental comps, ownership, zoning and financials. With our data, we build the best informed AI applications for real estate private equity firms, developers, and brokers",0,0
28413,SpecCheck,Winter 2023,Active,"Unifying how the optical industry does business.. SpecCheck is an all-in-one solution that provides accurate prescription eyewear ordering and tracking, seamless billing, and streamlined communication between patients, eye doctors, and their lab partners. SpecCheck’s users work more efficiently and make fewer costly errors, increasing productivity and improving their overall workflow",0,0
31137,Luel,Winter 2026,Active,Turning everyday words and actions into usable training data.. Luel is a sourcing and licensing platform for rights-cleared multimodal training data at scale. We work with frontier AI teams to provide high-quality bespoke data collections and off-the-shelf datasets,0,0
28093,Common Paper,Winter 2023,Active,"The SAFE for commercial contracts. Common Paper is a contracting platform that helps startups close deals with their customers faster and with less risk. We create standard, open-source contracts for commercial transactions, including NDAs, DPAs, and sales agreements. These are analogous to the SAFE, but are between customers and vendors rather than investors and startups. The standardized format means that data within contracts is structured from inception. We build software for managing standard contracts, accelerating sales cycles, and making the data within the contracts programmatically accessible to other business systems. Tens of thousands of people have downloaded our standard contracts, and 63% of the contracts on our system close within 24 hours",0,0
29586,Glasskube,Summer 2024,Active,"Ship self-hosted software with Distr. Managing enterprise software deployments shouldn’t feel like a balancing act. At Glasskube, we make deploying, managing, and updating software in on-premises, VPC, and air-gapped environments easier than ever. Our Mission: We empower software vendors to deliver exceptional customer experiences with less complexity. Whether you’re onboarding new clients, rolling out updates, or troubleshooting issues, our Software Distribution Platform streamlines every step. The founders have been best friends for over 15 years, lived together in college, and even had a startup together. Philip was the CTO of a European Kubernetes-based company that was acquired in 2022",0,0
1541,UpKeep,Winter 2017,Acquired,"Mobile-first software for maintenance teams.. Mobile-First CMMS/Enterprise Asset Management System UpKeep is asset and maintenance management — done the right way. We take a mobile-first approach to the traditional desktop-based enterprise software. We keep technicians out in the field working on the most pressing issues — saving precious time and money. Tracking the costs of assets over their lifetime is now easier than ever. We keep businesses more efficient and streamline their workflow by eliminating paper work orders. We currently have over 2,000,000 registered users from small businesses to large enterprises. We offer low-cost solutions with transparent pricing to a common problem that many companies face. Our vision is to provide the best mobile solution for asset and work order management in a space that is dominated by traditional enterprise software companies. We've raised a total of $50 million from Y Combinator, Battery Ventures, Bain Capital, Emergence Capital, and Insight Partners. -Assign work orders -Create and save tasks -UPC Label scanning -Create assets and assign work orders to assets -Preview for analytical graphs We are a Y Combinator-backed company (YC W17)",0,0
31239,Fort,Winter 2026,Active,"Strength Tracking Wearable. Fort is a wearable that tracks strength training for people who care about longevity. Other wearables make you manually log every rep, set, and exercise, then provide unhelpful feedback or underestimate strength-related fatigue. We use heart rate and motion data to track your strength workouts for you, then provide thoughtful, actionable feedback that helps you achieve your goals",0,0
115,Launchpad Toys,Summer 2011,Acquired,"Creativity at Play. Tablet toys. Acquired by Google, 2015.. We're creating digital toys and tools that empower kids to create, learn & share their ideas through play. Give a young child a couple of toys or a box of crayons and he or she is likely to play for hours, deeply engrossed in an imaginary world. In both art and dramatic play, children construct settings, create fictional characters, and act out fantastic storylines that would be the envy of many Hollywood scriptwriters. Yet, ask that same child to write out a story in a blank notebook or a word processor and you would be lucky to capture a fraction of the depth and splendor of his or her imagination. Play inspires and scaffolds the creative process from an early age, but there is a persistent gap between the origins of imaginative play (ages 4-5) and kids' adoption of the formal discipline of creative writing (ages 8-10). At Launchpad Toys, we're using mobile devices like the iPad to bridge this gap between informal and formal learning, to harness the power of play to help children capture and share their ideas with other kids around the world. Our first product, Toontastic an app for the iPad, is a creative learning tool that blends constructionist and social development theories to empower young children to create, learn, and share their ideas through play",0,0
375,Clickfacts,Summer 2005,Acquired,"ClickFacts is a Malware Software Solutions company for buyers and sellers of online media. Its automated plug and play malware discovery solution tests online ads (SWFs & 3rd Party Ad Tags) and web pages within websites to ensure they do not distribute malware onto usersâ€™ computers (which can lead to identity theft). Its moderation software solution monitors websites to ensure the ads running on them are free of inappropriate content (e.g., nudity, racism), and its Ad Buddy product provides to advertisers real-time continuous monitoring and a complete history of where their ads have run. ClickFacts Inc. was founded in 2005 by Mikhail Ledvich, Mikhail Gurevich, and Greg Gurevich in Boston Mass, with initial funding by YCombinator. It is now based in San Francisco, California",0,0
23950,Pipekit,Summer 2021,Active,"Pipekit scales data & CI pipelines for enterprises. Our app manages Argo Workflows for data teams, enabling complex data & CI pipelines in half the time while saving companies hundreds of thousands of dollars annually. We maintain Argo Workflows, an open-source pipeline framework for Kubernetes that’s used in production by Bloomberg, Intuit, Adobe, New Relic, NVIDIA, and many other open-source early adopters",0,0
489,RoverRide,Winter 2013,Inactive,"A universal urban transit app. Given all transportation options. Real-time transit directions in San Francisco. Rover uses real-time public transit data to give you the best route, right now, to your destination. Always get the best route to your destination. Rover tracks all MUNI, BART, and Caltrain lines and gives you directions that make sense right now, so you don't have to wait or worry about missing a connection. Currently supporting SF MUNI, BART, and Caltrain in the SF Bay Area",0,0
30357,Vantel,Winter 2025,Active,AI Platform for Commercial Insurance Brokerages. AI OS for commercial insurance brokerages,0,0
1677,Muzz,Summer 2017,Active,"Where Single Muslims meet. Muslims don't date - they marry. Muzz is where single Muslims meet. We are the world's biggest Muslim dating app, boasting over 10 million members and over 500,000 weddings, Muzz is making a real difference in the huge yet untapped global Muslim demographic. Shahzad Younas (London, UK) is the founder and CEO of Muzz. Formerly a Vice President in Equity Portfolio Trading at investment bank Morgan Stanley for 9 years, Shahzad quit his career to fully focus on building a high quality mobile app to help Muslims around the world to find their perfect marriage partner. Backed with a total of $9M investment (Seed and Series A) from a range of Silicon Valley and global investors, headquartered in Aldgate, London, and boasting a fast growing 80 strong team, Muzz is transforming how Muslims meet and marry. Muzz was the first Muslim centric startup ever to be backed by Y Combinator (Summer 2017) - the prestigious Silicon Valley based accelerator behind Airbnb/Dropbox/Stripe, and has been featured on the BBC, The Times, The Evening Standard, The Financial Times, The New York Times, CNN, MensHealth, and TechCrunch amongst many others",0,0
31463,Armature,Spring 2026,Active,"Armature builds, monitors and optimizes products' Agent Experience.. Armature helps companies monitor, analyze, and optimize how AI agents experience their products. What we do today: - Automated testing: We run complex sessions against your MCPs/CLIs across all major harnesses and models to catch broken workflows before your users do. - AX analytics & benchmarking: No more black boxes. We trace agent sessions to show you exactly what the model ""thought"", what context it missed, and why it failed. We measure your AX against competitors to ensure you remain the preferred platform for agents to use. - Auto-remediation: Our MCP lets your internal coding agents plug into Armature to autonomously fix your product's AX based on our run data. Our vision for tomorrow: Reaching full understanding of how agents use your product and how you can improve it is only step one. The next step is to provide the foundational infrastructure for the Agent Experience, powering agent-native revenue, lifecycle marketing, and customer support for the next generation of software",0,0
13503,Checkars,Winter 2020,Acquired,"E-commerce site where you can buy certified used-cars in Latin America. Checkars removes the hassle and lack of trust from used-car transactions. With over 1000 transactions in first 18 months and NPS >85, we are confident we are offering customer the best possible experience to buy or finance a car",0,0
30364,Wayline,Summer 2025,Active,"AI voice for property managers. Wayline is an AI front desk assistant purpose-built for real estate to answer calls and messages 24/7. It’s like an always-on property manager that can convert leads and resolve issues better than any human, day or night. Our AI can be setup in as little as 24 hours and works seamlessly with existing phone/management software. Uniquely, our AI knowledge base is domain-specific to learn and handle the most complex real estate workflows. For property operators, Wayline instantly replaces robo-menus and call centers, while centralizing and scaling back-office teams",0,0
12078,Cocoon,Winter 2019,Acquired,"Bring your most important groups closer together. Cocoon actively brings your most important groups closer together. It provides a private space to gather, the tools you need to keep each other close, and helps you keep writing your ongoing story as a unit",0,0
13236,Savvy,Winter 2020,Acquired,"Flexible stipends for employee health insurance. Savvy is a health benefits product offering employees payment cards to buy their own health insurance. One of the first to market after new regulation, Savvy scaled to $10s of millions in volume and expanded into all 50 state health insurance markets. Savvy was backed by Y Combinator, Marc Andreessen, and the founders of One Medical and Indeed. In 2022, the company was acquired by Take Command, the leading incumbent in the health insurance HRA space",0,0
29090,Trayd,Summer 2023,Active,"A construction payroll platform designed for same-day pay.. Trayd is a B2B construction payroll platform and back office management system designed for same-day pay. We allow the 7M construction workers in the US to get access to their earned wages 7-10 days sooner than legacy payroll providers. With a unique spin on traditional payroll, Trayd is on a mission to create back office efficiencies for commercial subcontractors while simultaneously addressing the significant labor shortage affecting the $2.1TR North American construction industry. Trayd is bigger than construction payroll. It's the promise that the hardest working people get access to their money, as and when they need it, creating greater financial wellness across the board. Not only that, we are pioneering digital cash access for a demographic traditionally overlooked while simultaneously modernizing operations in an industry that has been slow to adapt. The challenges and opportunities with Trayd are abundant, promising an engaging journey ahead",0,0
593,Drive Pulse,Winter 2014,Inactive,"Device tracks & monitors your car. Drive Pulse is an innovative new device & iPhone app to manage & monitor your cars when you can't be there. Your Drive Pulse plugs into your car's data port in seconds. Every car built after 1996 has an OBD-II data port under the dash. Plug in your Drive Pulse, install the app, and get started in just a few minutes. Drive Pulse is always on and stays connected thanks to cellular technology and a data plan, similar to the one you have for your smartphone. As long as your car is in an area with adequate T-Mobile data coverage, you can enjoy the peace of mind knowing that your car is safe",0,0
534,"Estimote, Inc.",Summer 2013,Active,"Location intelligence platform. Estimote, Inc. is the creator of SpaceTimeOS, a revolutionary operating system installed directly on physical spaces to make them programmable and interactive. Small sensors are attached to walls and items. They talk to each other and communicate with with servers. A digital copy of the physical space is created in the cloud, allowing for inch-precise and real-time tracking of assets, people, and vehicles. When they move or interact with each other pre-programmed actions are triggered as defined in the apps ""installed"" in different rooms or places. Apps can be downloaded from the marketplace of create by developers using JavaScript and a robust API. The system utilizes wireless technologies such as Bluetooth and Ultra Wideband to automate processes and track the movement of objects. SpaceTimeOS allows for the creation of smart workplace applications and the digital twinning of entire businesses and supply chains, as well as the blending of physical and digital data",0,0
27249,Aldara,Summer 2022,Active,"HOA manager with automated operations. Aldara is a modern, efficient HOA manager. We achieve that by automating back-office and operations with our in-house technology, powered by AI",0,0
100,MarketBrief,Summer 2011,Inactive,"Generate stories from SEC filings.. MarketBrief analyzes 30,000+ trusted documents per day looking for relevant business headlines and breaking news all within fractions of a second",0,0
180,Rapportive,Summer 2010,Acquired,"Add profiles to email.. Rapportive shows you everything about your contacts right inside your inbox. You can immediately see what people look like, where they're based, and what they do. You can establish rapport by mentioning shared interests. You can grow your network by connecting on LinkedIn. Imagine relationship management built into your email. For free",0,0
1222,Opsolutely,Summer 2016,Acquired,"Automated deployments for software teams.. The best way for businesses to ship software. Opsolutely empowers engineering teams to be more productive, inclusive, and collaborative by making the most challenging and chaotic part of their software creation process safe, easy-to-use, and friendly for every member of the team",0,0
31448,smol machines,Spring 2026,Active,"Ship software faster with portable, self contained virtual machines.. Smol machines solve the problem of ""but app works on my machine"" by shipping the machine. Smol machine enables devs to ship a lightweight virtual machine with any software, similar to how Electron ships an entire browser with the web app",0,0
25820,Fello,Winter 2022,Inactive,"Grow money and win $1000 every week by saving and playing games. Fello is a game-based savings and investment application for the gen-z and young millennials of India to save play and earn returns more than a traditional savings bank account. We are merging the worlds of gaming and finance to make finance fun, easy and rewarding! Users can save and invest in financial assets and for every rupee they save they get one gaming token using which they can play daily and weekly games and if they win in these games they get to win Rs.1 lakh every week! Just within a short span of 12 weeks of launch, we onboarded 250,000 users with 92% of them being referred users, 88% of them being first-time investors who are spending over 12 minutes on an average per day on the app saving and playing games together!",0,0
26727,Moneco,Summer 2022,Active,"Neobank for African migrants in Europe. Moneco is a neobank targeting the migrant communities in Europe, starting with the African diaspora. We are making banking easier and more affordable for underserved communities, starting with a current account, a payment card and free remittances. The long term vision is to turn Moneco into a one-stop-shop where all of their financial needs will be addressed",0,0
32751,Vestris,Summer 2026,Active,Replaces title searchers and closes property deals,0,0
30260,Macadamia,Winter 2025,Active,"AI Agents for Complex Engineering Projects. Macadamia builds AI agents for complex engineering projects. They automate both engineering & business processes, to automate away all low-leverage work. It integrates with all engineering data sources, technical documentation, and third-party software tools. Macadamia serves customers in mechanical engineering, manufacturing, and construction",0,0
13072,Breezeful,Winter 2020,Active,"An online mortgage broker. Get the best mortgage, fast.. Breezeful gets you the best mortgage online from start to close. Instead of dealing with multiple banks, credit checks and in-person meetings, we’ll use your income, credit score, and other financial data from your application to negotiate with hundreds of lenders on your behalf in seconds",0,0
101,Fobo,Summer 2011,Acquired,"Sell to people nearby.. FOBO is a local marketplace for selling consumer electronics. FOBO offers users a new way to sell goods via mobile app. It gets rid of all the hassle that is usually associated with local marketplaces and makes it ultra-simple and ultra-fast to do so. The app guarantees sellers will get a certain price for their devices and will be paid upfront, and ensures that their product is sold fast — within 97 minutes",0,0
1932,Radix Labs,Summer 2018,Inactive,Operating systems for biology labs,0,0
23120,Slash,Summer 2021,Active,"Banking, corporate cards, stablecoin payments – available globally.. Slash is America's leading business banking platform. Backed by NEA, Menlo Ventures, Stanford University, and the founders of Tinder and Plaid, Slash works with over 5000 mid market businesses and moves $30bn per year across all payment rails. Businesses come to Slash for three simple reasons: 1. We are the ""Costco"" of business banking. You get the highest cashback on your card spend and the highest yield on your treasury account. 2. We offer a bunch of free software that saves you and your finance team time: expense management, accounting automations, invoicing – all for free. 3. We're available worldwide. Businesses in 100+ countries can sign up for a USD account on Slash. We offer businesses: 1. Deposit accounts with free outgoing wire and ACH transfers. 2. Unlimited virtual cards with up to 2% cash back. 3. Integrations to all major accounting platforms. 4. Invoicing, expense management, and bill pay software. 5. Stablecoin payments 6. An powerful card creation and payments API",0,0
24131,Strive Math,Summer 2021,Active,"Online Coding School for Kids 8-16. Strive Math is an online coding & math school for kids (8-16). We help students start and commit to their coding and math journeys by making the subjects fun and exciting. We focus, above all else, on making the process of learning joyful. - Our mission is to make education more joyful and meaningful. We teach coding, math and custom STEM courses to kids aged 8 to 16, and build the tools to support teachers to deliver engaging learning experiences. - We believe we can only make education joyful if we ourselves are joyful, so creating a fun and exciting work environment is one of our core values. We’re a remote-first company with teachers and employees from South Africa, Singapore, India, the USA, and the Philippines. - We’re a well-funded startup backed by YCombinator and early investors of Spotify and Facebook",0,0
1517,Plane,Winter 2017,Active,#1 easiest-to-use payroll for startups. Plane is an all-in-one people platform for fast-growing teams. We build easy-to-use payroll and compliance tools that help companies go global from day one,0,0
26797,Rio,Summer 2022,Active,LATAM’s largest stablecoin FX and liquidity provider. Rio is the premier stablecoin liquidity provider for the LATAM market. We enable access to stablecoins for financial innovators to scale their products,0,0
1480,Clipboard,Winter 2017,Active,"Every shift, Covered.. Our Why At Clipboard, our mission is to uplift as many communities as possible. We do this by connecting professionals with the workplaces that need amazing workers, helping people achieve financial stability for themselves and their families all across the U.S. Our How Clipboard is an app-based marketplace where workplaces post calls for help and workers answer. Every year, we help hundreds of thousands of workers fill millions of shifts across the U.S. We’re the leader in Long-Term Care staffing and are rapidly expanding into Home Health, Hospitals, and more. Our Team Founded in 2016, we are a remote-first team of over 1,000 people working to uplift communities across the country",0,0
7,42Floors,Winter 2012,Acquired,"We make it easy to search for office space.. *Acquired by Knotel in 2018 42Floors was founded in November of 2011 with the vision of making it easy to discover and create your dream office space. Based in San Francisco, the 42Floors team is made up of experienced entrepreneurs, engineers, and real estate professionals. All with a passion for making the commercial real estate search process easier for everyone. On the site, you'll find available spaces, complete with high quality photography and all the data you need to make a decision. The site 100% free to use. 42Floors is currently in every major market in the United States, and we are still growing. We're always here to serve you",0,0
23555,Bloom,Winter 2021,Active,"Investing app that teaches you how to invest. Bloom's mission is to improve the financial outcomes of all Americans by giving them the knowledge and tools they need to achieve prosperity. Our first product is an investing app that teaches users how to build wealth through interactive financial lessons, a gamified rewards economy as well as an investing account designed for building long-term wealth. Since launching in April 2022, over 1 million users have joined Bloom and we have crossed $3MM in annual recurring revenue",0,0
393,Kamcord,Summer 2012,Acquired,Our core thesis at Kamcord was that people do very interesting things on their phone screen but don't have a good way to capture and share those moments. We've built 3 products in 5 years: - A mobile gameplay recording SDK that was on 200M devices at its peak - A live streaming community that reached 2M MAU and $2M ARR off virtual goods - A mobile social app focused on editing and sharing screenshots and screen recordings,0,0
30075,Tiny,Fall 2024,Active,"A new kind of ERP system for factories. At Tiny, we’re building a new kind of ERP system for factories where AI agents automate repetitive workflows. Made for the four million factories still primarily relying on Excel. LLMs now unlock their troves of siloed unstructured data. We see a massive opportunity to build a compound startup and, beyond that, tap into network effects to unlock just-in-time manufacturing across entire supply chains",0,0
189,Brushes,Summer 2010,Inactive,iPad drawing software,0,0
6,iCracked,Winter 2012,Acquired,"On-demand smartphone repair in 3 countries and launching smart home. Founded in 2010 and located in the heart of Silicon Valley, iCracked is the most uncommonly awesome way to repair your iPhone, iPad or Samsung Galaxy at the time and location of your choosing. Powered by a nationwide network of thousands of certified, background-checked technicians, iCracked provides customers unparalleled convenience and peace of mind knowing that trustworthy experts are always there to get you back up and running with your most crucial devices. Home, office or coffee shop, you name it, and we’ll be there with smiles on our faces to repair your device in 30 minutes or less. Yes, seriously. We exist to bridge the ever-widening gap between people and that moment of magic they experience when their technology simply works the way it should - wherever and whenever they need it most. Want to find out more about how you can be a part of our vibrant, inclusive, and innovative team? Check out our open positions and apply today so you can join us in our quest to change the way consumers care for their devices",0,0
303,Trigger,Winter 2008,Inactive,Better PhoneGap.. Trigger makes the $15Bn mobile application market accessible by web developers. It's the simplest way to build amazing mobile apps using the best of HTML5 and native. Trigger has raised $1.8M in seed funding from top Silicon Valley investors including Y Combinator and SV Angel,0,0
26290,Mono,Winter 2022,Active,"Embedded finance infrastructure for LatAm enterprises.. Mono provides an API-first platform that lets any company in LatAm offer financial capabilities, wallets, real-time payouts (Bre-B), Visa cards, and multi-rail bank transfer without becoming a fintech",0,0
23939,Beeper,Summer 2021,Acquired,"One chat app to rule them all. We're building the best chat app on earth. Beeper connects to 15+ different chat networks. Unified search, advanced filtering and more. Available on Desktop, Android, iPhone and iPad. The idea is simple: messaging today is painfully fragmented. We're going to fix that. Every time we communicate there is friction lurking under the surface. E.g. Which app did I message her on? Where's that photo gone? Why can't I join an iMessage group from my Android? Our mission is to eliminate that friction and boost the efficiency of the entire human race",0,0
1273,Starsky Robotics,Summer 2016,Inactive,"Driverless Trucks, for real.. Starsky Robotics is an autonomous truck startup aiming to make our roads safer while providing truck drivers with jobs that bring them back to their families. Learn more at: www.starsky.io Interested in joining the team? Apply at: https://jobs.lever.co/starskyrobotics?",0,0
678,Hublo,Summer 2014,Acquired,"Hublo is making data-driven marketing simpler. It's a super simple. Hublo (www.hublo.com) is making data-driven marketing simpler. It's a super simple tool, allowing marketers to set-up analytics, monitor precisely what's happening on their website and launch remarketing campaigns without relying on their IT teams",0,0
26813,Aragorn AI,Summer 2022,Active,"Operating system for HR in the AI era. We’re building a new way of working in People Ops for the AI era—one that starts by solving a painful problem no one talks about: HR data integrations. And from there, it grows into something far more powerful: personalized, agentic HR analysts that any team can create and deploy on their own",0,0
30328,Dalus,Winter 2025,Active,"AI-Powered Hardware System Design Software. Dalus is an AI-powered systems engineering software to model/validate complex systems for aerospace/defense/robotics and other mission-critical industries. With Dalus, engineers can seamlessly trace requirements, perform analyses, and update information in real-time. This ensures that every team member stays aligned and informed, reducing inefficiencies and enabling faster iterations. With AI at our core, users can analyze hundreds of pages of existing engineering documentation and requirements to generate or retrieve information about the system model they are building in Dalus. We started working together on Dalus in spring 2024 after Eliot quit his job at Aerojet Rocketdyne (L3Harris) where he worked as a test/systems engineer. He experienced first-hand how silos and poor communication reduced the productivity and efficiencies in the teams he worked at. We love working with companies tackling complex engineering systems, whether they be startups just getting their feet wet or large organizations like Israel Aerospace Industries (Our design partner and biggest aerospace/defense company from Israel) Read why we started Dalus: https://dalus.io/articles/why-dalus",0,0
368,Snipshot,Winter 2006,Inactive,"We sold Snipshot to Ansa in 2013.. Snipshot is a photo editor that lets you start editing any photo with one click of a bookmarklet. You can use Snipshot to crop, resize, adjust colors, an automatically enhance you photos within your browser and then save it back to the web. There are a couple other photo editors in this category and Photoshop plans to get in as well",0,0
31299,Wayco,Winter 2026,Active,AI operator for medlegal cases. Wayco is building a unified data intelligence layer for medical treatment of legal cases. From the first intake to instant settlement,0,0
29281,MathDash,Winter 2024,Active,Learning Platform for Math Competitions. MathDash is an online math education platform that gets students addicted to working through textbooks and seeing their improvement,0,0
31520,Kinect,Spring 2026,Active,"The AI-Native Commerce Stack. Kinect builds AI agents that know your brand, your catalog, and your customers. On your site, they sell every visitor — running the conversation, adapting product pages in real time to each customer segment, picking the right recommendation for the question being asked. The agent picks up on what each shopper actually wants from how they ask, what they hesitate on, what they compare, and what objection makes them bounce. We take all of a brand's data and make a structured catalog, brand voice, fit notes, return reasons, segment-level nuance — all so the Kinect agents truly can speak about a brand. When an agent describes the brand, the version it describes is the one you'd want them to, not whatever it guessed from a public catalog scrape. We expose this data as well in the form of agent storefronts, letting every other AI talk about your brand in the way you would want too. We're building for human shoppers today and the AI agents that shop and discover for them. Either way, the entire website needs to get a lot smarter and personalized. Two surfaces. One layer. Built for scaling DTC ecommerce brands",0,0
1008,DoseDr,Winter 2016,Inactive,"Helping diabetes patients use the correct amount of insulin,. The DoseDr mobile app gives diabetics better control over their disease by helping them adjust their insulin doses between doctor visits. They connect patients to a doctor, who can help them immediately when an issue arises. No appointment necessary, and it's free! Patients are welcome to invite their current doctor to join DoseDr",0,0
23193,Manara,Winter 2021,Active,"Connecting top Middle East talent to global tech jobs. Manara untaps the human potential in the Arab world and helps global tech companies access high-quality, diverse talent. We identify the top software engineers in the region and offer them a last-mile solution to land their dream jobs: interview preparation and referrals",0,0
589,Threadable,Winter 2014,Inactive,Mailing lists 2.0. Threadable makes group email less noisy and more. Threadable is a mailing list management solution that makes group email less noisy and more actionable,0,0
30277,ReJot,Winter 2025,Active,"We turn complex API integrations into drop‑in full‑stack libraries. ReJot is building Fragno to let API companies go from simply exposing an API to offering drop-in integrations that work out of the box. Fragno is an open‑source framework for packaging backend endpoints, data storage patterns, and frontend utilities into reusable building blocks. API providers ship full integrations, not just low‑level SDKs and docs. Customers configure rather than write code, so integrations are both much faster to launch and far more consistent across customers",0,0
25864,Torpedo Therapeutics,Winter 2022,Active,"High-precision, closed-loop neuromodulation devices. We are building high-precision implantable neuromodulation devices that can sense and stimulate neural activity in the brain with the goal of transforming the efficacy and adoption of deep brain stimulation (DBS), an existing FDA-approved therapy used to treat Parkinson’s, essential tremor and epilepsy",0,0
29449,Fileforge,Winter 2024,Inactive,"API For PDF Document Workflows. Fileforge is an API for PDF document workflows. With Fileforge, you can generate, manipulate, host, share, sign and track your documents - all in on place. Our open-source library helps developers build complex documents that integrate with our API and external services to build document-centric workflows",0,0
13107,Quickcard,Winter 2020,Inactive,"Dynamic sales materials that shape-shift based on the customers needs. We help our customers build sales documents that are personalized, actionable, and beautiful. Our platform is self-serve friendly and replaces outdated email attachments",0,0
31169,Proximitty,Winter 2026,Active,"AI operating system for commercial loans. Proximitty is the AI operating system for commercial loans - we build regulator-grade AI agents that ingest and parse documents, spread financials, automate loan operations and track covenants. We help FDIC-insured banks and fintechs underwrite faster and scale their loan books without scaling costs",0,0
1029,Monthli,Winter 2016,Inactive,Monthli is the first marketplace for homeowner associations. We. HOA operations made simple. Monthli is a SaaS platform which powers Homeowner Associations to more easily run their business operations,0,0
24008,Catena Biosciences,Summer 2021,Active,"Using protein coupling to build new therapies. Catena’s technology lets us attach any two proteins together using an enzyme and the native amino acids tyrosine and cysteine within target proteins. It is a true platform technology because it enables the joining of any two soluble proteins together with minimal engineering and without restrictions due to protein size or complexity. Our work has already been used to modify cancer specific antibodies, CRISPR proteins and even cell surfaces. Our ability to produce modular protein therapeutics in a fraction of the time allows for true library creation across the therapeutics spectrum from oncology, vaccines, inflammatory disease and beyond",0,0
25713,Grey,Winter 2022,Active,"Banking services for remote workers and digital nomads. Grey provides US, EU, and UK accounts for remote workers in emerging markets. For the first time, western companies feel comfortable recruiting skilled workers from anywhere and Grey is making it easy for these workers to receive their salary, save in foreign currency, convert to local currency and spend",0,0
1967,Mytos,Summer 2018,Active,"Robotic human cell manufacturing. Mytos builds robots for manufacturing human cells. Operators input stem cells, and our platform turns them into specific cells such as neurons and heart cells over multiple weeks. Last year, patients were cured of Parkinson’s, vision loss, and Type 1 diabetes using stem-cell derived cells. We need 1000x the global capacity to produce these cells, and treat millions of patients. But today these Regenerative Medicines are produced by hand, meaning they’re too expensive and don’t scale. Mytos has fully automated production of these cells, making it scalable. We have our first manufacturing deal - neurons for treating Parkinson’s - and we’re in conversations with majority of the other top players",0,0
24446,Freterium,Summer 2021,Active,"Real-Time Collaborative Transport Management Platform. Freterium is a collaborative SaaS platform that connects organizations, people and technologies in the logistics value chain to help them move things. Our connected cloud platform provides real-time visibility of shipments, elastic logistics infrastructure (in-house & 3rd party fleets), proprietary routing algorithms, productivity tools, and seamless collaboration that breaks down traditional organizational silos",0,0
1727,Quantstamp,Winter 2018,Active,"Security auditing for Web3. Quantstamp has protected billions in digital assets from hackers on our mission to secure web3. As a global team of security professionals, we have honed our technology and expertise through hundreds of audits and gained the trust of our clients to keep their innovative products safe. In addition to providing an array of security services, we facilitate the growth and longevity of the web3 space through strategic investments and acting as a trusted advisor to help projects scale. Quantstamp is honored to have worked with some of the top projects in the industry including Aave, Compound, Maker, OpenSea, Polygon and many more. As the leading blockchain security company in this emerging industry, we are always looking for team members that love taking initiative and solving challenging problems. Join the team and help us secure the future of web3",0,0
23052,Juicy Marbles,Winter 2021,Active,"Juicy marbles makes thick juicy and marbled plant based steaks.. We are food-tech company. We developed proprietary protein texturing technology that enables us to produce plant-based whole cuts. Our vision is to produce a variety of meat products and match animal derived counterparts by taste, price and convenience. We want to accelerate transition of meat industry into a more sustainable future - by 2030 we want to cut meat consumption in half",0,0
26818,Hypestream,Summer 2022,Active,We help livestream sellers get more sales.. We help livestream sellers get more sales,0,0
795,Underground Cellar,Winter 2015,Inactive,Upgrading Your Wine Experience. Underground Cellar is a leading wine e-commerce company that is changing the way wine is bought and sold in the $70B consumer US wine market through ‘gamification’. We provide a unique and exciting experience that gives wine buyers a great value by using upgrades instead of discounts. Wine sellers love Underground Cellar too as it allows them to quickly sell bottles while protecting their brand,0,0
32,CleverDeck,Winter 2012,Active,"Collaborate with an artist to commission original artwork you'll live. CleverDeck is a customizable-spaced repetition flashcard application for learning foreign language vocabulary. It contains more than three thousand useful words along with images, native speaker audio, and example sentences",0,0
22905,Remora,Winter 2021,Active,"Carbon capture for vehicles. We're building carbon capture for trains and trucks. We generate revenue for railroads and trucking companies by extracting, purifying, and selling CO2 from their exhaust. Our technology can capture up to 90% of the CO2 in the vehicle's exhaust while reducing soot, particulate matter, and NOx. We've partnered with Union Pacific, Norfolk Southern, Ryder, and Werner, and raised $117 million from Lowercarbon Capital, Valor Equity Partners, Union Square Ventures, and Y Combinator",0,0
29502,renderlet,Winter 2024,Active,"Build interactive applications that run anywhere. renderlet is a framework that makes it easy to develop interactive applications. Building applications with high-performance graphics is very hard – existing tools are cumbersome and aren’t truly platform agnostic, leading to frequent rework. With renderlet, developers can write high-level code to describe 2D and 3D graphics without having to use low-level, platform-specific APIs. renderlet automatically compiles graphics code to WebAssembly and embeds a portable rendering engine inside any app, enabling graphics to safely and automatically render on any platform’s GPU. Our runtime is open-source: https://github.com/renderlet/wander",0,0
494,Meldium,Winter 2013,Acquired,"Simple password & identity management for teams. Acquired by LogMeIn. The easiest way for companies to connect their empoyees to the apps they need. Meldium is a YC-backed startup helping teams & companies manage accounts & passwords for cloud apps. From shared passwords to user provisioning, Meldium is a central dashboard that connects to every cloud app and makes it simple to create, edit and remove user accounts across all of them. All without IT",0,0
29986,Exin Therapeutics,Winter 2025,Active,"AI drug discovery platform for neurotherapeutics. We use AI and high-throughput mouse studies to discover therapeutics that modify neural activity in the brain. The initial focus is on epilepsies associated with autism and Parkinson’s disease with the potential to expand to any neurological disorder underlined by a dysfunction in neural activity. Our R&D is guided by AI models trained on high-density multimodal mouse data generated in-house. We are 3 Oxford-trained neuroscientists supported by an experienced SAB from Harvard, Science Corp (ex-Neuralink), EPFL, Meta, and UCL. In 1.5 months since landing in SF, we went from nothing to (1) opening and operating an animal lab in South SF, (2) obtaining a proof-of-concept in mice, (3) building a multimodal AI model that directs our screening approach and (4) submitting two provisional patents; all while utilizing less than 50% of our YC funding",0,0
18,HackPad,Winter 2012,Acquired,A realtime wiki for getting things done.. Smart collaborative documents. Company wiki. Personal notes. Event planning. Classroom collaboration,0,0
11957,Green Energy Exchange,Winter 2019,Inactive,"We deliver affordable renewable energy direct to customers and are. The Green Energy Exchange delivers affordable renewable energy direct to homes and businesses. The company offers the most affordable green energy plans in the market and is dedicated to increasing the demand for renewable energy by offering to clean energy at affordable prices. By removing middleman and inefficiencies we can provide lower prices to consumers, higher revenues to generators and help increase the adoption of clean energy sources. Empowering people to buy renewable energy at great prices will help move us to a cleaner and greener future. We are a licensed retail electric provider and operate in Texas currently",0,0
27263,Guardian Bio,Summer 2022,Active,"Dendritic cell-based platform for cancer therapy. Your immune system is your body’s best weapon and defense against cancer. It is only when it is overcome that cancer develops into full blown disease. Dendritic cells sit at the helm of the immune system, directing and dictating immune responses. Data has shown dendritic cells are often dysfunctional in cancer patients, and that this dysfunction is a bottleneck for other therapies. Guardian Bio’s approach is focused on creating a dendritic cell-based product which drives anti-tumor activity through activating the killers of the immune system AND training them against multiple cancer targets. We take stem cells from cancer patients, turn them into specific therapeutic dendritic cells specially trained against that patient’s tumor, and re-introduce them back into the body. Our therapeutic dendritic cells revitalize the killers of the immune system and give them the kickstart they need to fight - and win - against cancer",0,0
27205,Kashin,Summer 2022,Active,"Credit for the emerging economy in Latam. Credit for the emerging economy in Latam. We have 10K users and nearly $2M in annualized revenue, from our small loans to micro-merchants and individuals in the informal economy. We do our underwriting with our proprietary AI risk model processing 250+ variables from the user's smartphone and credit bureau",0,0
28926,Upstream,Summer 2023,Active,"The first inbox designed for humans and agents. Your inbox, handled for you. Upstream's agents sort the noise, draft replies in your exact voice, follow up at the right time, and do what you ask - like finding receipts or scheduling meetings - so you can fly through your inbox and have fun doing it",0,0
12769,Demand Curve,Summer 2019,Active,"Learn how to build a scalable growth engine. Demand Curve is your startup's growth operating system, the lowest risk, fastest path to getting traction and growing your company. 🚀 Growth Program: A membership/course designed for startup operators who want to learn and execute growth without hiring a full team yet. Powered by our premium content library, expert guidance, and AI growth co-pilot, it's a step-by-step guide to building a growth engine that actually works. Trusted by 3,000+ startups (including over 500 YC companies). 📰 Newsletter: We also publish the Growth Newsletter, reaching 100,000+ founders and marketers every week with strategic and tactical growth advice. It's one of the most-read startup growth newsletters with 46-50% open rates. 🦄 Agency: For companies ready to scale, our agency team provides full-service execution across growth strategy, paid acquisition, and funnel optimization. We've helped scale Microsoft, Framer, Pilot, Ancestry, and hundreds of other companies and YC startups. 💸 Newsletter sponsorships: Get your brand in front of 100,000+ engaged founders and growth operators. Learn more at demandcurve.com",0,0
22707,Wyndly,Winter 2021,Active,"Life's better without allergies. Wyndly (https://www.wyndly.com) fixes allergies by training patients' bodies to ignore their allergy triggers. Frustrated allergy suffers come to us when they no longer want to deal with pills and sprays. We diagnose the patient’s unique allergy profile and create a personalized treatment plan to give the patient lifelong allergy relief. Specifically, Wyndly is increasing access to sublingual immunotherapy (SLIT) for allergy care. For our patients, we're combining the convenience of telehealth and direct-to-consumer care with an exceptional patient experience that never loses the context of care. Wyndly represents an opportunity to change allergy care forever. With 60 million Americans suffering from allergies today, and with this number doubling over the coming years, there's simply an incredible need for the convenient care Wyndly provides. You can read more about us in [Techcrunch](https://techcrunch.com/2021/02/12/wyndly-aims-to-bring-allergy-drops-to-the-masses/). The Wyndly Model At Wyndly, we believe that better connections lead to better care, and we’re committed to making both happen at every step of the patient journey. Our allergy practice allows our patients to work with expert providers to develop personalized treatment plans for long-term allergy relief using clinically proven therapies. From a patient’s initial consultation to their final treatment delivery, we want the Wyndly experience to be a breath of fresh air for allergy sufferers – truly effective allergy relief, simply and efficiently delivered. Once we've conquered allergies, we're transforming the care model for every chronic condition. While transactional care for purchasing pills has flourished in telehealth, no one has gone after chronic care. Patients with chronic conditions are shuffled between providers, insurance, and more -- and they never feel heard. These patients deserve better, and we're going to give it to them. Wyndly is starting with allergies, but we'll expand into asthma, sleep apnea, and other conditions in the near future. Our values **Compassion**: We approach all our patients and partners with an open mind and a genuine desire to be of service. **Focus**: We do a few things very well, and are always clear about our boundaries and direction of travel. **Courage**: We embrace ambiguity and discomfort because we know that’s how we grow. **Progress**: We make something better every single day. *It boils down to empathy and forward momentum in everything we do.* The team Wyndly is proudly backed by Y Combinator and a leading group of angel investors and VCs. The founders are Dr. Manan Shah (Chief Medical Officer), an ear-nose-and-throat surgeon who’s a leading practitioner of telehealth in his specialty, and his cousin Aakash Shah (CEO), who led growth engineering at SparkGift (acquired by Stockpile in 2016) and Parse.ly (acquired by Automattic in 2021)",0,0
25974,Float Health,Winter 2022,Active,"Float is the full-stack platform for Specialty Pharma. Float connects SuperNurses to home medication visits - making healthcare safer, easier, and cheaper by moving all the visits that don't need a hospital to the home",0,0
31151,Sparkles,Winter 2026,Active,"Make everyone on your team an engineer. Sparkles is like Lovable for existing projects, so even Sharon from Marketing can change the button styling on the front page without going back and forth with the dev team. Someone technical connects their GitHub to Sparkles, sets up the repository and environment variables, and then anyone on the team with a @yourcompany.com email can log in on Sparkles and create pull requests without needing to know what Git is",0,0
1941,Pocket Worlds,Summer 2018,Active,"Our platform enables creators to build experiences, games, and worlds. We're the creators of Highrise, now featured in the iOS App Store with 50 million users and rapidly growing. We're building bleeding-edge technology for developers and amateurs to create immersive experiences and worlds inside our virtual universe. We believe that the future of virtual worlds is bright, and we're excited to be at the forefront of this industry. As we continue to grow and expand our platform, we're looking for talented individuals to join us on this journey of innovation and creativity. If you're passionate about building the platform to power virtual experiences that bring people together and push the boundaries of what's possible, we want you on our team!",0,0
30119,Canvas,Fall 2024,Active,"Continual learning for agents. Canvas builds the continual-improvement layer for AI in production. Post-training, evals, infrastructure, and observability for agents that compound as a flywheel",0,0
253,Fanchatter,Summer 2009,Inactive,"FanChatter aggregates, amplifies and empowers fan content on every. FanChatter fuels your fans so they can promote you better than any ad ever could. Our customers are big guys (NBC Universal, Clear Channel, Gannett) and little guys (bloggers all over the world) who pay us to source and showcase the most abundant yet least leveraged marketing material on the planet... Pure, voluntary social chatter about your interest. FanChatter offers you the tools to find it, refine it, and make it multiply. And that is the future of advertising",0,0
26709,Dittofeed,Summer 2022,Active,"Open-source customer engagement & messaging automation. Dittofeed is an open-source alternative to platforms like Klaviyo and Customer.io. Self-host us for free, or use our low-cost cloud offering to automate messages across email, SMS, mobile push, WhatsApp, and more. We also offer solutions for embedding Dittofeed in your own SaaS! Instantly provide your customers with automated messaging tools",0,0
1894,ExceptionALLY,Summer 2018,Inactive,Affordable expertise for special needs parenting,0,0
34,Pixelapse,Winter 2012,Inactive,"Github for designers. We automatically keep track of revisions of. Pixelapse is the best place to share designs and work together. We build tools to improve the design process and make collaboration easier. Pixelapse simplifies version control and makes it accessible for designers to share and discuss their work with their friends, colleagues and the world",0,0
31236,Balance,Winter 2026,Active,"Full-Stack AI Accounting. Balance is an AI accounting firm that helps SMBs close their monthly books. Our agents do the work of an in-house finance hire, reconciling books in real time and flagging issues before they become problems",0,0
31171,Overshoot,Winter 2026,Active,"AI Infra for real-time vision applications. Overshoot makes it easy for developers to build and run real-time vision applications. AI can see and understand the physical world. This unlocks new applications in physical security, safety, gaming, robotics and general consumer products. Soon, video agents will watch your home and your pet when you’re away. However, existing platforms make it painful for developers to build these real-time applications. Slow inference. Limited model availability. Break at scale. Overshoot solves this. Today, 300+ developers connect live video feeds to the largest collection of Vision Language Models with 3 lines of code. And get responses in less than 200ms. 10x faster than any existing inference platform. Zero infra headache. Our moat is focus. Image and Video are fundamentally different modalities from text. By focusing on them, we are able to make strong technical leaps from codec, streaming protocols to inference engines. Younes and Zakaria are cousins. Zakaria graduated top of his class at LSE and MIT, and later built low-latency high-throughput pricing systems (surge) at Uber and inference engines at Meta. He previously built and sold a software product and won several prominent AI hackathons. Younes was a founding engineer at Cosmonio (later acquired by Intel). He built a training and serving Computer Vision platform from scratch. He witnessed firsthand customers abandoning traditional Computer Vision because it lacked the “general” intelligence LLMs have today. Together we’ve shipped large-scale systems and know where they break",0,0
13494,Tajir,Winter 2020,Active,"The one-stop shop for mom-and-pop stores in Pakistan to buy inventory.. In Pakistan, stores struggle to buy inventory. Stores waste hours dealing with dozens of suppliers and wait passively for salesmen to visit their stores. Deliveries are often late, incorrect, or never arrive at all. Stores often learn prices at the point of delivery and cannot compare across different suppliers. Tajir solves this by offering a one-stop shop for all inventory purchasing with low prices, huge selection, and the convenience of 24/7 ordering with next-day delivery. Mom-and-pop stores are the arteries of Pakistan's economy. Through empowering them with world class logistics & information tools, Tajir aims to refactor and simplify Pakistan's retail economy",0,0
27198,Velontra,Summer 2022,Active,"Hypersonic space plane that can take-off from any location and weather. Velontra is building a hypersonic space plane that can takeoff from anywhere in any weather. This horizontal takeoff increases launch reliability and enables customers to directly access any orbit. Our air-breathing propulsion system is up to 6 times more fuel efficient than any rocket, and uses oxygen from the air which creates thousands of pounds of additional payload capacity. We have millions in current government/commercial contracts and LOI’s. We have assembled a team of industry experts, government senior executives, and a NASA astronaut. The hypersonic space plane will work by taking off from any runway with a jet propulsion system. Next, it will climb to over 100,000’ and Mach 5. At this point, it will launch a 2nd stage rocket directly into the desired Low Earth Orbit. Velontra is “boldly going where no one has gone before.”",0,0
248,Mixpanel,Summer 2009,Active,"Mixpanel is event analytics for builders that need answers.. Mixpanel is analytics for builders that need answers from their data at their fingertips. When everyone in the organization can see — and learn from — the impact of their work, they are poised to make better decisions. Companies like OpenAI, Netflix, Pinterest, sweetgreen, CNN, samsara, Uber, and Yelp use Mixpanel to understand their customers, measure progress, and endeavor to make better decisions",0,0
1763,Biobot Analytics,Winter 2018,Active,"Population health analytics powered by wastewater.. Our mission is to transform wastewater infrastructure into public health observatories. Named as one of Fast Company’s most innovative companies in the world in 2021, Biobot Analytics is a wastewater epidemiology company and uses technology developed at MIT to measure biomarkers in sewage to better understand population health in cities. We first launched an opioid product to support government and public health officials in responding to the opioid epidemic, and in 2020 launched a Covid19 product to estimate the scope and trend of the outbreak in communities. We have operated in almost 500 communities across 43 U.S. states, generating Covid19 case estimates for over 13% of the U.S. population. Battling the opioid epidemic and now the Covid19 pandemic is just the beginning - we’re transforming sewage into a data asset and building a public health database. Eventually, Biobot data will be an early warning system for disease outbreaks, a map of nutrition disparities, and more. Please visit our website at www.biobot.io",0,0
24406,Shimmer,Summer 2021,Active,"1:1 ADHD coaching, 5-10X More affordable than alternatives. Shimmer provides ADHD coaching to people with ADHD or executive function challenges. Shimmer was born from a group of ADHD coaches, psychiatrists, doctors, and engineers to create a personalized, action-oriented playground for you and your coach to explore. We're not another list, calendar, or app: we're real human interactions paired with expert strategies, so that you can make real changes in your life. Come check us out! Our ADHD coaches partner with you to co-design a plan to achieve your goals. You'll experiment with strategies on a weekly basis to implement a routine fit specifically for you. Our program has been designed off science-backed methods in partnership with NYU, UC Berkeley, and UCSF. Get your free ADHD Mastery Score > https://www.shimmer.care/assessment",0,0
184,Chirply,Summer 2010,Inactive,"Crowdsourced design marketplace for paper goods.. Chirply is a community of artists and design lovers that want to make better stuff through better design! The community collectively decides what the best submitted designs are, and then those designs are made into things we use everyday like greeting cards, notebooks, and wrapping paper",0,0
31498,Aster,Spring 2026,Active,Automating open-ended research.. Aster is the first autonomous research lab — thousands of AI research agents orchestrated in parallel toward a single goal. We're on a mission to automate open-ended research: research that defines its own problems before it can answer them. The future doesn't wait to be defined by benchmarks. Neither do we,0,0
580,Bellabeat,Winter 2014,Active,"Tech-powered women's wellness.. Founded in 2014, Bellabeat is a data-centered wellness femtech company behind some of the most fashionably designed tech-powered wellness products and one of the fastest-growing wellness subscription services for women. Throughout the years, Bellabeat built the go-to wellness brand with a compelling ecosystem of solutions and services focused on women’s health. The success of the Leaf and Ivy wearables enabled the brand to expand to international markets and kickstart industry discussions on the importance of innovating in the design and development of tech products. Today, Bellabeat is leading the market shift with hyper-personalized holistic wellness offerings aligned with a women’s menstrual cycle",0,0
13496,Apartio,Winter 2020,Inactive,Apartio offers Short Term Rentals for Business Travelers in Brazil,0,0
463,GetGoing,Summer 2012,Inactive,"We are building a ""transparent opaque"" airfare and hotel booking site. GetGoing is a travel technology company simplifying the business of travel so that our partners can focus on running their core business. Our travel search, booking, and advertising solutions seamlessly integrate complex technology and award-winning product design to serve the modern consumer and increase profitability for our partners. Our clients include Fortune 500 corporations, travel management companies (TMCs), airlines and hotel chains, incentive management companies, and online retailers",0,0
655,Parenthoods,Summer 2014,Acquired,"Communities for expecting and new parents.. Parenthoods is a community platform for local parents to meet up, share advice, and help each other conquer one of life’s most craziest rides…parenthood",0,0
968,Halolife,Summer 2015,Inactive,"Halolife is an online platform to find and plan a burial or cremation. Founded in May 2015 and based in San Francisco, California, Halolife is an online platform that provides step-by-step guidance to plan and find a burial or cremation service that meets your needs, budget, and location. Halolife is the only trusted online end-of-life marketplace that offers complete transparency of business reviews and prices of funeral and cremation providers. Whether you are a family that needs immediate assistance or planning for the future, our team of caring experts will help you every step of the way. We eliminate the need to shop around by matching you with the right funeral provider. Currently, Halolife is operating in the state California with plans to expand to throughout the United States in the near future",0,0
211,Koduco,Summer 2010,Inactive,iPad games.. Koduco makes iPad games that focus on multiplayer collaboration on the same device,0,0
25641,Suggestr,Winter 2022,Inactive,"Amazon-level personalization for Shopify merchants. Suggestr is a self-serve, no-code personalization solution for the 20M+ e-commerce brands that sell on platforms like Shopify. Marketplaces like Amazon drive up to 30% of their sales from personalized surfaces (recommendations, bundles, frequently bought together, et cetera). They have large data science teams that build such in-house recommendation engines. However, DTC brands can't afford to do this, and they don't have enough customer data to make the conventional recommendation approaches work. Suggestr uses innovative multi-modal AI technology that sees and understands products (needs 100x less data), allowing it to work with brands of all sizes (SME, mid-market, enterprise). The solution takes less than 30 minutes to integrate and helps merchants increase online store revenues by up to 10% with AI-driven upsells and cross-sells",0,0
967,Human Interest,Summer 2015,Active,"The 401(k) for small and medium-sized businesses.. Human Interest is on a mission to ensure that people in all lines of work have access to retirement benefits. Nearly half of all working Americans are not saving enough for their future. Too often it’s because they are employed by a company that doesn’t offer a retirement plan. Human Interest is changing that by making it affordable and accessible for small and medium-sized businesses to offer employees a path to financial independence through retirement savings. We’re a high-growth tech company changing the retirement industry. We’ve raised $500M and are backed by leading investors. Most recently, by funding from BlackRock as well as many other top investors: TPG (The Rise Fund) with SoftBank led our Series D, Glynn Capital, NewView Capital, USVP, Wing, Uncork, and others",0,0
1017,MineralSoft,Winter 2016,Acquired,"Data management platform for oil & gas assets. MineralSoft is the leading solution for mineral rights and royalty management. Are you looking for a better way to manage your minerals? Whether you're an investment fund, a family office, an individual, or an advisor, MineralSoft has a tailored solution for you. We combine industry-leading software with experienced, professional service to maximize the value of your assets. Save time, make money, and get peace of mind by managing your oil & gas interests with MineralSoft",0,0
24181,Kodex,Summer 2021,Active,"Easiest way for companies to process data requests from governments. Kodex makes it easy for companies to process, and respond to, subpoenas from governments around the world. Agencies, like the FBI, subpoena user data from customers like Coinbase, and thousands of other companies - without Kodex, companies largely rely on email, fax, and spreadsheets to manage them. Kodex is a SaaS tool that helps private sector companies manage relationships, workflows, and secure file transfer with government agencies who are seeking confidential information on a company's users. We streamline compliance operations, protect the privacy of their users, reduce error, and validate the legitimacy of government agents who are requesting information",0,0
24368,Yemaachi Biotechnology,Summer 2021,Active,"Diversifying precision cancer diagnostics and treatments. Yemaachi Biotech is diversifying and expanding access to precision cancer diagnostics and therapeutics by collecting and sequencing samples from all across Africa, which is the most genetically diverse population on the planet. We then use this data to either optimize existing diagnostic tests, or help other companies discover new ones. With our research activities based in Africa, we are able to leverage access to the most genetically diverse population on the planet to build a first-of-its-kind clinical and molecular knowledgebase on cancer among African people",0,0
22205,MilkRun,Summer 2020,Inactive,"Get Food From Farmers, Delivered.. Our team of farmers and chefs curate boxes of the finest quality local food for our customers each week. From seasonal produce, to humanely-handled pasture-raised meat, to organic eggs and dairy, there's something for every family. We deliver right to your door, as often as you want. Whether your family needs a delivery once a week or once a month, we're committed to helping you shop local. Delivery includes recipe suggestions, cooking videos, and more from our team of chefs. Whether you're looking for advice on how to roast a whole chicken or what that new-to-you vegetable is, we're here for you every step of the way",0,0
31234,Ekpa,Summer 2026,Active,Building Autonomous Research Agents for Trading,0,0
27961,Hona,Winter 2023,Active,"Personal Injury Legal Work - Automated. Hona is a legal technology company transforming the personal injury law space. Hona's platform helps PI firms strengthen client engagement through real-time case status tracking, AI-powered communication tools, and intelligent medical management — driving better outcomes for firms and the clients they serve. In addition to status updates, Hona allows clients to upload documents, securely message their legal team, and share feedback—all in one place. Hona integrates seamlessly with the law firm's existing case management systems, making it easy to implement without disrupting day-to-day operations. Hona's long-term vision is to transform client communication across the legal industry by making clarity and transparency the standard",0,0
301,Treehouse,Summer 2008,Inactive,"Treehouse is an online technology school that offers beginner to advanced courses in web design, web development, mobile development and game development taught by a team of expert teachers. Its courses are aimed at beginners looking to learn coding skills and embark on a career in the tech industry. In May 2016, Treehouse launched the Techdegree program, a comprehensive learning program focused on helping people learn the skills they need to start a tech career. Through earning a Techdegree certification, a student will challenge themselves, deepen their skills, and prove their knowledge to potential employers. All in 6-12 months, on their own schedule. Treehouse believes that understanding, communicating with and controlling technology is a fundamental skill that everyone should have the opportunity to learn. Through learning with Treehouse, each student is given the opportunity to learn the valuable skills they need — whether they have existing, little or no previous experience — to confidently take control of their future",0,0
26042,Pigeon,Winter 2022,Inactive,"Simplifying loans with your friends & family.. Pigeon is a relationship based technology platform that facilitates the creation and management of loans between friends, family, loved ones, and anyone who trusts one another. By providing smarter ways for people to mix money with their relationships, Pigeon seeks to empower individuals to borrow and lend money with the people they trust",0,0
26707,Chariot,Summer 2022,Active,"A payment network connecting nonprofits to the $326B in DAFs. Chariot is building the financial infrastructure for the $326 billion donor-advised fund (DAF) market, the fastest-growing segment of philanthropy. Our gift processing platform is an end-to-end solution for managing DAF payments, making it easier for grantmakers to send grant payments and nonprofits to receive, reconcile, and enrich their donation data. Chariot also powers DAFpay, the industry’s first integrated DAF payment option and a TIME’s Best Invention of 2025. It is embedded on over 100,000 nonprofits’ donation forms—including American Cancer Society, Memorial Sloan Kettering Cancer Center, and University of Pennsylvania—and is a primary payment option on leading fundraising platforms like GoFundMe and GiveButter. Hundreds of millions are already moving through Chariot’s platform, and we’re just getting started",0,0
30794,Vulcan Technologies,Summer 2025,Active,"AI for every law, regulation, and court case. Vulcan builds agents for government and government-adjacent work. We currently sell two agents: Justinian and Trajan. Justinian is an AI agent coworker for people who work in and adjacent to American government. To power Justinian, we created the world’s largest legal and policy database, accessible to our customers via our platform, email, and Slack. Trajan is a public-facing AI concierge built to help governments modernize service delivery. Hosted on a government website, Trajan helps businesses and citizens automatically complete permits, licenses, applications, and answer regulatory and legal questions. In addition to government customers, Vulcan's agents serve regulatory, legal, policy, and government relations teams at major U.S. enterprises",0,0
13242,Quill,Winter 2020,Active,"Fullstack API and management platform for dashboards and reporting. React Library, API, and Management Toolkit, purpose built for customer-facing dashboards",0,0
156,Convore,Winter 2011,Inactive,"Hosted IRC and so much more.. Convore is an online platform that enables its users to communicate with groups in real time. Its users have the ability to join an existing group or create groups of their own. Convore allows its users to post topics and have conversations with friends about those topics. The platform also provides its users with both public and private groups. Convore was launched in 2011 by Eric Florenzano, Leah Culver, and Eric Maguire. It is operated from San Francisco, California",0,0
21917,Vectrix,Summer 2020,Acquired,"Scan your SaaS apps and instantly identify security issues. As organizations around the world continue to rapidly adopt SaaS applications as the way they run their businesses, many are left without a way to manage the security of those same applications. Corporate IT and security teams are left asking questions like: - How will I know if someone shares a sensitive Google Doc publicly? - What if one of our employees doesn't have two-factor authentication enabled in Zoom? - Will I know when a new user is added to Slack? - What happens if our Salesforce minimum password setting isn't strong enough? With Vectrix's easy-to-use SaaS security scanning, organizations everywhere can quickly identify security issues and risks like these across their entire suite of SaaS apps, including Google Workspace, Microsoft 365, Slack, Zoom, GitHub, and more. When new issues arise, IT and security teams can be alerted in real-time so that further action can be taken right away. Founded by former security professionals from Autodesk, Vimeo, and PlanGrid, Vectrix is committed to providing teams of all sizes an efficient and reliable way to stay secure in the public cloud. Get started at https://www.vectrix.io",0,0
30798,Ruvo,Summer 2025,Active,"The Global Dollar App for Brazil. Ruvo is a global account for receiving, holding, and moving money between USD and BRL. We connect Pix, crypto, and Visa so you can receive USD from abroad, convert between USD and BRL in minutes, send money to the U.S., spend worldwide, and save in digital dollars with yield — all in one place. Ruvo supports both personal (CPF) and business (CNPJ) accounts, with low fees, strong security, and direct Pix settlement. Formerly known as Cacao",0,0
31346,Rudus,Spring 2026,Active,"AI Takeoffs for Concrete. Rudus is an AI-powered takeoff and estimation platform enabling concrete contractors to win 3x more projects yearly. It automatically identifies every concrete structure like footings, walls, columns, and slabs on plans, eliminating the manual work and reducing estimation time by 70%. Concrete is the most-used material on earth after water, and demand is surging with the AI infrastructure boom",0,0
706,Shout,Summer 2014,Inactive,Real-Time Classifieds. Shout is a one-to-one exchange platform that enables its users to post classifieds to sell tickets and reservations. It also has developed an iOS application that enables its users to communicate in real time with the sellers and handle payments online,0,0
29642,Hexclave,Summer 2024,Active,The user infrastructure platform. https://hexclave.com,0,0
26850,BiggerPicture,Summer 2022,Active,Scheduling automation platform between trucking and warehousing. BiggerPicture is a B2B SaaS solution that automates the scheduling of pick-up and delivery times for trucking companies and warehouses. 75% of shipments are still scheduled over phone calls and emails,0,0
11960,Convictional,Winter 2019,Active,"Convictional replaces Slack to keep teams mission aligned by design.. Convictional (convictional.com) is the company brain that replaces Slack, to keep teams mission aligned by design. Your goals, email, meetings, chat and knowledge search in one place, where your team's effectiveness compounds",0,0
1655,PreDxion Bio,Summer 2017,Inactive,"Rapid, scalable diagnostic for SARS-CoV-2 and beyond. PreDxion Bio is working on a rapid saliva-based antigen test for the detection of SARS-CoV-2 S-protein in asymptomatic and presymptomatic patients. Our technology is uniquely capable of being scaled to 10's of millions of tests of days using semiconductor fab processes, a scale of testing necessary to better inform public health officials and policymakers and enable contact tracing at scale. PreDxion Bio's origins are in critical care: our original technology is a rapid, near real-time cytokine and biomarker detection platform to monitor the immune response of critically-ill patients. This technology leverages a novel sensor platform we spun out of the University of Michigan. PreDxion Bio has received FDA Breakthrough Device designation and partnered with top pharmcos to monitor the immune response following CAR-T therapy and predict the development of cytokine release syndrome and neurological AEs, and for use in guiding precision medicine approaches in critical care",0,0
27222,Kamion,Summer 2022,Active,"Uber for Trucks for Turkey. Turkey is MENA’s largest economy, with ~850,000 independent truckers and a logistics market of 73 Billion USD. However, in its current state, freight forwarding for trucking relies on many phone calls, emails, and f2f conversations. Trucking is also fragmented, with SME fleets having ~95% market share. Kamion is the Uber for Trucks for Turkey. We connect businesses that are looking for trucks, with trucks that are looking for loads. We also utilize technology to do more with fewer people and collect data",0,0
31304,Litmus,Summer 2026,Active,"Run an async work trial on every engineer you interview.. Litmus is the most accurate read on how an engineer actually builds. We evaluate candidates through async technical assessments built from your own tech context (repos, tickets, and job descriptions), generated from scratch and scoped as real end-to-end features. Candidates work in their own setup with all their tools including AI, while we track and evaluate their process and output. Every submission runs in a sandbox, and grading is tuned to your company across tool fluency, process, and outcome. You get a real read on how someone actually builds, not just how they interview",0,0
1791,Correlia Biosystems,Winter 2018,Inactive,"Next-gen blood testing to provide 1000x more data to pharma companies. Correlia Biosystems is a UC Berkeley spinoff company based in Berkeley, CA. Correlia develops innovative microscale tools that accelerate rapid quantification of biomolecules. Our versatile ""SimpleScan"" technology opens up new biological questions from one microliter of sample, with rapid results that allow for dynamic monitoring of protein expression profiles (rather than simple end-point measurement). Applications range from enabling next-gen proteomic data sets to point-of-care diagnostics",0,0
1741,Pulse,Winter 2018,Acquired,"We're crowdsourced Gartner so IT executives can learn directly from. Pulse is a startup building a crowdsourced knowledge marketplace for C-Suite Technology executives and the vendors that work with them. With nearly 15,000 C-Suite execs already on the Pulse platform and hundreds being added on a daily basis, Pulse is set to change how B2B decisions are made. Companies like Salesforce, Microsoft, Okta and Dialpad already rely on Pulse to turbocharge their strategy, content and marketing teams on a daily basis and as we build out our products, we are excited about what the future holds",0,0
2027,Dorian Therapeutics,Summer 2018,Acquired,New therapeutics to rejuvenate tissue and treat age-related diseases,0,0
1748,Slite,Winter 2018,Active,"The self-maintaining knowledge base. Slite pairs a verified knowledge base with an AI agent connected to all team's tools, detecting when docs gets outdated and keeping them in sync with reality. It gives teams a company brain that stays in sync with reality, for humans to trust and AI agents to act on",0,0
25996,Marathon Education,Winter 2022,Inactive,"We provide live after-school tutoring to K-12 students in Vietnam. Marathon Education provides live interactive tutoring classes to K-12 students in Vietnam, we're the fastest-growing edtech player disrupting the $5bn offline tutoring market by allowing students to learn online with the best teachers in large-class or small-class format. The company is founded by Duc, former education private equity investor at TPG Capital - where Duc invested in K-12 education and edtech businesses in Vietnam & Southeast Asia. Duc co-founded Marathon with Tung - serial tech entrepreneur in Vietnam who grew his last startup - Christina's to 500 employees across 8 cities",0,0
633,Zidisha,Winter 2014,Active,"Direct P2P lending across the international wealth divide.. Zidisha is the world's first direct peer-to-peer lending service to bridge the international wealth divide, allowing individuals worldwide to lend to and communicate with borrowers in developing countries without local intermediaries. The direct connection creates better transparency, more profit for the entrepreneurs and lenders, and greater wealth creation for the world's poorest communities. We've been featured in numerous press and media for our groundbreaking work in using internet and mobile phone technologies to connect entrepreneurs in some of the world's most isolated and impoverished places with the international peer-to-peer lending market",0,0
1998,Nestor,Summer 2018,Active,"Skills-based talent management solutions for a dynamic workforce.. Nestor is a Skills-based talent management platform that helps HR and managers identify, activate, and strategically deploy skills in their organization to drive peak performance, innovation, and growth. With a market library of over 20,000 skills enhanced by Nestor’s AI skills suggestions, you gain unprecedented visibility into your people’s capabilities and dynamic mapping of their skills. Our leading platform combines the tools, insights, and decision-making support you need to understand people's strengths and skill gaps and effectively guide them with personalized upskilling and reskilling initiatives aligned with career goals and company business priorities. Nestor’s Talent and Opportunity Marketplace helps connect talent with gigs, projects, or new open roles based on AI smart-matching, ensuring people with the right skills are in the right place at the right time. Using the capabilities of the Nestor platform, HR and business leaders can benefit from: - Skills Mapping - Increased Performance - Upskilling & Reskilling - Talent Deployment - Growth & Retention - Internal Hiring - Succession Planning - Workforce Agility - Optimized learning ROI - Emerging Skills Nestor is trusted by HR and people leaders in mid-to-large enterprises, including F500 companies, across the US, Latin America, Europe, and the Middle East. Nestor is rated the #1st Easiest to Use Skills Management Software on G2. Request a demo here: https://nestorup.com/demo",0,0
30472,Ticket Wallet,Spring 2025,Active,"AI-optimized ticket resale. Ticket Wallet is an AI-powered resale platform for season ticket holders and brokers. We automate pricing, listing, and distribution across all major marketplaces. Today, most tickets are still sold manually: spreadsheets, guessing prices, and listing on one site at a time. The biggest brokers outsource pricing to teams in the Philippines… We built Ticket Wallet because we lived this. Truman has been flipping tickets for the last 5 years. Ryan built pricing software after seeing the mess first-hand. We’ve turned that pain into a product. Since launch, we’ve onboarded $3M+ in ticket inventory, signed up 100+ paying sellers, and started working with pro teams. We charge 10% per ticket sold. This is our wedge into the $26B resale market. Other platforms cost you money. We make you more of it",0,0
1031,Castle,Winter 2016,Inactive,"Castle manages rental homes using automation and on-demand labor.. Castle manages rental homes for landlords using automation and on-demand labor. We find tenants, collect rent, and coordinate maintenance, allowing owners to kick back, relax, and never worry about their rental properties again. Owners either have to deal with this whole mess themselves, or spend 10% of their rental income on a traditional property management company that requires constant supervision and is often incentivized to act against the owner’s best interest. There are 43 million rental units in the United States, and most of them are currently managed with some combination of faxes, mail, and unreturned voicemails on the landlord’s personal phone. Castle moves all of property management into a seamless online experience, providing owners with transparency, speed, and incredible customer service—plus huge cost savings over traditional management. Renters get great service and instant updates about important issues",0,0
30881,Wardstone,Fall 2025,Active,"Satellites for Missile Defense. Wardstone is a space defense-tech company developing next-generation capabilities to protect the United States and its allies from missiles and other space-based threats. We design, build, and deploy satellites equipped with space-based interceptors to kinetically counter hypersonic and ballistic missiles",0,0
30494,Nixo,Summer 2025,Active,"The first ops platform for forward deployed engineers. ​Nixo is the platform FDE teams use to unlock SaaS-level margins from services work. Connect customer conversations, engineering todos, and project delivery in one place to turn your custom work into repeatable leverage",0,0
605,Move Loot,Winter 2014,Inactive,"Move Loot is the most convenient and economical way to buy and sell. Move Loot offers a much-needed service to individuals buying and selling used furniture. There is currently no option in the market that optimizes your time and money while offering this unique user-friendly experience. We realize that in order to avoid the hassle, you end up buying new... harming your wallet and the planet! Move Loot solves your dilemma by creating an online marketplace where users can post furniture to sell, find furniture to purchase, and select delivery personnel to complete the process. Imagine online shopping meets ride-sharing meets an ice cream sandwich!",0,0
22670,PowerRouter,Winter 2021,Active,"PowerRouter helps sales teams with lead routing in Salesforce. PowerRouter helps sales teams assign leads and contacts to the right reps, instantly within Salesforce. We provide a powerful automation engine with a drag and drop canvas to create routing rules, visually. With actionable metrics to increase speed-to-lead and account based sales support, we make it very simple to stay on top of every lead in your Salesforce CRM",0,0
22706,Curvenote,Winter 2021,Active,"Communication and publishing tools for scientists. At Curvenote we are building the communication and publishing tools for scientists and engineers. In the future, every scientific report will feature interactive graphs with live data that will make it significantly easier to share and reproduce the work",0,0
1525,Breaker,Winter 2017,Acquired,"A podcast company.. Breaker is a podcast listening and discovery application. Most podcasts are free, but serious publishers are spending big budgets to make high quality audio content like Serial, which hit 100 million downloads and made podcasts mainstream. 67 million Americans are already listening to podcasts a month. Breaker wants to sign exclusive deals to distribute the best premium podcasts and charge users $6 per month. First, its goal is to build a huge listener audience by making the best podcast consumption app. It launched today, and will offer podcasters ways to connect and get feedback from their community, and analytics about what content performs best. It has a stunning 67% retention rate after a month for beta users. If it can convince people to pay for what’s often free, it could become the preferred place for podcasters to talk",0,0
157,Flotype,Winter 2011,Inactive,"Third generation of web apps.. Flotype Inc. is a venture-backed company building a suite of enterprise technology for real-time messaging. Flotype takes a unique approach by building developer-friendly technologies focused on ease-of-use and simplicity, while still exceeding enterprise-grade performance expectations. Flotype licenses enterprise-grade middleware, Bridge, to customers ranging from social web and software enterprises to financial and fleet management groups. Other offerings include NowJS, a free, open-source framework, for developers seeking real-time interactivity on Node.js and JavaScript browsers. NowCluster is available for companies seeking scalability and reliability for NowJS applications. Established in 2010 and based in Berkeley, California, Flotype is venture-backed by Andreessen Horowitz, Ignition Partners, InterWest Partners, and Salesforce.com",0,0
964,Eight Sleep,Summer 2015,Active,"The sleep fitness company.. Eight Sleep is the world's first sleep fitness brand with a mission to fuel human potential through optimal sleep. Founded in New York City in 2014, Eight Sleep leverages thermoregulation, data, and technology to design products to restore individuals to their peak energy every morning. Eight Sleep was named one of Fast Company's “Most Innovative Companies of 2018 and 2022”, and recognized by TIME's Best Inventions of 2018 and 2019",0,0
28743,Leafpress,Summer 2023,Inactive,AI Energy Management. AI-Native Utility Management,0,0
348,Zenter,Winter 2007,Acquired,"Zenter is the gmail of slides. Zenter is an web based presentation app that promises to really take advantage of being online. Users will have the regular functionality of PowerPoint, but with the ability to directly add content from the web (Google Images). Each public slide show will also be put into a public library, for other users to remix or just drop into their show. Zenter was acquired by Google in June, 2007",0,0
206,Fridge,Summer 2010,Acquired,"Disposable social networks.. The Fridge is a platform for lightweight single serving social networks for the functionality of Facebook without being on Facebook. The Fridge makes private conversation, media, and event sharing dead simple. The Fridge is like Tumblr for social networks. Anyone can easily create shared spaces, invite their friends and socialize/share photos, videos, music, and more. The Fridge reinvents how groups interact online allowing users to cut through the clutter of their social graph and create lightweight targeted spaces for personal and private relationships, special interest groups or clubs, or any temporary network around events, gatherings or nights out on the town",0,0
235,Newcope,Winter 2010,Inactive,Virtual goods commerce,0,0
1000,Loop Genomics,Winter 2016,Acquired,Novel long-read DNA sequencing technology. Loop Genomics provides long-read sequencing solutions across a diverse set of research and clinical applications. Our platform for long-read DNA sequencing transforms short-read DNA sequencers into long-read sequencing machines,0,0
21863,BukuWarung,Summer 2020,Active,"Accounting, Payments & Credit app for 60M micro-businesses in. BukuWarung is SEA's fastest growing startup and we are building digital infrastructure for 60 million MSMEs in Indonesia. BukuWarung's vision is to empower 60 million MSMEs in Indonesia to become financially aware and enable them to manage and grow their business using our technology platform, starting with bookkeeping, online storefront and payments. BukuWarung has raised $80M from top tier VCs globally: Peter Thiel's Valar Ventures, Goodwater Capital, Y-Combinator, Rocketship.vc, AC Ventures, Quona Capital, East Ventures, Golden Gate Ventures, SoftBank Partners, DST Global Partners, and strategic angel investors from Stripe, PayPal, Plaid, Grab, Gojek, Facebook, AirBnB, Fast, Mastercard",0,0
814,NexTravel,Winter 2015,Acquired,"NexTravel is a centralized travel booking platform that helps. NexTravel is a platform for companies to manage and streamline travel. We help companies get access to corporate/group negotiated rates for hotels, cars - making booking travel easier and more cost-effective. Email us at travel@nextravel.com or go to https://www.nextravel.com/ to find out more",0,0
11969,Postscript,Winter 2019,Active,"The SMS revenue platform for e-commerce merchants. We are building the #1 revenue channel for ecommerce. Top customers include Ruggable, Dr. Squatch, Thrive Cosmetics, and 20,000 more. Postscript generates more than $2B/yr in e-commerce revenue for our merchants, growing ~2x per year. Our goal is to generate $1T+ per year in e-commerce revenue. Interesting challenges: - Massive Scale - Real-time conversations across 100M phones",0,0
29104,Shadeform,Summer 2023,Active,"The GPU Cloud Marketplace. Teams struggling with GPU availability use our platform to unlock capacity immediately for their growing AI workloads. Shadeform has a unified, easy-to-use API and platform to access and provision GPUs and deploy models for inference to any provider. With our aggregated availability and pricing data, we can help ensure your on-demand inference and training jobs will run on time at optimal cost",0,0
1488,Token Transit,Winter 2017,Active,"Complete fare payment platform for public transportation. Token Transit puts cities in the center of managing new mobility by providing a complete fare payment platform for public transportation. Token Transit launched our mobile ticketing app in 2016. We now provide payments for transportation in over 200 cities across the United States and Canada with integration into the major third party trip planning apps such as Transit, Moovit and Google Maps",0,0
412,Clever,Summer 2012,Acquired,"The platform that powers technology in the classroom.. Clever is a single platform for all of your digital learning programs. Founded in 2012, Clever was started by educators and technology professionals who knew that schools, teachers, and students could all benefit from the amazing learning software that was available, but key challenges stood in the way of accessing the technology. Today, half of K-12 schools in the U.S. use Clever to give students and teachers single sign-on access for any resource or file they need, and to automate software account setup and updates for district administrators. Clever gives teachers time to teach, helps districts be better informed, and makes using applications in the classroom effortless. We are a team of more than 100 people passionate about education. If you feel the same way, you should see our openings at https://clever.com/about/jobs",0,0
29783,Guardian RF,Summer 2024,Active,"Drone detection for US defense and national security. The rise of low-cost commercial drones has introduced a new class of asymmetric threats to U.S. national security. Off-the-shelf platforms now deliver ISR, contraband, or payloads with precision, while operating below radar coverage and beyond line-of-sight. These systems—often costing under $1,000—are capable of neutralizing multi-million-dollar defense assets. For drone detection to be viable at scale, sensors must achieve cost parity with the threat. In response, the Department of Defense established multiple initiatives to counter the rapid proliferation of uncrewed aerial systems. The Joint Counter-small UAS Office (JCO) coordinates policy and acquisition across services. The Base Defense Cross-Functional Team enables persistent perimeter security for CONUS and OCONUS installations. Falcon Peak, Red Sands, and related exercises are accelerating deployment of counter-UAS technologies in complex environments. This threat is no longer exclusive to military operations overseas. It now directly targets the U.S. homeland. In 2025, an executive order designated the protection of American airspace sovereignty a national priority, recognizing that uncrewed systems present both surveillance and kinetic risks within the United States. That same year, a domestic extremist plotted to destroy a Tennessee power substation using a drone rigged with C-4 explosives—a plan disrupted by undercover federal agents. In July 2025, an unauthorized drone collided with a rescue helicopter during disaster response operations in Kerr County, Texas, forcing an emergency landing and halting flood relief efforts. These are not isolated incidents—they reflect a broader shift in drone-enabled threats against homeland infrastructure and public safety. Guardian RF builds passive, radiofrequency-based drone detection systems for force protection and critical infrastructure defense inside the United States. Our systems are fielded under an AFWERX Direct-to-Phase-II SBIR with the 30th Security Forces Squadron at Vandenberg Space Force Base, deployed by local and state law enforcement, and integrated into commercial security operations. We were selected as a finalist for Falcon Peak 25.2, the Department of Defense’s premier counter-UAS exercise. Scout is a passive RF sensor for fixed, mobile, or temporary deployments. It detects and classifies drone control signals—including modified variants of DJI, Crossfire, and ExpressLRS—at standoff ranges. Scout supports direct integration into TAK and other operational APIs and is managed through GRF-SECURE, our secure interface for live monitoring, threat alerting, and forensic review. Mosaic extends coverage in austere environments, enabling persistent low-altitude monitoring and classification of non–Remote ID drones across complex terrain—without active emissions or mesh dependency. Built in the United States, Guardian RF delivers scalable, automated, and cost-aligned drone detection—passive by design and hardened for real-world deployment across the homeland",0,0
32527,machine0,Summer 2026,Active,"Persistent & powerful cloud VMs from your CLI. machine0 is a CLI that lets you create, provision, and snapshot cloud VMs. `machine0 new my-vm` spins up a VM with dedicated CPU, RAM, and optional GPUs, plus a static IP and HTTPS endpoint. The tools agents need (e.g. Node, Python, Docker) and the agents themselves (e.g. Claude Code, Codex, OpenClaw, Hermes) come pre-installed. 99.99% VM uptime SLA across four regions. Agent workloads are moving from ephemeral to always-on. A coding agent debugging a complex issue runs 4-8 hours. OpenClaw runs 24/7. machine0 is the environment in which these agents run",0,0
21812,Safepay,Summer 2020,Active,Digital payments for businesses in Pakistan. Safepay provides a single integrated payments solution that interoperates with local and international payment options. Our current focus is to serve businesses and individuals in Pakistan and neighboring economies,0,0
26881,Bitstack,Summer 2022,Active,"All things money, with better money. Bitstack is building a new neobank powered by crypto. Bitstack has gone from a simple product that turns your spare change into bitcoin to a bitcoin-native neobank that is bringing a better way to manage all things money, with better money. We believe getting started with Bitcoin should be simple, fun and accessible to everyone. Bitcoin is an unparalleled financial alternative: a radically new way to transact and store value all around the world. It is a new kind of currency that isn't centrally controlled by any business, government or bank and that cannot be debased. Bitcoin will redefine the future of finance, from payments to savings, and wealth preservation. It is the first open and borderless monetary network with a fixed supply of 21 million, making bitcoin the most scarce financial asset ever",0,0
25822,Rome,Winter 2022,Active,"The marketplace for truckers. Rome is building a freight marketplace for truck drivers to find work, receive payments, and manage their business. Today, Rome helps 80+ drivers earn up to 40% more by accessing 10x more loads through scraping brokers/shippers. We’re looking to become the platform for all truck drivers and eventually own the layer between drivers and shippers",0,0
22101,Together Video Chat,Summer 2020,Acquired,"Interactive video chat made for kids and families. Together transforms the way kids and grown ups participate in a video call by providing educational activities, books and interactive games that can be played while video chatting",0,0
28090,Littio,Winter 2023,Active,"Dollar banking for people in Latin America. Littio is a neobank focused on solving the currency devaluation problem for Latin Americans. The product offers a Savings Account, a Mastercard debit, and investing options in U.S. dollars to help people avoid the currency risk",0,0
26793,Windmill,Summer 2022,Active,"Open-source platform to turn scripts into internal apps & workflows. Windmill is an open-source developer platform that turns scripts into workflows, internal tools, and full-stack apps. Write scripts in Python, TypeScript, Go, Bash, Rust, SQL - Windmill auto-generates UIs from their parameters, handles dependencies, credentials, permissions, and scheduling so you focus on business logic, not infra. Open-source alternative to Airflow, Temporal, Retool and n8n. Chain scripts into flows with branching, parallelism, retries. Build dashboards with the app builder. Trigger via cron, webhook, or UI. All-in-one runtime, editor, secret manager, and OAuth platform - enterprise-ready out of the box. Stack: Rust / TypeScript + Svelte / PostgreSQL. Self-hostable, easy to deploy, built for performance and DX",0,0
24514,Sirka,Summer 2021,Active,"Noom for Southeast Asia. Our program helps people prevent or manage chronic diseases by breaking bad eating habits with plans created by vetted, certified nutritionist / dietitians. Customers get an unlimited chat access to consult with our professionals, and personal recommendations to help adopt new habits into life",0,0
25907,Joon Health,Winter 2022,Active,"Pediatric digital therapeutic for the +100M families in the US. Joon is an integrated pediatric digital health platform for kids, starting with behavior disorders like ADHD, autism, anxiety, and depression. In Joon, kids access a game-based digital therapeutic where they level up when they do real-life behaviors that are managed by parents and clinicians. Over the next 10 years, we plan on being the first-line vertically integrated digital treatment for pediatric behavior disorders, leveraging the first of its kind technology to drive behavior change",0,0
13315,Cron,Winter 2020,Acquired,"Next-generation calendar for professionals and teams. Cron (acq. by Notion) is the next-generation calendar app for professionals and teams, making modern work more efficient and joyful. Our mission is to help spend time wisely through well-crafted software that streamlines workflows, integrates other productivity tools, and builds collaboration right into the core experience. In everything we do at Cron, we believe that time is our most precious resource",0,0
222,LaunchHear,Winter 2010,Inactive,LaunchHear was a startup attempting to make PR scale in the same way. LaunchHear is a way for bloggers to get early review copies of new products,0,0
625,Style Lend,Winter 2014,Inactive,Marketplace for Luxury Fashion Rentals.. Style Lend is a marketplace for luxury fashion rentals. Members can monetize their closets by listing their items directly on the iOS app or the website. And other members can rent them directly for a 7 day period,0,0
42,Tilt,Winter 2012,Acquired,"Mobile crowdfunding: The easiest way to collect, fundraise, and sell. Tilt is a technology company that makes it easy for groups and communities to collect, fundraise, or pool money securely and effectively online. In addition to helping social organizers, the company is legally certified in securing fundraisers for non-profit organizations",0,0
1756,Tipe,Winter 2018,Inactive,"Open-source, customizable, headless CMS. Tipe allows teams to edit, preview, and publish content for their apps. You can use tipe to change static content to dynamic, allow non-technical team members to edit anything. They can then preview those changes and get feedback before publishing. All of this is set up in less than 3 minutes from your developer",0,0
12739,Digi-Prex,Summer 2019,Active,Subscription pharmacy for patients with chronic diseases,0,0
21930,Osmind,Summer 2020,Active,"Platform for breakthrough mental health research and treatment. Osmind is the premier platform for clinicians and researchers advancing new life-saving mental health treatments. Today, mental health disorders are one of the leading causes of death worldwide, especially among young adults, and are tied to shortening lifespans. While there have been developments in new psychiatric medications since the first FDA approval in 1954, today there is a growing movement among clinicians, patients, and researchers who are recognizing the need to accelerate new science. The Osmind treatment platform is the first and only solution that solves specific challenges faced by neuropsychiatric clinics, spanning general psychiatry and interventional psychiatry (transcranial magnetic stimulation, ketamine, SPRAVATO®, psychedelic medicine, electroconvulsive therapy). The core electronic health record (EHR) technology is precisely developed for interventional treatment workflows and designed to support a strong therapeutic alliance, including journaling tools and assistance with health plan reimbursement, which is a significant access hurdle for millions of patients. Research from our platform is already helping to set new standards for mental health interventions. For example, in the largest published real-world analysis of ketamine infusion therapy for depression, we teamed up with Stanford University School of Medicine to share findings in the Journal of Affective Disorders (March 2022). We have multiple ongoing research studies leveraging our proprietary real-world data, including an even larger ketamine analysis leveraging machine learning to predict treatment outcomes. Osmind is a San Francisco–based public benefit corporation led by scientists, technologists, and psychiatrists. We are backed by top investors including DFJ Growth, General Catalyst, Future Ventures, Tiger Global, and Y Combinator",0,0
1820,Nutrigene,Winter 2018,Inactive,"Personalized liquid supplements based your health data. Our mission is to optimize health and prevent nutrition-related disease, which affects over half of the world’s population. Current supplement solutions are ineffective and inconvenient. Dried pills lack potency while liquid vitamins quickly degrade - neither form gives your body specifically what it needs to perform. Nutrigene helps you optimize your health - by sending you pure, personalized liquid supplements. Pick a goal, fill out our metabolic assessment, and we will optimize your supplements based on scientific research to create unique formulations are 10x more effective than generic off the shelf pill-based formulations",0,0
95,Zenbox,Summer 2011,Inactive,"Brings dozens of SaaS's (Mailchimp, Stripe, Shopify, Salesforce,. Zenbox is a browser extension that connects all of your SaaS services.Open an email, and Zenbox pulls in your customer information from dozens of services right into the sidebar",0,0
30670,cocreate,Summer 2025,Active,"video production software. Cocreate was built alongside our friends and colleagues — editors and their assistants, DITs, post supervisors, and UPMs — to design something that will keep individual professionals competitive in a landscape rapidly overrun by needless automation. We've spent the past few years collecting as many grumbling stories of production and post production inefficiency; lost footage, wasted time. Shots un-slated, timecodes un-jammed, script supervisor notes incoherent; days wasted on menial tasks. What if there was a tool to take care of all that?",0,0
2016,dNovo,Summer 2018,Inactive,"The cure for hair loss.. At dNovo, we are curing hair loss by creating new hair, de novo. We are doing this with cellular reprogramming technology that we pioneered at Stanford and Harvard. With this technology, we can take any patient derived cell, whether it be blood, skin or fat and reprogram (convert) them into medically relevant cell types. Our first objective is to cure hair loss by using our reprogramming technology to make new hair (patent pending). This is different from everything currently available on the market because the hair loss industry is focused on maintaining the hair that you already have, but no one is trying to produce NEW hair, de novo. After hair, we envision using our cellular reprogramming technique to make any cell, any tissue or any organ on demand to replace what is lost as we age",0,0
24599,Female Invest,Summer 2021,Active,Female Invest is a social e-learning app for finance and investing,0,0
12642,Canix,Summer 2019,Active,"Canix makes it easy to get and stay compliant as a cannabis business.. Canix is building the first generation of modern software for the burgeoning cannabis industry. We help our customers overcome daunting compliance regulation, sell more product, and optimize their day to day operations—from cultivation, to processing, to distribution. Recent winner of TechCrunch Disrupt 2020, find out more at TechCrunch and canix.com",0,0
22693,Lion Pose,Winter 2021,Active,"Clinical skincare tested on diverse skin, now available in Sephora",0,0
674,TAXA Biotechnologies,Summer 2014,Inactive,"We enable cheaper, faster, and better genetic engineering of plants.. The TAXA platform has been specifically designed to enable anyone to perform metabolic engineering of plants without stepping into a lab. We provide access to protein engineering, DNA assembly, transient experiments and stable transformation as a service. The best thing is that anything ""Powered by TAXA"" is designed to be free from expensive regulatory approval, meaning the products are available for sale or distribution to consumers in the United States immediately after they are developed. For a detailed list of the experiments which can be run on our platform please see the Services page. Our vision is a world where bio-engineering is as easy and commonplace as mobile application development is today. Game-changing technologies, like genetic engineering, should not be the exclusive preserve of large corporations and a wealthy elite. Democratizing the tools of creation enables anyone, anywhere, to genetically engineer plants and will unleash a wave of creativity to power an environment where ultimately what we create is limited only by our imagination. The TAXA platform is our next step in the realization of that dream We are also the team behind the first synthetic biology crowdfunding project, raising $484k on Kickstarter to make real glowing plants: www.glowingplant.com",0,0
71,Clutch,Summer 2011,Acquired,An easy to integrate library for native iOS applications designed to. Clutch.io builds tools for mobile application developers. Clutch's line of tools helps developers overcome some common problems with mobile app development including A/B testing for mobile apps as well as a framework that enables developers to iterate much faster,0,0
1180,Mindori,Summer 2016,Inactive,"Mindori builds white-label voice search for e-commerce apps.. Mindori is the accurate way to search your app by voice for e-commerce companies. Build magical conversational search for your app in minutes, with no learning curve. ""What about shirts that I can wear at a wedding?"". Search over concepts that you may not have thought to index in your database. ""Find a green shirt"" - ""What about in red?"". Make the experience magical for users through context. Was it ""Koffee Kult"" or ""coffee cult""? Customize speech recognition models for your product catalog and customer queries. Get started in minutes. Improving the model requires only minutes per day, not hours. Track user preferences and deliver customized suggestions based on their buying behavior and patterns. Export your generated models to popular assistant or chatbot frameworks automatically",0,0
31087,Lucent,Winter 2026,Active,AI that automatically improves products from user behavior. Lucent is an AI product manager that automatically improves products based on how users behave. We use AI to watch and understand user sessions and detect bugs and UX issues,0,0
27253,Cone,Summer 2022,Active,"Work operating system for professional service businesses. Cone is an AI-powered work operating system that unifies accounting workflows — proposals, tasks, billing, payments, and client engagement into one platform",0,0
27146,Sunpia,Summer 2022,Active,"Deploy serverless without rewriting code. Sunpia lets developers easily experience the cost and speed benefits of serverless infrastructure, without having to rewrite their code. Developers annotate their code and Sunpia automatically designs a microservice version of it they can deploy on their own cloud",0,0
613,PiinPoint,Winter 2014,Active,"PiinPoint helps businesses find the best locations for growth. PiinPoint is changing the way businesses identify the best location for expansion. Our modern day SAAS solution enables businesses to use powerful tools to search and validate locations throughout North America. We centralize a variety of datasets such as traffic, demographics, and available commercial real estate to ensure businesses can make a fast and reliable decision about where to expand",0,0
1909,Demeanor.co,Summer 2018,Acquired,Now part of thentwrk.com,0,0
22699,Nourish,Winter 2021,Active,Telehealth dietitians covered by insurance. Nourish is solving America's healthcare crisis by helping people eat better. We connect chronic condition patients with a Registered Dietitian via telehealth and get it covered by their health insurance,0,0
31306,Martini,Winter 2026,Active,"AI Video Production for Professionals. Martini is a collaborative, AI-native platform for professional filmmaking in the era of generative media. By integrating the best generative models into professional workflows, we enable world-class creatives to harness generative AI as a legitimate medium for film",0,0
24876,Nash,Summer 2021,Active,"Nash is the digital logistics infrastructure for commerce. Last mile is a $500B industry powering digital commerce but managed largely with self managed API integrations. Nash approaches last mile orchestration with information completeness solutions from checkout, courier management, customer engagement, and post-purchase experience. Doing this enables merchants and customers to capture immense efficiencies, drive better customer experience, reliability and business outcomes. We are working towards a mission of processing a double digit percentage of every physical last-mile transaction. We achieve this by providing top of the market modules for each step of the customer journey and leveraging the network effects from having more information that allows traditional competitors to collaborate. It’s a big mission, but we are already seeing strong market pull as we are already serving some of the largest retailers in the world like Walmart, 7-Eleven and Woolworths. Nash was founded in 2021 by Mahmoud Ghulman (2x Founder, MIT) and Aziz Alghunaim (2x Founder, 2x YC, Ex-Palantir, MIT) and has raised funding from top investors, including Y-Combinator and a16z, to build the world’s best logistics infrastructure platform. We are based in SF",0,0
31360,Lightsprint,Spring 2026,Active,"Collaborative product development with cloud agents. Lightsprint is a collaborative platform for software teams to plan visually, preview live and ship with an army of cloud agents. Your whole team, including non-engineers, can now ship end to end reliably. The company is founded by Ben Ong, an AI investor who previously scaled AI products at SEA Group (NYSE: SE) and Temasek ($300B fund), Benedict Chan who was VP Engineering at Chainlink and CTO at BitGo (NYSE:BTGO), and Heng Hong Lee who built Facebook Messenger in 2013 and was Director of Engineering at Fazz (YC S17)",0,0
29613,ClaimSorted,Summer 2024,Active,"Making it easy for insurance companies to process claims. ClaimSorted helps insurance companies remove the hassle of managing claims by enabling them to outsource their claim operations to us. This service is known as a Third Party Administrator (TPA). Unlike traditional TPAs, we blend AI and best-in-class experts to deliver a 5-star customer experience, minimise mistakes and speed up claim assessment",0,0
25473,Miggos,Winter 2022,Active,"Wholesale marketplace for mom & pop clothing shops in LATAM. Miggos is a wholesale marketplace for the 5 million+ mom & pop clothing shops in Latin America. We're on a mission to make the lives of these mom & pop store owners in Latin America easier, connecting brands and manufacturers to small retailers and facilitating the entire process of purchasing, selecting, and discovering new products, credit, logistics, and service",0,0
646,Framed Data,Winter 2014,Acquired,"Predicted churn for enterprises. (Acquired by Block). Predictive analytics for user churn. We use machine learning to help you identify when, and why, your users are leaving. We're building data science tools and predictive analytics solutions for businesses who want value without headcount. Our platform will also include ways for people to collaborate on datasets and analyses. Data science is a high demand field and want to democratize it for all companies to use. Framed Data was acquired by Block in 2016",0,0
402,Mth Sense,Summer 2012,Active,"We're a mobile on-device profiling and ad-serving platform initially. mth sense focuses on finding solutions to ""blind"" ads. mth sense offers its users an audience library to target certain demographics and psychographics",0,0
22889,Greywing,Winter 2021,Active,"The Operating System for Maritime. Greywing is a platform for ship operators to automate their business, through actionable intelligence, better data and communication. Greywing today serves three product lines to customers: *Flotilla* is a monitoring tool for vessels, enabling vessel managers to identify fleet-level patterns and optimizations and to identify risk and liability vectors in advance. *CRY4* is an operational tool for individual vessels that allows crew managers, security officers and masters to gather intelligence about a vessels current or proposed route, making decisions about the safest and the cheapest ports of call that a vessel can be directed to. *Landfall* is a crew management and analysis system to provide risk reporting and detailed editing capabilities about the crew on-board a vessel. *Semaphore* is a port-agent communications tool meant to simplify the process of interfacing with large numbers of port agents while planning a port call",0,0
26120,AirMyne,Winter 2022,Active,"Building systems to remove carbon dioxide from air at industrial scale. AirMyne is building machines to capture & remove carbon dioxide from ambient atmospheric air so it can be utilized or sequestered downstream. Our team is based in Berkeley, CA",0,0
31481,Saudara AI,Spring 2026,Active,"AI Native Sourcing Broker For Overseas Manufacturing. Saudara AI is an AI sourcing broker connecting American brands with vetted overseas factories. US brands import $3T in goods a year and lose billions to ghost suppliers, hidden fees, and blown deadlines. The factories that actually deliver sit behind decades-old relationships outsiders can't break into. We were born into them. Every deal runs through a real human broker, supercharged by AI that handles sourcing, quoting, QC, logistics and vendor financing. 10x faster, at a fraction of the cost. Sourcing is the largest broken market in global trade. We're the on-ramp",0,0
13,MyVR,Winter 2012,Acquired,"The open platform for the vacation rental industry.. MyVR provides short-term rental businesses the ability to simplify and centralize the management of their marketing channels - Airbnb, HomeAway/Vrbo, TripAdvisor, Booking.com, Expedia and more - from a single dashboard, while also providing these businesses with their own online presence to grow their direct sales channel. MyVR's easy-to-use software also allows short-term rentals to streamline and automate day to day tasks, saving time and money, reducing errors, and improving the experience of travelers. MyVR's open platform also connects the MyVR core software seamlessly to other best of breed applications and services",0,0
23515,Avion School,Winter 2021,Inactive,We teach Filipinos to become remote software engineers globally,0,0
28412,Speedy Labs,Winter 2023,Active,Maximize profits with AI-powered rebate management.. Speedy Labs helps manufacturers and distributors ditch error-prone spreadsheets that cost them millions in missed rebate opportunities for an AI-powered solution that not only tracks rebate payments and their performance but also unlocks insights from their financial data silos that uplifts their bottom-line profit margins. $1 trillion worth of rebates are exchanged every year in North America alone,0,0
24653,Novatr,Summer 2021,Active,"Online cohort based courses for architects, engineers and designers. Novatr (YC S21) offers online cohort-based courses for architects, engineers and designers in the AEC industry to advance their professional growth. We serve learners from 45+ countries including India, MENA, USA, Europe, and SEA. Our courses are delivered by professionals from global firms like Autodesk, BIG, Google, UNStudio, AECOM, and graduates are placed at top-tier architecture firms, construction companies and real estate companies. Project-based learning and peer-to-peer interaction in cohort makes learning enriching and increases the completion rates to 84%. Learners work in groups of 2-6 on live projects and create significant outputs from scratch. The company is led by alumni of SPA Delhi and IIT Madras",0,0
1867,CaptivateIQ,Winter 2018,Active,"Agile commission software to design, deploy & adapt commission plans.. CaptivateIQ is on a journey to modernize the world of incentive compensation. Our hope is that people will feel more connected at work if there is greater transparency in how they are rewarded for their efforts. We partner with amazing companies like Carta, Intercom, Gong, and Newfront Insurance to simplify their commissions. Since launching in 2017, we have raised $63M and are backed by leading investors including Sequoia Capital, Accel, S28 Capital, Amity Ventures, and Y Combinator",0,0
12575,Zeal,Summer 2019,Active,Modern payroll for modern work,0,0
31206,Samora AI,Winter 2026,Active,"Multilingual voice agents that outperform humans. Samora runs multilingual voice operations for organizations with high-volume calling without requiring engineering teams, call centers, or AI expertise. Many important tasks still depend on phone calls, including customer support, outreach, follow-ups, screening, and intake. But voice AI often fails in production because real callers interrupt, go off-script, switch languages mid-sentence, and speak in local dialects. Teams also worry about safety and compliance, especially when an agent can accidentally make the wrong promise. Samora solves this with voice agents that sound local and follow strict rules. Samora agents handle inbound and outbound calls, collect information, and update internal systems like CRMs, ticketing tools, and ATS platforms. When a call becomes sensitive or uncertain, the agent hands off to a human. It can also follow up over WhatsApp, SMS, or email when needed. With Samora, teams get: 1. Voice agents that work in real conversations, including dialects and code-switching 2. Strict safety controls so agents don’t make unauthorized offers, discounts, or promises 3. Calls that result in completed actions, system updates, and safe human handoff",0,0
31096,shortkit,Winter 2026,Active,"Media infra for consumer apps. ShortKit lets any consumer app launch a TikTok-grade media expereinces. Michael, spent 6 years at YouTube building the infrastructure that powers YouTube Shorts. Neil, prev. scaled a SaaS company from 0 to $6M ARR as employee #1. We handle the full media stack, starting with short form video - client SDKs, video infrastructure, rec systems, and monetization - so product teams don't have to",0,0
30948,Lua Global Inc,Fall 2025,Active,"The mid-market agent platform. Lua is the mid-market agent platform. We deliver enterprise reliability with the speed, flexibility, and economics that mid-market companies demand - helping them deploy AI agents that drive sales, support, and operations across everyday channels and tools. We scale through developer agencies and channel partners, enabling rapid distribution without a large enterprise sales motion or scaled forward deployed teams. We think of Lua as an agentOS that abstracts all of the complexity required to launch enterprise grade agents and combine it with the tools needed for these agents to succeed in the real world. Lua was founded by Lorcan O Cathain (CEO) and Stefan Kruger (CTO)- experienced founders who have spent 15 - 20 years each scaling technology companies across emerging markets. We sell to mid-market enterprises and developer agencies in the US and internationally. Developers are increasingly our primary ICP but we run SMB & enterprise sales motions to accelerate our learnings and further develop our product: - SMB ($25- 1k per month): fully automated self-serve agents that handle sales and support for eCommerce companies, hotels, restaurants and general service businesses. If you’ve been on our website you’ve likely seen this. - Enterprise: We directly sell to mid-market (~ $50M- $1BN) businesses across the US and internationally to eat our own dog food and strengthen our platform",0,0
608,One Degree,Winter 2014,Active,"One Degree is a nonprofit organization that makes it easy for. One Degree is a technology driven nonprofit organization that helps individuals and families access the resources they need to improve their lives and achieve social and economic mobility. One Degree's mission is to empower people to create a path out of poverty for themselves and for their communities. Our core product is a web and mobile platform makes it easy for low-income families to find, manage, and review nonprofit and government services. Our platform has become the go-to tool for help-seekers – and the people who support them, such as case managers and social workers – throughout the San Francisco Bay Area and Los Angeles County in California, and in Gainesville, Florida. We currently operate three major products: the One Degree website and Android and iOS apps. Thousands of people in the Bay Area and Los Angeles rely on One Degree’s website and apps to access health care, food banks, employment services, and much more. We also support communities around the country to start their own One Degree chapters",0,0
13501,Sayana,Winter 2020,Acquired,"Affordable mental self-care for all. Acquired by Headspace Health.. Sayana is a mental wellness app that helps people track their thoughts and feelings daily, get relevant tips on how to cope with emotions, and match with people in a similar life situation",0,0
30086,Autumn,Summer 2025,Active,"Billing infrastructure for AI. Autumn is open-source infrastructure over Stripe that allows AI startups to build their pricing plans quickly, and flexibly. We act as your app's DB and manage who's paying for what, track usage and manage customer feature access. YC companies use us because we make it easy to handle common pricing models like usage-based, credits, subscriptions, rollovers and more in 3 functions and no webhooks. As you scale, you get reliable billing, that you can change however you want without wrangling code (we handle versioning, migrations etc), and manage custom pricing too. Everything you could down the line (credits, multiple subscription groups, rollovers, referral program, usage analytics, centralized team billing etc), you can drop in at any point",0,0
27040,Grai,Summer 2022,Inactive,"Open source version control for metadata. Grai is open source version control for metadata. We can determine how database changes will affect deployed machine learning models, apis, and dashboards because we understand how data relates across systems which don’t otherwise talk to each other",0,0
23432,Recover,Winter 2021,Active,"Government-funded online addiction treatment. Recover provides more effective and affordable addiction treatment via telemedicine. We partner with local governments to save lives and taxpayer dollars. More than 20 million Americans struggle with addiction, but less than 10% of people who need it receive treatment. For those that do, it usually does not work - only 8% get better. Most of this treatment is funded by governments, and goes to programs that are frequently predatory, and focus more on profit than people. We have created an effective, accessible, and affordable solution: Recover. We offer a proven approach using medication and counseling, that can improve outcomes for over 70% of patients. It reduces overdoses by 80%, death by 50%, and has years of research and application showing it works. Despite how effective this medication can be, most rehabs do not have medical professionals on staff. Not only does our program work better and bring medicine to addiction care, it also costs just 10% of traditional programs. Nick founded Recover after seeing his family and friends struggle with addiction. He was raised by a drug addict, has an alcoholic brother, and lost an uncle to heroin. He saw how hard it is for people to get the treatment they need, and how ineffective existing options are. We are working to make sure that people like Nick’s family have access to best-in-class addiction treatment so they can get and stay well",0,0
25730,Blitzllama,Winter 2022,Acquired,"A platform to collect and analyze in-product user feedback. Blitzllama makes it easy for product development teams to rapidly collect user feedback at scale. With only a simple SDK integration, teams can ask questions to their users within product journeys and get highly contextual answers in minutes. This empowers product teams to ship products that address users' real problems that increase user retention, engagement and reduce churn",0,0
11926,Parker,Winter 2019,Active,Parker is a digital bank.. Parker is a digital bank,0,0
1643,Entocycle,Summer 2017,Active,Automated factory to produce insect protein for farm animals.. The Insect Farming Company. We’re developing the world’s most efficient and sustainable way to produce protein. Insects are rich in protein and are a natural component of the diets of many fish and free-range poultry. Our technology is significantly more efficient at producing protein than traditional methods of production as our insects are vertically farmed and not restricted to floor space or area. Thanks to our automated system we can produce at industrial scale and offer farmers a cost-effective and sustainable alternative to soymeal and fishmeal,0,0
29527,ParcelBio,Winter 2024,Active,"Elevated mRNA for transformative medicines.. ParcelBio is engineering a new class of mRNA medicines designed to deliver unprecedented potency and durability. Its proprietary APEXm™ platform uses novel RNA domains to enhance protein expression and extend activity, enabling therapies that reach the thresholds required for meaningful, and potentially curative, clinical outcomes. The company is advancing programs in autoimmune disease, oncology, and encoded protein therapeutics",0,0
28421,Metal,Winter 2023,Active,"Metal is an AI-driven operating system for fundraising. Backed by a16z and YC, Metal is building an AI-native operating system for founders raising venture rounds. Metal brings proprietary intelligence on the venture ecosystem, enabling founders to identify the ""most likely"" investors, research various firms, and identify who they know that can introduce them to specific investors. More than 100 YC founders have signed as paying customers",0,0
23239,Preki,Winter 2021,Acquired,"Shopify for LatAm. Preki creates easy to use e-commerce solutions for local businesses in LatAm, you can think of us as Shopify for LatAm. Setting up an online business in LatAm is expensive, hard to learn and time consuming. With us, all businesses have to do is follow an onboarding process and add products - no code or design involved. This process takes less than 30 seconds and users can start selling immediately",0,0
13305,Revenir,Winter 2020,Active,First API solution for tax returns.. Your free money back to you with the trust of your own bank. Individuals and corporations to claim back their value-added tax globally,0,0
13206,Global Belly,Winter 2020,Inactive,"Marketplace enabling social commerce for brands and content creators.. Global Belly is a platform that helps creators and content companies add shoppable products to their content and monetize their audience. We drive social commerce for partnering brands, by matching their products to relevant content. We take care of technology, analytics and operations so that content creators can easily create and start selling unique physical and virtual offerings in a matter of minutes. Global Belly has launched 100+ influencers in the food space and shipped thousands of products nationwide. Global Belly's co-founders are Ankita Sharma and Madhuri Sharma (unrelated). Ankita has a Masters in Computer Science (Carnegie Mellon) and MBA (NYU Stern) and experience working at Apple and Bloomberg. Madhuri brings the culinary and content marketing skills to the team, with a B.S in Film & Television (Boston University), a Culinary Arts degree (Institute of Culinary Education) and experience at Grey Global Group and The Food Network",0,0
27054,Ekho,Summer 2022,Active,"Shopify for vehicles. Ekho's end-to-end vehicle commerce platform powers compliant, digital sales of titled vehicles. Our platform handles checkout, financing, titling, registration, signature collection, and taxes—so dealers and OEMs can sell nationwide with a seamless, Tesla-like experience. Dealers use Ekho Dealer as a “dealership-in-a-box” to capture online sales and automate in-store deals without needing large back-office teams, while OEMs use Ekho Access and Omni to extend their reach and unify dealers across sales channels",0,0
761,The Human Utility,Winter 2015,Active,"The Human Utility seeks to eliminate water service disconnections for. Founded July 2014, The Human Utility (formerly known as the Detroit Water Project) matches families needing help with utility bills to people who want to help through payments directly to utility companies. For over 40 million families in the United States, water and other essential utilities may be unaffordable. In order to afford utilities, families often forgo medication, food, and transportation. The Human Utility's platform divides a bill similar to a loan syndicate expanding the possible number of donors from around the world able to join together to ensure families never lose access to utility service. Donors are matched with a specific family or donate to a universal assistance fund. Later, we use utility data to design interventions addressing the root causes of why people need help with their utility bills with the goal of never having them lose service again",0,0
30204,Subtrace,Winter 2025,Active,"Zero code network tracer. Subtrace is a zero-code network tracer. It's like having an inspect element button for your whole infra: when you start a process with Subtrace, you'll see every HTTP request coming in and going out in realtime. Under the hood, it uses BPF to make this possible without any root privileges or code changes. We have ~2.5k stars on Github",0,0
11963,SciTok,Winter 2019,Active,Platform for scientists to share their research via videos,0,0
31194,Valence,Winter 2026,Active,"Unified prediction markets trading platform. Valence is a unified trading platform for prediction markets. We provide infrastructure to aggregate and execute contracts across Kalshi, Polymarket, and other platforms, surface arbitrage and mispricing opportunities in real time, and give systematic traders the API and backtesting tools they need to build and execute data-driven strategies on anything",0,0
26303,Massdriver,Winter 2022,Active,"Deploy secure, scalable cloud infrastructure in minutes not days. Massdriver helps engineering and operations teams build secure, production-ready internal developer platforms in minutes. With over 50+ infrastructure components engineering teams can build golden paths quickly on Kubernetes, serverless, or VMs. Get the flexibility product engineers need, with the auditing and security operations teams’ demand. We handle all the boring parts of cloud operations like IAM, secrets, continuous deployment, alerting, and monitoring so your team can focus on the product. Massdriver supports anti-lockin, by running in your cloud, and open-sourcing all of our infrastructure components",0,0
27159,Almond,Summer 2022,Inactive,"We make it easy to get great ObGyn care in-person and over telehealth. Almond is like One Medical but for women’s health: we make it easy to get great ObGyn care fast, both at our in-person offices and over telehealth. The problem with traditional ObGyn practices is that physician time is misused, so patients get slow care. We're rebuilding back-office tech that saves physicians time, and we're hiring a wider range of care providers roles, which let us deliver better outcomes to patients and reduce the amount of time it takes to get their issue resolved",0,0
168,GOAT Group,Winter 2011,Active,"Platform for the greatest products from the past, present and future.. GOAT Group represents the leading platforms for authentic sneakers, apparel and accessories. Operating four distinct brands–GOAT, Flight Club, Grailed and alias–GOAT Group has a global community of over 50M members across 170 countries. We are backed by some of the leading names in venture capital including Accel Partners, Andreessen Horowitz, Index Ventures, Matrix Partners, NEA, SV Angel, Upfront Ventures, Webb Investment Network and Y Combinator",0,0
31564,Huscarl,Spring 2026,Active,"AI-native actuary enabling self-insurance for corporations. Huscarl is building an autonomous AI actuary to enable self-insurance for corporations. Large companies use insurance subsidiaries (""captives"") to self-insure their risks. Some of these captives are larger than regional insurers. We provide them the actuarial and modeling layer to operate and grow. We're building a future where self-insurance is the default, and commercial insurance the exception. This is the best way to solve the inefficiencies of the $1T corporate insurance market",0,0
290,Picwing,Summer 2008,Inactive,"Photo Sharing platform for families. Picwing is a photo sharing platform that enables users to share their photos through a variety of sources. Picwing offers a convenient printing service where their users can send photos through email using a camera or computer. These photos are printed and mailed to one or more recipients every 2 weeks. Picwing also provides digital photo frames built upon a Linux kernel. Users can send an image from their desktop or phone, and within 20-30 seconds see it on a digital frame. The frames are mini Linux machines that the founders hope will eventually be able to support much more than image sharing",0,0
1960,Ajaib,Summer 2018,Active,"Consumer fintech for Indonesia. Ajaib is an online brokerage that allows Indonesians to buy and sell stocks, ETFs and mutual funds. We are Indonesia's leading financial technology platform driven by a mission to educate the importance of investing for the future. Guided by the three principles; Everyone is an owner, a growth mindset, and a will to win, we aim to increase the number of financial inclusion within Indonesians through investment. Ajaib is committed to opening the door to access safe, trusted and affordable investment instruments. We transformed the way young generations invested when we first established in 2018. Today, Ajaib is the third-largest brokerage by the number of transactions in Indonesia, with over 1 million investors based on our platform and titled as the fastest-growing unicorn in South East Asia",0,0
22075,PANADATA,Summer 2020,Active,"We run background checks on businesses using data from public records. We run background checks on businesses using data from public records in Panama. Trusted locally by largest banks, law firms, banking regulators, ports, foreign embassies, law enforcement. Our main use cases are due diligence, commercial intelligence and compliance",0,0
30474,RunRL,Spring 2025,Active,"Reinforcement learning as a service. RunRL improves LLMs and AI agents with reinforcement learning. Do you have a model that needs to get better at a certain task? Are you tired of messing around with prompts? Do you spend a lot of money on observability, and wish that all this data could let your model self-improve? Well, head on over to RunRL.com, and see what we have to offer! If you give us a model, a prompt, and a reward, we’ll make your model’s reward go up",0,0
1245,Vidcode,Summer 2016,Acquired,"Coding for teens. Vidcode is computer science courses for tweens and teens. With over three hundred self-guided coding tutorials teens can build their web development skills with Vidcode course tracks. The curricular approach enables students to create video filters, simulations, augmented reality, and other creative projects -- all while learning the fundamentals of computer programming. Founded by female developers and artists, the company was originally built with girls in mind and pays special attention to increasing participation from young women and underrepresented minorities",0,0
25619,RecordBook,Winter 2022,Active,"Airtable for 400 Million SMBs Globally. RecordBook is one stop solution to manage all business DATA, WORKFLOWS & TEAMS for Small and Medium Businesses on their mobile devices & in their local languages",0,0
27090,CompUp,Summer 2022,Active,"Building a compensation graph to help companies optimise people spend. With over 500M white-collared job offers rolled out annually, companies find it very difficult to be certain about what to offer. Companies rely on old compensation survey data, which are updated only once every year. The salary expectations of candidates in the market change significantly on a quarterly basis (~7% statistically) in the startup ecosystem. This results in more than 50% of qualified/selected candidates not joining the company due to expectation mismatch. CompUp is an API-driven compensation benchmarking tool. We integrate with your existing HR/payroll systems, removing the need for manual data entry, and also getting updated in real-time. CompUp provides the most accurate real-time compensation benchmarking data which helps you make the right offer to the candidate. The platform allows you to make better compensation decisions such as annual increments, candidate offers using internal and external data. This has the following advantages : - All the process of compensation data submission is automatic and needs no manual intervention - Since the job market is dynamic in nature, the offers made on CompUp's real-time benchmarks would be the most efficient - The presentation of the offer to the candidate makes it look more appealing and explanatory to the candidate",0,0
1720,Jellyfish Art,Winter 2012,Inactive,"Jellyfish Art makes jellyfish aquariums and supplies them with live jellyfish and accessories. Jellyfish are a new trend in personal aquariums. They require specialized tanks with water flow patterns that keep the jellyfish suspended in the middle of the tank away from filtration intakes. They also require specialized food made from frozen plankton. Jellyfish Art sells everything needed to keep jellyfish in a personal aquarium, including the live jellyfish, which can be shipped anywhere in the U.S. via overnight express delivery. The company sells all of its products through its website and ships from a warehouse located in San Francisco, CA. It is the flagship site of AnyVivo",0,0
24489,HeyCharge,Summer 2021,Active,"Low-cost, high-scale EV charging platform for apartments (and more).. EV charging infrastructure today is expensive, difficult to install, and doesn't integrate well with existing products, services, and businesses. HeyCharge solves all of these problems with ultra-low-cost, plug-and-play EV chargers that don't require internet connections and integrate with third-party products via our SDK and APIs. Our customers are energy utilities, property operators, mobility service providers, and more",0,0
1805,Let's Do This,Winter 2018,Active,The online company that gets everyone offline. Marketplace for experiences starting with mass participation sports events,0,0
22829,Camber,Winter 2021,Active,"Admin automation for healthcare. We’re on a mission to make behavioral health more available and accessible. We're backed by a16z, YCombinator, Craft, and many others to make this dream a reality. At Camber, we build software for clinicians to improve quality of care. We streamline and replace manual efforts so clinicians can focus on what they do best: providing high-quality care. — Healthcare is broken. We think this is a problem worth solving, and we think we know how to solve it. Interested? Check out https://jobs.ashbyhq.com/camber",0,0
13095,Hoss,Winter 2020,Acquired,"The developer experience platform. Hoss is a developer experience platform that gives teams the essential tools they need to deliver a world-class customer experience. API-driven companies like Xendit, AssemblyAI, and Zentail trust Hoss to help them better acquire, understand, and support their customers. With Hoss, teams can offer superior documentation and developer content, gain deep visibility into how customers are using their API, monitoring third-party APIs, and provide robust and customizable developer dashboards. Hoss is backed by top investors like Y Combinator, Liquid2, FundersClub, and Soma Capital",0,0
473,Scuba,Winter 2013,Acquired,"Analytics for impatient people.. Scuba is the fast and scalable event-based analytics solution to answer critical business questions about how customers behave and products are used. Interana allows users to analyze and explore the key business metrics that matter most in a data-driven world – such as growth, retention, conversion and engagement – in seconds, rather than the hours or days it often takes with existing solutions. Interana allows customers to discover and investigate these key insights easily through its visual and interactive interface, which makes data analysis a natural extension of everyone’s workflow",0,0
24138,Epinoma,Summer 2021,Active,We engineer proteins that control the operating system of biology,0,0
1266,Meesho,Summer 2016,Public,"Democratizing internet commerce for everyone in India. Meesho is India’s only true online marketplace, altering the status quo to make e-commerce inclusive and accessible for the next billion users. With a vision to enable 100 million small businesses, including individual entrepreneurs, to succeed online, Meesho is democratising internet commerce and bringing a range of products and new customers online. The Meesho marketplace provides sellers access to millions of customers, selections from over 30 categories, pan-India logistics, payment services and customer support capabilities to efficiently run their businesses",0,0
51,Fond,Winter 2012,Acquired,"Rewards and recognition SaaS for HR leaders. Fond is a global SaaS platform that seamlessly consolidates employee rewards and recognition processes into one easy-to-use solution. With Fond, employees and managers can recognize each other, redeem rewards, access exclusive corporate discounts, and measure success so HR departments spend less time managing programs and more time driving results",0,0
1830,Dataform,Winter 2018,Acquired,"Manage data in Snowflake, BigQuery, and Redshift. Dataform helps data teams build, version control, and deploy SQL pipelines in their data warehouse. Acquired by Google Cloud in December 2020",0,0
27124,KemNet,Summer 2022,Active,"KemNet supplies reformulated drugs for specific groups of patients.. KemNet supplies pharmacies with premium reformulations of popular drugs that are more useful for specific groups of patients. For example, more than 30 pharmacies rely on KemNet to supply reformulated products for erectile dysfunction that work up to 8 times faster than alternatives. In addition to sexual function, products reformulated for novel drug delivery and supplied on KemNet include medications for hair growth, pain, weight loss and women's health",0,0
11974,FLOWER CO.,Winter 2019,Active,"FLOWER CO. sells weed on the internet.. We sell weed on the internet. We're a vertically integrated legal cannabis company delivering next-day in Los Angeles, Long Beach, San Francisco, East Bay, Marin, Humboldt, Sacramento, and Vallejo. We're venture-backed and growing exponentially",0,0
12287,Prometheus,Winter 2019,Active,"We use solar and wind power to make zero net carbon electrofuels. We remove CO2 and water from the air and use electricity from solar and wind power to turn them into zero net carbon electrofuels. These are gasoline, diesel, and jet fuels that work in existing cars, trucks and planes without requiring modification of their engines, and don't contribute to global warming because they don't add any new CO2 to the atmosphere. Each gallon of our electrofuels means a gallon of fossil oil left in the ground forever. Importantly, these fuels for the first time can compete with fossil fuels on price - our zero net carbon jet fuel has a price of one cent per gallon less than fossil jet fuel. American Airlines ordered 10 million gallons of this fuel and we will start shipping it next year",0,0
283,OhLife,Summer 2008,Inactive,"OhLife is a personal journal that you'll actually keep. Every day we send you an email asking ""How'd your day go?"" You type as much as you want and hit reply. We accumulate your entire journal through these daily email replies",0,0
541,SpoonRocket,Summer 2013,Acquired,"Meals Delivered in 10 Minutes. SpoonRocket is a next-gen, ultra fast delivery platform that delivers high quality tasty meals to customers in 15 minutes or less. Currently backed by Y Combinator, Foundation Capital, General Catalyst, and various other angels and funds. Download the app or checkout the website at www.spoonrocket.com",0,0
1504,Arylla,Winter 2017,Inactive,"We connect products to the internet using an invisible, chip-less tag. Arylla has created a printable tag that can be scanned with any phone using our API. We piggyback on legacy commercial printers to get our tag onto products at scale and license our API to developers who build services on top of our tag. We are 10x less expensive and much more scalable than alternatives like NFC",0,0
24424,Kodda,Summer 2021,Inactive,"Community that accompanies you in your transformation towards a healthy and lasting lifestyle, through guided programs made by professionals who will support you every step of the way",0,0
29343,Infinity,Winter 2024,Active,Business banking for cross-border SMBs & Startups. Infinity is a banking and payments platform for cross-border businesses in India. We help our customers make cross-border payments that are 70% cheaper than traditional methods and earn income on idle cash by investing in government securities,0,0
13391,Spenny,Winter 2020,Active,"Acorns for India. Every time you swipe you make a digital. Spenny is the Acorns for India. Every time a user make any digital transaction, we round off the amount to the nearest 10 INR and invest it for them into a diversified portfolio, automatically. 400M millennials in India don't invest because they don't have enough time, knowledge or access to large capital. With Spenny, they just connect the card and invest every time they spend. We're growing 67% WoW since launch, with 3,000+ users and $15,000 in AUM. Indians put $500Bn into their bank accounts annually. We charge 1.75% of the AUM for investments. That's a direct ~$9Bn market in India alone. Potentially every time a user makes a transaction, we make money. And in that sense, the timing for Spenny couldn't have been better: 1 Trillion+ transactions are expected in 2021 because of factors like Whatsapp launching its P2P payments in India for its 400M users. And the emergence of UPI means every Indian has a virtual bank account now. More interesting revenue models develop from the transaction data insights of our users. We analyse the rich data to A) up-sell more financial products like insurance etc., and B) create brand loyalty programs & partnerships. We acquire customers at minimal CAC by bank partnerships. We leverage the banks' existing users, by integrating with their mobile app. In turn, we invest into their mutual funds. Our long-term vision is to become a one-stop asset management solution for millennials",0,0
810,GitLab,Winter 2015,Public,"A complete DevOps platform delivered as a single application.. GitLab is the first single application for the entire DevOps lifecycle. Only GitLab enables Concurrent DevOps, unlocking organizations from the constraints of today’s toolchain. GitLab provides unmatched visibility, radical new levels of efficiency and comprehensive governance to significantly compress the time between planning a change and monitoring its effect. This makes the software lifecycle 200% faster, radically improving the speed of business. GitLab and Concurrent DevOps collapses cycle times by driving higher efficiency across all stages of the software development lifecycle. For the first time, Product, Development, QA, Security, and Operations teams can work concurrently in a single application. There’s no need to integrate and synchronize tools, or waste time waiting for handoffs. Everyone contributes to a single conversation, instead of managing multiple threads across disparate tools. And only GitLab gives teams complete visibility across the lifecycle with a single, trusted source of data to simplify troubleshooting and drive accountability. All activity is governed by consistent controls, making security and compliance first-class citizens instead of an afterthought. Built on Open Source, GitLab leverages the community contributions of thousands of developers and millions of users to continuously deliver new DevOps innovations. More than 100,000 organizations from startups to global enterprise organizations, including Ticketmaster, Jaguar Land Rover, NASDAQ, Dish Network and Comcast trust GitLab to deliver great software at new speeds",0,0
347,Buxfer,Winter 2007,Active,Buxfer helps you make better spending decisions by making it easy to,0,0
27876,Propexo,Winter 2023,Active,"Plaid for Commercial Real Estate. Propexo lets engineers build, test, and launch CRE software integrations in days, not months. We modernize the developer experience for our customers, providing clear documentation and robust infrastructure to support the needs of property owners, property managers, & proptechs",0,0
25659,Tuva Health,Winter 2022,Active,"Open source software that cleans and transforms messy healthcare data.. At Tuva Health, we make open source software that cleans and transforms messy healthcare data. We’re founded by Aaron Neiderhiser and Coco Zuloaga, former senior execs from Health Catalyst and Strive Health. We realized data transformation and data quality is the fundamental problem preventing the healthcare industry from building scalable data products. We launched Tuva and joined the W22 batch of Y Combinator to solve this problem for the entire industry. Since January 1st, we signed our first customer (paying $10k per month) and completed the first major release of the Tuva Project. At Tuva, our goal is to (1) become the open standard for healthcare data transformation and (2) build the data network for multi-site benchmarking, research, and machine learning on top of this open standard",0,0
22953,Enode,Winter 2021,Active,"An API for electric vehicles and other energy hardware (DERs). Enode’s APIs enable you to instantly connect users’ energy devices — including EVs, solar inverters, home batteries and thermostats — to your app",0,0
12627,TaxProper,Summer 2019,Acquired,"TaxProper helps large Real Estate owners manage their property taxes.. TaxProper is an enterprise SaaS solution that acquires real-time property tax data, encodes local tax rules, and contains all of the operational workflows associated with property tax management. Our core products automate property tax payments, forecast future property tax liability, and help large real estate operators manage their property tax appeals",0,0
425,FileStack,Summer 2012,Inactive,"Acquired by Xenon Ventures.We enable website developers to hook into. Filestack helps 100,000 apps access, personalize and embed end user content, all in one API. Filestack handles all steps in a company's file journey while providing custom built machine learning models and enhanced upload reliability to deliver the ultimate content experience. We are culturally diverse with folks from Canada, IE, Poland, Ukraine, South Africa, India, Boston, Colorado, and North Carolina",0,0
31133,Skillsync,Winter 2026,Active,"Discord for building with agents. Skillsync is a real-time multiplayer coding agent with shared memory. Teams build with coding agents together, live, in the terminal or a Discord-like app, then every session becomes searchable memory the whole team and its agents can reuse. Today, all the thinking behind your code lives inside individual agent sessions and evaporates the moment they close. The reasoning, what was tried, what was rejected, the taste that sets your best engineers apart, just becomes tribal knowledge stuck in a few heads. Skillsync captures it. We're formalizing engineering culture, so how your team uniquely builds becomes explicit, shared, and reusable",0,0
29269,Garage,Winter 2024,Active,"Marketplace for America's most essential assets. Garage is modernizing how America buys and sells the vehicles and equipment that keep communities safe. Our AI-powered marketplace automates every part of the transaction—appraisals, payments, paperwork, freight, warranty, and financing—reducing what once took months down to minutes. By replacing broken, manual processes with modern software, Garage helps critical equipment reach communities faster—saving taxpayer dollars and supporting the industries that keep America running. We've raised $18M to date, and are backed by Y Combinator, Initialized Capital, Infinity Ventures, FJ Labs, and other leading investors",0,0
13239,BuildBuddy,Winter 2020,Active,BuildBuddy provides enterprise features for Bazel — the open source,0,0
29383,Aftercare,Winter 2024,Active,Conversational AI surveys with intelligent follow-up questions. Aftercare helps you run surveys with AI-powered follow-up questions to dig into responses for deeper insights—it’s like having a skilled interviewer for every survey,0,0
12878,Vendr,Summer 2019,Acquired,The AI negotiation agent to help you save money on SaaS.. Vendr built the AI negotiation agent that helps companies stop overpaying for software by using real contract data to benchmark prices and secure better deals automatically,0,0
126,Draft,Summer 2011,Inactive,"Making Draft. Super simple version control and collaboration for. Draft is a streamlined online word processor with version control. Draft offers clean saves of drafts instead of the usual autosave jumble, clear version control between multiple users, easy importing from popular file services like Dropbox and Evernote, and something pretty unique — an editing service. Built by one-man Y Combinator team Nathan Kontny (previously the cofounder of Inkling and Cityposh), the web app puts solo writing first. Its interface makes a point of looking nice, with the words you write appearing in large, plain-text font on a light-gray background",0,0
639,GBatteries,Winter 2014,Active,Enabling li-ion batteries to charge ultra fast without compromising. Our technology enables li-ion batteries to charge extremely fast while retaining long cycle life using smart control algorithms,0,0
30639,Signals,Winter 2026,Active,"iMessage revenue channel for DTC brands that brings customers back. Signals is a new iMessage revenue channel for DTC ecommerce brands that gets customers to buy again. After a purchase, we open a real two-way conversation over iMessage, the channel customers actually read and reply to, and turn it into repeat revenue. In A/B tests, that drives ~$30 in average incremental repeat revenue per conversation",0,0
1283,Abundance Labs,Summer 2016,Inactive,Abundance Labs incubates and builds alternative currency marketplace,0,0
921,Markhor,Summer 2015,Active,Markhor is a DTC company that works with craftsmen to make shoes and. Markhor's leather footwear and accessories are handcrafted by some of the most skilled artisans in the subcontinent,0,0
12619,Mindset Health,Summer 2019,Active,"Building AI therapeutics for physical health conditions like IBS.. We help healthcare providers treat their gastrointestinal patients with AI-delivered therapy. Using machine learning and large language models, we learn from therapy data, outcomes, and physiology to deliver adaptive, scalable treatments for conditions like IBS - without the waitlist",0,0
531,DoorDash,Summer 2013,Public,"Restaurant delivery.. Founded in 2013, DoorDash is a San Francisco-based technology company passionate about transforming local businesses and dedicated to enabling new ways of working, earning, and living. Today, DoorDash connects customers with their favorite local and national restaurants in more than 600 cities across the United States and Canada. By building intelligent, last-mile delivery technology for local cities, DoorDash aims to connect people with the things they care about — one dash at a time. Read more at blog.doordash.com, and find us on Glassdoor",0,0
26710,Tailor,Summer 2022,Active,"Headless ERP for retail operations. Tailor is the headless ERP that gives fast-growing retail brands a composable, API-first platform to run operations with speed, flexibility, and control. 🧱 Legacy ERP is too rigid: Systems like NetSuite and SAP take months (or years) to implement and break with every change. Tailor is modular, headless, and easy to adapt. 🧩 Point solutions don’t scale: Tools like inventory or order management software solve one problem, but can’t talk to each other or keep up with growth. 📊 Spreadsheets are everywhere: From demand planning to purchase orders, even $100M+ brands still rely on Excel. Tailor replaces duct-taped workflows with ops modules you can tweak, combine, or scale ⚡️ Complex workflows need custom logic: Whether it's multi-location inventory, DTC + B2B orders, or light manufacturing (like kitting or lot tracking), Tailor supports flexible automations out of the box. 👟 Operators can move faster: Launch backend modules in minutes, not months. Tailor's low-code tools let teams build, automate, and adapt without waiting on engineering or implementation agencies. Built for composable retail: - Headless backend with GraphQL APIs - 50+ integrations (Shopify, QuickBooks, 3PLs, etc.) - Custom automations via Pipelines, Functions, and Event Triggers - State machines for approvals and multi-step workflows - AI features like OCR and vector search built in Tailor is already powering operations at fast-growing omnichannel brands and modern manufacturers. We’re proud to be the first Japan-based company to join Y Combinator. Learn more at [tailor.tech](https://www.tailor.tech)",0,0
21909,Seal,Summer 2020,Active,All-in-one workspace for companies making regulated products,0,0
24538,Coast,Summer 2021,Active,"Demo Platform for API-First Companies. The first AI-powered demo platform designed to sell, market and implement technical products with ease. Our visual platform makes APIs more accessible and accelerates commercialization, enabling high-impact digital transformation for the world’s largest enterprises",0,0
838,VetPronto,Winter 2015,Inactive,"On demand veterinary house calls.. Currently servicing the San Francisco Bay Area, Los Angeles, New York, Chicago, Washington DC, Baltimore, Atlanta, New Orleans and Tampa Bay. VetPronto is a new type of Veterinary Service dedicated to providing the most quality, convenient and transparent veterinary care possible. We're empowering vets across the country to better serve their patients. We treat pets at the home or workplace, saving them stress, and you time. We're using tech to provide a new standard of medical record management, client communication, and operational efficiency, including telemedicine and pharmacy integration",0,0
13083,Alude,Winter 2020,Active,We offer free software that automates bureaucracy for real-estate,0,0
1630,Upfort,Summer 2017,Active,"Turnkey security & hassle-free cyber insurance from leading insurers. Upfort is a leading platform for cyber security and insurance that provides holistic protection from evolving cyber threats. Founded in 2017 to expand global access to cyber resilience, Upfort makes cyber risk easy to manage and simple to insure. Upfort delivers turnkey security proven to proactively mitigate risk and comprehensive cyber insurance from leading insurers. With proprietary data and intelligent automation, Upfort’s AI anticipates risk and streamlines mitigation for hassle-free underwriting. Insurers, brokers, and risk advisors partner with Upfort to offer clients resilience and peace of mind against cyber threats",0,0
31176,Rhizome AI,Winter 2026,Active,"Agent Platform for Life Sciences. It takes 500,000 days of office work to bring a drug to market. We want to make it 5. To get there, we need agents doing most of the work. Today, our research agent is the best way to know what the FDA thinks. Users ask a question and get an answer backed by up to 1,000 documents, where each statement has a citation. It’s the best because we have the best retrieval engine. We’ve tuned it on our life science-specific dataset, and we find what others miss. As more teams use Rhizome, we gain more data on what regulatory professionals actually need, which makes retrieval even better. This flywheel is how we become the retrieval engine that powers all human and agent work in life sciences. Chetan started his career as a research engineer, but quickly realized he enjoyed building more than research. He joined EvolutionaryScale as their sole founding product engineer, launching their developer-scientist platform and scaling to tens of thousands of users and billions of API calls. He was also #16 at Instabase helping banks with document processing, closing $7m as the technical closer. Agents can do magical things today, but most in life sciences only use them to edit emails. Agents are missing the context they need to 100x the number of drugs we can bring to market. Rhizome AI is focused on that critical problem",0,0
31548,Hyper,Spring 2026,Active,"Company brain that powers your AI employees. Hyper is a shared brain that plugs into all information flowing inside a company, creates a self-maintaining knowledge graph, and makes your AI employees better and ultimately saves people time. Our in-house memory system scores at or above SOTA on most public benchmarks, and we've built a custom eval suite to measure our precision/recall metrics. In the last 12 days since launch, we've gotten top 5 / top 12 on hacker news & product hunt, onboarded 50+ teams, grown 0 to 1k MRR, and are scoping paid design pilots with co's like Razorpay and Snorkel AI. Our whole lives we've packaged hardcore engineering into beautifully simple products, and that's how we’ll win this platform shift",0,0
13507,CrowdForce,Winter 2020,Acquired,"Crowdforce is an app that allows any local merchant in Africa,. CrowdForce is an app that allows any local merchant in Africa, starting with Nigeria to become a bank branch within minutes",0,0
296,Ticket Stumbler,Summer 2008,Inactive,"TicketStumbler is a secondary ticket market search engine and comparison website. They search through thousands of ticket listings from hundreds of brokers and ticket exchanges across the internet and present the information in an organizable format. TicketStumbler allows simple ticket comparison, enabling you to find the best seats at the best prices",0,0
24840,VedaBio,Summer 2021,Active,CRISPR powered Diagnostics with results in minutes.. Syndromic testing powered by engineered CRISPR enzymes. Get comprehensive results in every doctor visit. More at www.vedabio.com,0,0
22995,Quicknode,Winter 2021,Active,"Tools & infra to build and scale high-quality blockchain applications.. Quicknode is an enterprise-grade blockchain development platform that helps teams build and scale high-performance onchain applications. Developers get fast and reliable access to over 80 chains, real-time and historical data, automation tools, and a unified suite of APIs. From startups to global enterprises, teams choose Quicknode for consistent performance, predictable pricing, and a platform built for growth",0,0
22675,Unfurl,Winter 2021,Inactive,"A virtual food hall that delivers. Unfurl is a ghost kitchen, but instead of having one type of food we enable families to order many types of food all in one order. Think of it as an upscale food court where you and your kids can order from 8-15 different restaurants all at once",0,0
21956,buildspace,Summer 2020,Inactive,"we're the place where people build cool shit.. we’re the largest place where you give your idea a shot. and, we mean any idea — a hip-hop album, short film, a novel, some indie software, a youtube channel — whatever. no idea is too big or too small. it all starts with nights & weekends. it's six-weeks where you can start any idea from zero on your nights and weekends, and by the end you'll have your first fans, revenue, downloads, whatever. in 2023: - 12M+ ppl saw our content across Instagram and Twitter. - more than 30,000 people joined nights & weekends to work on their own ideas. - 1,000 people flew to meet us and others like them for 3-days. and, we had 1,000 people come out to one of our physical, 3-day events. to get a sense of what this all looks like in practice, see our video for season four [here](https://twitter.com/FarzaTV/status/1719091708775059754). we even built a [physical campus](https://twitter.com/FarzaTV/status/1678561092308705281) for people who want to go full-time on their idea and need place to figure it out -- again, we don't care how big or small the idea is. overall, it's been a journey. so, now what? in 2023, we built up massive distribution. it was all about creating really high-quality content + experiences. but, it was all very one-off. in 2024, we're fully focused on taking all our learnings and building a world class product. a product that can help millions pursue their passions and build their ideas. and, we're looking for talented engineers and designers to help us figure it out",0,0
791,Makrwatch,Winter 2015,Active,"Scale new user acquisition with YouTube Creators. Makrwatch helps D2C companies scale user acquisition with YouTube creators. Our clients see us as an alternative growth channel to Google/Facebook, by reaching their audience at a more efficient cost per acquisition and obtaining high quality customers that are more engaged. Makrwatch has been growing 100%+ year over year, currently processes 2M-5M in billings and helps creators in over 60+ countries. We are reaching 20 team members in 6+ countries, have been fully remote for the past years and aim to reach 20M in billings with 10,000 sponsored videos within the next 18 months",0,0
25340,Loops,Winter 2022,Active,"Email sending for startups. Loops is a simple and beautiful email sending platform for SaaS companies. We have a Notion-style block editor for email creation, excellent deliverability for transactional mail and pre-built loops for SaaS companies to snap-in to increase their revenue and user engagement",0,0
39,Grouper,Winter 2012,Inactive,"We set up drinks between 2 groups of friends: 3 guys and 3 girls.. Grouper is a social club that sets up drinks between 2 groups of friends: 3 guys and 3 girls (or 3 guys and 3 guys, etc.). Grouper started in New York in the summer of 2011 and now organizes Groupers in major cities across the US. Members have shared tens of thousands of drinks. The company was founded by Michael Waxman, a Yale grad and developer who formerly started language-learning company Batiq, and Tom Brown, an MIT engineer who was an early employee at MoPub (acquired by Twitter for 350MM). The founding team also includes Challen Hodson and Kristen Badal. Grouper was funded by Y Combinator in the Winter 2012 batch",0,0
13338,twoplus fertility,Summer 2020,Active,"An effective home-use fertility treatment for natural conception. We are making a new fertility treatment that infertile couples can order with a click of a button to help them conceive at home. Our technology increases the likelihood of pregnancy by guiding significantly higher number of sperms towards the ovum using a proprietary combination of surface features and microenvironment optimization. The fertility treatments available today, such as in-vitro fertilization (IVF) and intra-uterine insemination (IUI), are psychologically and financially draining and come with considerable treatment-associated risks. Furthermore, over 25 million women of reproductive age in the US have limited nearby access to fertility treatment",0,0
28911,CandorIQ,Summer 2023,Active,"Headcount & Compensation Management. CandorIQ is software to manage Headcount and Compensation planning. Employees are +70% of all OPEX and yet still managed in sheets & email. We manage all people spend in 1 platform, integrated into your Finance & HR stack. Product capabilities include: - Headcount & backfill planning - Headcount budget scenarios across departments - Merit cycle planning - Analytics including employee churn, hiring win/loss, cash burn",0,0
21805,Bento,Summer 2020,Inactive,"In product customer activation. Bento empowers b2b SaaS companies to give customers great in-product onboarding, 10x faster than building it in house. From set-up, to trying out a new workflow, Bento's onboarding guides give users a home base to track progress, pull in a co-worker to help (looking at you, IT), and go back to the steps they've done before",0,0
151,Comprehend,Winter 2011,Acquired,"SaaS to increase speed and quality of clinical trials.. Comprehend, the leader in Clinical Intelligence solutions, is focused on accelerating treatments to patients. Our suite of software applications provide clinical operations, data management and medical review teams with the critical insights and automation they need to improve the speed, safety and quality of their clinical trials. Designed to unify, monitor and analyze clinical data across disparate sources in real-time, Comprehend's Cloud software delivers solutions for CRO oversight, centralized monitoring, risk monitoring, data review and medical monitoring. Comprehend’s investors include Sequoia Capital, Lightspeed Venture Partners and Eminence Capital. Learn more at www.comprehend.com",0,0
12358,Eclipse Foods,Winter 2019,Active,"Eclipse Foods is building the future of dairy using micelles, the. Eclipse Foods is building the future of dairy using micelles (the microscopic magic of milk.) Eclipse has developed the world's first plant-based dairy platform which makes plant-based products with the taste, texture, and functionality of conventional dairy. We are transforming the $500B dairy industry and have raised over $60M from leading investors such as Y Combinator, the chairman of Beyond Meat, the founder of Reddit, the creator of Gmail, Forerunner Ventures, Sozo Ventures, Initialized Capital, and more. Our mission is to create a more sustainable, healthy, and humane food system by making plant-based foods that require no sacrifice",0,0
28791,Linc.,Summer 2023,Active,"AI Copilot for Shippers, Carriers and Brokers. Linc is an AI agent to automate workflows in logistics. Our first product is an AI Copilot for logistics vendors that parses inbound (emails + documents + spreadsheets) and syncs this data with systems of record (ERPs/spreadsheets)",0,0
27683,Versori,Winter 2023,Acquired,"Agentic integrations & automations for enterprise. Orchestrate custom integrations, workflows & agents in hours, not months. Take control of your integration strategy and breathe easy with maintenance on AI Autopilot. For Product Teams: Build better integration libraries. Build a feature-rich integration library, for your users to enjoy. Offer out-of-the-box integrations that work for you and your customers. Embedded IPaaS typically locks you into connector or endpoint limitations. Versori gives you to tools for limitless customisation. Proactive, self healing agents, scan your connected apps for endpoint or schema changes. You get alerted, Versori AI fixes the change. Embed Versori built integrations into your app with the Versori SDK. Flexible to your development approach with advanced user management. For Operations Teams: Get your internal systems speaking the same language. Deliver integrations for new software in days, not months—so you can start unlocking value immediately. Versori’s speed to value reduces typical deployment fees by half—or more. Low code for speed. Full code for control. No more limits from inflexible integration platforms. For GTM & Sales Teams: Say yes to any prospect's integration request. Stop bouncing between teams to get integrations built. With Versori, Sales can go straight to yes. No more escalations or delays. Versori offer fully managed custom-builds, so your customers get exactly what they need, without compromise",0,0
145,HelloSign,Winter 2011,Acquired,"eSignature software for small and mid-market businesses.. We believe that the way business gets done today is broken. That’s why we’re dedicated to simplifying work for everyone - from small startups to large enterprise companies. Millions of individuals and over 65,000 companies world-wide trust the HelloSign platform – which includes eSignature, digital workflow and electronic fax solutions – to automate and manage their most important business transactions. With a sharp focus on user experience and a lust for innovation, HelloSign is on a mission to Simplify Work",0,0
1893,Modern Treasury,Summer 2018,Active,"Payment operations tools for money movement.. Modern Treasury offers tools that automate the full cycle of money movement—from payment initiation, through approvals, to reconciliation—and are accessible through web application or API",0,0
31130,AutoSitu,Winter 2026,Active,"AI-native workspace for development plan reviews. At AutoSitu, we’re building coordinated AI agents that live inside cities’ cross-department development review workflows—doing the heavy lifting, escalating judgment calls, and letting staff focus where human expertise actually matters. AutoSitu provides expert-level guidance and catch issues in minutes, helping cities and design firms/developers navigate an increasingly complex and fragmented regulatory environment. We serve as a strategic partner to forward-thinking public agencies and design teams across the country and are backed by Y Combinator (W26)",0,0
752,Bizzy,Winter 2015,Acquired,"Bizzy is omni-channel marketing for ecommerce businesses.. Bizzy is an automated marketing platform designed to boost sales for ecommerce shops. Bizzy is the first tool to centralize a business’ entire marketing portfolio around a single, dynamic set of customer data. As this centralized data updates based on customer behavior and marketing interactions, Bizzy adapts and executes a business'​ campaigns",0,0
25120,Elevate (formerly Bloom),Winter 2022,Active,"US based USD accounts for non-US residents. We provide US based USD deposit accounts that sit with a licensed banking partner. Elevate's FDIC-insured USD accounts offer ACH, wire inbound and outbound payments, and a free Mastercard debit card. Our regional payout partners enable our users to send their money back home at very low cost. We're targetting non-US residents in emerging markets who struggle to get paid in USD",0,0
13176,TrueNorth,Winter 2020,Active,"TrueNorth gives truckers a single place to manage their business.. Traditional trucking companies still run on paper, emails, phone calls, and snail mail. They’re inefficient and bloated. The pressure of low margins suffocates the truckers who actually do the work. Our software cuts out the inefficiencies, and we pass the savings through to our truckers. Instead of paper-pushers and endless phone calls, they get an end-to-end solution: customer management, load coordination, automated invoicing, and instant payments. A single place to manage their business. A blog post that goes deeper into why we started this company: https://medium.com/@jinstedge/truenorth-b42437f1dc03 We're a team of over 60, and proud to say the *majority* of us are female or non-binary. We come from a wide range of backgrounds. We don't just value diversity, we cherish it. And we mean it",0,0
1715,PullRequest,Summer 2017,Acquired,"Code review as a service - combining automation with a network of. Code Review as a Service PullRequest is passionate about code quality. From static analysis to an on-demand network of code review experts, we help development teams ship code faster, with improved quality and lower costs",0,0
130,Automatic,Summer 2011,Acquired,"Automatic connects your car to the rest of your digital life.. Our Mission: To empower drivers with knowledge about themselves and their cars so they can be safer and drive smarter. We believe you shouldn’t have to buy a new car to have a better driving experience, and that the phone in your pocket can bring the future of driving to today’s automobiles. Who We Are: Automatic is based in San Francisco, but our team comes from every corner of the world. We obsess about creating beautiful and well-engineered products that make a real difference in people’s lives. We’re big on ideas, low on ego, and love working together",0,0
986,AlphaFlow,Winter 2016,Inactive,"AlphaFlow is a technology-driven investment manager.. Access. Transparency. Technology. Founded in 2015, AlphaFlow is a technology-driven investment manager providing professionally managed portfolios of real estate loans. We make the $75 billion fix-and-flip industry accessible to institutional investors. With the recent launch of our new platform, TITAN, we’ve opened up our institutional platform to smaller investors. As a result of leading with technology and data analytics AlphaFlow is able to provide transparency & speed at a rate our competitors can’t. We partner with non-bank real estate lenders who provide 6-12 month bridge loans on single-family and small multifamily properties by purchasing their loans thereby helping them grow their businesses. AlphaFlow uses software to streamline and automate today’s manual workflow and our engineering team is constantly developing simple and elegant solutions to further automate a manually intensive industry",0,0
1976,HeyDoctor,Summer 2018,Acquired,"HeyDoctor provides online primary care (like refilling birth control,. Waiting rooms suck. Insurance and the paperwork are worse. We are a team of doctors, developers, lawyers, designers, and more working to try to fix it. Using our app, and soon the website, you can access medical care online right now and be done in 5 minutes. No insurance, video, or phone calls necessary and most visits are under $20. You can chat with your doctor anytime and anywhere. Our services are currently available in Arizona, California, Connecticut, Florida, Georgia, Illinois, Montana, New York, Ohio, Pennsylvania, Rhode Island, Virginia and Washington, but don't worry the rest of the country coming soon. Here are the medical services we offer so far: - Acne Diagnosis, Treatment, and Prevention - High Cholesterol (Lipid) Testing and Treatment - Start or Refill Birth Control - Urinary Tract Infection (UTI) Testing and Treatment - Vitamin D Screening and Treatment - Pre-Diabetes Screening and Referral - Hepatitis C Screening and Referral - Female Condom Prescription - Help Quitting Smoking - Find Out Your Blood Type We are adding new services every week, so if you don't see what you need let us know. We want HeyDoctor and our partner health systems to be your first stop for healthcare and be your personal medical record",0,0
1697,VIDA & Co.,Summer 2017,Acquired,"Platform for unique products produced on-demand at mass-scale. VIDA is the story of the rich, beautiful, interconnected world in which we live. It is the story of contemporary life and of mindful, global citizenship. VIDA is a collaboration amongst global citizens - from a designer in Milan, to a producer in Karachi, and a consumer in San Francisco – we are a global partnership of co-creators. VIDA presents an alternative to the homogeneous, disposable products that increasingly dominate retail. We produce only that which is purchased, bringing into the world only items that are wanted. We are using innovations in design and technology to make quality accessible again. We produce with the highest ethical standards, respecting the makers of the products we bring into our lives. We believe beautiful products should create beauty every step of the way",0,0
24508,Meticulous,Summer 2021,Active,"Automated e2e screenshot testing without writing or maintaining tests. Meticulous is a tool to automatically catch UI bugs in your web application with zero-effort. Install our JavaScript snippet onto production or staging and dev environments, which records user sessions by collecting clickstream and network data. When you post a pull request, Meticulous selects a subset of sessions which are relevant and simulates these against the frontend of your application. Meticulous takes screenshots at key points and detects any visual differences. It posts those diffs in a comment for you to inspect in a few seconds. This eliminates the setup and maintenance burden of UI testing",0,0
12682,CoLab,Summer 2019,Active,"Human and AI design review for hardware. CoLab is on a mission to accelerate the pace of innovation by helping engineering teams deliver better products faster. CoLab’s Design Engagement System (DES) enables engineering teams to have more effective design conversations, design reviews and ultimately make better engineering decisions. CoLab launched AutoReview in 2025 - an AI peer checker that marks up 2D and 3D files. CoLab is trusted by Fortune 500 organizations like Ford, Komatsu, Johnson Controls, GE Appliances and Lockheed Martin",0,0
29259,Newton,Winter 2024,Active,"AI-powered phone platform for dentists. Newton is the AI phone system built for retail healthcare practices—starting with dentists. We replace outdated phone systems and clunky communication tools with a modern agentic platform that handles scheduling, billing, and patient communication",0,0
30106,Sunset,Fall 2024,Active,"Find and move money after a death. Sunset can track down bank accounts, retirement accounts, investment accounts, property and more for families after losing a loved one. Sunset will close those accounts and move the money into a Sunset estate account to manage",0,0
22257,Inspectify,Summer 2020,Active,"Home Inspections, Simplified. We founded Inspectify with the goal to make a platform that helps inspectors, real estate professionals and home buyers alike. We see a tremendous opportunity to apply the latest technology to make inspectors more proficient and effective and make home inspections more engaging and value add to home buyers. We are just getting started, but are excited to provide much needed disruption in the space!",0,0
729,Ginkgo Bioworks,Summer 2014,Public,Our mission is to make biology easier to engineer.. Ginkgo Bioworks is the organism company. We design custom organisms for customers across multiple markets. We build our foundries to scale the process of organism engineering using software and hardware automation. Organism engineers at Ginkgo learn from nature to develop new organisms that replace technology with biology,0,0
1103,Rappi,Winter 2016,Active,"On-demand delivery and financial services for Latin America.. Rappi is a mega high growth, Series B, consumer tech StartUp looking to be the everything store of Latin America. We are a marketplace that connects users who want to purchase prepared foods, groceries, clothes, and more with contractors who fulfil them. Think of Rappi as a Doordarsh meets Delivery meets Instacart. We are venture backed by top VCs in the world including Sequoia, DST, Andreessen Horrowitz and YCombinator. Management consultant skills are highly valued and one of the founders and three of the company's top leaders are former top tier management consultants. We are across Argentina, Brasil, Mexico, Colombia and are aggressively growing in these markets and all throughout LatAm",0,0
890,Convox,Summer 2015,Acquired,"Open-source tools for deploying, managing, and monitoring cloud. Convox provides an unparalleled development and deployment platform for apps. Deploy in your own account on the cloud provider of your choice",0,0
28216,Escape,Winter 2023,Active,"Offensive security for the teams that are 100x outnumbered. Replace legacy scanners and manual offensive security processes with AI agents that discover, test, and remediate directly in your engineering workflows",0,0
1096,Zenysis,Winter 2016,Active,"Building powerful data analysis software for developing countries.. Zenysis builds data integration software that helps governments view and analyze all their data in one place. When governments face pandemic emergencies, humanitarian crises, or natural disasters, they turn to their data for actionable insights. Zenysis puts this information at their fingertips",0,0
22840,Nirva,Winter 2021,Active,"The lifestyle medicine layer for clinicians.. Nirva is the lifestyle medicine layer for clinicians. For the first time, any doctor can offer daily care between appointments and earn recurring revenue. 87% of patients improve in weeks, and our system is discovering things like which foods trigger hot flashes, insights that no existing research has found",0,0
12711,Binks,Summer 2019,Active,"A zero inventory, zero returns factory-to-consumer apparel company. Getting clothes tailor-made is very common in India, especially for women. Saree blouses have to be tailor-made always due to their fitted nature & the non-stretchiness of typical Indian fabrics. The tailoring market however, hasn't evolved at all. It is highly fragmented with a low NPS. The end user experience demands a significant amount of the customer's time, involving visits to a physical shop & avoidable back & forth. This is increasingly unviable for busy urban Indian women. We make it super easy by letting women place an order online, get fitted at the comfort of their homes, help them with styling their fabric & deliver the made-to-measure clothes directly to their doorstep",0,0
25673,Enlightra,Winter 2022,Active,Multicolor lasers for ultrafast data transmission. Enlightra develops mass-manufacturable fingertip-size multicolor lasers enabling ultrafast data communication and optical computing while providing up to 10x improvement in energy efficiency and cost reduction,0,0
1724,Sketchbox,Winter 2018,Inactive,"Wordpress for AR & VR. Sketchbox is like WordPress for VR training simulations, we’ve built the underlying infrastructure that makes creating and updating VR training simulations fast. We primarily work with Fortune 500 companies, and all of our training sims include full student analytics and no-code scenario editors. All training simulations designed with Sketchbox work on the next generation of portable VR headsets, which are battery powered, don’t require a laptop and cost $400",0,0
31217,Polymath,Winter 2026,Active,"Simulation environments to train & evaluate long-horizon AI agents. We’re heading towards a future where AI agents will be able to perform useful work over long horizons, with little or no human supervision. To increase the reliability, performance, and safety of autonomous agents, they must be trained in simulation environments that reflect the real world. Polymath builds simulated worlds for agents to practice and learn through experience. We're a team of researchers and engineers from UC Berkeley, Hume AI, Plaid, and Amazon. We have years of experience post-training frontier models in industry, and building large scale data systems. Polymath is backed by Y Combinator",0,0
30307,Archon,Winter 2025,Active,We help software companies sell to government.. Archon helps software companies sell to the government by cutting the required federal compliance timeline (called FedRAMP) down from 16 to 6 months and cuts costs by $1M per company. Email us at inquiries@archon.inc,0,0
22184,Dumps,Summer 2020,Active,"Where friends connect through photos and chaotic messaging. Dumps is where friends connect through photos and chaotic messaging. Our users crave an expressive, low-stakes place to share their lives and interact",0,0
1464,Ledger Investing,Winter 2017,Active,"Marketplace for insurance securitization.. Ledger Investing provides an exciting opportunity for asset managers, pension funds, hedge funds, family offices and other institutions interested in earning a great return through insurance investing. The company deploys proprietary software and data analytics covering many types of insurance risk portfolios. The technology enables insurers to securitize risk more efficiently while providing investors, asset managers, pension funds, hedge funds, family offices, and other institutions an opportunity to invest in a new and growing asset class. Ledger Investing was founded by Julien Brissonneau, Aymeric Rabot and Samir Shah in 2016",0,0
1235,Shield Bio,Summer 2016,Inactive,"Bringing 3rd generation, nanopore sequencing to healthcare to solve. Shield Bio is a precision medicine company with a proprietary platform that enables reliable nanopore sequencing in under a minute, in a clinical setting. It is focused on bringing 3rd generation or ""nanopore"" sequencing into clinical use to deliver on the promise of precision medicine. Shield is initially using the technology to improve the treatment of infectious disease and address the unmet clinical need of sepsis, which kills 300,000 people a year in the US alone",0,0
537,Graft Concepts,Summer 2013,Inactive,"Graft Concepts makes unique iPhone cases and other mobile accessories. Graft Concepts' approach is simple: create unique and iconic products through creative problem solving. They aim to create accessories with traits that pair elegantly with the device it's intended to enhance. Instead of creating iPhone cases that require brute force to install, their Leverage case was crafted with an elegant clasp that secures the case in place without distracting from the iPhone's original aesthetics. As a small and new company, they strive to innovate just beyond the familiar and create improvements that define new perspectives. They are a small team that prides itself in providing a great customer experience to go along with a great product. Their products are designed in Southern California, engineered by the Swiss, and manufactured by hand picked factories to ensure high-quality standards",0,0
25937,Argument Computer Corporation,Winter 2022,Active,"Accelerate verifiable computing. Argument combines zero-knowledge cryptography, formal verification and distributed consensus technologies to build systems for unbreakable, scalable, private, decentralized software",0,0
13208,Whatnot,Winter 2020,Active,"Whatnot is the largest livestream shopping platform in the U.S.. Whatnot is the largest livestream shopping platform in the U.S., connecting buyers and sellers in real-time across any category – from collectibles like trading cards to comics, fashion, sneakers, and more",0,0
923,Microhealth,Summer 2015,Active,"Digital hematology. What we do? We develop digital therapeutics to address unmet medical needs in hematology and oncology. How it works? First we build networks of doctors and patients designed to track, predict and prevent disease. Second, we validate the safety and efficacy of our interventions in pivotal clinical studies to obtain regulatory clearance (SaMD). Finally, we aim to commercialize our products as prescription digital therapeutics (DTx). Where are we now? Today, we are the standard in digital hematology: * Our hemophilia network covers 33% of all patients and providers in the US. * We bested 20+ competitors, including several Fortune 500 companies. * Our clients include: Sanofi, Bayer, Novo Nordisk, Biogen, and Roche",0,0
31576,Akkari,Spring 2026,Active,"Autonomous Customer Operations. Akkari runs the operational work from the first sales call through expansion. It captures and stays on top of every commitment, issue, request and opportunity across customer channels (Slack, calls, meetings, email, Discord, etc.) then drives each loop to resolution - our wedge toward building the AI execution system for companies. We are 2x YC founders who scaled OrderAhead (acquired by Square) to millions of users and BLADE to $1.2B+ in monthly trading volume",0,0
11929,Pippin / Rent the Backyard,Summer 2019,Inactive,"Autonomous homebuilding factory for the $1.7 trillion housing crisis.. Pippin is building the autonomous homebuilding factory for the $1.7 trillion housing crisis. Building a home requires human labor to: measure, cut, lift, drill, paint, and attach. This labor is used for a building’s: structure, vapor barriers, windows, insulation, siding, roofing, electrical, plumbing, fixtures, appliances, and cabinetry. The construction industry solves this complex variety of tasks by dividing them among tiny companies of specialized artisans. Few lessons learned are shared and the industry has had no growth in labor productivity since 1947. Building technology, methods, and materials have advanced and the constraints limiting home manufacturing can now be removed. Regulations have changed to allow small and simple accessory dwelling units (a.k.a. ADUs or backyard homes), making it easier to mass-produce housing. Pippin started in the ADU market with its brand ""Rent the Backyard"" and will build duplexes, quadplexes, and eventually large apartment buildings",0,0
1066,Kisan Network,Winter 2016,Inactive,"Tech enabled and fully integrated PAN India agri produce supply chain. Kisan Network is a tech enabled and fully integrated PAN India agri produce supply chain. We connect small and marginal farmers directly to businesses anywhere in the country, with each step digitally captured and monitored on our proprietary management portal. As a result, farmers are able to earn 10% more than prevalent market prices for their produce. Our system, built on the 3 pillars of 1) 100% integration 2) Standardisation w.r.t. on-field practices and, 3) Transparency for all stakeholders is a departure from the opaque and inconsistent traditional supply chain which thrives on the high levels of fragmentation in the ecosystem. There is 0% use of paper in our entire chain, with specific focus on building a national agri repository of micro level stakeholder information and on image / data driven automated crop quality assessment",0,0
26121,Cinapse,Winter 2022,Active,"The Operating System of Hollywood. Cinapse is reimagining the production schedule: the foundation of every film and TV project. We’re building the OS of Hollywood, starting with the tool that filmmakers use every day. Besides the script, nothing is more foundational to filmmaking. There’s no accurate budget without a schedule. No execution plan without one. The schedule is the map that takes us from idea to image. Cinapse helps filmmakers draw that map better, faster, and together",0,0
31000,Vector Legal,Winter 2026,Active,"A premier AI-native law firm & legal operating system for Startups.. A modern solution for Startup legal. Vector combines premier lawyers/paralegals (averaging 10+ years of Big Law experience) + custom-built AI, so our clients get world class startup legal service at a fraction of Big Law rates. See our client testimonials - https://www.vectorlegal.com/testimonials. Services: fundraise & priced rounds | customer contracts | international flips | complex formations | grow your team | agentic data rooms | e-signatures | cap table management | legal health checks | mergers & acquisitions | co-founder separations | dissolutions",0,0
25823,Joe,Winter 2022,Acquired,"We let customers ""Buy Now Pay Later"" on any store in Europe.. Joe is building a innovative and flexible DtoC Buy Now Pay Later App in Europe powered by Tech📲. In Europe, only 15% of e-commerce have integrated BNPL solutions and consumers don’t have access to installments very easily. Within Joe app and our virtual card you can buy now pay later on any store without any technical integration. And if you already made your purchase, you can be refunded and get 3 installments",0,0
1835,Mojo,Winter 2018,Acquired,Mobile app for creating pro-quality social media videos,0,0
909,Appcanary,Summer 2015,Acquired,"Appcanary tracks the dependencies you use in your apps and servers. Never run vulnerable software again. We monitor your servers, and notify you when you need to update. Try us for free: https://appcanary.com",0,0
31036,Mantis,Winter 2026,Active,Digital Twins of humans. Mantis is a digital twin company that combines LLMs with high-fidelity physics simulations in order to convert rare and difficult-to-access human behavior data into predictive models,0,0
397,Fullstack Academy,Summer 2012,Acquired,"Pioneer in immersive code education. Acquired by Zovio (NASDAQ: ZVO). Fullstack Academy's JavaScript-driven curriculum immerses you in the latest web technologies including Node.js, React and MongoDB. You bring the energy, curiosity and dedication — we'll provide a world-class environment for becoming an expert software developer",0,0
1457,Volansi,Winter 2017,Acquired,"Autonomous VTOL delivery solutions.. Volansi builds and operates high-payload long-range unmanned aerial vehicles to service B2B customers with a point-to-point delivery solution that saves them millions of dollars in down-time costs. We service customers around the world with a focus on defense, commercial, and medical supply deliveries. Our aerial vehicles can transport loads up to 200 lbs up to 1,000 mi. Volansi was founded by Hannan Parvizian and Wesley Zheng in 2015, and is based in San Francisco",0,0
29153,Coba,Summer 2023,Active,"Dual Currency Accounts For LatAm. Coba makes it easy for Mexican knowledge workers employed by US companies to earn in US Dollars and seamlessly spend locally in Pesos. On average, a knowledge worker will lose $1,000 per year in hidden ForEx and transfer fees. In that process, their money will touch at least 3 different accounts adding time and steps along the way. These workers’ require more than simple money movement, they demand a financial solution that addresses their specific needs: banking, saving, spending - all in two currencies. Coba allows its users to not only deposit and save their earnings in a US account, but also access critical financial services at home in Mexico - from a local credit card to integrated bill pay. With Coba, remote workers can live across two currencies... efficiently and effortlessly",0,0
12855,treble.ai,Summer 2019,Active,"We help companies scale marketing campaigns through WhatsApp. We help companies build and scale marketing campaigns through WhatsApp, reaching their customers anywhere in the world with engaging conversations. With our platform, businesses can create and send conversations massively to users and get analytics to improve their campaign performance over time, increasing conversion in every stage of the funnel",0,0
247,Jobspice,Summer 2009,Inactive,"JobSpice is a surprisingly easy-to-use, intuitive online tool for creating a resume. Changing styles, managing different resumes for different employers, and creating web-based and PDF versions takes only a few clicks",0,0
31022,Coasts,Fall 2025,Active,"Localhost service isolation and orchestration for git worktrees. A Coast (containerized host) is a local development runtime. Coasts let you run multiple isolated environments for the same project on one machine. As AI coding agents increasingly work in parallel across git worktrees, developers hit painful conflicts — clashing ports, duplicated databases, and fragile per-branch setup. Coasts solve this by giving each worktree its own fully isolated runtime, so multiple agents can build and test side by side without stepping on each other",0,0
23597,Kilobaser,Winter 2021,Active,"Desktop DNA Printer. The Nespresso Machine for DNA.. We combined microfluidic chip technology and a reagent cartridge to create the first personal DNA synthesizer. Until now most life scientists had to rely on out-sourced DNA synthesis, causing stagnating research. Kilobaser empowers every life scientist to synthesize DNA on their benchtop",0,0
26809,Malama Health,Summer 2022,Active,"Doula-led holistic support during and after pregnancy. Malama offers doula-led holistic support during and after pregnancy at no cost to patients. Malama is in-network with Aetna, UnitedHealthcare, Anthem, Kaiser, and several Medicaid Managed Care Plans. Malama is backed by the Stanford d.school, Y Combinator (S22), Alpine Investors and more",0,0
643,Dyspatch,Winter 2014,Active,"AI Email Production - Emails on brand, guaranteed to work, fast.. Dyspatch is an AI-powered communications platform that transforms how teams build and manage transactional email at scale. Our platform uses AI to accelerate email creation — from generating and refining content to automating localization across 300+ locales — so your Product, Marketing, and CRM teams can ship polished, dynamic emails without touching code or waiting on developers. A centralized hub for creation, approval, and publishing, Dyspatch connects directly to your existing cloud email provider or messaging service. Upload your templates in minutes, and let AI handle the heavy lifting: optimizing copy, personalizing at scale, and streamlining the entire review-to-send workflow. Built for teams that move fast. No devs required",0,0
529,Crowdery,Summer 2013,Inactive,"[Now Clara, YC S14- claralabs.com]. Crowdery is an online platform, allowing its users to vote on their favorite product design out of a set. It then builds its users a personalized marketplace of their top picks, and top products are opened for them to pre-order at a discount. Crowdery was launched in 2013 by Maran Nelson and Aditya Viswanathan. It is based in Mountain View, C.A",0,0
1797,Viaopt,Winter 2018,Inactive,Uber pool for corporate trucking fleets,0,0
25700,Alga Biosciences,Winter 2022,Active,"We stop cows from burping methane.. Alga Biosciences is a fast-moving startup focused on transforming the agricultural industry. Our mission is to make an immediate, dramatic impact on global methane emissions produced by enteric fermentation in partnership with the cattle industry. We believe in leveraging biology to tackle the world’s biggest problems",0,0
24065,BoldVoice,Summer 2021,Active,"Speech and accent coaching app for non-native English speakers. BoldVoice helps non-native English speakers to speak clearly and confidently. We combine bite-sized video lessons from Hollywood accent coaches with instant pronunciation feedback from AI, to create an effective and engaging learning experience",0,0
25304,Kapital Bank,Winter 2022,Active,"Data driven neobank for SMBs in LATAM. Cash management solution that offers debit & credit solutions for SMBs in LATAM. - 24/ Multi-treasury: multiple debit accounts, payroll & services payment, wires - Corporate Expenses: dashboard and prepaid cards to control your employee's budget & expenses - Credit Card: flexible global line where you can decide to use it as a revolving line or as a simple amortizable credit in installments",0,0
1981,Coral Genomics,Summer 2018,Acquired,"New clinical tests for managing autoimmune treatments.. Coral integrates molecular, functional, and clinical factors to create new clinical laboratory tests that predict optimal treatments for autoimmune diseases. We have also identified a unique subpopulation of patients who do not respond to current therapies and are working towards addressing this unmet medical need",0,0
960,Bitmovin,Summer 2015,Active,"Powers OTT online video providers with video developer tools.. Bitmovin has been a first mover in almost every significant development in online video, from building and deploying the world’s first (and fastest) commercial adaptive streaming (MPEG-DASH/HLS) HTML5 Player, to being the first to achieve 100x realtime encoding speeds in the cloud. Bitmovin provides HEVC as well as VP9 live streaming with 60FPS and 4K resolution, and built the first containerized video encoding solution with Docker and Kubernetes. Bitmovin products are completely in-house developed, easy and fast to integrate and highly customizable. In combination with our great support, documentation and SLAs, this is a true enterprise offering. To find out more about Bitmovin’s video infrastructure solutions, or about any individual products, contact sales@bitmovin.com, or visit our website: bitmovin.com",0,0
231,Movity,Winter 2010,Acquired,"Real estate data visualization. Sold to Trulia Dec. Movity provides location-based living facilities and neighborhood data that help home buyers make better decisions. Movity.com surfaces geodata (crime, noise, pricing, etc) to help home buyers make better decisions. The company was founded in 2010 and is based in San Francisco, California",0,0
232,Etacts,Winter 2010,Acquired,"Etacts was born from the frustration of keeping in touch with our ever-growing list of friends (both business and personal), family, coworkers, and clients. It's impossible to remember to stay in touch with all the people that matter. Etacts helps you maintain your relationships by doing three things: 1) Showing you who you've lost touch with 2) Letting you set reminders to stay in touch with people 3) Helping you get back in touch meaningfully by giving you relevant context about your relationship with people, such as the last emails you exchanged, or their recent status updates. Use Etacts to build and maintain relationships with former friends, business partners, clients, and more!",0,0
12621,Kitekraft,Summer 2019,Active,"Building flying wind turbines.. Kitekraft systems consist of a tethered electric aircraft, a.k.a. a kite. The kite has 8 onboard (flying) wind turbines. It autonomously flies in figure eights and generates electrical energy from the wind. Our systems need 10x less construction materials compared to a conventional wind turbine and our systems cost half as much",0,0
30224,Maritime Fusion,Winter 2025,Active,"Fusion reactors for ships. Maritime Fusion is building fusion reactors for ships and off grid energy markets. En route on this endeavor we’re commercializing High Temperature Superconducting (HTS) cable technology for power distribution while advancing the physics basis of our HTS tokamak to decarbonize global shipping. Breakeven fusion is coming soon, but the first-of-a-kind (FOAK) reactors will be costly, high maintenance, and have low capacity factors, leading to 5–10x higher electricity cost on the grid. Maritime Fusion is pursuing the most widely accepted approach to fusion, the tokamak, but specifically designed for the marine environment where the challenges that arise between breakeven and a commercially viable energy source are alleviated. The market we're targeting requires 15x less power, lower up-time, and costs the same as alternative fuels but without any emissions. Since fusion does not use highly radioactive fuels or materials – unlike fission – we sidestep the vast majority of regulatory challenges and safety risks associated with nuclear energy. Our team brings over a decade of industry and research experience in plasma physics, nuclear engineering, and electrical engineering with backgrounds at SpaceX, Tesla, Columbia University, and University of Pennsylvania",0,0
1282,GTRACK Technologies,Summer 2016,Inactive,Nanoparticle tracers for reservoir characterization during hydraulic. Y Combinator S16 Batch. Nanoparticle fluorescent tracers for reservoir characterization in geothermal and oilfield applications,0,0
30526,chrt,Spring 2025,Active,"chrt is a logistics platform for time-critical shipping. chrt is a logistics platform for time-critical shipping. We enable businesses to deliver their most critical items same-day. Time-Critical Logistics is a $30B market growing at a 20% CAGR driven by growth in American healthcare and manufacturing. Businesses that place time-critical orders are enterprises who have urgent items they need to deliver ASAP. These orders are critical in nature and often require white glove service -- think therapeutic treatments for healthcare providers or specialized equipment for manufacturers. chrt builds the software for forwarders and professional couriers who pick up and deliver these orders. Couriers use chrt to coordinate and track their shipments, including a driver app and fleet management tools. Forwarders use chrt to dispatch couriers, book flights, and track time-critical orders from start to finish. Shippers use chrt to place these orders with their providers and to monitor everything. In addition, we also sell physical tracking devices that can be used to track valuable cargo or assets. This gives us full control of the shipment and allows us to provide shippers with end-to-end tracking. It also allows us to intervene early if we notice something is going wrong. We’re software engineers that became friends years ago at McKinsey. Kyle is an expert in Time-Critical Logistics, having led strategy at a leader in the space. Aaron is an expert at designing and implementing AI systems to handle complex coordination. We were shipping code together on nights and weekends for years before chrt; now we’re also shipping freight",0,0
12266,Dockup,Winter 2019,Active,"On demand ephemeral environments to run manual and automated tests.. Dockup gives on-demand environments for engineering teams so they can merge pull requests with confidence. It works like CircleCI, but allows you to manually test and see each code changes in action with your entire tech stack without having to mock any of your services",0,0
24557,Dots 💸,Summer 2021,Active,"Developer friendly drop in payouts infrastructure. Dots is a developer-friendly API that lets businesses pay their contractors through just a few lines of code. Whether its gig workers like Uber drivers, sellers on marketplaces like Etsy, or simply your local handyman - Dots’ abstracts away the complexity of payouts completely. We manage the entire process: information collection (KYC), payments through any rail (ACH, Venmo, CashApp, Zelle, international, and many more to come), and even filing tax forms! Dots lets developers get payouts up and running over just a few hours, rather than the many months this would normally take",0,0
24379,Formance,Summer 2021,Active,"Open Source Infrastructure for the Financial Internet. Formance Platform is building open-source infrastructure for the next wave of financial services. It enables fintech engineers to build and operate complex flow of funds, weaving together multiple payment rails with internal ledger accounts. github.com/formancehq/stack",0,0
736,Sliced Investing,Summer 2014,Acquired,"Crowdfunding for hedge funds. Sliced Investing is online platform that provides access to top private investments for financial advisors and accredited investors. Sliced automates all of the previously manual processes associated with making an alternative investment, facilitating electronic signing of subscription documents and streamlined reporting. Sliced's Advisor workstation allows financial advisors a one stop shop for their alternative investments and integrates seamlessly with leading custodians, reporting platforms and file storage systems",0,0
28221,Serial,Winter 2023,Inactive,"Root cause manufacturing issues in seconds. Serial is software to help manufacturers root cause problems in minutes not days and avoid millions in liabilities. Our solution integrates with data sources from any production line, enabling engineering & operations teams to ask questions about their manufacturing data and instantly get answers. Serial will become the single source of truth for manufacturing data. Our founding team has 10+ years of manufacturing and product design experience from Apple, Tesla, and more. We have suffered this problem firsthand and are building the tool to fix it",0,0
398,OmniVirt,Summer 2012,Acquired,"OmniVirt is the leading VR Advertising platform for brands and. OmniVirt is 360° Virtual Reality advertising platform for brands and publishers. Audiences can view 360° content with just one tap of their fingertip on smartphones, tablets and websites. No app installation or VR headset required. HTML5 / VAST complaint. Our company is specialize in mobile formats, the network optimizes revenue for publishers and serves billions of ad impressions in more than 200 countries",0,0
23819,Inversion Space,Summer 2021,Active,Turning space into a transportation layer for Earth,0,0
31229,Doomersion,Winter 2026,Active,"Doomscroll to learn languages. Doomersion (formerly Doomlingo) lets you learn languages by doomsrolling! Watch TikToks in your target language that are exactly matched to your level, and as you scroll, they get a little bit harder. Gen-Z doomscrolls 2.5-3 hours a day, and if we bake immersion into that by only showing them viral videos in another language that are matched to their level, we can make the optimal language learning method addictive for people. Hence the name, doomersion. The app gained ~15k downloads in the first two weeks, and power users spend ~3+ hours daily on the app. Feel free to download and try it yourself!",0,0
900,Tesorio,Summer 2015,Active,"Tesorio is the cash flow performance platform that helps finance. Tesorio is the world’s first and only cash flow performance platform. It empowers CFOs and finance teams to boost profits by using artificial intelligence to better manage, predict, and collect cash",0,0
1490,Snappr,Winter 2017,Active,"Snappr is the one-stop-shop for visual content creation. Snappr is the one-stop-shop for visual content creation, backed by the largest marketplace for on-demand photography and photo editing services. Snappr Shoots is a self-service product for anyone to book a photoshoot in as little as 60 seconds. Snappr Workflows is a SaaS solution for brands for automating visual content pipelines",0,0
337,Anywhere.FM,Summer 2007,Acquired,"Anywhere.fm lets you upload your music collection onto their site and then play your music anywhere from the web. They offer their own iTunes look-alike music player through which you can play your songs. The site also incorporates social networking aspects, allowing you to create your own profile and discover new music through Friend Radio",0,0
1705,Candidately,Summer 2017,Active,"The digital storefront for staffing and recruiting teams.. Candidately is the AI workspace for recruitment agencies. We sit on top of Bullhorn and other major ATS platforms and give every recruiter on the team the speed and reach of the best biller in the building. One platform, five products. Rediscovery uses semantic search to find candidates the ATS already has but Boolean search can't surface. Sourcing reaches 250+ million web profiles when the database falls short. Resume Builder turns a raw CV into a branded, client-ready document in seconds. Client Portal replaces email threads with a white-labeled space where hiring managers review, shortlist, and respond. Talent Marketplace puts a searchable candidate directory on agency websites so clients come to you. Agencies have spent years building candidate databases worth millions. Candidately makes that investment actually pay off, from first search to final placement",0,0
24830,GamerPay,Summer 2021,Acquired,"We are the marketplace for trading gaming skins & assets without scams. GamerPay is a marketplace for trading gaming skins and assets without scams. We do this by integrating with games to instantly validate all trades. We launched 3 months ago and transacted 245.000 dollars growing 30% MoM. Talking to 5.000 gamers we learned that 46% have been scammed more than once. Over half are minors, who are stuck trading for cash on social media due to their age. We are the first to build a fully compliant system for parental consent, enabling the majority of gamers to trade legally and giving the parents peace of mind. There are 215 million trades annually in games we support. We make 7 dollars on average per trade. So a $1.5B initial market, growing fast alongside gaming and blockchain game economies. The team behind previously co-founded the largest transactional marketplace for secondhand high end clothes in Denmark, with 1 million users and a yearly transacted GMV north of $40 million",0,0
23405,Dayra,Winter 2021,Active,"Data-driven embedded Financial Services for Gig Workers. Dayra makes it easy for Egyptian businesses offer Loans and virtual bank accounts to their unbanked workers and customers through their App. For example, one of our customers an Egyptian trucking marketplace uses our API to give truck drivers an early advance on their earnings",0,0
29399,Centauri AI,Winter 2024,Active,"The Modern ETL and Data Science Platform for Finance. Centauri AI is a modern ETL and Data Science platform for banks and investment firms, starting with Structured Finance. Financial firms heavily rely on Excel, PDF, and PPT files to exchange complex asset details, leading analysts to spend hours crunching the files and extracting insights. Moreover, these data files and reports cannot be easily reused due to poor data infrastructure. Powered by AI, our product cuts hours of data wrangling work down to minutes and makes it possible to query past data easily. This helps firms evaluate assets faster and win more deals. Since launching last month, we've started a pilot with a brokerage team at a public investment bank that now uses our product daily. Aiming to serve over 100,000 investment teams needing complex data analysis for alternative investments, this opens up a potential $5 billion market",0,0
24058,Zeit Medical,Summer 2021,Active,"Immediate stroke detection at home. Zeit Medical leverages the power of AI and wearable sensors to deliver peace of mind for those affected by stroke. Zeit’s smart headband immediately detects the onset of stroke and notifies 911. Each year more than 90% of the one million strokes in the US go untreated, resulting in life-long disability and exploding medical costs north of $100b. The lack of timely treatment is the result of delays in alerting the emergency services. More than 10 million Americans with an elevated stroke risk live with constant fear that a stroke may go unnoticed for hours, while they are asleep or alone. The company was founded by Orestis Vardoulis PhD a biomedical & mechanical engineer and expert in digital health (EPFL/Stanford) and Urs Naber MD a critical care physician (Dartmouth/Stanford). They have both seen the devastating effects of stroke in their families and came up with the idea of addressing this unmet clinical need during their Stanford Biodesign Innovation Fellowship",0,0
28793,Stellar Sleep,Summer 2023,Active,"We help people with chronic insomnia sleep better, using psychology.. 25 million Americans with chronic insomnia are getting inadequate and superficial care advice (e.g. cutting coffee, meditation etc.), when in reality, their sleep problems are often driven by deeper psychological challenges like unresolved anxiety. Stellar Sleep uses psychology to help these people break the insomnia cycle",0,0
25286,TYBR Health,Winter 2022,Active,Natural hydrogel to keep internal organs scar-free after surgery. TYBR is developing a hydrogel to limit internal scarring after surgery. The naturally derived material is applied to coat tendons at the end of surgery to improve healing outcomes for the millions Americans who undergo tendon or ligament surgery each year,0,0
1601,Fat Llama,Summer 2017,Acquired,"Fat Llama is the first fully insured peer-to-peer rental marketplace.. Fat Llama is a peer-to-peer rental marketplace which allows people to rent spare items to others nearby, fully insured. The platform provides a cheaper and more efficient solution than buying outright or hiring from rental shops. At the same time, it allows others to monetise their rarely-used possessions. The company's mission is to enable people to share and monetize their unused possessions, increasing the efficiency of both the consumer and the planet’s resources",0,0
1083,StrongIntro,Winter 2016,Inactive,"StrongIntro helps recruiters turn their entire company into a source. StrongIntro is a recruiting tool and a service that lets you tap into the networks of your existing employees. We do so by using both a software and human-centric approach, and we want to help you hire thoughtfully",0,0
430,ReelSurfer,Summer 2012,Inactive,"Clip and share any video from any website.. ReelSurfer lets anyone clip and share any video from any website. The vision is to build the most valuable content network on the planet – created by personal libraries of short, relevant videos that are saved, watched and shared with friends",0,0
25992,WANTD,Winter 2022,Active,"A direct to consumer marketplace and influencer network for brands. WANTD is a D2C consumer marketplace for fashion and footwear brands to launch and sell product. We do the things Shopify is unable to do; we provide multiple channels to sell (e.g. live commerce, marketplace, auctions), influencer networks, and order fulfillment in a mobile-first experience. We solve the cold-start problem for brands and enable them to remain focused on product creation",0,0
1475,The Essential,Winter 2017,Active,"E-commerce 2.0. The Essential is e-commerce 2.0. What we do We make and sell the single best version of all your essentials, at the best price possible. How we do it We're not an ""everything store.""We sell only the essentials, we're members-only and we only sell our own brand. We cut out the middlemen, the brands, the physical stores and the markups — to make products cost a lot less, all while paying the producer more. Why we do it To add meaning to people’s lives through products they use and love, made by people who know and care, with stories that matter, and means that are honest",0,0
410,Soylent,Summer 2012,Acquired,"Soylent is a simple, nutritious, and affordable food that possesses. Rosa Foods, maker of Soylent and Coffiest, is a pioneer in food technology, delivering nutritionally-complete staple meals that provide all the essential nutrients required to fuel the human body. Rosa Foods believes in managing the Company and the product by never being complacent and staying on the cutting edge of food technology and nutrition. Working at Rosa Foods you’ll have a platform to build cool things that positively affect the world with fun and dedicated people. Rosa Foods products are produced with sustainability and efficiency in mind to create a convenient, nutritious, and affordable meal that is better for our health and the environment. We also have raised over $75M in funding from Google Ventures, Andreessen Horowitz, Lerer Ventures, and Y-Combinator. This enables us to offer the benefits of a larger organization while still maintaining the best qualities of a startup. You’ll be able to help grow our small creative team and contribute your ideas to build this exciting brand. The company is headquartered in Los Angeles, CA",0,0
25312,Flightcontrol,Winter 2022,Active,"Deploy apps with utmost reliability, flexibility, and performance. The most reliable, powerful, and flexible PaaS, because we deploy to your AWS. No black box, lock-in, or AWS markups",0,0
24053,ODWEN,Summer 2021,Active,"AirBnB for Small Warehouses. ODWEN enables India’s 60m SME's to find curated warehouses in minutes at prices 20% below current market and transport their inventory in and out with just a few clicks. With 2000+ warehouses across 180 locations, we are the largest integrated 3PL/ warehouse network in India",0,0
139,FitFu,Winter 2011,Inactive,"New projects. [FitFu is now closed. Here's the original description. It was one of the first gamified fitness apps] * Track your motion Using the accelerometer on your iPhone or iPod Touch, FitFu gives you feedback to help you keep going and reach your goals. * Celebrate progress with friends Friends are the key to sticking to your goals, so we've made FitFu social; whether you want to cheer them on, thank them for help or just compare your progress. * Discover a new way to stay motivated The more you and your friends are active, the higher your level and the higher your points. Unlock new content as you progress. * Stay active wherever, whenever No more being tied to a games console or a gym, now you can stay active wherever you are - be that your bedroom, your office, a hotel room or in the cabin of your Mississippi boat",0,0
25654,IMT Care,Winter 2022,Active,"Disrupting Indian Insurance space by empowering distrubutors. India’s insurance market is filled with bygone products, which do not cater to 95% of the market's demand for specific products such as illness-specific insurance, primary care with insurance, and surgical insurance to name a few. We, at IMT, aim to target this white space by creating innovative products that fulfill this new demand by empowering the agents. Agents are the largest insurance distribution channel in India and cover 85% of the premium collection. Agents collect 20B premium every year. With a 5% take rate, it’s a 1B dollar market opportunity growing at 22% CAGR. Kunal has 15+ years of experience working with insurance companies and building agent networks, while he scaled his brokerage business to 3M dollars in revenue. Rachit has 12+ years of experience in building tech products, he was a founding engineer at Payu (stripe of India)",0,0
23434,Broad,Winter 2021,Active,The multicurrency account and card for Brazilians. Broad is building global financial products that enable life without borders,0,0
27664,Infisical,Winter 2023,Active,"Unified platform for secrets, certs, and privileged access management. Infisical is the all-in-one security infrastructure platform for secrets, certificates, and privileged access management. Infisical stores your secrets and injects them back into your development workflow, CI/CD pipelines, and cloud infrastructure. It comes with secrets versioning, point-in-time recovery, audit logging, automatic secret rotation capabilities, and more",0,0
21901,Workbase,Summer 2020,Acquired,"Data & workflow platform for B2B account teams. We help B2B companies reduce churn and grow customer spending. Our product gives account managers access to data dashboards and priority checklists needed to proactively save customers and upsell them to more profitable products. Most companies have all the data they need to figure this out, but it’s often locked away in 20 different systems. There is no central place for an account manager to easily prioritize which customers to focus on and what actions to take to help them. Workbase is the solution, by one-click integrating the data sources and customizing the interface and actions for each company. When working on similar internal tools at companies like Segment, we saw first-hand that proactively managing the customer journey could increase net retained revenue by as much as 20 percent",0,0
26003,Mahaana Wealth,Winter 2022,Active,"Mahaana is first & only licensed digital wealth manager in Pakistan. Pakistan has 401K style schemes for retirement but only 0.02% people have retirement accounts. Previously unallowed, Digital onboarding & KYC was adopted by the regulator in late 2021. We are the first & only licensed digital investment advisor and looking to take advantage of this regulatory tailwind. We are now licensed to create our own retirement funds & ETFs just like Vanguard",0,0
1098,DevColor,Winter 2016,Active,"We give Black software engineers support they need to advance in tech.. dev/color is a non-profit organization that aims to maximize the impact of Black software engineers. Our mission is to provide Black engineers with the connections and skills needed to start and stay in the industry, and advance into leadership roles. We’re a community for software engineers, by software engineers. We work with members throughout their careers, from college to industry, through mentorship, goal setting and events",0,0
26660,Chordio,Summer 2022,Active,"Claude Code design workspace built for product teams. Designers and product managers are often locked out of prototyping on top of their existing product. Security policies, large code base, and complex build setup all stand between the promise of code-first front-end design and reality. The Chordio Workbench helps non-technical team members prototype new experiences on top of their existing products even when they don’t have access to the source code. The full workflow runs in Claude Code on your local machine. It starts with cloning the front-end of the product into the workbench repository directly from the browser and compiling it into code a coding agent can work with. This means anyone can start prototyping in minutes without having to worry about a complex environment setup. The Workbench includes agent skills to help ensure prototypes meet team standards, are backed by research, and presented to stakeholders with clarity",0,0
30458,Jeevy Fabrication,Spring 2025,Active,"AI Driven EPC - Weld Fabrication Contractor. Jeevy Fabrication is an AI-powered contractor that connects complex weld jobs to the best-fit shops—fast. We deliver top-tier QA and total transparency, all at better traditional outsourced pricing. Our software reduces bid and scheduling time for our in-network shops by over 80%. It converts manufacturing drawings into an accurate bill of materials and a resource-loaded, high-fidelity schedule—eliminating costly errors and rework. Using this our in-network fabricators can bid on more jobs and deliver more reliable results than their competitors. We also offer our clients a streamlined purchasing and project tracking experience. Clients submit purchase requests, track schedules, access key documents, and receive real-time photo updates—all in one place. We provide traceability for easy material review and maintenance of domestic content standards as required. Faster decisions, fewer delays, complete visibility",0,0
573,Boostable,Winter 2014,Acquired,"Advertising platform tools for marketplace sellers.. Boostable makes advertising easy for sellers and brands on marketplaces. We grow marketplaces by helping their sellers advertise their listings and gather insights. Boostable is a YCombinator company based in San Francisco and funded by SVAngel, 500 Startups and others",0,0
27822,GovEagle,Winter 2023,Active,"AI for Government Contractors. GovEagle is an AI-native platform built to help public sector teams find, win, and manage work",0,0
1924,Quo (fka OpenPhone),Summer 2018,Active,"The all-in-one business phone for teams.. OpenPhone is the modern business phone system. It comes with powerful calling, messaging, and a lightweight CRM. Works great for individuals and teams. It allows you to share a phone number with teammates, like an inbox. Available on Mac, Windows, Web, iOS, and Android",0,0
949,The Ticket Fairy,Summer 2015,Active,"Revenue generation for live events. The Ticket Fairy is a next-generation event ticketing, marketing, management, intelligence and revenue acceleration platform, providing event promoters and venue managers the tools necessary to increase attendance levels, social media exposure and consumer engagement, and provide an enhanced experience to their patrons. The Ticket Fairy is helping large and small events maximise their revenue potential in Australia, New Zealand, India, the United States, and the United Kingdom and Europe, with closed beta trials in East Africa, Singapore, Thailand and Malaysia",0,0
862,Teleport,Summer 2015,Active,"The Infrastructure Identity Company. Teleport unifies identities — humans, machines, and AI — with strong identity implementation to speed up engineering, improve resiliency against identity-based attacks, and secure AI in production infrastructure",0,0
31538,flowscope,Spring 2026,Active,"AI-native consulting to map and automate business processes. flowscope is an AI-native transformation consulting firm that deploys agents to map, optimize, and automate companies’ processes end to end without human intervention; doing what consulting firms charge millions for at a fraction of the cost and time",0,0
30368,Red Barn Robotics,Winter 2025,Active,"A Roomba for weeds on a farm.. We are building an autonomous robot to precisely eliminate weeds and leave crops untouched. Despite $100 billion being spent annually on weed control, weeds still cost the US economy $46B/year. Weeds steal sunlight and nutrients from crops, forcing farmers to choose between higher costs and lower yields. Moreover, many farms still rely on hand labor to control weed growth. The process is slow, expensive, and increasingly difficult due to constant labor shortages (1 out of every 5 US farm positions go unfilled each year). Our robot nicknamed the Field Hand is able to automate one of the worst jobs on a farm and will help healthily feed the world",0,0
31465,Aseon Labs,Spring 2026,Active,"Robotic pitstops for self-driving cars. Aseon Labs builds robotic pitstops for self-driving cars. Autonomous vehicles can drive themselves, but they still rely on humans and centralized depots for charging, cleaning and servicing multiple times per day. As fleets scale, the operational layer makes up 70% of the cost of the service and is of the largest barrier to uptime, profitability and market expansion. Aseon Pods are robotic micro-depots that can be deployed directly within operating zones, bringing fleet servicing to where demand exists. By eliminating unnecessary depot trips and automating routine operations, Aseon helps autonomous fleet operators increase uptime, reduce reset cost by 50% and unlock scale. Founded by the team behind Pushme, which deployed 5,000 mobility infrastructure locations across 40 cities before its acquisition by TIER-Dott, Aseon is funded and building product in Redwood City for pilot deployment with major autonomous vehicle operators",0,0
764,GiveMeTap,Winter 2015,Active,"We produce & sell stainless steel water bottles that enables people. GiveMeTap is a social enterprise. Our mission is to make clean drinking water available to everyone, everywhere. We create stainless steel water bottles, and each bottle funds 5 years of clean water for someone in Africa. When you get a GiveMeTap bottle, you also have access to the free-water network of cafes and shops who give free tap water to people on the go. No questions, no hassle. We build water projects in remote villages and elect a water committee to run the maintenance of the water. So far we have made an impact in Namibia, Malawi, and Ghana to bring clean water for the first time. We like to think of this as ‘Water for You, Water for Everyone’. We help awesome companies create custom bottles for their staff, customers, and events so that they can stay hydrated, reduce plastic waste and help fund water projects. Our partners include: Deloitte HSBC YCombinator Google TED Flexport Legal & General Richard Branson's The Lodge, Switzerland Cambridge University Want to get your company involved? Visit http://bit.ly/2j2Ef64 Water for you. Water for everyone",0,0
27844,Cloudchipr,Winter 2023,Active,The #1 Actionable FinOps Platform. Cloudchipr is an actionable FinOps platform that keeps multi-cloud spend under control 24/7 with AI agents,0,0
836,Valor Water Analytics,Winter 2015,Acquired,"Valor Water Analytics delivers a SaaS platform to utilities to detect. Today, water supplies are more scarce than ever before, requiring water utilities to operate more efficiently than anyone thought possible. That’s where we come in. Like water, the flow of data from water utilities is both measurable and manageable. Valor helps utilities transform complicated data into simple solutions that can make a big difference. Some call it advanced water utility analytics. We call it all in a day’s work",0,0
714,Hive,Summer 2014,Active,"Marketing automation for event promoters (email, sms, ads, CRM). Hive is the industry-best marketing platform for event marketers. Our platform powers marketing for 1500+ of the most iconic event, festivals, venues, promoters, and event-centric brands across North America. We help our clients sell out their shows and make their events unforgettable - by helping them grow their customer base and personalizing and automating their email, SMS, and ad campaigns. Hive integrates with 25+ partners like Ticketmaster and Shopify, ingesting rich customer data in real-time. With this data, event marketers can segment their audiences in powerful ways and send timely, customized messages to their customers",0,0
28829,DataShare,Summer 2023,Active,"Embed charts, dashboards and exports in your app. DataShare is a data-as-a-service platform that lets you embed charts, dashboards and exports directly into your product. For example, if you run an accounting startup, DataShare would enable you to embed a full profit and loss dashboard, with downloadable statements. DataShare is backed by an enterprise-grade data warehouse, and can be implemented in fewer than 20 lines of code",0,0
1819,Gainful,Winter 2018,Active,"Personalized Performance Nutrition. Gainful is performance nutrition that unlocks your full potential. We provide personalized products and 1:1 Registered Dietitian support to empower active people to reach their unique goals by transforming their health. Founded in 2017, Gainful is backed by some of the world’s best venture investors (including Y Combinator, BrandProject, and Courtside VC). Our current products are Personalized Protein, Personalized Hydration, Personalized Pre-Workout, and our line of Performance Boosts (Collagen, Creatine, and Fiber)",0,0
31296,Unifold,Winter 2026,Active,"Multi-chain deposit and payment infrastructure. Launch crypto deposits in minutes. Unifold is a developer-first API + SDK that makes it easy for any app to accept on-chain deposits – across any chain and token – with less than 10 lines of code. We handle the full deposit flow so teams can ship faster and give users a smooth experience that actually works. If you’re building a consumer-facing on-chain product and want best-in-class deposits (or want to support more chains fast), we’d love to work with you",0,0
218,Embedly,Winter 2010,Acquired,"Embedly provides a platform and suite of tools to make embedding and previewing links simple. Embedly helps publishers and consumers manage embed codes from more than 100 Websites and APIs, including YouTube, Flickr, Ustream, Picassa, Hulu, Twitpic, Quantcast, and CrunchBase. It automatically convert links from these sources into embedded media on the fly",0,0
13215,Medicare Vox (fka Fair Square),Winter 2020,Active,Building an AI Health Insurance Agent.. Building and AI Health insurance agent,0,0
23445,Blink,Winter 2021,Inactive,"Same-day delivery for e-commerce companies in Europe.. Blink provides same-day delivery to e-commerce companies, helping them acquiring and retaining more customers thanks to a great delivery experience. Merchants sell on their website and Blink picks-up orders directly from physical stores or from dark stores (small urban warehouses) deployed in cities. Crowdsourced riders and transportation companies complete the delivery following routes optimized in teal time. Consumers can track and personalize their delivery",0,0
1594,Bloom Institute of Technology,Summer 2017,Active,"The online coding school that invests in you.. Bloom Institute of Technology is a full computer science education that's free until you get a high-paying job. We invest in our students, train them for free, and take a portion of income if they get a job above a certain threshold. If they never make above that threshold or don't get a job in the chosen field, they never pay us a dime",0,0
27052,Quindar,Summer 2022,Active,"Datadog for Space. Quindar is a web app used by satellite owners to analyze, test and operate their constellation. For example, Airbus could use Quindar to operate their satellite fleet with minimal human intervention. We’re six former OneWeb engineers who helped build the software platform that currently operates the second largest satellite constellation in the world. The space industry is shifting from companies launching a handful of satellites over a decade, to launching hundreds of satellites EACH in just a few years. Our SaaS platform automates mission management and for a single engineer to operate hundreds of satellites instead of the traditional model of many engineers operating a single satellite",0,0
1662,Skyscrape,Summer 2017,Active,"Skyscrape makes temperature-responsive insulation. Skyscrape makes temperature responsive fabrics for a new type of clothing. These fabrics literally change shape in response to a change in temperature: the fabrics become thicker and insulate more as the temperature drops, and they become thinner and insulate less as the temperature rises again. This ""intelligent insulation"" has no wires or sensors, and the fabric's shape-changing behavior comes from a natural materials response. Skyscrape’s fabrics offer expanded thermal comfort across a wider temperature range than conventional clothing. Creating textiles that could change shape with changing temperatures required years of laboratory work by an interdisciplinary team of scientists, engineers, designers, and weavers, designing and refining machines and processes to make yarns and fabrics that could adapt to the environment. Skyscrape's first market entry was with Ralph Lauren in the 2022 Team USA Winter Olympics Opening Ceremony",0,0
12251,Emi Labs,Winter 2019,Active,"Helping great teams hire better frontline workers, faster.. At Emi Labs (YC '19) we are on a mission to increase frontline workers' access to professional opportunities by building the infrastructure for Frontline Workers (check our manifesto here: https://www.linkedin.com/pulse/our-manifesto-building-infrastructure-frontline-workers-emi-labs/). As our first step, we are transforming the high-volume recruiting process of Frontline Workers to make it as simple, human, and fair as possible for both Candidates and Recruiters. Our product is a SaaS recruitment platform powered by AI that helps companies engage with candidates via text to drive faster and more efficient hiring processes. We are growing fast, well funded, and obsessed with making our mission a reality. Some of their customers include Walmart, Burger King, Starbucks, 7-Eleven, Danone, Imperfect Foods, and Heineken",0,0
21856,Charityvest,Summer 2020,Acquired,"A premier charitable giving account, for everyone.. Charityvest is the modern donor-advised fund, for individuals and corporations. - Make tax-smart contributions of cash, stock, crypto, equity and more to your DAF. - Invest your charitable balance for tax-free growth with low-cost ETFs. - Send grants to 1.4 million charities with a few clicks. - Receive one tax receipt for all of your giving",0,0
11943,Kalshi,Winter 2019,Active,"1st federally regulated exchange where people can trade on events. Kalshi (www.kalshi.com) is the first federally regulated exchange where you can trade on the outcome of events. We built Kalshi because we believe that people should be able to capitalize on what they know and have opinions on. We make this possible by expanding what people can trade on and allowing them trade in the domain of everyday knowledge. Kalshi is developing a new asset class, “event contracts,” and a financial exchange for trading on the outcome of events: we are federally regulated by the CFTC as the first-ever legal futures exchange in the U.S. for trading on a broad category of events",0,0
11937,Insight,Winter 2019,Acquired,The first extensible browser for iOS. The first extensible browser for iOS,0,0
30221,A1Zap by A1Base,Winter 2025,Active,"The social network layer for AI apps. The social network where people build things for each other Create tools, games, chatbots, and interactive experiences - then share them instantly with your friends, your class, and your campus",0,0
1920,Mylk Guys,Summer 2018,Inactive,"Amazon for Vegans. We are a national vegan specialty store. Starting with food, we are expanding to other categories like beauty, healthcare, home goods etc. We use data to predict which products will succeed (and launch them exclusively)",0,0
30645,Panels,Summer 2025,Active,"Audio Data for AI Labs. Panels is an audio data platform that delivers high-quality speech datasets from vetted, diverse contributors to power training and evaluation of foundational voice models",0,0
352,View3,Winter 2007,Inactive,"View 3, an active clad-alignment splicer with the world's highest fiber image magnification rate, is the most dependable fusion splicer",0,0
21883,Speedscale,Summer 2020,Active,"Accelerate development by simulating production conditions with real. Speedscale helps engineers validate their code with real, sanitized traffic. We simulate realistic production conditions in Kubernetes so you no longer need to manually script or use large and complex environments. Catch performance defects before they reach production and reduce weeks-long test cycles down to a few days",0,0
1928,Spero Foods,Summer 2018,Inactive,"dairy reinvented from plants. Spero is affordable, clean, sustainable plant-based dairy. With 21 global patent apps and novel process engineering for high throughput low cost plant dairy, Spero recreates staple foods you love, in ways that are good for you and the planet",0,0
22846,Lalabox,Winter 2021,Inactive,Live stream shopping for beauty products,0,0
30860,Alt-X,Winter 2026,Active,"Building the best venue for private markets exposure.. Alt-X is building the AI-native liquidity layer for private markets. Private markets have created trillions of dollars in value, yet remain fragmented, illiquid, and inaccessible. While public markets benefit from exchanges, market makers, brokerages, and data infrastructure, private markets still rely on brokers, spreadsheets, and manual workflows to connect buyers and sellers. Alt-X uses AI to automate the core functions required to make private assets liquid. We streamline diligence, valuation, investor matching, and transaction execution, reducing the friction that makes private-market transactions slow, expensive, and opaque today. Our initial focus is venture-backed secondaries. We source opportunities from founders, employees, and early investors while building a network of accredited investors seeking exposure to the world's most valuable private companies. Over time, we believe every private asset—from startup equity to private credit and alternative investments—will require modern liquidity infrastructure. Building trusted infrastructure for private markets is difficult. Transactions involve complex diligence, fragmented information, transfer restrictions, and significant compliance requirements. Alt-X is focused on creating systems that can support real transactions at scale, not just marketplace listings. Ryan Samadi (Stanford CS/AI, former Citadel commodities trader) and Michael Wachsman (Cornell CS, infrastructure engineer) are building Alt-X because they believe ownership of innovation should be more liquid, transparent, and accessible. Today, Alt-X has sourced over $1.5 million in transaction opportunities and assembled a network of 40 accredited investors representing hundreds of millions of dollars in investable assets. Our mission is to democratize ownership of innovation by building the financial infrastructure that private markets have never had",0,0
1776,Curious Fictions,Winter 2018,Inactive,"Patreon for professional authors.. Read short stories on the go, tip authors for stories you love",0,0
989,Tovala,Winter 2016,Active,A smart-oven-paired subscription meal service.. Tovala is a Chicago-based food-tech company with a smart oven that is paired with a weekly meal delivery service,0,0
22854,Topkey,Winter 2021,Active,Topkey is the all-in-one financial operating platform that simplifies expense management for hospitality managers,0,0
29021,Fragment,Summer 2023,Acquired,"Turn manual operations into scalable processes. Fragment’s premise is that every company using AI will need humans in the loop, and software for the handoff between AI and humans. We start by helping operations teams in fintech companies with task management for their manual processes (onboarding, compliance…). Building on top of this, we make it easy to increase automation by adding a layer of human supervision",0,0
1606,Gameday,Summer 2017,Inactive,"Play fantasy sports with friends on Facebook Messenger. Gameday is the easiest way to play fantasy sports with friends. We make daily fantasy sports fun for everyone, with a simple and quick version of the game over chat",0,0
29749,Biocartesian,Summer 2024,Active,"Converting biology into digital molecular maps. Finding new cures requires seeing what and where the abnormal molecules are in a diseased tissue, but current tools see less than 1% of those molecules. Biocartesian combines microscopy and new chemistries to see 50X more, offering unprecedented insights into disease biology and new therapies",0,0
24913,Beau,Summer 2021,Active,"Workflows for repetitive customer-facing tasks. Beau helps to work with people outside your company: build, visualize, and automate your customer-facing processes! 🔥 All with one, easy-to-use solution: collect forms, accept payments, keep updated, request details, and approve steps!",0,0
13481,Thndr,Summer 2020,Active,"Investment platform for MENA individuals. Thndr is a platform that allows MENA individuals to invest in Stocks, Gold and Fixed Income",0,0
31560,Intelligence Factory,Spring 2026,Active,"Human Intelligence for Robots. Robotics is the new paradigm. With hardware converging, Intelligence is the biggest bottleneck. Our world was built for humans and we're giving robots the ability to reason and act like us. The way we learn any task - by seeing, doing, and feeling - is how we train robots. We're building general intelligence that works on any robot and fits seamlessly within our world",0,0
22581,Atrato,Winter 2021,Active,Enabling consumers split the cost of purchases without a credit card. Enabling merchants and consumers to offer flexibility at the point of sale,0,0
13642,Yassir,Winter 2020,Active,"Yassir is the leading Super App for French Speaking Africa. Yassir is the leading super App in the Maghreb region set to change the way daily services are provided. We currently operate in 45 cities across Algeria, Morocco, and Tunisia with recent expansions into France, Canada, and Sub-Saharan Africa, with backing (~$200M in funding) from VCs from Silicon Valley, Europe, and other parts of the world. We offer on-demand services such as ride-hailing and last-mile delivery. Building on this infrastructure, we are now introducing financial services to help our users pay, save and borrow digitally. Helping usher the continent into a digital economy era. We’re not just about serving people - we’re about creating a marketplace to bring people what they need while infusing social values",0,0
13157,Weav,Winter 2020,Acquired,Weav is the universal API for commerce platforms. Weav is building the digital infrastructure to connect small businesses with financial institutions,0,0
27710,Hammr,Winter 2023,Active,"Rippling for the Construction Industry. Generic payroll providers weren't built for construction - Hammr is. Our modern tools simplify construction payroll, HR and operations. We help construction companies boost profits, not paperwork",0,0
783,ReSchedule Med,Winter 2015,Inactive,"We help medical residency programs create and manage their schedules,. Rescheduling for residency programs. Rescheduling is one of the largest logistics pain points in hospitals and residency programs. Reschedule provides an end-to-end work flow to manage graduate medical education scheduling",0,0
21864,Farmako Healthcare,Summer 2020,Active,"India's fastest medicine delivery in just 30 minutes. We are India's fastest medicine delivery service. We deliver medicines in just 30 minutes. We have built highly optimized pharmacy stores and a set of internal tools designed to process prescriptions quickly. We also provide easy-to-integrate APIs and SDK for anyone to start a virtual pharmacy without needing a license, pharmacy, or delivery fleet. Any doctor, teleconsultation app, or EMR provider can start delivering medicines to their patients on WhatsApp or App using our service in the background. We have more than 80 B2B partners, including India's top teleconsultation apps, EMR providers, hospitals, elderly care apps, and insurance providers. We operate 24/7 in Gurgaon, New Delhi, and Moradabad and deliver over 15,000 orders monthly. So far, we have processed more than 250K orders and done thousands of life-saving deliveries. We started in 2020 with the vision to build a centralized health record system for India. We had an AI-powered EMR app for doctors and a SaaS for diagnostic labs to add patients' medical records to Farmako Health ID. We have more than 3M health records added on Farmako. In 2022, the Indian government launched ABHA Health ID and we became one of the first official partners with them. In 2023, we launched quick medicine delivery and decided to move forward with ABHA Health ID for medical records. Now, we are building a safe health assistant inside our medicine delivery app, which will be connected to your Health ID and all your past medical records. Our goal is to make it a super-safe and accurate health assistant for the world, which can eliminate your doctor in the long run for all primary care issues",0,0
30249,HealthKey,Winter 2025,Active,"AI-powered Patient Identification for Clinical Trials. HealthKey helps doctors offices generate more revenue by finding eligible patients for their clinical trials. We match at-risk patients with cutting-edge treatments, ultimately getting patients access to potentially life-changing treatments faster. Big Pharma pays a lot of money to clinics for each patient they enroll, but finding patients who qualify is an entirely manual process today. We use AI to prescreen doctors’ existing patients against Clinical Trials’ eligibility criteria, making enrollment fast and easy",0,0
25778,Take App,Winter 2022,Active,Shopify for WhatsApp commerce. Ecommerce for WhatsApp. We make commerce more intuitive and accessible by simplifying WhatsApp ordering. Founder Youmin Kim is ex-Facebook Engineering Manager who launched Facebook Marketplace and Messaging Commerce in SE Asia,0,0
997,Mio,Winter 2016,Active,"Mio powers seamless communication between workplace chat apps.. Mio powers seamless communication between Slack, Microsoft Teams & Webex Teams. The Austin, Texas-based company was founded by Tom Hadfield and James Cundle in November 2015. M.io has raised $12m from investors including Goldcrest Capital, Eniac Ventures, Two Sigma Ventures, Khosla Ventures, Y Combinator and Capital Factory. Ready to sync your teams? Learn more and get started at https://m.io/",0,0
22617,Serna Bio,Winter 2021,Active,"Genetic Medicine with Small Molecules. Serna Bio is developing small molecules to modulate RNA function, unlocking the potential to treat diseases driven by biology intractable by other modalities",0,0
31100,Sentrial,Winter 2026,Active,"Datadog for Agent Reliability. Sentrial is the monitoring platform for AI products in production. When your AI product/agent loops indefinitely, hallucinates, or frustrates users, Sentrial detects it in real-time, diagnoses the root cause, and recommends specific fixes. We provide the monitoring, evaluation, and debugging infrastructure that traditional tools weren't built for, so teams iterate based on production reality, not just offline evals",0,0
25660,PayCaddy,Winter 2022,Active,"Simplified Banking as a Service for Latam. PayCaddy enables Latam companies to launch financial products with an API based platform. Rather than building fintech from scratch, or dealing with a legacy bank, companies can use PayCaddy to open digital wallets with KYC checks, automate online payments, and issue personalized debit and prepaid cards for customers or employees",0,0
26781,CodeCrafters,Summer 2022,Active,"Programming courses for experienced engineers. Build your own Git, Redis, SQLite — in Go, Rust, Python, etc",0,0
29591,Synnax,Summer 2024,Active,"Unified Hardware Control and Data Processing Software. We build software that helps hardware teams quickly and clearly evaluate how a component (engine, battery, valve, etc.) or process (assembly line, manufacturing plant) performs. We prevent mistakes, reduce costs, and accelerate time-to-market. Our platform unifies industrial control with sensor data storage and automated post-processing, delivering an end-to-end operations and observability stack. To put it comparatively, take LabVIEW, InfluxDB, and Grafana, wrap them into a single package, add a bit of magic, and you get Synnax",0,0
31054,ARC Prize Foundation,Winter 2026,Active,"AI benchmarks that measure general intelligence and inspire new ideas. ARC Prize builds AI benchmarks that measure general intelligence. Our benchmark, ARC-AGI, has been used by OpenAI, Anthropic, Google DeepMind, and xAI. Founded by Mike Knoop and Francois Chollet, we inspire open source artificial general intelligence (AGI) research through benchmarks (the ARC-AGI series), global competitions, research grants, community, and content, we exist to guide researchers, industry, and regulators on the path to AGI. We believe that AGI requires more than just scaling up existing AI models. It demands a fundamental shift towards systems capable of genuine fluid intelligence, the ability to adapt to novel challenges and solve problems efficiently, much like humans do",0,0
22771,Avenue,Winter 2021,Acquired,"Observability platform for operations teams. Avenue is a simple way for business teams to set up alerts from their database or data warehouse. Think Datadog / PagerDuty for operations teams. Operations teams create set-and-forget alerts on all their data, so they can be more proactive with their time (and monitor on more nuanced triggers than just what fits on their dashboard page). Avenue can improve response times to critical problems from several days to real-time by alerting directly on the data sources that customers already use",0,0
1059,TRAC,Winter 2016,Inactive,"An end to end timing solution for any scale athletic event.. TRAC is a Chicago based startup that is focused on simplifying the track and field experience using innovative RFID technology, cellular data transmission, and unique application based software. Our integrated RFID timing system is the best in market for coaches and athletes in time based sports due to its precision, immediate feedback, and ease of use, thus saving time, effort, and money",0,0
12629,Nonu,Summer 2019,Inactive,We deliver hair loss medicines for Indian men on a subscription basis,0,0
27846,PoloTab,Winter 2023,Active,"Restaurant software that actually works. The ecosystem coffee shops and restaurants in Mexico run on. From point of sale, to inventory management, payments and much more for the most demanding. Our tech is as user-friendly as an iPhone, yet powerful enough to power Starbucks. PoloTab is led by a team driven by the vision that things should be different, with the skills to make it happen. We were born from the food & beverage industry and are here to make a difference, not merely be part of the crowd",0,0
25539,Oto,Winter 2022,Active,"Digital program for tinnitus. Oto’s digital programs are the best way to manage tinnitus, and at a fraction of the cost of in person treatment. Tinnitus or ringing in the ears affects 1 in 8 people, and before Oto effective therapy was only available via expensive meetings with a specialist",0,0
27086,AiPrise,Summer 2022,Active,AI-powered Global Compliance Platform. Verify your customers globally with a single platform. Get 800+ data points on each business and 100+ data points on each individual and onboard with confidence,0,0
13347,farmtheory,Winter 2020,Active,"India's first vegetable delivery service to restaurants with a hack. Farmtheory is a B2B agri-tech startup. We are bridging the gap between buyers and sellers of ugly produce by creating a farm-to-fork value chain. Ugly produce is freshly harvested fruitage that is cosmetically unappealing, hence left unsold at farms",0,0
496,Swapbox,Winter 2013,Inactive,"Stop missing deliveries. Ship to Swapbox and pick up at our kiosks.. Send and receive packages with Swapbox # Receive packages with Swapbox # Prevent missed deliveries with Swapbox. We give you control over your packages — no more missed delivery notices or stolen packages. Shop online and ship packages to a Swapbox. We'll notify you via email and/or text message with the pickup details when they arrive. Learn more: swapbox.com/faq Receiving deliveries video: https://vimeo.com/76379214 # Send packages with Swapbox # Take anything that you want to ship to your local Swapbox, no planning ahead necessary. Enter a few details about where your item is being shipped and how fast you want it there. Place your item in the Swapbox (It doesn't even need to be packaged!), and Swapbox will take care of the rest. Swapbox ships via UPS, USPS or FedEx. Swapbox is the fastest, most convenient way to ship anything. Learn more: swapbox.com/shipping Shipping video: https://vimeo.com/97379917",0,0
454,Celery,Summer 2012,Inactive,"Celery is a platform for pre-orders (www.trycelery.com). Accept. Celery emerged from Y Combinator in 2012 with one goal: to help you sell your great ideas, better. Filling a void in e-commerce, Celery has become the single-stop for innovative brands – large and small – to take pre-orders, crowdfund independently, and to continue selling before and after items are in-stock. Today, Celery has helped thousands of businesses launch their way by providing the tools to crowdfund and pre-sell independently. Celery is founded by a team crowdfunding and e-commerce experts and alums from MIT, Stanford, Groupon, LinkedIn and Foursquare, and is venture-backed by Y Combinator, General Catalyst, Elementum Ventures, Max Levchin, SV Angel, and other top investors",0,0
173,TalkBin,Winter 2011,Acquired,"Consumer to business messaging.. Acquired by Google, integrated natively into Google Maps",0,0
29518,Dropback,Winter 2024,Active,"The front office software suite for college sports. Dropback is building front office software for the future of college sports. We help major athletic departments manage their teams' ""salary caps"" and roster limits to construct their most competitive rosters. Just two years ago, it became legal for athletes to earn an income beyond their scholarships. Since then, despite college athletes earning $2B+, rapid regulation change has put college sports in disarray. Dropback brings order to this chaos through custom compensation frameworks, roster management, what-if playgrounds, and more--ultimately helping elite programs optimize spend & maximize talent",0,0
13335,Kosh,Winter 2020,Active,"Creating Microfinance 2.0.. Kosh is a digital lending platform in India, empowering blue-collar workers with a unique joint liability model (much like microfinance but for a different segment). The social component of their underwriting helps control credit risk significantly and lower CAC/Opex in one go, making this 150mn-strong segment credit-worthy",0,0
27898,Overlord,Winter 2023,Active,"AI Accountability Partner. Overlord knows everything about you (location, Mac data, health data, +dozens more), and can take actions (block Mac/iOS/Android, text/call you, text your friends, take your money) to force you to stay on track with your habits",0,0
30890,AnswerThis,Fall 2025,Active,"End-to-end workspace to accelerate scientific discovery. AnswerThis is a scientific discovery platform used by over 200,000 researchers that reduces weeks of manual research work to hours. Instead of manually searching, reading, and organizing dozens of papers, researchers use AnswerThis to find the most relevant work, see how ideas are connected, and get comprehensive answers to complex scientific questions with line by line answers. This allows them to map research gaps, analyze trends, and draft literature reviews far faster, all while building a searchable library of their own research materials",0,0
29709,Substrate,Summer 2024,Active,"Artificial Intelligence for your medical billing team. Substrate's AI agents automate the click-work & data entry in revenue cycle management. Our agents perform repetitive and time-consuming tasks on behalf of medical billers, significantly increasing efficiency and reducing errors",0,0
24531,TransAstra Corporation,Summer 2021,Active,"Orbital logistics: Unleashing space industry, from Earth to asteroids. With five issued patents covering our core business lines, and more than a dozen additional patents pending this year and more than $5M in revenue, TransAstra is developing the technologies that will drive the rapidly expanding space economy. Our breakthrough Omnivore propulsion system can propel spacecraft, including our Worker Bee commercial OTV with water or virtually any other fluid as a propellant using only concentrated sunlight as a power source. Omnivore is faster, cheaper, and more practical than electric propulsion while being substantially less expensive, safer, and more operationally flexible than legacy chemical propulsion systems. Our Sutter Telescope System can identify and locate resource-rich asteroids and orbital debris that existing technologies can’t find and works synergistically with our Worker Bee OTV for orbital logistics. For government customers, Sutter can identify dark fast-moving objects between Earth and the Moon which currently evade detection, a critical issue for national defense and a key need of the Space Force. We are already using Sutter in ground-based observatories and will begin commercial sales of Sutter SDA data next month having tracked dozens of faint moving objects in space already. Once launched into space, Sutter will be 300,000 times more cost effective than any other known telescope design and will revolutionize sense making in space",0,0
1062,Cover,Winter 2016,Inactive,"The mobile-first insurance platform that makes insurance easy.. Cover is an Android and iOS mobile application that allows its users to insure anything by taking a picture of what they need to insure. It partners with many insurance companies and brokers to provide its users with the best available rates. The application allows its users to insure vehicles, mobile phones, pets, jewelry, houses, boats, tours, and more. It was launched in Toronto, Ontario, Canada",0,0
12371,Buy Me a Coffee,Winter 2019,Active,Helping creators monetize. Buy Me a Coffee is a fast and beautiful way to fund your creative work. Loved by over a million creators. ☕️,0,0
898,Reach,Summer 2015,Active,"Long range, wireless energy distribution that scales. Reach Labs is building long-range wireless power networks that deliver scalable, resilient energy infrastructure",0,0
25913,Trueplace,Winter 2022,Active,AI to prepare you for the future. Trueplace's AI supercharges career preparation,0,0
23229,Pyroscope,Winter 2021,Acquired,Open source continuous profiling software to debug performance issues. Pyroscope is an open source continuous profiling platform. With just a few lines of code it will help you debug performance issues and find bottlenecks in your code,0,0
607,HoverChat,Winter 2014,Inactive,Message without interrupting what you're doing. HoverChat is an app focused on making messaging more of a multi-tasking experience and allow users to use the messaging service without interrupting their work flow. The app is currently available on Android phones,0,0
29271,DGI Apparel,Winter 2024,Inactive,"Expedia for ordering blank apparel. DGI Apparel is a one-stop shop for custom screen printers to purchase all of the supplies needed to operate their business. DGI enables users to connect their existing vendor accounts to compare prices, inventory, and shipping time across all of their vendors on a single website. They can also manage all of their vendor carts, checkout, and view purchase tracking and analytics right from DGI",0,0
1510,FastJVM,Winter 2017,Active,Making the JVM faster. FastJVM analyzes JVM bytecode and applies provably safe optimizations such as automatic parallelization. On some workloads it already delivers up to 10× speedups; the goal is to generalize these gains across the JVM,0,0
12876,GitStart,Summer 2019,Active,"Pull Requests as a Service. GitStart accelerates software engineers with Pull Requests as a Service. Assign tickets to GitStart Bot, go to sleep, and wake up with PRs. GitStart Bot automatically manages thousands of AI models and full-time engineers and runs peer reviews until PRs are ready to be merged. It’s scalable, flexible, and quality is guaranteed: you only pay for merged PRs",0,0
1604,Pathrise,Summer 2017,Inactive,"YC for your career. Pathrise is a career accelerator where you don't pay unless you land a job. Job seekers sign up for Pathrise to get weekly career coaching, access the Pathrise network and use our job search automation software",0,0
31522,Gravy,Spring 2026,Active,"Agents that move money, trade stocks, and file taxes",0,0
1885,Penta Medical,Summer 2018,Inactive,"Smart hardware for injury recovery.. At Penta Medical we are dedicated to providing an innovative solution to injury management. We work with the top athletic teams and doctors to help them reduce injury rates and improve healing times. While working with our team you will have access to up to date information on all of your athletes, preventative statistics benchmarked across the field, and customized treatments",0,0
23085,Launcher Labs,Winter 2021,Inactive,"Maker of consumer crypto apps: Launchcaster, Frameboard, Maindrop. Launcher Labs made consumer crypto apps, including Launchcaster (acq by Orange DAO), a leading community for launching and discovering crypto projects; Frameboard, a visual curation app and protocol; Launcher Actions, a smart contract mini-app platform; and Maindrop, a Venmo for NFTs",0,0
23304,Moonshot Brands,Winter 2021,Inactive,"Buy and grow profitable e-commerce companies selling on Amazon and DTC. Moonshot Brands is building the world’s largest - next-generation CPG (Consumer Product Goods) e-commerce company. We look for profitable e-commerce companies on Amazon or selling DTC on Shopify, purchase them from the founders giving them liquidity for their biggest asset, then turbocharge the growth with our proprietary data-driven technology platform and team. We scale e-commerce brands globally",0,0
21947,Daybreak Health,Summer 2020,Active,"The first digital mental health system for youth. Daybreak offers comprehensive and clinically-validated online mental health services designed for youth, like teletherapy, psychiatry and digital education. We partner with schools and pediatric groups to make access to services easy, and strive to deliver zero cost to the end consumer through insurance and government funding",0,0
12053,Mobot,Winter 2019,Active,"Mobot is a QA-as-a-service platform using actual mechanical robots. Mobot (YC W19) is a QA-as-a-service platform using actual mechanical robots to automate testing of repetitive functions on real mobile devices. Mobot's human-supervised robots make it possible to automate mobile app tests that emulators, virtual devices, and existing frameworks can't. This approach eliminates thousands of hours of manual testing, increases testing efficiency and physical device coverage, and captures more bugs in-app before app store launches than software can do alone",0,0
30837,AirCaps,Fall 2025,Active,"The AI copilot for in-person conversations.. AirCaps is bringing AI assistance to in-person conversations. Our AI-copilot provides live captions, translations, AI meeting notes and insights for in-person conversations in real-time. It's deployed as an app for lightweight AR glasses so you can see visual information overlaid onto your field of vision. You can think of it like a Zoom AI meeting assistant or Granola, but for in-person conversations, and with the ability to proactively help you in real-time, not just after the conversation. We’re building the capture and intelligence layer for the 216 billion daily conversations that happen face-to-face. We’ve already processed 16,500 hours of real-world conversations and counting. Today, AirCaps assists with 11% of our users’ in-person conversations. We did $93K in revenue in October and grew 6.5x from September while spending <$3K on marketing (and hit $70K in revenue in the first 2 weeks of November). Our power users average 6h+ daily usage and our day-30 retention is 91%. We previously went viral (75M+ views on TikTok, 150K+ followers) and have been featured by The New Yorker, WIRED, and Forbes. Madhav (CEO, Yale CS) has been building in audio and AR since age 13, starting with Google Glass apps and voice assistants for Raspberry Pis. He researched audio AI at the MIT Media Lab. Nirbhay (CTO, Cornell CS) built voice AI on smart glasses in high school and built conversational AI products as the first engineer at 2 YC startups",0,0
12009,Visly,Winter 2019,Acquired,Build React components visually. Visly is building a next generation design tool initially aimed at front-end engineers. We believe that with the proliferation if component driven software design and popularity of universal design systems it is the perfect time to build a tool like Visly. We enable engineers and designers to collaborate in a single tool and create high quality components that can be directly imported into code using existing tooling developers are used to. Compared to many other design tools we know that the secret to getting this to work well is building a tool engineers will love and building trust with the engineering community. Otherwise these components will never make it into a production code base,0,0
29851,"Diode Computers, Inc.",Summer 2024,Active,"Automate circuit board design using AI. Diode automates circuit board design. We work with hardware companies to get them the PCBs they need, fast",0,0
12056,Intact Therapeutics,Winter 2019,Active,Smart gels for local drug delivery to the gut. Intatct is developing an advanced materials platform to improve the way drugs are delivered and absorbed in the digestive tract. Our vision is to improve the treatment of a wide range of gastrointestinal disorders that are currently underserved,0,0
327,Disqus,Summer 2007,Acquired,"Add comments to your website.. We love the internet, and the colorful characters and interesting conversations that make up its diverse communities. Disqus exists to make better communities and an even better web. Today, our product ecosystem includes our established comment network (over 4 million websites that cover pretty much any topic imaginable), a growing advertising network, and our owned and operated platform. Originally founded in 2007 by CEO Daniel Ha and CTO Jason Yan, we’re changing the way people get into discussions about the things they love -- or are just curious about",0,0
22987,Darrow,Winter 2021,Active,"Bring Justice to Light. Darrow is an AI-Powered Justice Intelligence Platform that scans real world data to detect harmful events, determine the number of victims, predict the outcome, and assess the financial value of a case. Using generative AI, Darrow detects impactful legal violations, matching plaintiff's lawyers with their next big case so they can stop spending valuable hours on business development and focus primarily on litigation. Darrow is based out of Tel Aviv and New York City",0,0
22246,Byte,Summer 2020,Inactive,On-demand food delivery from dark kitchens in Pakistan,0,0
22783,YourQuote,Winter 2021,Inactive,"YourQuote is India's largest writing platform. YourQuote is a social writing app that helps regular people share their short-form creative writing. Much like how Instagram has turned each one of us into a photographer, YourQuote has turned 2.5 million people in India into amateur writers",0,0
30036,Rulebase,Fall 2024,Active,"AI agents for financial services.. Rulebase builds AI coworkers that help banks and fintechs review 100% of customer interactions in real time. Our agents flag compliance breaches, high-risk issues, and quality gaps across calls, chats, and emails — then route them to the right teammates. The result: up to 30% fewer escalations and QA cycles reduced from hours to minutes",0,0
1032,Castle,Winter 2016,Active,"Block bots & bad behavior. Instantly stop automated and human-originated account takeovers, fake accounts, and any behavior that violates your platform policies",0,0
23461,Outfit,Winter 2021,Inactive,"DIY renovations in a box. Materials, tools, and instructions delivered. We sell DIY home renovations in a box. We format our architect-designed templates to a customer's space. We then buy all the materials needed on their behalf, and ship it to their door for them to build. The experience is accompanied by an app that guides from start-to-completion of the project",0,0
30062,Karmen,Fall 2024,Active,"Your AI scheduling assistant for construction. Karmen is an AI scheduling assistant for construction. Karmen builds your baseline schedules from project documents, and updates them as your project evolves, saving you time and potential delays",0,0
25542,Elementary,Winter 2022,Active,Open-source data observability for data teams. Elementary enables data teams to detect problems in their data before their users do. An open-source solution that any data engineer can deploy in minutes without sharing sensitive data,0,0
41,LendUp,Winter 2012,Inactive,"LendUp is a socially responsible company on a mission to redefine. Could a fintech company be built that helps people today, and prepares them for tomorrow? One that offers consumers high quality, mobile-first credit and savings products and protects them from tricks and traps? That’s LendUp. LendUp's mission is to provide anyone with a better path to financial health. We believe there are two types of financial products: chutes and ladders. Ladders help people up, chutes push people down. One of our core values is that every product we offer at LendUp is a ladder, measured by the long-term financial well-being of our customers. LendUp credit cards, loans, and savings resources reflect our commitment to getting our customers to a better financial state. We are a data-driven company and build all of our technology in-house. With a firm belief that you're more than your credit score, we're extending credit as aggressively as possible and helping solve for the income volatility and financial instability that affects more than 140 million Americans. We are backed by more than $325 million in debt and equity financing from investors such as GV, PayPal, Y Combinator, QED Investors, Susa Ventures, Data Collective, Thomvest Ventures, Kleiner Perkins, Kapor Capital, Bronze Investments, radicle impact, Victory Park Capital, Reddit co-founder Alexis Ohanian, Gmail founder Paul Buchheit, Troy Carter, and many others. One of our values is ""different backgrounds, same mission.""​ We come from venerable Silicon Valley technology companies, major banks, nonprofits and law firms. We're former consumer advocates, regulators and academics. Together, we're bringing our mission to life. Join us!",0,0
664,Clear,Summer 2014,Active,"Fintech SaaS platform for invoices, taxes, wealth management & credit.. Our mission is to simplify finances, save money and time for millions of Indian businesses and people. We are a technology company that builds trusted, useful and insightful platforms for our clients to run their finances and improve their relationship with money",0,0
415,FundersClub,Summer 2012,Active,"Online VC. FundersClub discovers, funds, and supports the world's best technology startups. FundersClub created the first online venture capital platform and invests starting at Seed, following on through Growth. The portfolio includes Coinbase, Instacart, Webflow, GitLab, Flexport, Rippling, and other category-defining companies",0,0
29302,Verse Therapy,Winter 2024,Acquired,"Connecting All Ages with Speech Language Pathologists. At Verse Therapy, we're dedicated to making quality speech therapy accessible for everyone by empowering speech-language pathologists (SLPs) to launch and grow their own independent practices. We help therapists focus on what they do best—providing compassionate, personalized care—by taking care of the administrative tasks that often lead to burnout. Through thoughtful marketing and partnerships with care organizations like rehab centers, we connect SLPs with individuals who need their expertise. Our AI-enabled back office streamlines insurance processing, scheduling, and documentation, reducing non-therapy overhead. We're now live in 10 states with over 35 dedicated therapists and are in-network with leading insurance providers, making it easier for clients to receive the support they need",0,0
99,Pagelever,Summer 2011,Acquired,"Facebook analytics. Acquired by Unified in January 2013.. PageLever is the leading analytics platform for measuring your brand’s presence on Facebook. 4 of the top 10 Facebook pages rely on PageLever, as well as brands like YouTube, MTV, and Intel. In January 2013, PageLever was acquired by Unified Social",0,0
22975,Noble,Winter 2021,Inactive,Risk decisioning platform. Noble helps companies quickly assess the creditworthiness of their customers and monitor it over time. We do this by providing the modular components needed to quickly build a complete credit-underwriting infrastructure,0,0
12839,Tranqui Finanzas,Summer 2019,Active,"Debt Management for Latin America.. Tranqui is a debt collection company that has revolutionized the industry with its digital-first approach. Utilizing cutting-edge analytics and machine learning, Tranqui offers a more efficient and effective debt collection experience for users. Our technology-driven approach enables us to analyze user data and behavior patterns to develop personalized communication and repayment plans. This ensures that our users receive a tailored experience that is optimized for their individual needs, resulting in a higher success rate for debt repayment. With Tranqui, users can manage their debt repayment on their own terms, from the comfort of their own homes, thanks to our convenient and flexible digital channels. Our approach not only improves the debt collection experience for users but also helps to improve their overall financial health. Choose Tranqui for a better debt collection experience, with 2x the effectiveness of traditional debt collection methods",0,0
1943,Ixora,Summer 2018,Inactive,We create the digital outdoor environment for a movie,0,0
1979,Canary Technologies,Summer 2018,Active,"Modernizing the hospitality tech stack.. We bring paper based workflows in hospitality online. Canary's solutions are trusted by hotels worldwide, including Ace Hotel Group, Four Season, Wyndham Hotels, Classic Hotels, and others. We are going to eat all of hospitality software",0,0
28794,Ohmic Biosciences,Summer 2023,Active,Genetically engineering plants for disease resistance.. Pests and pathogens cost the world hundreds of billions of dollars every year. Existing technologies like agrochemicals are no longer working. Ohmic Biosciences uses protein engineering to design resistance genes for crops that are robust to pathogen evolution,0,0
31077,Panta,Winter 2026,Active,AI Native Commercial Insurance Brokerage. Panta is a technology-enabled commercial insurance brokerage: we combine AI-powered internal workflows with licensed brokers to help businesses secure complex coverage faster than anyone in the world,0,0
27946,Pointwise,Winter 2023,Active,App that tells you which credit cards to get and when. People spend hours on blogs and YouTube searching for the best credit card. Pointwise makes it easy to know which credit cards to get over time by analyzing your spending patterns and long term goals,0,0
1087,Modal,Winter 2016,Inactive,"digital commerce for the world’s largest auto retailers and brands.. At Modal, we build the future of auto commerce for the world's largest auto brands and retailers. Modal's team is full of technology leaders from places like Google, Facebook, Tesla, Paypal, Accenture, and Modal is backed by notable investors like Y Combinator, Peter Thiel, Khosla Ventures, and Ally Financial. To quote Peter Thiel, Modal is ""complex coordination"" of many different technologies, driving billions of dollars in transaction volume every year. Modal, formerly Drive Motors, was founded in 2015, completed Y Combinator in 2016, and is based in San Francisco, CA. For more information, visit www.modalup.com",0,0
939,Xfers,Summer 2015,Acquired,"Xfers makes it possible for people to make and receive payments via. Xfers is a Singaporean-based payment processing gateway offering credit card processing and Internet banking transfers. As a graduate of Y Combinator’s Summer 2015 Class, Xfers aims to unify banking networks across Southeast Asia. Featured on Techcrunch and coined as the Paypal of Southeast Asia by Channel News Asia, we simplify and redefine the process of collecting and receiving payments in Southeast Asia. In 2016, Xfers announced its first round of seed funding. Its investor portfolio includes venture capital firms such as Quest Ventures, 500 Startups, Golden Gate Ventures and angel investors such as Eduardo Saverin",0,0
31325,Surtr Defense Systems,Spring 2026,Active,"The hardware-agnostic operating system for drone defense. Surtr builds ParallaxOS, the open operating system for counter-UAS. It takes sensor data from any radar, RF detector, camera, or acoustic array and fuses it into a single unified picture with AI-driven threat classification and engagement recommendations. One interface, any hardware, human in the loop",0,0
727,Front,Summer 2014,Active,"Customer communications hub for building strong relationships. Front powers the heart of business — the meaningful connections between teams and customers that lead to lasting relationships. Bringing email and apps together in a collaborative customer communication platform, Front drives business impact by scaling the natural conversations that create customers for life. More than 8,000 businesses are using Front today to cultivate personalized customer relationships at scale and transform their work into impact. With $204 in funding, Front is backed by leading venture capital firms including Sequoia Capital, Salesforce Ventures and Battery Ventures, as well as independent investors including top executives from PagerDuty, Atlassian, Okta, Qualtrics, and Zoom",0,0
31123,21st,Winter 2026,Active,"Infrastructure and UI building blocks for the agentic internet. 21st.dev is the largest React component registry for AI applications, used by 2M developers (370K MAU). We provide the building blocks to create AI agents and agent-powered apps: UI components, agent templates, and an SDK with built-in UI, tools, memory, observability, and managed infrastructure",0,0
1833,SafetyWing,Winter 2018,Active,"Health insurance for remote teams. At SafetyWing, we’re building a global social safety net for remote workers—simple health, insurance, and retirement products designed to replace national welfare systems",0,0
627,Terravion,Winter 2014,Inactive,"Real time Google Earth for agriculture -- imagery collected weekly. TerrAvion provides high revisit rate aerial imagery for agriculture. Since 2016 we have been the largest volume provider. TerrAvion Aerial is the best value for growers in imagery: -Imagery helps you to act in season in a comprehensive and quantitative way -Satellites aren't reliability and lack sufficient resolution for agronomic decision-making -Drones don't scale, and thus are expensive and a hassle -TerrAvion beats all competitors on cost/value, flight rate, reliability, speed, and open API -TerrAvion's service allows imagery to be used in tangible value creating use cases with agronomic support TerrAvion creates the most value for our agronomic partners: -Excellent margins are possible when customers are concentrated, still affordable when in new markets -Our program allows for bundling, particularly with agronomic recommendations -We stay out of the advice and prescription side of things to make our agronomic partners stars -Partners have full access to API with all data we collect for use in all their applications -We handle the technical aspects of aerial imagery delivery and education with in-field support under our co-delivery model",0,0
1640,RideAlong,Summer 2017,Inactive,We save lives by giving police and health workers key info to safely. RideAlong is a software tool that gives patrol officers key information about people with mental illness at the scene—everything from tailored de-escalation techniques to personalized service referral options,0,0
154,Hyperink,Winter 2011,Inactive,"Ebook publisher.. Hyperink, the San Francisco based self-publishing platform, wants to unlock and sell that untapped information by giving every citizen the ability to publish a book",0,0
24139,REPROSENT,Summer 2021,Active,"Activating an overlooked force in medicine - the patient.. REPROSENT is a patient-driven care system that harnesses patients' time to relieve overburdened medical teams. With an app that elevates the role of both patients and their loved ones, REPROSENT helps patients stay on track, capture previously untapped data about their lived experience, and receive timely triage that improves their health outcomes. By making crucial patient information actionable, REPROSENT enables doctors to focus their time on personalized treatment, transforming the way medical care is provided",0,0
26764,Tranch,Summer 2022,Acquired,"Tranch is the invoice to payments platform for enterprises.. Tranch is the invoice to payments platform for enterprises who want to optimize cash flow by offering their business clients an unparalleled payment experience. Based out of New York City and London we enable Services firms, software and marketplaces to be paid faster via our automated invoice to payment solutions. Our frictionless payment methods include Pay Now via FedNow, Pay by Card, Pay by Crypto and Pay Later from 2 to 12 months up to $1M. Find out more about how we simplify and accelerate accounts receivables for enterprises with the most innovative workflows and payment solutions at www.tranch.com. Tranch is backed by leading investors including: Global Founders Capital, TracVC, UpHonest Capital, Soma Capital, FoundersX and Y Combinator",0,0
1652,Piggy,Summer 2017,Inactive,"App for Indians to make investments in mutual funds, manage their. Experience an easy way to make Investments in Mutual funds in India. Easiest platform to make mutual fund investments in India. Because you need to make Investments, be it just to park your cash short term to earn better returns, or to invest for your goals or retirement, we've made an easy to use platform for you where you can invest in any fund in India in few clicks and have track your existing investments. Furthermore , you make investments without paying any middlemen commissions and make more returns . After all, It is your money. Don't pay too much to others when you can do it on your own. We're on both Android and iOS . download the app to get started https://piggy.co.in",0,0
13195,Zaam,Winter 2020,Inactive,Zaam is an end-to-end SaaS solution for business onboarding.. Zaam is an end-to-end SaaS solution for business onboarding. It provides: (i) smart data entry form with real time validation (ii) automated individual and business checks (iii) case management dashboard with customizable rules,0,0
27958,Noya Software,Winter 2023,Active,"Product design tool that lets everyone design like a designer. Noya is a new kind of product design tool for non-designers. This is our second time co-founding a design tools company – our first company was acquired by Airbnb in 2017 and we became the design tools team there. At Airbnb, we built the design infrastructure that the entire company relied on to scale design without increasing headcount costs. We did this by letting non-designers (such as marketing, PMs, and engineering) design screens and websites. Now we're making these tools available to every company",0,0
725,Zoomer,Summer 2014,Inactive,"Outsourced, high volume food delivery.. Zoomer is a venture backed, technology and logistics startup focused on helping high volume delivery restaurants wow their customers and grow their business. We've taken a unique approach to changing the food delivery space and it's starting to pay off. Zoomer has stayed out of the spotlight so you won't find much about us online, but our charts are going up and to the right in impressive fashion and more importantly, we are growing and working with more and more restaurant partners, driver partners & hungry diners each day. We are backed by some of the best investors in the world including Foundation Capital, Y Combinator (S14), First Round Capital, SV Angel, Eric Ries and others. Zoomer connects high volume delivery restaurants with independent delivery drivers. Our platform has been built to handle an extraordinarily high volume of concurrent deliveries. Restaurants leveraging the Zoomer platform are able to provide a better & more consistent delivery experience for their customer, which ultimately leads to a stronger bottom line. Independent drivers on the Zoomer platform have the ability to create their own schedule & increase their own efficiency, resulting in more earnings. And of course, customers receive their orders dramatically faster than the status quo. This is your opportunity to get in on the ground-floor. You’ll have a ton of impact – lots of freedom to evolve our processes, systems, partners, platform, stack and apps. We’re currently hiring across a number of teams, there’s a full listing of our open roles at www.zoomerdelivery.com",0,0
1799,Meson,Winter 2018,Inactive,"Meson is a stablecoin swap protocol among blockchains and Layer 2s. Meson is the faster and safer way to execute low-cost, zero-slippage stablecoin cross-chain swaps across all leading blockchains and layer-2 rollups",0,0
30348,SAMMY Labs,Winter 2025,Active,Computational Law. Computational Law,0,0
1246,New Incentives,Summer 2016,Active,Cash transfers that save lives.. New Incentives implements cash transfer programs that save lives. We encourage Nigerian mothers to immunize their infants to protect them against deadly diseases,0,0
23968,Archbee,Summer 2021,Active,"TURN STATIC DOCS INTO INSTANT ANSWERS. Build beautiful knowledge portals that are easy to navigate, search, share and contribute to",0,0
308,MightyQuiz,Winter 2008,Inactive,MightyQuiz powers a collection of user generated quiz questions that can be answered and rated on-site or through a distributable widget,0,0
31260,Copperlane,Winter 2026,Active,"Agentic Mortgage Origination. Copperlane helps mortgage lenders accelerate the loan process and reduce mistakes in an application. We use AI agents to understand an applicant's profile, verify their documents, and complete initial underwriting tasks",0,0
1613,Sixty,Summer 2017,Inactive,"On demand web app help. Sixty is the fastest way to get on demand web app help. Hire an expert by-the-minute to jump on a screenshare for help with your web design, development, software implementations, and more. Starting at $1/min",0,0
1993,Momentus,Summer 2018,Public,"The space infrastructure services company. Momentus is a space infrastructure services company. As a first mover, Momentus will offer the most basic, foundational services that enable businesses to flourish in space. With their experienced team of aerospace, propulsion, and robotics engineers, Momentus makes and operates cost-effective and energy-efficient in-space transport and service vehicles that utilize water plasma propulsion technology. Momentus has service agreements in place with numerous private satellite companies, government agencies, and research organizations",0,0
331,Splashup,Summer 2007,Inactive,"Splashup, formerly known as fauxto, is an online image editing service that provides some advanced tools and is unique for its incorporation of image editing layer effects. The site is still in beta, and so does not offer full editing capabilities yet",0,0
23842,Hedgehog,Summer 2021,Inactive,"Cryptocurrency Robo-adviser. Buy. Balance. Relax.. Hedgehog is a crypto robo-adviser that manages your funds in broad baskets of digital assets covering up to 85% of crypto's market cap. We already have 15k users monitoring $176m in crypto assets and over $548k in GTV on our V1 product, we have completed our exit interview with the SEC as of 4/24, and our custodial product is now live in the App Store and Google Play",0,0
735,Ravti,Summer 2014,Acquired,"Software to track, manage, and procure HVAC for commercial real. Ravti makes HVAC easier for the Real Estate world. We track, manager, and procure HVAC for large property owners. We manage all your HVAC maintenance programs, emergent repairs, scheduled repairs, capital replacement, capex management, and all the associated headaches that come along with that – multiple bids, procurement, HVAC inventory, warranties. Your team can start any project with the simple click of a button. Best of all, we save 18% to 30% for the exact HVAC projects you are spending capital on today. We're removing the headaches associated with HVAC from the Owner’s perspective while making it the easiest business on the planet for the Vendors that serve you. Improve your asset audits and challenge your bottom line - by increasing capex accuracy and staff productivity. Mechanize the process of bidding, procuring, and overseeing your HVAC operations. It all starts with Ravti. We would love to hear from you, so please send us an email at support@ravti.com. If you would like to join an intelligent and energetic team who is innovating an antiquated industry, we are hiring!!! Send us an email: careers@ravti.com",0,0
24587,Aer,Summer 2021,Acquired,"Compound compliance: the central hub for meeting SEC obligations. Aer Compliance is Rippling for compliance, combining Code of Ethics, marketing, calendars, filings, workflows, and more in a single place",0,0
1508,Neema,Winter 2017,Inactive,"Neema is an app for unbanked workers, which provides a checking. Neema is an app that helps people manage their money as well as send money to other people. Neema is a financial solution for 70 million underbanked Americans. Users download their app, which is a digital wallet, where they can cash their own pay check, send money internationally to their families in 90 countries, and they also provide them with a debit card, which they can use in any store or ATM",0,0
12242,AccioJob,Winter 2019,Active,"Upskilling bootcamp for India. AccioJob is an ed-tech startup run by IIT Delhi Alumni that provides a comprehensive state-of-the-art learning platform for Full Stack Web Development and Data Analytics. Our industry-relevant curriculum is taught by top tech instructors and mentors, and our students have gone on to work at leading tech companies like Amazon, Salesforce, and Walmart, among others. With job placement opportunities at 300+ top tech partner companies, we have placed 1000+ students in 2022 itself at an average salary of 8.3 LPA",0,0
182,Simperium,Summer 2010,Acquired,Simplenote (simplenote.com) and the Simperium platform for syncing. Simperium is a Y Combinator-funded company that builds a platform for syncing content among people and their devices. They released Simplenote as a showcase of this platform,0,0
29776,SchemeFlow,Summer 2024,Active,"AI Report Generation for Engineering & Environmental Review. SchemeFlow uses AI to generate technical reports for engineering and environmental review for construction projects. Two brothers + high school friend, with great combo of skills: Mayor’s Chief of Staff, Arup construction engineer + AI software engineer. LLMs allow fast generation of reports & handling local regulatory complexity which wasn’t feasible before. Working across Transportation, Air Quality, Noise, Flood Risk, Environmental review in the US and the UK, with major engineering companies such as Stantec, Buro Happold and Royal Haskoning. $9B US opportunity (143k consultants x $64k/yr report-writing work), $23B worldwide. www.schemeflow.com",0,0
27964,nunu.ai,Winter 2023,Active,"Building the first multimodal agents to play and test games.. nunu.ai is building the first multimodal agent to test and play games. We infuse AI agents into the game development process, starting at QA all the way to player simulation",0,0
29789,Paasa,Summer 2024,Active,"Invest in Global Equities from India. Paasa helps wealthy Indians invest in global equities - without middlemen, hidden fees, or paperwork. While high-net-worths in India often have international expenses from children's education to healthcare, most still save in INR, a currency that depreciates ~2–5% per year against the USD. Why? - Broken outward remittance process - Fear of making mistakes in tax or compliance - Paper-heavy onboarding processes of international brokers - Lack of trustworthy guidance Paasa offers a mobile app that enables Indians to trade worldwide, invest via advisory, and automate every cross-border tax filing",0,0
25381,TeamOut,Winter 2022,Active,"Online marketplace for team retreat venues. TeamOut is a retreat platform for team managers. We offer easy-to-book venues for team retreats. Managers spend months planning for a retreat. We help them do it in just a few days. How? We offer 20+ bedroom private places with robust Wifi that companies can book in a few clicks. This is an incredibly exciting time to meet with your team again, build memorable experiences that your team will remember forever",0,0
30944,Prism,Spring 2026,Active,AI-native recruiting agency. Prism is an AI-native recruiting agency. We use software and agents to find companies better people faster,0,0
31414,Drip,Spring 2026,Active,"Never miss a lead. Drip sends first messages, finds leads, handles replies, follows up, syncs your CRM, and books calls across iMessage, LinkedIn, X, WhatsApp, Telegram, Gmail, Google Messages, Slack, and group chats. You choose who it can message and when it can act",0,0
30014,Clarus,Fall 2024,Active,LP clarity across private markets,0,0
23613,MagicBell,Winter 2021,Active,"The notification inbox for web/mobile applications.. MagicBell is the notification inbox for web & mobile apps. As consumers of many apps, we have personally experienced the growing volume of notifications - many of which add to our anxiety instead of helping us manage it. MagicBell is on a mission to end this chaos and help every app deliver a stellar notification experience. We do this by offering a beautifully designed notification inbox that apps can embed in their products in minutes. We do all the heavy lifting related to real-time delivery & syncing, web & mobile push notifications, email notifications, and even notification preference management. We sit at an interesting intersection of a dev tool & a productivity tool for end-users. We are helping every app make its users more productive!",0,0
25516,Emigre,Winter 2022,Inactive,"Banking in India for Indian expats (NRIs). Emigre is the fastest and the only end-to-end digital Indian banking solution for Indian expats (Non-Resident Indians) so they can support their families back home, shop on Indian websites, and invest in Indian stocks and real estate",0,0
2033,Kinside,Summer 2018,Acquired,"Powering the $648b Care Economy. Kinside powers bookings and payments for the $648B care economy. We’ve started with child care, a $136B category that despite being an essential and evergreen service, remains an undigitized space, driven mostly by cash",0,0
1728,Torch,Winter 2018,Active,"Torch is a learning and development company that helps employers manage and measure employee growth at scale. Customers can draw from a pool of over 6000 mentors and coaches to pair with high performers and new managers at any layer of the organization. Torch was founded by a team of executive coaches and experienced psychologists who are passionate about helping all professionals perform at their highest level. Torch is on a mission to empower managers to thrive in high growth, high-performance cultures by building the self-awareness and skills required to manage and lead effectively",0,0
22671,SigNoz,Winter 2021,Active,"Open source alternative to DataDog. SigNoz is an open-source observability platform native to OpenTelemetry with logs, traces and metrics in a single application. An open-source alternative to DataDog, NewRelic, etc. Open source Application Performance Monitoring (APM) & Observability too",0,0
26032,Reviving Mind,Winter 2022,Active,"Addressing Loneliness and Isolation for Seniors. Navigating chronic illness is an isolating and lonely process which ultimately reduces medical adherence and adversely impacts outcomes. There are over 100 deadly chronic conditions as 1 out of 2 Americans is currently living with at least 1 chronic condition. The US healthcare system has over $1 trillion dollars in direct costs. Medical adherence rates for therapeutic programs and medicine are only 50% because patients feel lonely, isolated, and unsupported in their chronic illness journey. Reviving Mind is an in-network telehealth provider that improves clinical outcomes and program adherence for the senior medicare and medicare-advantage population that is plagued with loneliness and chronic illness. This is done through a novel and proprietary clinical program and technology platform that integrates virtual, private, curated, and professionally led groups that scale up to 8-patients with individualized and goal oriented lifestyle medicine coaching that is automated but managed by a licensed provider. Scaling rapidly across the United States",0,0
28180,Texel.ai,Winter 2023,Active,"Run AI pipelines 10x faster. Texel is a platform that enables developers to generate hardware-accelerated APIs for running AI pipelines 10 times faster, including image and video applications. For example, developers can use the latest NVIDIA GPUs or Google TPUs without having to become hardware experts themselves",0,0
29796,Finosu,Summer 2024,Active,"AI Native Consumer Loan Servicer. Hi - Mark and Gab here! We met while working at Alt, a marketplace for collectibles, where we built a $200 million specialty finance business line. At Alt, we faced the complex challenges that come with servicing consumer loans. We spent countless hours and resources developing internal tools to manage loan payments, communicate with borrowers, and keep track of loan performance—all while ensuring a positive experience for our customers. However, after dealing with the headaches of manual data entry, fragmented systems, delayed payments, lack of personalized borrower engagement, and the stress of maintaining accurate records, we knew there had to be a better way to service consumer loans. So, we started Finosu to build the servicer we wish we had—an AI-powered consumer loan servicer designed to streamline and enhance every aspect of the loan servicing process. Our mission is to transform loan servicing into a seamless, efficient, and customer-centric experience. The operational cost of servicing loans reaches into the tens of billions a year and that is money out of the pocket of lenders, borrowers, investors, and ultimately the consumers as a cost of doing business – we are changing that",0,0
13350,TagMango,Winter 2020,Active,"Monetisation tool for the Indian creator economy. TagMango is building a SAAS tool to enable edutainment creators create monetisation channels by creating paid and scalable communities. Anyone who has a skill-set, talent and an engaged audience can build their community on TagMango and provide exclusive services, learnings and content",0,0
12841,Heru,Summer 2019,Active,"Tax Automation Infrastructure. Heru is the tech-based tax solution that automates tax filing procedures for consumers and Enterprises in Mexico. Our technology automatically, files taxes, deducts expenses, issues invoices and collects payments all from one app. Easy, transparent and automated. 14 million digital workers and SMEs in Mexico face constant stress derived from their lack of knowledge on tax related issues. By providing these users a suite of tax based solutions, we will allow them to further progress in their financial health",0,0
13159,Openbase,Summer 2020,Inactive,"Open-source library discovery. Openbase was the leading platform for developers to discover and choose open-source libraries. It offered countless reviews, metrics, and insights enjoyed by millions of developers worldwide. Discontinued in 2023",0,0
22001,Tydo,Summer 2020,Inactive,Turn your data into intelligence. Tydo’s Customer Intelligence Platform is a complete data warehouse built for AI powered customer insights. No engineer required,0,0
502,CrowdMed,Winter 2013,Inactive,"CrowdMed harnesses the wisdom of crowds to solve difficult medical. CrowdMed is an innovative healthcare startup harnessing the wisdom of crowds to help solve complicated medical cases more quickly and efficiently. The company offers individuals, insurance providers, and self-insured corporate customers the ability to reduce their healthcare costs without compromising care. Based in San Francisco, CA, CrowdMed is backed by NEA, Andreessen Horowitz, Greylock Partners, SV Angel, Khosla Ventures and Y Combinator. The company's advisors have founded and run some the world’s most successful online healthcare companies including WebMD. CrowdMed graduated from Y Combinator's Winter 2013 class, and was officially launched during the TEDMED 2013 conference in Washington DC. Visit www.crowdmed.com for more information",0,0
22141,SafeBase,Summer 2020,Acquired,"Trust Center platform that scales customer security reviews. Trust Center Platform SafeBase Trust Center enables Security teams to proactively share and automate access to security, compliance, and privacy information/ complete security questionnaires",0,0
1183,NuCypher (aka Threshold Network),Summer 2016,Active,"Network for decentralized threshold cryptography and end-to-end. NuCypher is one of two founding teams of the Threshold Network, which hosts tBTC, TACo, Random Beacon & tUSD. Since 2017, NuCypher has pioneered cryptographic primitives for end-to-end encrypted data sharing, including Proxy Re-Encryption and Threshold Access Control (TACo), novel cryptoeconomic mechanisms (e.g. Stable Yield). and original network/governance architectures (including a historic on-chain merger). TACo, our flagship product, is running on over 120 nodes with ~$80m of associated economic security, has paying adopting developers and major infrastructure partners (Ceramic, Irys, Textile, Unlock), and has been decentralized from genesis (mainnet launch in Jan 2024)",0,0
25677,Posh,Winter 2022,Active,"Rapidly deployable energy solutions for modern commercial and. We are working on rapidly deployable energy storage and power generation solutions for C&I customers, especially in the AI data center space",0,0
33023,Levocred AI,Summer 2026,Active,"AI for every workflow inside a credit team. Levocred AI is the Company Brain for credit teams — an AI employee that plugs into the fund's loan tape, credit agreements, servicer reports, and bank feeds, and runs the workflows analysts would otherwise grind on",0,0
12373,Shipper,Winter 2019,Active,Southeast Asia’s e-commerce logistics and enablement platform,0,0
1067,NURX,Winter 2016,Acquired,"Medicine or testing kit, prescribed online and delivered to your door.. Nurx is a telemedicine startup focused on increasing access to healthcare, starting with birth control and PrEP services",0,0
28007,Milio,Winter 2023,Active,"B2B-2C real-time account to account payments. Milio is a fully interoperable and immediate payment system for Colombia through a single API connected to millions of accounts. Milio allows companies to perform payable and receivable in real time without ACH rails. We provide our solution through two Plug and Play integrations: PID payment button: End-to-end, white label, native, non-redirection payment technology for your customers to pay you account-to-account more efficiently than PSE, without heavy and inefficient ACH cycles and fixed rates. Technology: API, SDK, Checkout UI. Immediate disbursement: Single API connection to all banks, allowing any company or person to disburse 24/7, in real-time, with immediate crediting of funds to third parties at any bank or digital wallet. Technology: API, Dashboard UI",0,0
25814,Duplo,Winter 2022,Active,Venmo for B2B in Africa,0,0
22902,Verak,Winter 2021,Acquired,"Better Business Insurance for MSMEs in India. Verak is now part of InsuranceDekho as of April 2023. Verak offered next day coverage starting at ₹8 per day for MSMEs in India to insure any facility (shop, warehouse, factory etc) against 15+ natural & man-made perils. (*) Our team worked across the entire insurance value-chain: From satellite based underwriting to machine learning based pricing to instant quotation to WhatsApp based claims",0,0
273,reMail,Winter 2009,Acquired,Email search for iPhone. Acquired by Google in Feb 2010.. ReMail is an email app that downloads all your email to your iPhone and offers a comprehensive email search,0,0
1621,Advano,Summer 2017,Active,Advano is a battery technology company that improve the longevity of. Combining nanotechnology with fundamental chemical engineering principles to accelerate the renewable energy revolution,0,0
23845,Agapé,Summer 2021,Active,"Feel close, even when apart. One meaningful conversation at a time.. Agapé is a relationship wellness app that helps you feel close to your friends, family, or partner, even when apart! We curate daily questions to spark meaningful conversations for over 2 million people around the world",0,0
27164,autone,Summer 2022,Active,"Inventory management SaaS for Retail & Consumer brands. Today, Retailers have to make 1000s of complex operational decisions every day, all impacting their bottom line.This problem is being currently tackled with excel or legacy systems, both no longer fit for purpose. We make a platform that lets retailers make optimal decisions, easily and quickly. We ingest a retailer's data, generate recommendations and then allow users to approve a given action. Our platform covers topics including product pricing, inventory replenishment and re-ordering with the goal of covering all operational processes",0,0
23952,Yummy,Summer 2021,Active,"The everything app for LATAM. Yummy is the largest ridesharing and delivery platform in Venezuela. The company processes over 16 million yearly orders, and also offers a bundle of merchant-enablement services through its Yummy delivery hub including e-commerce stores and whatsapp sales automation for SMBs",0,0
31233,Chasi,Winter 2026,Active,"AI Revenue Engine for the Equipment Industry. Chasi deploys AI agents that help equipment dealers sell more, respond faster, and maximize fleet utilization - 24/7. One-third of the cost to build and maintain the physical world goes to equipment, yet fleet utilization across the industry often sits below 60%. Billions in assets sit idle while dealers drown in phone calls, emails, and manual data entry. Missed quotes, slow follow-ups, and disconnected systems mean lost revenue every day. Chasi plugs into a dealer's existing stack to deploy AI agents that handle sales, rentals, and service requests around the clock. The result: faster response times, higher utilization, and stronger margins, without adding headcount. We automate the busywork so teams can focus on what actually grows the business: customer relationships. Akash Pavan and Sarman Aulakh have built tractors, race cars, and robots, and previously led AI deployments at Tesla, Boeing, and Cummins, where they saw firsthand how much operational value gets left on the table in equipment-heavy industries. Chasi is live across equipment businesses in the US and Europe",0,0
31058,Eos AI,Winter 2026,Active,"Autonomous OS for healthcare. Eos helps clinics turn their data into actionable insights to identify more eligible patients and early care interventions. We harmonize historical data across all systems to create standardized patient data distributions, acting like a translation layer between different applications. Then we build a centralized index over it: a compressed representation that lets petabytes of raw data stay where it is while allowing us to search and reason across it as one system. Instead of treating the visit or document as an isolated instance, we can look at it as a continuous story. We can predict how a case will resolve, trigger the required approvals and actions, and do so while reducing staff workload and recovering hospital revenue",0,0
195,Upbeat,Summer 2010,Inactive,"Upbeat: Building the next generation of Public Relations (PR). Upbeat is a software-powered next-generation PR agency that focuses on media marketing for various companies. The company is a team of software engineers and PR professionals working together to bring the old-school PR industry to the modern world. Upbeat turns story ideas to into something presentable by connecting the best stories to the best storytellers. They also manage email outreach and follow-ups and keep track of pitch's progress with real-time analytics and email updates. And, its software is also an avenue to monitor media opportunities on company's behalf",0,0
27262,Pivo Technology Inc,Summer 2022,Inactive,"Digital Bank for Freight Carriers in Africa.. Africa has experienced robust macroeconomic growth over the last five years and was the second fastest growing region in 2019 with a GDP of $2.6T, a 3.7% increase on 2018. Nigeria makes up $0.5T, 50% of which comes from Small and Medium Enterprises (SMEs) – a huge number of these operate within large manufacturing supply chains. Starting with Freight Carriers Pivo makes financial services easily accessible for truck owners and truck drivers by providing a bank account, debit card and digital invoicing tools so they can get paid faster and avoid cash flow problems. This will be further augmented by more fundamental financial products such as credit, transaction management, and expense management, to improve their cashflow",0,0
29637,Flyflow,Summer 2024,Inactive,"The easiest way to find high-quality sales leads. ""I don’t know how I would have found these leads myself."" - YC Founder Flyflow enables companies to find prospective customers using AI workflows instead of drowning in tables. Try out our product at app.flyflow.ai. How are we different? (1) Higher quality leads: get to a list that’s so relevant, you’ll want to spend time getting introduced to people there, instead of sending another 1,000 cold emails (2) Incredibly easy to set up: get up and running with a list of prospects in hand in under 10 minutes (3) Integrate the best of different sales tools all in one place: no need to switch between different tabs for web research, filtering by company size, and finding prospect LinkedIns",0,0
30527,MindFort,Spring 2025,Active,"Autonomous Security Agents. MindFort is building fully autonomous AI agents powered by their in-house models that can find, exploit, and patch complex vulnerabilities in web applications at massive scale. MindFort agents use the same principles as human penetration testers to understand their target and figure out the best ways to work together to exploit it. We can do fully autonomous AI web pentesting and bring offensive security to teams out numbered. While security teams were already behind with legacy tools and processes, AI coding is make the problem worse. AI generates code far faster than human teams can secure it; MindFort can match that speed and scale. Our agents will become critical as organizations scale up development with AI",0,0
31101,LegalOS,Winter 2026,Active,"The AI-Native Immigration Law Firm. LegalOS is an AI-native immigration law firm that combines cutting-edge technology with 40+ years of legal expertise. We’ve studied 12,000 successful petitions to design our process - which allows us to deliver top-quality visa applications in as quickly as 48 hours. Our specialized AI agents draft petition narratives, compile evidence, and anticipate USCIS objections - work that traditionally takes attorneys weeks, if not months. Every case is reviewed and signed by licensed immigration attorneys with 40+ years of experience, so companies get both speed and reliability. We support O-1, H-1B, L-1A, L-1B, TN, EB-1A, EB-1C, and EB-2 NIW petitions. Our unique approach works. We’ve filed dozens of visa applications and have a 100% approval rate so far. The U.S. processes 1M+ work visas annually—a market where incumbents still operate on fax machines, email, and 1990s case management software. We're building the modern immigration law firm",0,0
504,Coin,Winter 2013,Acquired,"A mobile wallet that allows you to pay everywhere credit cards are. Coin is a consumer electronics and financial technology company bringing simplicity and security to payments. Through the Coin developer program, wearables makers now have a turnkey solution for integrating secure payments into their devices (e.g. fitness trackers, smartwatches, jewelry). Follow the company on Twitter @coin or learn more about the Coin developer program at http://developer.onlycoin.com. Coin 2.0 smart payment device Coin 2.0 is a secure smart device that has the form factor of a credit card, but it holds your cards in one - including your credit, debit, gift and loyalty cards. Coin 2.0 lets you swipe or tap your cards at millions of merchants across the USA. Coin 2.0 has 80%+ compatibility, partly because we use cutting-edge technology that has not yet been integrated into all point-of-sale systems. We encourage customers to carry a “backup card” given the wide variety of sales registers in the USA. While Coin 2.0 shares the same form factor as a credit card, it features enhancements such as an electronic display and a single button to allow for simple switching between different cards. With over-the-air updates, Coin 2.0 adapts to evolving payment technology, offering future-ready ubiquity in a small and powerful package. Coin's security features also keep your information safe. Auto-unlock means that only you can use your Coin 2.0 while Last Known Location helps you find your Coin 2.0 in case of loss or theft. Coin 2.0 is designed for use in the USA. To verify identify, a Social Security Number is required. Website: https://onlycoin.com Video: https://youtu.be/gJBZMUuhUrw",0,0
31127,Tepali,Winter 2026,Active,"AI-native operating system for aesthetics & wellness. Tepali is the AI-native operating system for medspas. We replace fragmented software and manual work with a single system of record powered by AI agents that handle front desk, patient documentation, and lead conversion",0,0
12867,Vorticity,Summer 2019,Active,"The Fastest Scientific Computing Platform on the Planet. Many pressing problems facing humanity can be solved with faster scientific compute. Currently, it takes billions of dollars to design and develop a new fusion reactor, a hyper-sonic airplane or a new cancer treatment. This is because scientists and engineers have to build very expensive things before they even know if their ideas work. But what if we can simulate the workings of these ideas (and more) on computers first and have high confidence that it works before we build really expensive things? The work of humanity's greatest scientists over the years has given us the physics and math to do this. The problem is that we simply do not have the computing power to solve these big problems. To address this, the Vorticity Inc is re-imagining scientific computing all the way down to processor architecture and system design. Our proven technology is already helping the energy, life sciences and aerospace industries",0,0
1460,LitHit,Winter 2017,Inactive,Smart Target for Shooting Sports. LitHit creates smart shooting targets that light up on impact. Their devices connect to your smartphone and helps improve your skills with real-time analytics and games,0,0
30740,Metis,Summer 2025,Acquired,Infrastructure to build reliable agents. We build infrastructure enabling AI agents to reliably perform complex tasks in production,0,0
24354,Cartpanda,Summer 2021,Active,"Global online sales platform. As an ecommerce platform, we provide a complete ecosystem for creators and entrepreneurs to sell and promote their products and services, including tools for product management, affiliate management, payment processing and much more. Users can sell various types of products, including digital goods, services, events, and physical items. Cartpanda help entrepreneurs scale their global sales by providing a high converting checkout page and payment solution, capable to convert to 180+ currencies and languages",0,0
31159,Sponge,Winter 2026,Active,"Financial infrastructure for the agent economy. Sponge is the easiest way for agents to hold and spend money, and for businesses to sell directly to them. For agents: Sponge lets agents hold funds and transact autonomously with other agents and businesses using bank accounts, cards, and crypto. Agents can autonomously purchase services such as email, browser use, and premium data without human involvement. For businesses: Sponge makes it easy to onboard and accept payments from agents without human interaction. Businesses can sell their services directly to agents with a few clicks, no code changes required",0,0
311,Heroku,Winter 2008,Acquired,"Enabling developers to build and run applications in the cloud.. Heroku, a Salesforce company and industry pioneer in platform as a service (PaaS), enables developers to build and run applications entirely in the cloud. Heroku provides companies from startups to Fortune 500 enterprises with a faster and more effective way to create, deploy, and manage apps. Heroku operates the world’s largest PaaS, continuously delivering millions of apps with 6+ million container deployments, 60+ billion routing requests, and 10+ terabytes of application logs per day",0,0
22935,Aurabeat,Winter 2021,Active,"Providing clean, safe, virus free air for homes, buildings and cars. We make Air Purifier and filters that is certified to eliminate COVID-19 and most other viruses and bacteria. Our technology is independently lab tested, EPA certified and FDA registered. Our air purifiers are already found in homes, businesses and government facilities around the world to help protect their customers and employees from airborne pathogens",0,0
31208,Oximy,Winter 2026,Active,"See and control all AI activity across your enterprise. Oximy helps enterprises understand and manage AI usage across their workforce. Used by security, finance, and transformation teams to track adoption, control spend, and manage governance as AI scales",0,0
13164,Edlyft,Winter 2020,Inactive,"Helps enterprises train college CS students on essential job skills. Edlyft, backed by Kleiner Perkins, Kapor Capital, and YC, builds software that blue-chip enterprises like Google and Dropbox use to train college computer science students on essential skills required for the workforce, so they can be productive day one. It takes new grad engineers 6-12 months to ramp up and add value to their company. Instead of relying on experienced engineers and wasting salary costs, Tinder and LinkedIn use Edlyft to train college CS students before they’re hired on skills to succeed in their role. Co-founders, Erika and Arnelle, are CS grads from Yale and Stanford, who have been featured by Forbes, TechCrunch and Business Insider for Edlyft. They're former engineers at Facebook and Google, and an ex-LinkedIn product manager and Bain consultant",0,0
1048,Plato,Winter 2016,Acquired,"Plato is the mentorship platform for engineering leaders. Plato turns the company's engineering and product managers into better leaders. We help resolve challenging management situation as they arise, in real-time thanks to video one-on-one conversations, AMAs, and more with experienced technical leaders form Google,Netflix, Lyft, Box, etc",0,0
26053,Powerhouse AI,Winter 2022,Active,"Vision-powered warehouse automation: maximizing performance and value. Powerhouse AI offers automation at a fraction of the cost of regular automation solutions. Enabling warehouses to become more competitive, fast. - How? By making warehousing as easy as taking pictures with a mobile device; digitizing processes and using the power of the camera to automate counting and checking tasks. Four core functionality areas: - Workflow Digitization: simplify and automate warehousing with AI powered workflows. - AI Counting: automate the tedious and error-prone counting of inventory. - AI Label Processing: scan everything [not just barcodes]. Fast. - AI Document Processing: reading logistics documents with the click of a button. Core benefits: de-risking and future-proofing your warehouse operations - Increasing efficiency and accuracy with 20% to 40% - State-of-the-art technology - Making “dumb” boxes smart - Easily deal with supplier data inconsistencies - Enabling a data driven way of working - Real-time access to data",0,0
26898,Diversion,Summer 2022,Active,"A scalable, cloud-native Perforce and Git alternative. Diversion is a modern alternative to Perforce and Git, designed for digital entertainment industries like games, virtual production, animation, and 3D/VR. It streamlines collaboration by providing GitHub-like version control for large files and complex projects, integrating seamlessly with tools like Unreal Engine. Built for studios handling massive assets, Diversion ensures efficient workflows, secure storage, and effortless tracking of project history, making it the go-to platform for creative teams managing evolving digital content",0,0
22955,Coderhouse,Winter 2021,Active,"Effective and accessible online live education.. A web app that offers live online courses in programming, design, data, online marketing and more. Our courses are nearly as affordable as online Moocs (~$40 a month) and as effective as Bootcamps. We achieve this by running 100 person live classes with one expert professor and one mentor per 15 students. Every class, students need to turn in assignments that are corrected by their mentors and at the end of the course they need to turn in and approve a final project. We also help our selected students with careers services such as mockup interviews, Linkedin enhancement, and more. All of this creates a level of accountability that allows us to achieve really low churn levels (<9%). Our career tracks last between 9-11 months and we give our selected students their money back in case they don't get a job 6 months after they are done with the course",0,0
27840,Alloy,Winter 2023,Active,"AI prototyping tool for product managers. Alloy is an AI prototyping tool for product managers. Clone any page of your live product with the Chrome extension to turn ideas, wireframes, and Figma designs into interactive, high-fidelity prototypes your team and customers understand. Alloy's Cloud Agent connects to your codebase and takes changes from prototype to production, and its AI chat can redesign any existing website. Design to code, no engineers required",0,0
141,Tumult,Winter 2011,Active,Tumult is building the next generation of apps for web design. Our. Tumult Inc. makes the next generation of designer tools to produce beautiful web content,0,0
24096,AppX,Summer 2021,Active,AppX helps social media creators launch their own mobile apps.. AppX empowers creators to launch their personal apps and websites to monetise their audience via courses and premium exclusive content,0,0
392,LeanMarket,Summer 2012,Inactive,Mobile advertising. LeanMarket discovers the highest performing placements of advertising that allows users to build an ideal campaign based off in-depth reporting,0,0
13050,Kaiten,Winter 2020,Active,"Find culinary products and experiences from great makers everywhere. Kaiten is a discovery app that gives you access to culinary products and experiences from quality makers around the world. We are home to hundreds of makers from around the world including restaurants, chefs, farmers, vineyards and even knife makers and ceramicists. Find new ways to enjoy the culinary world every day. A special bottle of wine, soy sauce from a 100 year old brewery in Kyoto, working a day at a Michelin star restaurant - if amazing people make it and sell it, you'll find it on Kaiten",0,0
28825,Solve Intelligence,Summer 2023,Active,"AI patent drafting, prosecution, litigation and more for legal teams.. Solve Intelligence is the AI platform for helping legal professionals with every part of the patent process. With $55M backing from Y Combinator, Microsoft, Thomson Reuters, 20VC, Operator Collective, Visionaries, and others, they have assembled a world-leading team of patent attorneys, AI PhDs, and software developers to build products for patent application drafting, office action responses, invention harvesting, claim charting, infringement analysis, FTO, validity challenges, patent litigation, and more. They are now selling their 100% secure and confidential software to 700+ IP firms and in-house teams across the US, Europe, and Asia (e.g. DLA Piper, Siemens, Perkins Coie, Amgen - see customers https://www.solveintelligence.com/#customers). Solve customers are reporting 60-90% efficiency and quality improvements (see testimonials https://www.solveintelligence.com/#testimonials). See a demo today: https://www.solveintelligence.com/contact-us",0,0
548,One Month,Summer 2013,Inactive,"One Month's affordable online bootcamps teach people how to code in. One Month is an accelerated learning platform. Our goal is simple -- empower people to change their lives by learning real-world skills, in a short amount of time. The One Month team is comprised of education thought-leaders and self-taught technology experts working to build the most effective way to learn online",0,0
1073,Pathmind,Winter 2016,Inactive,"Pathmind helps industrial engineers and simulation modelers achieve. Pathmind helps industrial engineers and simulation modelers achieve 10-20% gains in performance for industrial operations, supply chains and mining. We help them apply deep reinforcement learning to simulations and digital twins, and deploy decision-making policies into operations",0,0
59,Priceonomics,Winter 2012,Acquired,"We help companies turn their data into great stories.. Priceonomics is the price guide for everything. Price guides are helpful for buying and selling used things. How much should I spend on this used bicycle on Craigslist? How much should I sell my stereo system for on eBay? Is this used Vespa a good deal, or what?",0,0
29820,Kontigo,Summer 2024,Active,"USDC-Smart Neobank for Latinos.. We’re building Kontigo, a USDC Smart Neobank for Latinos in the U.S. and Latin America. We launched our Peer-to-Peer onramp 20 days ago and we’ve already had $540k in deposits, 10k active users and a +300k waitlist. The founding team has built and scaled fintechs in Latam, and it’s ex-Venmo, Nubank, Rappi, MercadoLibre, Ualá, Platzi, and Yuno. We’re already backed by DST Global, Soma Capital, Pioneer Fund, Transpose + 10 YC alums. Sending money to Latin America is just as painful as holding it due to the region's fragmentation into 33 countries with 39 different currencies. On one hand, cross-border payments to Latam are absurdly expensive (up to 20% per transaction). Conversely, over the past decade, currency depreciation across the region has become unsustainable. (some countries surpassing the trillion percent ). Kontigo solves this with a USDC global wallet & a BTC savings account. - Like Venmo, but on-USDC. - Like Zelle, but for cross-border payments. No limits. - Like Nubank & Revolut, but without inflationary currencies. Bitcoin-backed. User wallets are connected to an AI-private banker on WhatsApp to execute international USDC transactions",0,0
80,Debteye,Summer 2011,Acquired,Automate credit counseling.. Automate credit counseling,0,0
21959,Stacker,Summer 2020,Active,"Turns spreadsheets into internal apps and customer portals. We let you create applications for your team, your partners or your customers, powered by the data you're already using. Connect in your spreadsheets, Airtable or database and we'll automatically create an app for you",0,0
23421,Somos,Winter 2021,Active,Internet for the urban developing world.. We use cutting-edge radio tech operating in unlicensed spectrum to rapidly build fiber-quality networks (1Gbps ) in the urban developing world,0,0
30520,Synthetic Society,Summer 2025,Active,Synthetic Users to Simulate Real Users,0,0
29982,Bits to Atoms,Summer 2024,Active,Match job seekers to roles at deep technology startups.. Filling roles at deep technology startups with very specialized requirements is extremely difficult. We streamline this process by matching job seekers to roles and fill skill gaps where necessary,0,0
26054,Circular,Winter 2022,Active,"Subscription consumer electronics for Asia. Circular is accelerating the adoption of the circular economy by making subscriptions the best way to access and experience tech: from smartphones, laptops, and headphones to gaming, VR and wearables. Our customers get their hands on the best tech through low-cost, convenient subscriptions. They can pay monthly, keep it as long as they want, and if they love it, buy it. If they return it, we carefully refurbish it and pass it on to the next loving owner - radically extending its useful life",0,0
24597,Filta,Summer 2021,Active,"The Face Filter NFT Marketplace. Filta is the face filter NFT marketplace being built by veterans from Pixar/Oculus/Facebook. We partner with creators to release limited-edition filters for their fans to use on social media. It turns out: the face filters you see everywhere on Snapchat and Instagram are created by independent artists - not by the platforms. These artists ALMOST NEVER get money for their work - which is insane! Filta fixes this by giving these creators a marketplace and the best filter creation tool anywhere. Interested in working on the future of digital fashion, AR/VR, and web3? Hit us up. We're hiring",0,0
465,Thread,Summer 2012,Inactive,"Thread makes it incredibly easy to dress well, using stylists and AI. Thread, a free online personal styling service for men, uses a combination of human stylists and a powerful algorithm to make it easy for guys to dress well. Thread was founded in 2012 by three guys—Kieran, Ben and Ben—who wanted to dress well, but found it difficult or frustrating to do so: they hated shopping on the High Street and were overwhelmed by millions of choices online. Thread combines the best bits of tech with the best bits of personal styling: After signing up by completing a short questionnaire and uploading photos of yourself, you’re paired with a stylist who reviews your information and uses Thread’s proprietary algorithm to sort through thousands of items to create the best outfits for you. When you log onto Thread, everything you see is tailored to your sizes, budget, preferences and tastes. We’ve raised $16 mm in funding from investors in the realms of tech, Artificial Intelligence and fashion, including Beringea, Balderton Capital, Demis Hassabis and Mustafa Suleyman (co-founders of Google-owned DeepMind), Andrew Jennings (former president of Saks 5th Avenue), Edgar Bronfman Jr. (former owner of Warner Music), Guy Hipwell (former head of online at Harrods and Liberty) and Shakil Kahn (founding investor in Spotify)",0,0
940,Traversal Networks,Summer 2015,Inactive,"Enterprise Threat Detection: Tuning, Triage, and Analysis by Experts.. Traversal Networks develops a new form of Network Intrusion Detection System designed to catch unknown threats. The Lateral Threat Detector appliances are easily installed on your corporate network. These analyst-assisted sensors learn traffic patterns on each of your network segments and detect lateral exploitation, backdoors, bots, malware, and network reconnaissance. The Traversal Networks operate on four different platforms: learn, reputation, machine learning and search. Traversal Networks has developed heuristics using a corpus of live network data combined with expertise in botnet detection to help filter traffic. Additionally, Traversal Networks uses IP and DNS reputation across all its deployed devices to detect new threats. The Lateral Threat Detector appliances utilize reinforcement learning to continually enhance filtering performance on each network segment, and submit prefix-preserving anonymized data to our cloud making it available to be quickly searched in real time. The Traversal Cloud Analysis platform was designed to enable its security analysts to quickly pivot on anomalous traffic seen across its network and classify it as malicious or benign",0,0
1280,Emote,Summer 2016,Active,"Catch student behavior problems before they start.. Emote is an AI-enabled platform that helps schools scale real-time, individualized student support without adding staff. Co-built alongside educators and interventionists, Emote continuously analyzes behavioral and social-emotional data to surface early indicators of need and deliver actionable insights. Schools using Emote can support 8x as many students, 12x earlier, ensuring staff have both the awareness and guidance to provide the right support at the right time. Our platform streamlines interventions by not only identifying students who need attention but also equipping staff with the next steps to maximize impact",0,0
344,Weebly,Winter 2007,Acquired,"Build a free website that grows with your business.. Company Information Weebly is a consumer service that gives people a surprisingly easy and affordable way to create a site that is as unique as they are. Weebly lets entrepreneurs start something and showcase their work. With a Weebly site, people can communicate with their clients, promote their works to potential buyers, share their story with like-minded people, and be an authority on personal and professional interests. Weebly offers a range of pricing options, including a free plan and premium plans starting at $4/month. Weebly sites are optimized to work brilliantly across computers, phones and tablets. Global Growth Over 20million people around the world have started a site on Weebly Weebly sites receive over 100,000,000 unique visitors each month Weebly is offered in 11 languages: English, French, Spanish, Italian, German, Portuguese, Dutch, Chinese, JPese, Russian and Turkish Weebly is privately funded by Sequoia Capital, Baseline Ventures, Ron Conway, and Y Combinator",0,0
31275,Polymorph,Winter 2026,Active,"Building the future of the consumer internet. Polymorph is building the future of the consumer internet: one that adapts to each user and optimizes for delightful experiences by building agents that constantly run thousands of experiments that scale our customers' product ideas and brand. Team has extensive startup, AI, and math backgrounds: - founding engineer at a unicorn - ML infrastructure @ Scale AI (inference), AWS Bedrock (fine-tuning) - ads engineering @ Meta & Twitch - IMO & IOI medalists",0,0
355,Xobni,Summer 2006,Acquired,"Xobni makes your inbox and address book smarter. Xobni, and its Smartr product suite, discover all the people you've ever emailed, called or SMS'd, and instantly access a full view of each contact, complete with their photo, job title, company details, email history as well as updates from LinkedIn, Facebook, and Twitter. You can download Smartr for Gmail, Android or iPhone; and Xobni for Outlook and BlackBerry - or connect them all with Xobni Pro",0,0
27157,Levers,Summer 2022,Active,"Automating collection and boosting cashflow for B2B companies. Levers is an accounts receivable management SaaS that helps B2B companies reduce overdue payments, accelerate cash collection, and boost cashflow. Our software integrates with your accounting system and streamlines your AR process using personalized reminders, cross-team collaboration tools, collection performance analytics, and more",0,0
572,Abacus,Winter 2014,Acquired,"Making expense reports obsolete. Abacus is the only real-time expense management solution to reimburse your team, reconcile corporate cards, and automate your expense policy. By eliminating the month-end expense report, Abacus turns submitting and approving expenses into a delightful, collaborative experience. With our mobile app, you'll quickly submit and approve expenses on the go and reimbursements now happen within days. Abacus syncs with your accounting software and auto-matches transactions for hassle-free bookkeeping. Come work with us! We're hiring: abacus.com/about#hiring",0,0
27874,Relace,Winter 2023,Active,Models and infra for coding agents. Relace makes it easy to deploy production-ready coding agents. Our models are co-optimized with infrastructure to achieve SoTA performance: 10k+ token/s code merging and retrieval across million-line repositories in seconds,0,0
22272,Finch,Summer 2020,Active,"Finch is the Employment Data Platform. Finch is the API to access employment data systems. We allow admins to connect their company in a compliant and secure manner to trusted applications. Finch integrates across data providers enabling developers to access a previously closed system and are at the source of truth for employee data and money flow. Our API powers use cases across insurance, benefits, tax, finance, and HR applications",0,0
11930,Brick Health,Winter 2019,Inactive,"Building infrastructure to expand scope and quality of virtual care. We're providing the in-person medical infrastructure that bridges the gap in care quality and scope between virtual and in-person care. Diagnostics, nursing services, point-of-care testing, phlebotomy, and more — all available at transparent cash prices. Starting in Miami",0,0
27819,FlexWash,Winter 2023,Active,"The operating system for the car wash industry.. Car washing is a $15B market in dire need of disruption. Legacy systems are costly, out of date, and inflexible. We are building modern solutions to help car wash operators manage and grow their business",0,0
284,Cloudant,Summer 2008,Acquired,"NoSQL Database-aaS. Acquired by IBM in 2014. Now IBM Cloud Data. Cloudant's distributed database-as-a-service (DBaaS) allows developers of fast-growing web and mobile apps to focus on building and improving their products, instead of worrying about scaling and managing their databases on their own. We manage and distribute your data globally so you can grow more users, build more app features, and sleep more knowing we're keeping the servers up and humming. Cloudant was founded in Cambridge, Massachusetts in 2008 by three MIT physicists who at the time were moving multi-petabyte data sets around from the Large Hadron Collider. Frustrated by the available tools for managing and analyzing Big Data in their research, the founders built a distributed, fault-tolerant, globally scalable data layer on top of Apache CouchDB. The service has grown since then. The team now manages and serves mobile and web app data on behalf of thousands of developers and hundreds of customers to their users around the world. In 2014, the company was acquired by a global enterprise software & hardware vendor",0,0
914,GiveCampus,Summer 2015,Active,"The fundraising platform for schools.. GiveCampus is the world's #1 fundraising platform for non-profit educational institutions. Trusted by millions of donors and more than 1,500 colleges, universities, and K-12 schools, our mission is to advance the quality, the affordability, and the accessibility of education. Since 2015, we have facilitated more than $7 billion in charitable giving",0,0
12829,Gotrade,Summer 2019,Active,"Robinhood for Southeast Asia (SEA). Gotrade empowers Southeast Asians to invest and trade in US Stocks, Options and ETFs",0,0
24857,Café,Summer 2021,Active,"Your Workplace Engagement Hub. Café makes it easy to discover people, meet in-person, and organize internal events. Boost connection, engagement, and attendance — all in one place",0,0
22207,inSoma Bio,Summer 2020,Active,Helping Plastic Surgeons Rebuild Fat,0,0
13610,Belvo,Winter 2020,Active,"Open Finance API platform for Latam.. We are Belvo, a financial API platform for Latam that enables any company or developer to access and interpret their end-users' financial information, through one easy-to-use API. Think Plaid for Latam. Our vision is to power the next generation of financial services in Latam by enabling more inclusive, efficient and empowering offerings through tech and data. Latam is a very exciting and dynamic place to be right now and a great place to build infrastructure for the next generation of financial products for a huge market",0,0
23264,Eat Blueprint,Winter 2021,Inactive,"Longevity Nutrition Service. Making Blueprint Protocol-inspired meals for longevity and performance. Organic, local, gluten-free, and seed oil free",0,0
805,Lucira Health,Winter 2015,Public,"Next generation infectious disease test kits. Diassess Inc. is revolutionizing the way infectious diseases are prevented, diagnosed, and monitored by developing the tools necessary to empower people to become knowledgeable about their health. We produce inexpensive, disposable health diagnostic hardware that transforms any smartphone into a portable, real-time health-monitoring device for rapid, accessible, multiplexed analysis of bodily fluids anywhere in the world",0,0
12579,Encepheal Therapeutics,Summer 2019,Inactive,"EncepHeal develops medications to treat substance abuse, starting. EncepHeal is developing medications to treat substance abuse. Our first product is a small molecule therapeutic for stimulants like cocaine and methamphetamine, of which there are no FDA approved treatments. Our small molecule technology are atypical inhibitors of the dopamine transporter. Cocaine itself is an inhibitor of the same transporter. Directly reducing craving or positive reinforcement is a successful treatment strategy for addiction. Methadone or buprenorphine (Suboxone) are key examples of this for opioid use disorder. However, these types of medications can be addictive themselves. This has been a major hurdle for medication development for cocaine addiction and has led to many leaders in the addiction space to abandon the dopamine transporter as a target. At EncepHeal, we believe that the dopamine transporter should not be abandoned and instead focusing on fixing the abuse liability problem. Therefore with our partners at the National Institutes of Health, we have shown that these new, allosteric modulators at the dopamine transporter do not display addictive tendencies in animal models. They are also effective at curbing cocaine addiction. Our management team has two co-founders, Omeed Rahimi and Aaron Lazarus, as well as an experienced addiction pharmacologist as their research officer. The team has an advisory board with entrepreneurial and addiction drug development experience as well as expert partners at the National Institute on Drug Abuse, a subset of the NIH, and Wake Forest. Our team has had success in raising non-dilutive funding and has expertise with SBIR/STTR grants. We are looking for help in better connecting with the biotech/pharmaceutical industry",0,0
394,Statwing,Summer 2012,Acquired,Dead simple statistical analysis software. Like R or SPSS but easy to. Web-based statistical analysis software that speaks in plain english instead of arcane stats jargon,0,0
983,VINEBOX (Usual Beverage Co.),Winter 2016,Inactive,"Wine by the glass, delivered. VINEBOX is a premium wine-by-the-glass subscription service. Each month, our subscribers receive 3 single-serving portions of wine to taste, share, and enjoy. Only order more of the wine you know you love! This is not your standard vino. Each VINEBOX contains 3 tubes of exceptional wine curated by our team of specialists from around the world. We simplify wine. With our easy to follow tasting notes, you'll never be stumped by a wine list. Learn your favorite varietals and regions through tasting experience. We include only the info you want, nothing you don’t. Never forget a wine again. With access to your VINEBOX history, you see every wine you’ve ever tasted, with notes, ratings, & reviews! Something for everyone. Whether you’re a wine connoisseur or novice, VINEBOX will introduce you to new wines, new vineyards, and a new way to enjoy wine. VINEBOX also makes the perfect gift for birthdays, corporate gifting, celebrations, dinner parties, and random Tuesdays",0,0
1223,Metapacket,Summer 2016,Inactive,Metapacket is the first selective web gateway that stops malware by. Metapacket is a proxy platform that detects & prevents malwares from exfiltration. Effectively rendering malware useless,0,0
28070,Clad,Winter 2023,Active,"Project management software for building infrastructure.. Clad is project management and billing software for infrastructure. The world is rebuilding its internet and power networks. The utilities, internet companies, and contractors tasked with this work face immense pressure to deliver. But their tools haven’t caught up. Contractors struggle to grow, constrained by cashflow. Operators fly blind, lacking real time visibility into issues. Clad unifies project operations and finance to automate project tracking, payments, and permitting. With Clad, contractors grow faster and improve their margins. Operators execute smoothly. And everyone can focus on what’s most important - building",0,0
687,MetricWire,Summer 2014,Active,"Mobile surveys for researchers. MetricWire’s mobile platform allows decision makers, researchers, and stakeholders to harness unparalleled insights solutions, analytical tools, and deeper audience connections. Our innovation has lead to real-time digital interventions, enriched research, and evidence-based decisions. Capture more powerful data and make better decisions",0,0
31366,Nine Fives,Spring 2026,Active,"RF test equipment for next-gen spacecraft, drones, and cellphones",0,0
12560,Shift Health,Summer 2019,Active,"Turn manual healthcare process into automated workflows. We help large provider groups and hospitals take their most mundane repetitive tasks and turn them into automated workflows. Freeing up healthcare workers to focus on the important stuff, like patients",0,0
1044,Apollo.io,Winter 2016,Active,"Apollo is the foundation of your entire go-to-market strategy.. Founded in 2015, Apollo.io is a lead intelligence and sales engagement platform trusted by nearly 9,000 paying customers, from rapidly growing startups to some of the largest global enterprises. Our community-based approach to crowdsourcing data gives users maximum coverage while ensuring data accuracy. Our advanced algorithms and unique data acquisition methods help over 500,000 sales professionals enrich and analyze prospects' data to increase quality conversations and opportunities. We have notable investors: Y Combinator and Nexus Venture Partners. We recently completed a Series B financing to fuel our next growth phase. We have reached and maintained profitability for the last 18 months. Our growth and customer feedback set us apart from competitors. Apollo had over one million sign-ups for its platform in the past year, and the number of weekly active users increased by over 400%. We are a top-ranking G2 Crowd vendor in the Sales Intelligence, Lead Intelligence, Marketing Account Intelligence, and Sales Engagement categories. Our highest scores are in the B2B data space for accuracy and ROI based on customer reviews",0,0
110,MixRank,Summer 2011,Active,"Data products for sales, marketing, finance, recruiting, and more.. MixRank processes petabytes of data every month from web crawls, Google Play Store, Apple App Store, social media, and dozens of other sources. We have hundreds of customers using our data products including Google, Amazon, Facebook, Intel, and Adobe, across industries Sales, Marketing, Finance, and Security",0,0
506,Kalibrr,Winter 2013,Acquired,"Kalibrr connects SEAsian talent to your local & global jobs.. Kalibrr operates a two-sided job marketplace in Southeast Asia with over 5,000,000 high-skill white collar talents primarily in the Philippines and Indonesia. With Kalibrr, you can recruit and build a remote sales, product, engineering or design team in the Philippines within minutes",0,0
1972,BHRD,Summer 2018,Inactive,"BHRD (""Be Heard"") helps public companies communicate with investors",0,0
31543,CentralComs,Spring 2026,Active,"AI Agents for Property Management. CentralComs is building AI Agents for property managers that tracks every maintenance call, chases every open ticket, and keep owners/tenants/vendors updated, so nothing falls through the cracks and operations never stall. These agent work directly inside AppFolio, Buildium, Yardi and your existing stack, making real-time decisions and resolving multi-step workflows without handoffs",0,0
25789,SaveIN,Winter 2022,Active,"Making private healthcare in India accessible and affordable. SaveIN connects people with quality healthcare practices near them and enables them to split their entire medical and wellness bills into monthly instalments. Over 80% of healthcare expense in India is borne out of pocket since less than 10% of Indians have private health insurance. On top of this medical inflation is 15% per annum, thereby making paying for private care expensive and frictional. 5000+ healthcare practices in India now use SaveIN to be discovered by millions of high intent customers near them and offer instant, monthly payment plans for all healthcare services, thereby making it a win-win proposition for all",0,0
30966,Karumi,Fall 2025,Active,"The Waymo of Personalized demos. Karumi is an AI agent that joins a live video call with your prospects to deliver personalized product demos, 24/7, in any language. It bridges the gap between your landing page and your sales team by engaging visitors at the peak of their interest, turning curiosity into conversion. For those not ready to talk to sales but eager to explore, Karumi offers the next generation of interactive, self-guided demos",0,0
1595,Leon & George,Summer 2017,Active,"Buying and owning indoor potted plants made easy.. Léon & George is a California based ecommerce retailer, specializing in premium indoor and outdoor plants, luxury ceramics and lifestyle goods. Recognized for their streamlined local delivery service across California, custom-engineered packaging for nationwide shipping and commitment to exemplary quality, they have cultivated a vast following since the brand’s inception in 2016",0,0
978,Stealth Worker,Winter 2016,Active,"Information Security (Cyber Security), Compliance and Privacy (GDPR &. We have hundreds of fully qualified and experienced contractors in Information Security, Cloud Security, Privacy and Compliance available at competitive hourly rates",0,0
1841,Zyper,Winter 2018,Acquired,"Recreating social networks for brands.. Zyper is a machine learning-led community marketing tool that enables brands to identify and engage with the top 1% of their social following, turning them from passive followers to active advocates. These brand fans create authentic and emotive content, scaling peer-to-peer advertising in a unique way by uplifting market voice, engagement and social conversion. Neither micro-influencers nor bloggers, brand fans are real, social-savvy consumers who influence their immediate peer group and immerse themselves in your brand ecosystem. We target them at scale to give you the equivalent reach of one influencer but with the value of repeat content, authenticity and higher engagement",0,0
21896,TANGObuilder,Summer 2020,Inactive,"TANGObuilder automates structural engineers jobs.. Today the building design process is cumbersome and expensive. Architects submit their design to structural engineers for validation. Engineers need to design all structural elements such as walls, columns, and beams to ensure the structure will not collapse and complies with regulations. The structural engineer needs four to six weeks to generate the initial solution. The engineer will submit his proposal to the architect and then engage in an extensive back and forth discussion until they agree on a satisfying solution. TANGObuilder generates the building structural design in real-time, cutting six weeks of the overall process, and reducing material usage by 30%",0,0
959,PlateJoy,Summer 2015,Acquired,"PlateJoy is building the technology to power disease prevention and. PlateJoy uses 50 data points about how you eat and live to determine what you should be eating and provides customized meal plans and shopping lists to help you reach your goals. We provide a digital Diabetes Prevention Program, available for free to over 60M covered lives, paid for by insurers",0,0
12669,Data Mechanics,Summer 2019,Acquired,Spark-on-Kubernetes Data Engineering Platform. Data Mechanics was acquired by NetApp in 2021 and integrated in the Spot.io product portfolio. Our managed Spark-on-Kubernetes platform is live and running under the name Ocean for Apache Spark: https://spot.io/products/ocean-apache-spark/,0,0
867,Jopwell,Summer 2015,Acquired,"Career advancement for Black, Latinx & Native American professionals.. Jopwell’s mission is to make a substantial, measurable impact on increasing Black, Latinx, and Native American representation in the workforce. Jopwell strives to build inclusive workplaces where our members can bring their authentic selves to work. We do this by assisting companies with their recruitment, marketing, and retention efforts for communities of color",0,0
25560,Stock Unlock,Winter 2022,Active,"Web-app | investment education and analysis tools for retail investors. Stock Unlock is an investment education and analysis platform, built by retail investors, for retail investors. We make it easy for noobies to start their investment journey, and save time for the pros. We are building THE place for investors to learn, grow, and invest confidently",0,0
21777,Depict,Summer 2020,Active,GPT Search & Merchandising for fashion e-commerce,0,0
25174,GrowthBook,Winter 2022,Active,"Open source feature flagging and A/B testing. GrowthBook is an open source platform to help companies make data-driven product decisions with feature flags and A/B tests. Existing SaaS solutions like LaunchDarkly require a company to send all of their data to them. This results in high costs, data compliance issues, and vendor lock-in. As a result, many companies end up building their own platforms in-house, which can take thousands of hours of work and lots of headaches. To solve this, GrowthBook uses a company's existing data infrastructure and business metrics. We believe feature flags and experimentation are the right way to build products at scale and that they will become a standard part of the development process. GrowthBook is well positioned to be a leader in this growing market",0,0
22084,Arketa,Summer 2020,Active,"Everything for your fitness or wellness business.. All in one platform for online and in-person classes, video on-demand, courses and website hosting",0,0
561,Lumoid,Summer 2013,Acquired,We are a try before you buy service for consumer electronics.. We are a try before you buy service for consumer electronics,0,0
239,Listia,Summer 2009,Active,"Mobile marketplace for trading used goods.. Listia is a new kind of auction marketplace for giving and getting free stuff. Users list items as auctions, and other users bid on these items using credits instead of money. Credits are earned by signing up, giving away stuff, and being an active member",0,0
24883,Amenli,Summer 2021,Active,"Offers insurance to customers in a convenient & transparent way. Amenli is the first licensed online insurance broker in Egypt. Egypt has one of the lowest insurance penetrations in the world with a 100m population and a $2B GWP market growing 20+% YoY and a potential TAM of $10B. Over the past few months, Amenli issued 500+ policies in less than 10 mins compared to the minimum of 3 weeks industry standard. Amenli co-founders, Shady & Adham were founding team members of Paymob, one of the fastest growing payment companies in MENA. Shady was CCO and Adham was its Tech Lead and they worked together for more than 3 years to scale-up Paymob from scratch to 50K+ merchants, 5 countries and dozens of millions of monthly transactions",0,0
21795,QuestDB,Summer 2020,Active,"High-performance time series database. QuestDB is a high-performance open source database for the most demanding workloads. Native support for Parquet, Iceberg and SQL keeps your data portable, AI-ready, without vendor lock-in. QuestDB is designed from the ground up to operate as close to the hardware as possible - eliminating ingestion bottlenecks and lowering overall hardware requirements. QuestDB powers mission-critical infrastructure for companies in Capital Markets, Crypto, Space Exploration, Energy and Robotics/Physical AI",0,0
24038,FrontPage,Summer 2021,Active,"Community for 100M Indian Financial Market Traders & Investors. Frontpage is building a community for 100M Indian traders and investors. Millions of new traders and investors are looking to participate in financial markets. FrontPage harnesses power of community where traders and investors can connect with each other, share their ideas, and learn from each other",0,0
31280,Rubric AI,Winter 2026,Active,Reasoning and verification infra for AI. Rubric AI (backed by Y Combinator) is the reasoning and verification infrastructure for AI. We're building the human and computational layer that turns expert judgment into training signals for the world's most consequential AI systems,0,0
13414,Raycast,Winter 2020,Active,"Speed up non-coding tasks for engineering teams. Raycast is a productivity tool that saves engineering teams time on non-coding tasks in apps like Jira, GitHub or Slack which might take up to 50% of a developer's day",0,0
29810,bluedoor,Summer 2024,Active,"The world's data, ready for AI. bluedoor is a set of APIs and data sources made easy for AIs to use",0,0
22267,Parrot Software 🦜,Summer 2020,Active,"The operating system for restaurants in LatAm.. Parrot is the operating system for restaurants in LatAm. We convert operational chaos into control by bringing together our Payment terminal, Delivery Apps, and Invoicing into a unified POS system. All of it backed by a fully featured Restaurant Management System on the cloud",0,0
40,Amplitude,Winter 2012,Public,"Digital Analytics Platform. Since graduating from YC, Amplitude (W12) has made it to IPO and beyond by helping cutting edge startups become category leaders. We’ve pioneered the digital analytics category to become the go-to solution for AI pioneers (Cruise, Midjourney), apps that touch millions of consumers (Doordash, Coinbase), and the best in B2B (Atlassian, Rippling, Canva). With product analytics, experiment, CDP, session replay, and more, Amplitude’s digital analytics platform shows you what your users love, where they’re getting stuck, and what keeps them coming back. You want to build a generational business, and we have the capabilities and pricing plans to guide you every step of the way. Check out our special deal for YC companies and get started on your analytics journey",0,0
30100,Alex,Fall 2024,Active,"The Cursor for Xcode. Tired of switching tabs to cursor every time you're building your iOS app in Xcode? Worry not! Alex is a sidebar app that works directly with Xcode, and has the same Cmd+L, Cmd+K, and Apply Code commands as Cursor. And, it's super fast. Check it out: https://alexcodes.app",0,0
25444,Touch and Pay Technologies Limited,Winter 2022,Active,"Digitizing and processing Microtransactions in Africa. We process cash-based microtransactions across Africa's informal sector, an example of microtransaction is payment for bus rides today we help over 300k people make this payment",0,0
21996,Plerk,Summer 2020,Acquired,"Acquired by Minu.mx - Fintech solutions for employees, starting with. We help companies to give local and remote employees flexible benefits and perks, no matter geography. A virtual card with benefits to pay for flexible perks for local and remote teams worldwide. Companies define budget, choose the programs of perks as general or granular as they decide, deploy money and give employees the power to decide the merchant. Company has total control, just one bill. Employees choose what they really need and want",0,0
29304,Yoneda Labs,Winter 2024,Active,"Foundation Model for Chemical Manufacturing. Yoneda Labs provides software to help chemists optimise reactions. When chemists make a drug or a material, we help them figure out the best reaction parameters such as temperature, concentration and catalyst. When Jan was working at chemical labs, he experienced the struggle of spending weeks guessing reaction conditions. We then started experimenting with ML to speed up the process. Now, as a team of three friends from the University of Cambridge, we’ve spent the last month combining our domain expertise in Computer Science, Machine Learning and Chemistry to develop state of the art models for reaction optimisation. Although ML is becoming well established in other fields, current chemical models generalise poorly and require lots of programming experience. We make our models easily accessible to chemists in the lab. Finding the right conditions quickly allows pharmaceutical companies to test more drugs, and finding better optima makes manufacturing process cheaper and more environmentally friendly",0,0
1519,Hogaru,Winter 2017,Active,"Hogaru is a tech-enabled home services platform in Latin America.. Hogaru provides professional cleaning and maintainance services to homes and micro businesses in Latin America. Differently from marketplaces, we employ directly our cleaners, to foster retention and quality of service",0,0
31086,"Prescience, Inc.",Summer 2026,Active,"Healthcare for the age of abundant intelligence.. Prescience is the preeminent health benefits platform for the world's most ambitious companies. We save employers 20-50% on healthcare while offering best-in-industry health benefits: www.getprescience.com About us: Prescience is building a new healthcare system for America. We train AI systems to: create, operate, insure, and deliver healthcare for employer health plans. Prescience Time Machine – an AlphaGo-like system – steers patients towards “Move 37 health trajectories” that deliver dramatic cost savings for employers. Rishab Jain and Aditya Jain, M.D. are serial entrepreneurs and brothers from Harvard & Harvard Medical School with backgrounds in machine learning and medicine. We believe abundant intelligence will bring an opportunity to fundamentally rebuild the $4.5T healthcare industry around proactive (prescient) health and wellness",0,0
194,Leftronic,Summer 2010,Acquired,"Business dashboards. Leftronic is a Y Combinator-funded company that develops a web-based real-time dashboard application for monitoring a company's most important data. Leftronic business dashboards retrieve a company's metrics from popular services such as Google Analytics, Twitter, Zendesk and others, as well as receive custom metrics through a super-simple API. The dashboards update in real-time and are designed for large screens. This makes it easy for teams to monitor their company's critical metrics",0,0
29406,ACX,Summer 2024,Active,"Next-generation biocides for sustainable agriculture at scale. ACX is developing a new standard for precision agriculture technologies by providing sustainable, eco-friendly alternatives to chemical pesticides. Our mission is to transform agriculture through sustainable biological crop protection that increases yields while safeguarding the environment, farmers, and consumers",0,0
26751,Signatur Biosciences,Summer 2022,Active,"Simple tests for complex diseases.. We make precision diagnostics more accessible, starting with breast cancer prognosis. Current tests that guide the use of therapy are really slow and expensive because they need to be run in complex centralized facilities. Our tests are designed to be easily run by local hospital labs, reducing turnaround time from over three weeks to a few days and for a fraction of the price",0,0
523,Standard Treasury,Summer 2013,Acquired,"Banking APIs; acquired by Silicon Valley Bank in August 2015. Standard Treasury helped banks harness the power of developers and developer ecosystems by building, hosting, maintaining, and supporting white-labeled and co-branded developer platforms for banks worldwide. Standard Treasury partner banks saw material top-line growth through the decreased cost of servicing their customers, decreased churn, and increased transaction volumes, while delivering tremendous value to their customers by allowing them to radically automate their treasury management and accounting processes",0,0
4940,Wave,Winter 2012,Active,Mobile money app for Africa. Building extremely affordable financial infrastructure for Africa,0,0
25404,Castia,Winter 2022,Inactive,"Built Rewards for Latam. Pay Rent and get benefits.. Castia is the first rent payment platform in Latam that allows tenants and landlords to get benefits for one of their single biggest monthly expense. Get rewards, pay with any payment method, build your credit score and even save for your future home downpayment, just by paying rent through Castia",0,0
1200,Joy,Summer 2016,Active,"The platform for all your life events.. Joy is a software platform with a mission to help the world celebrate better together. Our software helps everyone plan and remember all of life's events. Big or small, Joy is there every step of the way",0,0
23271,Ziina,Winter 2021,Active,A digital wallet for the Middle East & North Africa. Ziina is bringing the next generation of financial services to the Middle East,0,0
25657,Complete,Winter 2022,Active,"The complete way to do compensation. The complete way to communicate compensation, starting with our interactive offer letters",0,0
31066,Payna,Winter 2026,Active,"AI Licensing Agent for Regulated Industries. Payna is building the AI licensing agent for regulated companies. We automate the filings, renewals, amendments, and regulator follow ups required to get licensed and stay licensed across jurisdictions, so teams no longer have to manage compliance through spreadsheets, email threads, and expensive outside firms. Starting with financial services categories like lending, debt collection, and money transmission, Payna helps companies move faster, stay compliant, and scale without adding compliance headcount linearly",0,0
29276,Carousel Technologies,Winter 2024,Active,"AI Assistant for Excel. Carousel is an AI assistant for Excel that builds spreadsheets & models in minutes, not hours. Carousel can: - Create & edit Excel models of any complexity, including but not limited to: multi-statement financial models with several tabs, FP&A templates based on raw revenue and cost data, scientific data analyses, and more - Take in data from PDFs, CSVs, presentations, and images, and build the data into your Excel directly - Walk you through complex spreadsheet architecture and each cell's precedents and dependents - Format your models tastefully & professionally - Build chart dashboards to visualize your data It's more useful than the last intern you hired",0,0
1189,Sixa,Summer 2016,Inactive,"Personal computer in the cloud. Sixa delivers a full computer that operates right from the cloud via a client app. With Sixa you can forget about hardware upgrades and slow performance, and easily run any app, anytime, anywhere and on any device",0,0
31511,Arzana,Spring 2026,Active,"The autonomous ERP for every manufacturer. Arzana trains custom models on a factory's historical data and use them to deploy agents that automate their quoting, order entry, invoicing, and other repetitive office work. We've saved our customers over $1M in avoided staff costs. In the future, we'll expand into shop-floor automation, sending instructions to machinery and robots to produce the orders that our office agents processed. By 2035, we aim to fully automate 10,000 American factories",0,0
30417,GroundControl,Spring 2025,Active,"Vertical AI for highly-regulated manufacturing. GroundControl builds mission-critical software for manufacturers in highly-regulated industries (aerospace, defense, medical) Our core product automates lengthy, complex, and regulated quality documentation in aerospace manufacturing. As an example, the Boeing 777 is made up of over 3 million parts sourced from manufacturers around the world. These manufacturers must complete quality documentation for every part on this aircraft (machined parts, printed circuit boards, wire harnesses, assemblies, and more). GroundControl helps manufacturers complete this required documentation accurately, in minutes instead of days",0,0
21800,Seam,Summer 2020,Active,"API for IoT Devices. Seam lets developers connect and control 3rd-party connected devices like door locks, thermostats, and more",0,0
478,VaycayHero,Winter 2013,Acquired,"VaycayHero is a marketplace of professionally managed vacation. VaycayHero takes the hassle out of booking vacation rentals. All rentals are verified, and 100% accurate, and calendars and pricing are automatically updated. This means, no surprises, ever. Search and book online hassle-free, or chat with a booking concierge if you need help. VaycayHero has vacation rentals in major vacation destinations in the US and Mexico. It built a travel hub platform to distribute the rentals to multiple channels including Vaycayhero.com and powered many marketplaces to provide a hassle-free booking experience",0,0
30924,Casey,Fall 2025,Active,"Casey is an AI-native commercial insurance brokerage. Casey is an AI-native commercial insurance brokerage. Our insurance brokers focus on client relationships and closing business, whilst our AI handles all the operational work behind the scenes",0,0
30021,telli,Fall 2024,Active,"AI phone agents that convert. telli is building AI voice agents that convert leads into sales opportunities for B2C companies. For example, a leading home-buying platform is using telli to fully automate their pre-qualification. We are serving customers in energy, real estate, medical products, and home services. You might think that these B2C companies want to do more self-serve and less outreach. But the truth is outbound calls are what really drive conversion. Historically, managing these calls has been complex and expensive—costing companies hundreds of thousands of dollars. With telli, for the first time, B2C companies can automate the role of a pre-sales agent, end to end",0,0
23945,Talus Bio,Summer 2021,Active,"Discovering drugs that target the DNA regulome. We have built a platform that enables drug discovery and development for previously undruggable genome regulators (""the regulome""). We accomplish this by moving drug discovery out of artificial systems where regulome proteins fail to function properly, and back into live human cells. Our technology combines innovations in automated cell processing, next-gen proteomics, and advanced data analytics to measure a drug's effect on the entire regulome in one experiment",0,0
24006,Karbon Card,Summer 2021,Active,"Corporate Card solution for Indian businesses. We at Karbon Cards provide corporate credit cards, vendor payment solutions and forex outward remittance products to Indian companies. We partners with banks and other FI's to provide comprehensive spend management and working capital solutions. Companies qualify for credit via a liberalized startup friendly underwriting process. For those do not qualify, we provide payments option where companies can top up and use card/vendor payment solutions",0,0
25344,Proper,Winter 2022,Acquired,"Reconciliation and financial operations platform. Proper provides software & APIs to help companies manage their payments data across providers. We connect banks, API providers, and networks in a single platform and provide automated reconciliation and accounting, so companies can maintain financial accuracy at scale. Our integrated financial operating system gives companies a unified back-office data platform across their services and providers. With Proper, companies can spend less time on low-level financial system infrastructure and more time focused on building for their end-users",0,0
12525,Dex,Summer 2019,Active,"Dex is a personal CRM that reminds you to keep in touch with the. Dex is a personal CRM that reminds you to keep in touch with the people you would otherwise forget. Dex helps turn your acquaintances into your allies. Going beyond the superficiality of social networks requires commitment. If you remember to keep in touch thoughtfully, you can turn the interesting person you met at a networking event into a friend that has your back. I built Dex after failing to keep up with the tools I tried (Airtable, Notion, etc) for relationship management. Installing an actual CRM like Hubspot felt like a wrong fit for my informal relationships -- these people were 'my team,' not customers. Dex is a lightweight personal CRM that’s easy to stick with. Key to Dex is a Chrome extension that enables you to manage relationships while you’re in Facebook, Messenger, Twitter, and the social apps you already use. Dex can also send you actionable reminders (daily, or based on your calendar events) to log your interactions for next time. By using Dex, you can: - Build stronger relationships, by sending you a nudge to follow-up. - Be more thoughtful, by helping you remember where you left off. - Become a superconnector, by making connections you wouldn’t otherwise remember",0,0
25978,Fleek,Winter 2022,Active,"A B2B marketplace for wholesale second hand fashion. Fleek is a B2B Wholesale Marketplace for second-hand fashion. Our buyers are vintage stores and online resellers; our suppliers are used clothing wholesalers, rag-houses, and donation centres",0,0
25144,StafBook,Winter 2022,Active,"Rippling for Southeast Asia. StafBook help SMEs to simplify HR & expense management. With StafBook, business managers can manage the People administration starting from HR (onboarding, leave & attendance, payroll, until off-boarding) and also expense management (reimbursement, cash advance). Thus, people can save their time on administrative task, and focus on core business",0,0
12263,Rune,Winter 2019,Active,"Talk & play multiplayer games with your friends!. Rune is the best place to talk and play multiplayer games with your friends. Users hang out on Rune’s mobile app, sharing laughs on our voice chat as they play amazing indie multiplayer games together! And developers build these games right on the Rune platform. Developers leverage the Rune SDK to build multiplayer games without needing a single line of backend code. They launch their game on Rune and instantly, thousands of passionate friend groups play it together on voice chat right inside the Rune app! Rune's beta has grown rapidly, with over 50 games built for the platform ranging from multiplayer mini-golf to real-time 3D racing games. The SDK supercharges game creation, with many of our games built in under a week! And these games are played like crazy too — friends have spent over 50 million minutes hanging out and playing our new games together already",0,0
24195,Tarsal,Summer 2021,Acquired,"Data pipeline for your security data lake.. Tarsal is a data pipeline custom built for security teams. As security data grows 25% year over year, security teams desperately need access to best-in-class data infrastructure. Tarsal bridges the gap between the modern data stack and security teams, pioneering the modern security data stack",0,0
26720,TrueBiz,Summer 2022,Active,"Instant Background Checks for Businesses. TrueBiz helps financial service providers reduce manual review during business onboarding. We add color to the company's background with 250+ data points on the company from around the web (such as industry and address), and summarize key risk indicators. The process takes seconds – not days, so financial service providers can efficiently meet risk requirements and onboard new businesses faster",0,0
25911,Cypher,Winter 2022,Active,Crypto Neo-Bank (WhatsApp moment for bank accounts). Internet broke physical boundaries in commerce and made it global. It never happened in finance. Almost all financial consumer apps are country specific. Stablecoins are the internet moment for finance industry. Cypher lets an user download an app from anywhere in the world and have a bank account in 5 mins and start transacting with the crypto card. Can instantly send USDC to anywhere in the world,0,0
31459,Zibra Labs,Spring 2026,Active,"Distributed runtime for AI workloads at scale. We build distributed compute clusters with the cheapest CPUs and GPUs across Hyperscalers and Neoclouds for AI. Our mission is to bring frontier-grade infrastructure to everyone. We're starting by building large scale high performance computing (HPC) clusters for quantitative trading firms to run parallel simulation workloads such as backtesting. Our technology generalizes to critical AI workloads such as post-training with reinforcement learning, fine-tuning, long-horizon agents with high tool use, and batch inference",0,0
22720,Smartcuts,Winter 2021,Active,"Chrome extension to turn clicks & keystrokes into no-code automations. Smartcuts is a Chrome extension that lets you automate anything in your browser, without code. Record your clicks and keystrokes, and replay them later on similar web pages to automate repetitive work. It's like Excel macros for any website",0,0
29966,Mica AI,Summer 2024,Active,"Replace the humans fixing bad data. Mica's AI agents replace the data ops teams fixing bad data. When bad or missing data breaks the pipeline, and orchestration, retries, and monitoring fail, painful manual review work kicks in, pulling humans in to investigate and patch data issues across systems. Mica does what those humans do: gathering the right information from internal docs and external systems, reasoning across context, and resolving errors autonomously to get the pipeline moving again. The result: dramatically reduce time, cost, and operational drag as your data pipelines scale without scaling ops headcount. Mica turns judgment-heavy data fixes from a manual bottleneck into an automated background process with full auditability",0,0
24746,Atlas,Summer 2021,Active,"Operating system for restaurants, focusing on Southeast Asia. Atlas is building the operating system for restaurants. Atlas is the easiest way to start, run and grow any restaurant online and offline. We are the team that previously built Grain, a venture-backed online restaurant, to millions in revenue. Team and investors are from Grain, Accenture, Microsoft, Udacity, McKinsey, Salesforce, Y Combinator and others. https://atlas.kitchen",0,0
12580,Voyage Biomedical,Summer 2019,Acquired,Using cooling to end brain damage during stroke.. Acquired by Penumbra (NYSE:PEN),0,0
319,YumDots,Winter 2008,Inactive,YumDots wants to be the go-to mobile application for finding places to eat when out on the town. Its emphasis on using interactive maps to display information about local restaurants makes it more efficient than other mobile review services like Yelp's. The service is launching soon,0,0
166,TrustEgg,Winter 2011,Inactive,"Trust funds.. TrustEgg is the simple, social way to save for a child's future. TrustEgg will dramatically change the US savings rate, one child at a time. TrustEgg enables parents to create a Trust for their child in minutes for free. Parents can invite family and friends to make contributions. The Trust Fund is invested with Vanguard and earns a market rate of return until the child turns 18. The simple, social nature of TrustEgg will dramatically change the savings rate for the 70+ million children in the US",0,0
29463,Penciled,Winter 2024,Active,"AI front office assistant for physical therapy. Penciled (W24) is an AI front office assistant for physical therapy. Penciled's AI assistant schedules out plans of care, sends reminders and processes last-minute cancellations, and fills openings with an automated waitlist. Penciled books thousands of appointments for physical therapists each month and integrates directly into EHRs like WebPT",0,0
13205,Logarithm Labs,Winter 2020,Active,"Easy button to use data for your daily operations. Easy button to use data for your daily operations. Power your business workflows with quality data. Logarithm Labs helps you turn manual data wrangling and ad-hoc scripts into repeatable pipelines for your operational workflows. Power your workflows with quality data. Our product and team of experts do the heavy lifting so that can focus on the business logic that drives your organization. To learn more, contact us at hello@logarithmlabs.com",0,0
30723,Miso Labs,Spring 2026,Active,Emotive foundation voice models. Miso Labs is building the world’s most emotive foundation models for voice. Our goal is to pass the voice Turing test,0,0
22867,Procoto,Winter 2021,Acquired,"Self-service RFP management. Procoto makes running RFPs, tracking contracts, and managing vendors simple and affordable. We get procurement teams out of dense systems and spreadsheets without having to drop a hefty check on SAP or Coupa",0,0
22054,Farel,Summer 2020,Active,"Next-gen airline OS. ‭ Farel replaces outdated, fragmented airline‬‭ systems with a single, fully‬ ‭ integrated platform—covering availability, pricing, reservations, revenue management,‬ ‭ consumer-facing apps, departure control",0,0
634,Zinc,Winter 2014,Active,"The secret backbone of e-commerce.. Zinc is building the programmable commerce layer for the internet. Our API already enables tens of thousands of transactions each month, and our goal is much bigger: a world where any purchase online can be automated and integrated through a simple API. As commerce shifts to automation, AI, and agents — the purchasing layer of the internet will become essential infrastructure — which is what we're building at Zinc",0,0
1304,Reebeez,Summer 2016,Inactive,"Reebeez creates powerful microengines for UAVs. With a 2hr + flight. Reebeez develops efficient solid-state thermoelectrophotovoltaic microengines for UAVs that achieve flight times and payloads unrivaled by batteries and fuel cells. Due to weight limitations of engines, small aerial vehicles must rely on lithium polymer batteries that result in disappointing flight times and payloads. Reebeez presents a propulsion ​system powered by thermoelectrophotovoltaics (TEPV) that runs on lightweight combustible fuels to attain specific energy eight times better than lithium polymer batteries - at a third of the cost",0,0
482,Fivetran,Winter 2013,Active,"The leader in automated data movement. Fivetran automates data movement out of, into and across cloud data platforms. We automate the most time-consuming parts of the ELT process from extracts to schema drift handling to transformations, so data engineers can focus on higher-impact projects with total pipeline peace of mind. With 99.9% uptime and self-healing pipelines, Fivetran enables hundreds of leading brands across the globe, including Autodesk, Conagra Brands, JetBlue, Lionsgate, Morgan Stanley, and Ziff Davis, to accelerate data-driven decisions and drive business growth. Fivetran is headquartered in Oakland, California, with offices around the world",0,0
29512,Reprompt,Winter 2024,Active,"AI Agents for Location. Reprompt builds AI Agents for Location-- Mapping companies like Radar and TomTom use our agents to get live information about a point of interest or business that keeps their maps up to date. To do this we have an internal agents platform that supports Web, Vision, Doc Reading, and soon self-driving browser agents",0,0
136,TellFi,Winter 2011,Inactive,"Google Voice for business.. Fastest, easiest way to setup a phone system for your business. We take something that has traditionally been painful and expensive, and make it available to everyone. The easiest way to set up a phone system for your business. All the features you want in a business phone system – including extensions, forwarding & voicemail – online for as little as $10 a month",0,0
947,Maderight,Summer 2015,Inactive,"Global Manufacturing, Simplified. Global manufacturing, simplified. Maderight is your one-stop shop for fashion sourcing, manufacturing, and logistics. We manage your entire supply chain so that you can focus on building your brand and selling your products rather than worrying about manufacturing delays and mistakes. Our consortium of factories have been curated to guarantee ethical practices, quality assurances, and timely delivery. Y Combinator S15 & StartX S15",0,0
30742,Sira,Summer 2025,Active,"AI Native Rippling for Deskless Workers. Sira is the AI-powered platform for managing time tracking, scheduling, payroll, and HR — purpose-built for hourly teams. Our intelligent agents handle the manual, time-consuming tasks for you — like calling workers to fill open shifts, detecting timesheet anomalies, and streamlining payroll processing. With Sira, businesses stay organized, compliant, and focused on what really matters — while we take care of the team",0,0
29484,Haplotype Labs,Winter 2024,Active,"Personalized prevention using genetics and AI. We're building the HaploHub: a SaaS platform for genetic testing labs, concierge medical practices, and payer/providers to: * predict disease risk for their patients based on proprietary or publicly available genetic models * securely host, manage, and interrogate the genetic data of their population * generate reports and run the most common inference algorithms (phasing, imputation, ibd, etc.) without writing code",0,0
1695,disclosures.io,Summer 2017,Acquired,"The Complete Listing Toolkit for the New Era of Real Estate. Every year $1.2 trillion in residential home sales are exchanged, however buying and selling a house is still a huge, painful process. Maybe that’s because Real Estate is the least digital industry, behind only agriculture 🐮 . Disclosures.io is on a mission to make the real estate process more transparent and efficient for everyone involved. Our product helps sellers get their home to market faster and enables buyers to make more informed offers. We believe in lean, pragmatic product development, entrepreneurship and building a business that we are proud to be a part of. We love talking to like-minded makers, drop us a line!",0,0
31307,Wideframe,Winter 2026,Active,"AI coworker for video editors to ship more video faster. Wideframe is an AI coworker for video editors. It automates the searching, labeling, organizing, and sequencing of footage so editors can ship videos faster. Why is this important? Well, it turns out that editors spend 3x more time preparing footage than actually editing. One agency said we will save their editors 10 hours per week. Another organized an entire documentary worth of footage in hours rather than weeks. He had 2,500+ videos, 500+ audio clips, across >2.5 TB of files and our agent handled them effortlessly. Users link footage to Wideframe and then our Agent acts like an Assistant Editor to handle work like searching, labeling, organizing, and sequencing footage. Wideframe works with footage across local filesystems and cloud providers. We also supports Adobe Premiere Pro (.prproj) roundtrip. Our robust integrations are important so that Wideframe can work with source footage all the way through to delivering Premiere Pro projects to editors",0,0
2011,Helicarrier (prev Buycoins),Summer 2018,Active,"Cryptocurrency infrastructure for Africa.. Helicarrier (previously Buycoins) is building cryptocurrency infrastructure for Africa. Sendcash is an app that lets Africans in the diaspora send money back home. Buycoins is the easiest place to buy, sell, and manage your cryptocurrency portfolio",0,0
23632,NextPay,Winter 2021,Active,"The digital bank for small businesses in the Philippines.. NextPay is a digital bank for small businesses and entrepreneurs in The Philippines. They use us to send invoices, collect payments, do payroll, and pay their bills. NextPay is the best alternative to bank accounts for small businesses and entrepreneurs in the Philippines. We help them similarly to how Brex helps companies in the US, but in a way that is more locally nuanced. We manage their finances and remove the steep barriers that Filipino banks and financial institutions typically require; no setup fees, maintaining balances, or ridiculous requirements. View the full context on our Launch Bookface post: https://bookface.ycombinator.com/posts/51999",0,0
31111,Envariant,Winter 2026,Active,"Interpretability and reasoning infra for foundation models.. Envariant is an AI interpretability and reasoning SDK enabling foundation model builders to analyze, steer, and control their model's behaviors",0,0
29465,Polar,Winter 2024,Active,"The smarter way to manage USD earnings globally. Polar helps remote workers, freelancers, and ship crew manage their USD earnings globally. Using Polar, you can: 1. Get a U.S. bank account in minutes with just your phone and local ID 2. Send money to 120+ countries faster and cheaper than alternatives 3. Earn 2-6% interest on USD savings 4. Invest in gold, Bitcoin, and Ethereum 24/7, starting with $1",0,0
28098,Resend,Winter 2023,Active,"Email for developers. Resend is the new email API for developers. It's designed for you to build, test, and send transactional emails at scale. If you're using Sendgrid, AWS SES, or Postmark, come talk to us",0,0
12654,Bouncer,Summer 2019,Acquired,SDK for scanning and verifying credit cards and photo IDs in mobile,0,0
1468,Nuvola,Winter 2017,Active,"Nuvola is transforming battery manufacturing, making EV batteries. At Nuvola, we're commercializing SafeCoat, a spray-on separator that is directly deposited onto electrodes, removing the need for conventional separator films and the massive infrastructure to build them. SafeCoat has been piloted with top-tier battery and automotive manufacturers and is ready for commercial deployment. Industry leaders are drawn to its impact: it reduces fire risk by 99%, cuts manufacturing scrap by 70%, and saves $350M per 40GWh factory. Our capital-light model requires just $8M in CAPEX to reach profitability in 2027",0,0
12278,Verto,Winter 2019,Active,"Cross-Border Payments and FX Simplified. Verto is a cross-border payment platform for businesses; our mission is to simplify cross-border payments in emerging markets, particularly Africa. We do this by providing businesses with superb infrastructure that they can use to convert, hold, receive and make payments across 49 currencies. By connecting Businesses, Liquidity providers, FX Brokers, and Payment Institutions, and banks through our marketplace, companies can choose their foreign exchange rates at the time that suits them, therefore, providing a constant liquidity flow cheaply",0,0
12136,AmpUp,Winter 2019,Active,"We make EV charging as simple and reliable as LED lights. AmpUp provides the simplicity and reliability enabled Tesla experience EV charging solution in private commercial locations where vehicle dwell times are 6 hours and longer; EG, workplaces, MUDs, and fleet depots. Within 2 years, it achieved 8th in ranking in market share in the commercial level 2 charging sector in the US. AmpUp is growing even faster now with their dominant growth channel in the commercial lighting vertical set to take off at the end of 2023 and early 2024",0,0
442,Zapier,Summer 2012,Active,"The easiest way to automate your work.. Founded in 2011, Zapier is the #1 workflow automation platform for small and mid-sized businesses. By connecting more than 6,000 of the most popular work apps, Zapier empowers its users to make the most of the tools they already use—and to focus on what matters most",0,0
1870,Qulture.Rocks,Winter 2018,Acquired,"The people, management, and culture operating system for your startup.. Qulture.Rocks makes people management, OKR management, and culture management software for some of the world's most innovative companies, backed by the likes of Founders Fund, Blackstone, Sequoia, and Tiger Global. Our suite of products encompasses 1:1s, engagement surveys, performance reviews, OKRs/goals, ongoing feedback, and peer to peer recognition, and integrates seamlessly with your existing software (including Slack). We also help our customers design their processes, which is of special help for startups and scaleups implementing these practices for the first time",0,0
125,Rentobo,Summer 2011,Inactive,"The easiest way to find a tenant. Rentobo is a tool that makes it. Rentobo is a new tool built for landlords, managers, and agents of all sizes to simplify the process of finding and signing a new tenant for your rental property. Enter your listing details once at Rentobo and we will help you promote your property across major rental search sites. Rentobo organizes rental applications, credit scores, and social networks into an easy to use tenant profile - everything you need to make a decision. Tenants use Rentobo to sign their lease and submit their deposit electronically. Combined with online applications you can stop pushing paper. For more information, please visit us at: http://www.rentobo.com",0,0
1095,PhysioHealth,Winter 2016,Inactive,An enterprise health benefits platform that rewards employees for. PhysioHealth is an enterprise health and wellness management platform that rewards your employees for living healthy and decreases your healthcare costs. Their customized platform delivers 5x engagement vs. other corporate wellness programs,0,0
28865,Hegel AI,Summer 2023,Active,"Open source tools for developing generative AI applications. We build tools for developing applications with generative AI models. Whether you are using LLMs, vector databases, and text-to-image models like Stable Diffusion, our tools help you find the right model, prompt, configuration and consistently monitor their behaviors in production. --- **PromptTools**: the first open-source, developer-focused SDK for experimenting with and evaluating prompts, models, and vector databases. You can try the repo here: https://github.com/hegelai/prompttools. If you're building with LLMs and struggling with evaluation, reach out and we can help",0,0
48,99dresses,Winter 2012,Inactive,"We're creating every women's fantasy by combining the unwanted. 99dresses allows women all across the U.S. to buy, sell & trade fashion with thousands of shopaholics. Nikki Durkin, the founder of 99dresses, was sick of spending so much money on new clothes only to get bored with them a week later and rarely ever wear them again. She started 99dresses in her home country of Australia as a way for thousands of Aussie girls to conveniently trade fashion with each other online. Now based in NYC and working with a fantastic team (Marcin, Chandra, Oguz & Clare), she is bringing 99dresses to women across the USA. Get the iOS app: http://bit.ly/1fWeoRG",0,0
29261,malibou,Winter 2024,Active,"the first all-in-one payroll and HR software for French SMBs. malibou is a web application helping French SMBs to manage employees, run payroll and track compliance in a single app. When processing payroll in France, you either have the choice between an accountant with good advice but no way to connect an HRIS with him, or a good HRIS that does not include payroll services. It was time for a change, to finally bring payroll and HR at the same place. Due to increasing competition in the space, French payroll engines have just opened their APIs. This allows us to offer a unified payroll and HR solution, which wasn't possible before",0,0
12249,Spring in Africa,Winter 2019,Active,"Investing in innovation. Backing innovation, building financial technology. Focused on emerging markets and leveraging people finesse with capital",0,0
31365,Incandor,Spring 2026,Active,"Behavioral intelligence infrastructure for anti-fraud. Incandor detects fraud on banking and fintech platforms by learning how every user physically behaves — mouse dynamics, keystroke timing, scroll patterns, and on mobile, how they hold their phone. Founded by two Stanford engineers and backed by Y Combinator, Incandor builds a behavioral map of every user on your platform — no fraud labels or historical data required. At the individual level, it identifies account takeovers with >99% accuracy. At the population level, coordinated rings, mule operators, and coerced sessions separate out naturally. Rather than a black-box risk score, fraud teams query the map via a programmable API",0,0
142,Earbits,Winter 2011,Acquired,Google AdWords for music. Allowing bands and labels to bid for. Google AdWords for music. Allowing bands and labels to bid for airtime and have their music streamed to qualified audience,0,0
31536,Gigacatalyst,Spring 2026,Active,"Let software users build new features with our in-app AI agents. Gigacatalyst allows sales and CS teams to build missing features that customers need, so you stop losing business because of feature gaps. We’ve helped our customers unblock $1M in sales in 6 weeks. We do this with an embedded AI customization layer that learns your APIs. Each customer can now adapt your product to match their workflows perfectly, and share it across their team with our in-built app store. The result is that customers use your SaaS more, retain for longer, and expand quicker, because they get bespoke implementation for their exact usecase, without waiting. We're live with the top Series B companies with 90% repeat usage rate. Our customers tell us that Gigacatalyst is the best way to increase usage, retention, and expansion in 2026",0,0
25271,Alfie,Winter 2022,Acquired,"Democratizing access to precision weight loss medications. At Alfie, we've built a rigorous virtual medical program based on the top research from Cleveland Clinic and Harvard that allows us to precisely determine which weight loss regimen and (as needed) medications will be most effective for our members in a multimodal approach. We're optimizing exercise/nutrition/medications in complex care pathways like no one else has before. Our program has been shown to be 2x more effective than standard prescription medication and 5x more effective than habit change alone. We've raised capital from Goodwater Capital, Nina Capital, Air Force Ventures, and Phoenix Club, and various super angels including the founder of OpenTrons (medical labs automation; have raised $240 mill). Also, we're a Y Combinator graduate",0,0
22050,Skio,Summer 2020,Acquired,"Subscriptions for Shopify. Skio ($105M cash exit, $32M ARR, $8M raised) is subscription management software for brands on Shopify",0,0
87,Cryptoseal,Summer 2011,Acquired,"Server key management, VPN as a Service, Privacy VPN. Sold to. CryptoSeal provides Virtual Private Networks (VPNs) as a service",0,0
24624,Luable,Summer 2021,Active,"Latin America's Deposits Marketplace for Banks. Luable is an Bank Deposits Marketplace in Latin America where Banks can get faster and cheaper funding from Retail users compared to opening traditional branch offices or hiring more Sales Representatives. Luable's Marketplace features all banks in one place so retail users can choose for their best needs, and enables upcoming banks to provide a full digital experience with no fixed costs. Since Launching in 2021, Luable has processed over USD $30M in deposits for many banks and its currently expanding its operations from Colombia to Mexico and the Caribbean",0,0
956,Nebia,Summer 2015,Acquired,"Nebia is a breakthrough shower system, based on a premium experience,. (acquired by Brondell in 2022) At Nebia we build innovative and impactful products that improve how people use water in their daily lives. Through thoughtful reinvention of everyday interactions, we empower people everywhere to collectively make a greater impact with their most basic daily rituals. We started with the shower. The Nebia shower embodies the highest standards of experience, design, engineering and water and energy use. With water savings up to 70% compared to traditional showers, Nebia was designed to make a meaningful impact without compromising on experience. At the heart of our products is our unwavering dedication to developing groundbreaking sustainable solutions that stand the test of time. Every new iteration is made to solve a complex engineering challenge that has limited innovation for over a century. Our investment in R&D and product development is second only to our investment in the people who are making it possible. After several years working behind the scenes, we are extremely proud of what we have recently achieved: - $10m raised on Kickstarter - Products in 100,000 homes - 500+ million gallons of water saved (c. 2022) - 27 million kWh (27 GWh) of energy (approx. energy to heat 2,700 U.S. homes in one year)",0,0
13523,99minutos,Winter 2020,Active,"The fastest shipping for online shopping. We're an e-commerce logistics solution for e-commerce in Latin America. Buy online and receive it in less than 99 minutes, same day, next day or choose our new green delivery with zero emissions. We deliver within 52 cities in Mexico, 6 in Chile, 6 in Colombia, and 4 in Peru. Flat rate, live tracking, flexible routes, and plugins for every e-commerce. 99minutos: Delivery Fulfill99: Fulfillment centers Ruta99: Saas for routing solutions Punto99: Pudo network",0,0
31064,Origin,Winter 2026,Active,AI and Data for Cancer Therapeutics. Creating the largest patient-derived cancer single-cell dataset for licensing to pharmaceutical and AI companies. These datasets are unique as they screen the effects of various drugs and genetic medicines under the control of our DNA switches,0,0
21984,Oico,Summer 2020,Inactive,"B2B marketplace for construction material in Brazil.. Oico is the best way for large contractors in Brazil to buy construction material. We replace the time-consuming work of managing orders, deliveries and payments across dozens of suppliers, with a one-stop solution",0,0
1072,Silver,Winter 2016,Inactive,"Low cost consumer device for toxin detection.. At Silver, they are building the world's first miniaturized Raman spectroscope for consumers. Our spectroscope, combined with our proprietary nanoparticle substrates, enables our users to detect many contaminants instantaneously",0,0
29658,RetroFix,Summer 2024,Active,"Automate any workflow using plain english. RetroFix is an automation platform designed to be extremely intuitive to use, making it much easier and faster to automate manual work. To create or modify workflows you can describe them in natural language and our agent will create them end-to-end for you. We allow you to connect with 2000+ applications and use our pre-built actions for your workflows. In the case we don't have a pre-built step, our agent can instead write code to access the full APIs of all the apps we integrate with",0,0
31442,AICE,Spring 2026,Active,Submarine drones for defense. We are building the next generation of underwater defense systems: autonomous swarms of modular marine drones to secure naval assets and coastal infrastructure against evolving underwater threats,0,0
31084,Klaus AI,Winter 2026,Active,Fast and Safe OpenClaw on the cloud. Get your personal OpenClaw instance on the cloud and connected to your Slack or other messaging app in 3 minutes. Pre-installed security features and common skills,0,0
88,Segment,Summer 2011,Acquired,"Software and APIs to collect, clean, and control customer data.. Segment is one place to collect customer data and send it to your tools for analytics, marketing automation, and raw data access with SQL. Implement all of your event tracking with Segment’s single API instead of wrangling a new API for every new tool or database. Segment's integrations let you send your data to hundreds of tools and databases",0,0
23302,Kidato,Winter 2021,Active,"Online school for K12 education in Africa. Parents in Africa face either public schools with student-teacher ratios as high as 50:1 or private schools with tuition fees as high as $7500 per year, per child. Kidato classes have student-teacher ratios of 5:1 and teach the same rigorous international curriculum as other private schools — but at a fraction of the price. In our second semester, Kidato has enrolled more than 30 students into our learning-from-home program as a replacement for brick-and-mortar schools. We expect to triple this enrollment by our third semester",0,0
12533,Lofty,Summer 2019,Active,"Building the NASDAQ for Real Estate.. Lofty is a marketplace that let's anyone sell a house to investors online. Instead of the typical real estate transaction where one seller sells to one buyer, Lofty is much more flexible. Sellers fractionalize their equity ownership in the property into smaller units, so that anyone can buy a portion for as little as $50, allowing access to one of the best asset classes for people who have previously been locked out. Sellers can also sell a portion of their equity (starting at just 10%) instead of the entire property or create customized HELOC structures. Investors can browse a variety of individual real estate properties ranging from commercial strip malls, a HELOC in someone's house, Airbnbs, to a single-family rental properties, and directly purchase ownership in these properties in under 5 minutes. There is no lockup period. Users can constantly trade these ownerships with others on the marketplace. Investors truly legally own the properties they invested in and co-manage it with other investors through an online governance program. Owners have so far voted on how to handle various repairs, delinquent tenants, the sale of the underlying property, and much more. Lofty never custodies or handles user funds or assets. Through smart-contracts on the blockchain, all transactions are directly peer-to-peer. If we succeed, we'll have built the NASDAQ for real estate and transformed how real estate is bought and sold in the USA",0,0
24629,Filadd,Summer 2021,Active,"We help students in Latin America graduate from College.. We provide premium, personalized courses for college entrance exams (like Chile’s PAES and Brazil’s ENEM) combining engaging video lessons, live tutoring, AI-powered study plans, and downloadable resources. Today we serve over 25,000 students annually across Chile, Brazil, Argentina, and Colombia, with a 90% YoY growth and industry-leading margins",0,0
30704,Albacore Inc.,Summer 2025,Active,"Drone submarines. Albacore Inc. builds mass-producible long-range drone submarines. In the era of autonomous warfare, we support military operators with underwater systems that can traverse oceans and be deployed at scale",0,0
1479,Wavy,Winter 2017,Acquired,Experience music and art in augmented reality,0,0
31136,Scheduling Wizard,Winter 2026,Active,"Logistics infrastructure to modernize healthcare operations. Scheduling Wizard is building the logistics infrastructure to modernize healthcare operations. Hospitals still rely on manual workflows to manage staffing, patient flow, and core operations, contributing to $760B in annual inefficiency. 20 departments across 16 hospitals already outsource their physician scheduling to us, powered by our internal Scheduling Programming Language and AI-driven workflows. We work with Mass General, Johns Hopkins, UT Southwestern, UCSF, and many others. We are actively onboarding new clients and expanding into patient triaging and provider management systems, working with partner departments at UCSF and other leading institutions. Scheduling Wizard aims to bring healthcare operations into the future by reducing administrative burden and improving clinical care coordination. Our goal is to create the AI-native administrative layer in healthcare operations",0,0
889,Confident LIMS,Summer 2015,Active,"Laboratory Information Management System (LIMS) serving. Confident LIMS is a leading Laboratory Information Management System (LIMS) serving high-throughput labs in regulated industries. Confident LIMS is a B2B Software-as-a-Service (SaaS) platform with strong network effects among our lab customers and their testing clients. We currently serve >60% of the legal cannabis industry in the United States and are expanding into mainstream agriculture, food & beverage, and environmental industries. In early 2022, we pivoted away from seeking to be the leading online B2B wholesale marketplace in the legal cannabis industry to be the best LIMS in the world in the agriculture, food & beverage, environmental and industrial chemicals industries",0,0
27957,Infinia,Winter 2023,Active,"Move money programmatically. Infinia enables fintechs, businesses, and banks to bridge stablecoins with local payment rails in emerging markets. Ianai, the CEO, was part of the founding team at dLocal, where he helped grow the company from $0 to $100M in ARR",0,0
13482,Swipe Technologies,Winter 2020,Active,"Building modern payments, accounting and cashflow management tools. Swipe is building modern modern payments, accounting and cashflow management tools for businesses. We own and operate Float, a global b2b payments platform and Accounteer - a cloud accounting and bookkeeping platform for businesses and freelancers",0,0
509,Logiblock,Winter 2013,Inactive,"Logiblock engineers electronics and development tools to dramatically. Logiblock makes electronic product development faster for startups and established firms alike. Logiblock is the client services division of Outbreak, Inc. Founded as a technology research and development group in 2008, Outbreak primarily develops and licenses embedded software technology",0,0
196,Opzi,Summer 2010,Inactive,"Q&A for businesses.. Opzi was a knowledge management platform, styled as a ""Quora for the enterprise,"" that became the First Round Network",0,0
24828,Sitenna,Summer 2021,Active,"Compound B2B SaaS for modern infrastructure to deploy and manage sites. Modern infrastructure (incl. 5G wireless and EV charging) has a problem. Whilst analysts are claiming exponential growth in deployments in the coming years, the truth is that the process of site acquisition and management is currently manual, archaic and painful. Sitenna has developed software to digitise the process reducing site acquisition from currently 24 months to a matter of weeks. We work with Real Estate, Local Government, Infrastructure Providers and Operators. Sitenna launched in the UK in late 2021 and was selected as the leading software vendor to a UK government sponsored infrastructure project, with over 1m assets on the platform and all major telecom players active, including BT, EE and BAI. The team is led by a group of industry veterans with C-Suite level access to telecom companies worldwide. Daniel has worked in the telecoms industry for over 12 years and he has supported $100bn in transactions in over 30 countries. Brian has over 12 years’ experience as a technical consultant including BAE Systems Applied Intelligence, Norkom and Ericsson. Both are multiple time founders, execs and non-execs in start-ups including exits",0,0
25905,Bracket,Winter 2022,Acquired,"Two-way syncs between business tools and your database. Bracket is the two-way data pipeline between popular business tools and backend databases. When ops teams update data in Salesforce or Airtable, and engineers update data in the database, Bracket connects the two sources to reflect the same information",0,0
22775,Charge Running,Winter 2021,Inactive,"Provides live, virtual running classes to runners all around the world. Charge Running is a community for all runners. We host 20+ live virtual running classes and races per day, where runners join and run together from all over the world through a mobile app. Each class is hosted by a live, certified run coach, that tracks all participants' distances, paces, cadences, and interval summaries as they lead the runners via audio through effort-based run classes. Each runner can chat with the coach and other participants of the run, as well as see in real-time the distance of every other runner, no matter where they run from. This creates an incredibly motivational experience. In addition to our daily lineup of classes, Charge hosts virtual races, partnering with race directors and charities to offer a virtual racing experience, with an in-person feel",0,0
24460,Hera,Summer 2021,Inactive,"Calendar app to prepare, join and follow-up on virtual meetings. Google Calendar is built on hypotheses that are now deprecated. Now that most of our meetings are virtual, there is a massive opportunity to remove frictions at each step of the lifecycle of these meetings, and finally make calendars actionable. From Hera, users can: - Schedule a meeting or share availabilities - Prepare a meeting with the right context on attendees and past discussions - Join a meeting in one-click - Snooze a meeting to make sure you don't forget to follow-up All of that without leaving the keyboard",0,0
46,BarSense,Winter 2012,Inactive,"Kid's first smartphone with web-based parental controls.. Kyte is an easy parental control application that can be downloaded to any Android phone, activated, and then given to a child. This app allows the child to make pre-approved phone calls and play only authorized games. The child will be unable to leave the app to access the rest of the Android phone’s features. Parents have full control over the applications from the browser and can also track the phone’s GPS online. It has other features that enable parents to turn off SMS and Facebook during school hours, ban apps and games during school and bed time hours, monitor internet usage, prevent the usage of third party browsers, set time limits on games, check call history, track location in real-time, receive email reports about what their child has been doing, and full remote control from their phone, tablet or PC",0,0
27151,Solum Health,Summer 2022,Active,"AI Automation for Therapy Practices. Turning therapy admin chaos into automated calm—VoiceAI for intakes, seamless prior auths, referral and scheduling management. Built by practice owners, for practice owners (www.getsolum.com)",0,0
30922,Selfin,Fall 2025,Active,Building the first AI Bank. Selfin is developing AI-powered banking. Users can enjoy personalised recommendations and optimisations of their finances by connecting all their financial products on a single platform,0,0
1951,Berbix,Summer 2018,Acquired,"Convert more verified users. Instantly & accurately validate user IDs.. Berbix’s mission is to enable all individuals to prove who they are and control how their information gets shared. Founded by the former engineering and product leaders for Trust & Safety at Airbnb, we empower companies to confidently answer the question: “Are you who you say you are?""​ This is a question many online platforms need to answer about their users. We solve that problem by offering best-in-class ID verification and proprietary fraud detection technology to our customers, which they can access through developer friendly SDKs. We serve customers in a broad variety of industries, recently raised our Series A led by Mayfield, and are actively growing our all-star team",0,0
1628,Covetly,Summer 2017,Inactive,"#1 Collectibles Marketplace: Authentic Vinyl Toys, Comics, Funko Pop. Covetly is a platform for collectors and hobbyists. Tons of rare, unique, and bizarre items await. Browse, trade, and buy or sell. What do you covet?",0,0
11965,Preflight,Winter 2019,Acquired,"No-code Web Apps testing for everyone. PreFlight is a No-code web testing tool for anyone. Preflight is 20x faster than writing Selenium and Cypress tests. Maintaining Selenium/Cypress tests is also a big challenge. Preflight solves this problem by understanding how users understand any page and adapt to the changes and update the selectors if the test passes. It's also super easy to set up end-to-end tests that depend on each other with Preflight's Workflow feature. You can orchestrate which test should run after another. Creating API tests has never been so easy. Preflight prepopulates API tests from UI tests' network calls. So, you can set up API tests in minutes",0,0
25559,Creizer,Winter 2022,Active,"Clear.co for LATAM. Revenue based financing for online sellers.. Creizer is Clearbanc (Clear.co) for LATAM. We provide revenue-based financing to online sellers. More than 80% of SMEs can’t have access to loans in LATAM, thus limiting their growth. They represent 99% of online sellers in the region. At Creizer we built a unique risk model in which the requirements for these online sellers are 100% accessible since the scoring is based on the store’s metrics and collections on a percentage of their daily sales. We are growing 65% MoM and experiencing overdemand every month. Helping our customers to grow up to 7x in less than a year",0,0
31546,ReasonBlocks,Spring 2026,Active,"The runtime layer that makes AI agents cheaper and more reliable. ReasonBlocks is the runtime layer that makes AI agents cheaper and more reliable. We correct agent reasoning and compress tokens mid-run, with gains compounding across runs. On SWE-Bench pro we have seen a 52% token reduction and 42% accuracy lift",0,0
24150,Hypercore,Summer 2021,Active,"Loan management software for private lenders. Hypercore is a loan management software for small lenders. We help lenders automate workflows and provide them with real-time analytics and KPIs on their portfolios. Since June we are running paid pilots ($3.5K MRR), 1 LOI ($1.5K MRR). The founding team met while serving together as officers in technological units in the Israeli Defence Forces. We then established together a software development company specialized in fintech projects such as e-wallets and open-banking projects. That’s where we discovered how archaic are the tools lenders use that are ready for disruption. Hypercore is building the tools for private lenders who currently do everything in Excel, culminating in a 'Nasdaq of private loan books' - utilizing the platform to securitize loan books",0,0
1002,UpLabs,Winter 2016,Inactive,"UpLabs is the #1 marketplace for designers & developers to find. UpLabs is a website for designers and developers to find and share resources to build apps and sites. Every day, the UpLabs community uploads new quality and curated content",0,0
30535,Cotool,Spring 2025,Active,"AI Agents for Security Operations Teams. Cotool is an agentic security platform that eliminates manual and repetitive work for security teams. Today’s cybersecurity teams remain bogged down by alert fatigue, context switching, and documentation overhead. Security teams don't need more dashboards with ""AI-powered insights"" — they need their time back. Cotool empowers teams to build security their way. Our platform provides an AI co-pilot that automatically assembles context across tools, a no-code agent builder that transforms successful investigations into reusable automations, and automated report generation, providing comprehensive documentation in seconds. Unlike solutions that force teams to adapt to vendor workflows, Cotool puts the power of AI directly in practitioners' hands, letting them shape tools around their unique processes. Early users have already cut time spent on investigation and detection engineering by 70%",0,0
23412,Axolo,Winter 2021,Active,"Improving Developer Experience with Streamlined Code Reviews. Better Code Reviews, Less Hassle, All in Slack Axolo takes your team's code review practices to the next level, integrating seamlessly with Slack to deliver real-time notifications and natural discussions",0,0
219,Creative Market,Winter 2010,Acquired,"Marketplace for graphic design assets. Creative Market is a marketplace for ready-to-use design assets, including fonts, graphics, templates, add-ons, photos, and themes, from independent creators around the world",0,0
30127,Loombotic,Fall 2024,Active,Wire Harnesses in as little as 7 days. Loombotic is automating wire harness manufacturing,0,0
1298,Yoshi Mobility,Summer 2016,Active,"Making car ownership and management frictionless.. We believe that the automotive industry will change more in the next five years than it has in the last 50. The gas station was invented in 1910 and has not changed substantially since then; traditional lube and mechanic shops have not evolved much either. To enable this industry transformation, the infrastructure required to fuel and service vehicles must evolve as well. Since the total spend for all fuel and maintenance can more than double the cost of ownership of a vehicle over its lifetime, the impact at stake is huge. This is where we derived our mission: To help our members to keep moving in the safest, most efficient, and planet-friendly way possible, while delivering unparalleled customer service. Start Yoshi. Keep Moving",0,0
26869,Sytex,Summer 2022,Active,"Project management platform for Field Infrastructure.. Sytex is a project management platform for Field Infrastructure, starting with Telecom. For example, companies like Telefonica and Claro use Sytex to build and maintain their networks",0,0
1543,Faire,Winter 2017,Active,"The global online platform empowering independent retail.. Faire is an innovative online marketplace that uses machine learning to match local retailers with the brands and products that uniquely fit their stores. We are using the power of technology to connect brands and independent retailers from all over the world, building a thriving community of hundreds of thousands of retailers, which has resulted in over 7 million new connections to date. Faire was founded on the belief that the future of retail is local. Our mission is to empower brands and retailers to strengthen the unique character of local communities. Our data-driven approach unburdens retailers from decades-old obstacles by helping find the right products for their shop. Plus, our straight-forward financial terms level the playing field by eliminating inventory risk and providing access to capital—key offerings previously only available to big box chains. For brands, our platform provides powerful sales, marketing, and analytics tools that simplify their business and allow them to focus on what they love: making great products",0,0
25779,Nullstone,Winter 2022,Active,"An easier way to deploy and manage cloud apps. Nullstone is a suite of tools delivered as a single product that enables developer self-service while accommodating flexibility and control that platform engineers need to maintain secure, compliant, performant, and reliable infrastructure. Nullstone provides a simple developer experience that guides developers through the architecture and release of cloud apps. By default, infrastructure launched through Nullstone is compliance-certified and vetted for security best practices. The software delivery process can be customized per app through external CI/CD tools or IaC tools like Terraform to meet the specific needs of customers or to optimize developer workflow. Nullstone comes with many quality-of-life features that are hard to build with an in-house DevOps/Platform team: Auto-Build/Deploy, Preview Environments, GitOps, and Automatic Secrets Management",0,0
25679,Sero,Winter 2022,Active,"Intelligent Customer Implementation Platform for B2B. We help onboarding, implementation and professional services teams at B2B companies onboard customers faster, more consistently and more efficiently with AI agents",0,0
23727,Hyperseed,Summer 2021,Inactive,"Zapier for billing. Hyperseed is the Zapier for billing. We help companies handle their custom billing workflows without code and instead, with spreadsheet formulas. Hyperseed replaces manual work borne of billing system limitations and lets companies avoid spending engineering resources on homegrown systems",0,0
31293,Bloom,Spring 2026,Active,"The brand layer for agents.. Bloom is the brand layer for agents - it turns brand into infrastructure that any agent, app, or platform can call. Ingest your brand from anywhere - decks, websites, social, Figma, and more. Bloom systemises your brand, enabling the creation of on-brand outputs like images, video, video, copy, and more, through the web app, the API, or MCP. We're building brand-as-infrastructure for the AI era",0,0
22305,Future Fields,Summer 2020,Active,"We make unmakeable proteins with radical advanced biomanufacturing.. Future Fields has developed the world's first multicellular advanced biomanufacturing platform for the production of the most challenging recombinant proteins. We help companies in biotech, life sciences, and pharma by manufacturing their proteins",0,0
257,NudgePad,Summer 2009,Inactive,"Online IDE. We joined Microsoft in 2014.. NudgePad is an IDE for prototyping in your browser. It allows anyone to launch a fully hosted custom app in two seconds. NudgePad removes all the pain and complication of starting a project, including server setup, deploying, cloning, version control, SSL, DNS, and API integrations. What’s left is an expandable suite of creative tools that make it easy to design and deploy an app in minutes. Every app created in NudgePad is also a template. Designers and copywriters can use a template with back and front-end functionality to edit content without writing a line of code. As the suite of tools grow, NudgePad will help scale prototypes into finished products",0,0
30290,Tire Swing,Winter 2025,Active,"AI Powered Affordable Housing Eligibility. Tire Swing uses AI to power resident and applicant eligibility evaluations for affordable housing. Our software manages the resident certification and recertification process end-to-end for public and private properties supported by Project Based Rental Assistance, Low Income Housing Tax Credit, and Housing Vouchers. It serves as a drop-in replacement for third-party consultants and auditors, and helps compliance staff complete their work faster and more accurately",0,0
12083,Valo,Winter 2019,Active,"Cutting edge hydrofoil systems for boatbuilders. Valo build modular integrated hydrofoil systems for the worlds boatbuilders, allowing them to create fast, clean and quiet flying vessels that consume 15x less energy",0,0
24108,V-Flow Medical,Summer 2021,Inactive,"Transforming the lives of millions of women suffering from chronic. Chronic pelvic pain is a debilitating condition, that impacts over 15 million US women and costs over $39 Billion each year to manage. V-Flow medical has developed a trio of products that target the root cause of chronic pelvic pain, allowing millions of women to avoid opioid use and restart living a normal, pain free life. The V-Flow team has successfully scaled, multiple start-up medical device companies in various clinical disciplines with a combined exit value of over $4B. We have developed a broad IP portfolio covering both device design and method of application. A recent landscaping identified no competing IP for our indication of use. We have tested our beta prototypes and are initiating animal models ahead of a planned first in human investigation in Q1 2023. Following discussion with the NIH program advisors, we have been encouraged to apply for a phase 1 grant, call to action for the Heal initiative to find new diagnostic and non-drug treatments for chronic pelvic pain",0,0
432,OctaveWealth,Summer 2012,Active,"The 401(k) that helps you grow. We’ll build the 401(k) you need to help attract and retain talent. OctaveWealth is operated by Quillu Inc, an SEC registered Investment Advisor",0,0
28858,CraftOS,Summer 2023,Inactive,"Inventory Management and POS for the Wine industry. CraftOS is how wineries track and sell their wine. 83% of wine production in the US comes from small batch wineries, we provide inventory tracking and POS tools for them",0,0
23969,Baraka,Summer 2021,Active,"Grow Your Wealth With Baraka. 💸Hey YC, we’re baraka (S21), an investment app built for people in the Middle East. 📱 Our product This is how we do it: • 6,000+ stocks and ETFs – the freedom to choose the companies and industries that you want to back • The power of financial literacy – educational content, digestible market news and in-depth stock analysis • Fractional Shares – the ability to start investing with smaller sums of money • Fair pricing – Transparent, low commission pricing model • Easy to use – intuitive user journey and interface 🕒 What's Next? The app is available in countries across MENA. Check out our website: getbaraka.com. Please reach out to give us feedback, discuss product, go-to-market strategy or anything else on founders@getbaraka.com. Feras & Kunal",0,0
30514,Scalar Field,Spring 2025,Active,"Your Agentic Trading Desk — Building the next era of agentic. We’re building the agentic trading desk for the new operating system of markets. I used to be a trader at Tower Research and Goldman Sachs, and I’m building Scalar Field with my co-founder Ramakant, who led engineering teams at Microsoft. We’ve both spent our careers at the intersection of finance and technology, and we’re using that experience to rethink how markets are analyzed, tested, and traded in the age of agents. Scalar Field is built around a simple belief: over the next few years, agents will not just help people research markets — they will actively participate in them. They will monitor news, parse filings, track sentiment, test hypotheses, rebalance portfolios, and execute trades. They will turn ideas into strategies, and strategies into live portfolios. But today’s financial infrastructure was not built for that world. Terminals are dashboards. Backtesting tools are fragmented. Execution systems are separate. Market data is hard to unify. And most platforms still assume the human is the only decision-maker. Scalar Field changes that. We’re building an agentic trading platform where users can create financial agents that research data, backtest strategies, monitor market events, and trigger trades when specific conditions are met. The long-term vision is agentic ETFs: portfolios created, managed, and rebalanced by agents around any idea, narrative, event, or market signal. Scalar Field lets users go from thesis to backtest to live portfolio in one place. It is infrastructure for the agentic trading era",0,0
27854,Suger,Winter 2023,Active,"Salesforce for Cloud marketplaces on AWS, Azure, GCP. The cloud marketplaces on AWS, Azure, and GCP have become the App Store for B2B software products. It’s growing close to 100% year-over-year since it gives software sellers access to cloud budgets and makes procurement 40% faster. The core problem is the cloud marketplace is hard to navigate and requires an upfront technical investment without knowing the expected ROI. Suger eliminates the need to reinvent the wheel with your own engineering resource or spend a fortune on consulting-based solutions",0,0
24679,idemeum,Summer 2021,Active,AI-powered Application Control. AI agents analyze every application execution on Windows and macOS. You decide what is allowed to run,0,0
24378,Mergent,Summer 2021,Active,"Incredibly reliable background task queues and cron jobs. Mergent is a task scheduling API that makes it super easy for developers to schedule and manage background tasks like notifications, data processing, and third-party integrations. We provide a simple well-documented API that any developer can instantly start using straight from our website",0,0
21802,Rume,Summer 2020,Inactive,Video chat that doesn't feel like work. Video chat today is built for meetings but you wouldn't have your birthday party around a conference table. Rume re-creates the social dynamic of an in person event where you are easily able to have smaller conversations and fluidly move between groups when you see someone you know,0,0
227,Zenedy,Winter 2010,Inactive,Zenedy Zenedy was started as a means to showcase information about obscure topics from around the web,0,0
27153,UpLink,Summer 2022,Acquired,"Document Collection Software for Accountants, Auditors, and Lawyers. UpLink's founding team worked as auditors and software engineers at PwC where they saw firsthand how difficult it was to collect thousands of documents from clients. Alex Maher and Alex Grant met working on PwC’s big data analytics platform, scaling it from 0 to 20k users globally. Brady and Nick met while studying CS at a top 5 public university, but still insist they were self-taught. They were, by far, the top developers on Alex Maher’s team before starting UpLink. Together they ran Dycom's field systems segment, supporting 15k users",0,0
1459,Soomgo,Winter 2017,Acquired,"Local services marketplace that connects providers with new customers. Soomgo is a local services marketplace that connects providers with new customers across 1,000+ services such as moving, piano lessons, wedding planning, and more",0,0
24859,Synder,Summer 2021,Active,"Easy accounting for e-commerce. Synder is an easy accounting platform focused on e-commerce. It connects all sales platforms (like Shopify, Stripe, Amazon or Etsy) into one ecosystem, providing businesses with consolidated cash flow, automated accounting, and inventory management making Synder a single source of truth of the correct analytics, accounting and tax filing",0,0
26812,Hype,Summer 2022,Active,"Trade memecoins. Trade memecoins, crypto and send crypto to your friends Download Hype here: https://apps.apple.com/us/app/hype-trade-memes/id6477802830",0,0
13198,Talyn Air,Winter 2020,Acquired,"Long range, battery electric vertical take-off and landing aircraft.. Talyn is making long-range electric vertical take-off and landing (eVTOL) aircraft for cargo. We get fixed-wing performance with VTOL capability by making an electric fixed wing aircraft that is caught mid-air with a custom winged drone, enabling it to take-off and land vertically",0,0
1946,Easol,Summer 2018,Active,"Shopify for experiences. Easol is the all-in-one platform for managing your entire experience business, on your terms. Sell directly on your own website with smart booking, payment, and marketing tools that all work together, brilliantly. We believe that with the right tools, anyone can turn their passion into an empire. So we made them – and brought them together to work in sync, all in one place. We call it Experience Commerce. It's e-commerce specially designed for selling experiences and especially designed for experience creators",0,0
11977,MedCrypt,Winter 2019,Active,"MedCrypt gives medical device vendors cybersecurity features in a few. MedCrypt has developed a security toolkit that allows medical device developers to focus on diagnosing and treating disease, while ensuring their devices comply with security regulations and best practices. And since each installation of our software communicates with our MedCrypt network, we can use machine learning-based transaction monitoring algorithms to detect anomalous behavior, thwarting attacks in real time. This centralization of transaction data allows us to facilitate ""Threat Sharing"" between device vendors, helping build a community of device vendors offering the most secure devices possible. MedCrypt protects medical devices against malicious hacking. Each installation of our software communicates with our MedCrypt network, allowing us to use machine learning-based transaction monitoring algorithms to detect anomalous behavior, thwarting attacks in real time. This centralization of transaction data allows us to facilitate ""Threat Sharing"" between device vendors, helping build a community of device vendors offering the most secure devices possible. If someone hacks your connected thermostat, you’re uncomfortable. If someone hacks your pacemaker, you could be dead. MedCrypt is bringing modern software security technologies to an important, but underserved technology sector",0,0
23860,Positional,Summer 2021,Acquired,"A modern platform for content marketing & SEO.. Start, grow, and scale your inbound marketing and SEO strategy with a toolset optimized for results — not vanity metrics. Our goal is to connect the workflow from end to end, from keyword research to analytics, and the actions that users take that ultimately drive revenue for a business",0,0
920,Locent,Summer 2015,Inactive,Locent is an automated messaging platform for companies,0,0
784,Shift Messenger,Winter 2015,Inactive,Real-time communication solution for retail and restaurant employees.. Messaging solution that retail employees use every day Reduce employee turnover and save managers time,0,0
1458,BloomAPI,Winter 2017,Active,"BloomAPI helps doctors share clinical data. Today most healthcare. BloomAPI simplifies how medical records are transferred. Today the majority of records are still moved by fax and couriers. Patients, Doctors, and Insurance companies all benefit when medical records are available when they are needed for the care of patients. We make this possible",0,0
1538,Voodoo Manufacturing,Winter 2017,Inactive,"AWS for manufacturing.. AWS for manufacturing. Founded in 2015 and based in Brooklyn, NY, Voodoo operates a robotic 3D printing factory with over 250 3D printers, capable of making thousands of parts faster than traditionally possible. Voodoo has worked with thousands of customers to date, from engineers and entrepreneurs to companies such as Microsoft, NBCUniversal, Mattel, and Intel. Visit www.voodoomfg.com to learn more",0,0
13321,Junction,Winter 2020,Active,"API for at-home health data. Junction is an API for at-home health data that makes it easy for health tech companies to collect data from 100's of wearable devices and deliver at-home test kits to their users. Healthtech companies need lab data as well as wearable data, and we give them access to both through a single line of code",0,0
27269,Morf Health,Summer 2022,Active,"Workflow automation for healthcare providers. Morf is an integration platform that allows healthcare providers to sync patient data and automate workflows across their tools. For example, when a patient submits an intake form, Morf creates a patient record in an EHR and sends insurance information for an eligibility check. You can think about it like Segment + Zapier for healthcare providers. Morf helps their customers eliminate tedious administrative tasks and empowers them to focus on patient care as they grow",0,0
172,Storyworth,Winter 2011,Active,"Record your family stories and print them in beautiful keepsake books.. Storyworth is a service that makes it easy for families to record their stories. Each week they email their customers a question about their life, for example ""What do you remember of your grandmother?"". Their customers reply by email, and the stories are saved and shared privately with their family. At the end of a year, their stories are bound in a beautiful keepsake book",0,0
103,Verbling,Summer 2011,Acquired,"Language learning through video chat.. Verbling’s mission is to empower people all over the world to become fluent in a foreign language. We use online live video technology to help people develop their skills together with teachers and students on a global scale. The core team is based in San Francisco, California. The teachers and students who make our mission possible are spread across six continents",0,0
29840,Blaze,Summer 2024,Active,"Global Venmo for cross border payments. Blaze (YC S24) is global Venmo for cross border payments. It's a peer to peer payments app that uses USDC to make payments fast and cheap between any two people anywhere in the world. The founders scaled their last startup to $1M in ARR, studied mathematics and engineering at Duke, NYU, and Cornell, and have led teams at Spotify, Artsy, and Bitpanda. They're live in the US and Mexico, available for download on iOS and Android: https://blaze.money",0,0
335,Clickpass,Summer 2007,Acquired,"Clickpass provides single-sign-on services to enter into various websites by using a single password. Clickpass is headquartered in San Francisco, California",0,0
30038,Lightscreen AI,Fall 2024,Active,"Voice + video AI interviewer. Lightscreen’s voice + video AI interviewer enables companies to identify and invest in genuinely skilled candidates. It's already being used by high-growth startups and recruiting agencies to screen technical candidates. We provide companies with a voicebot that can run a full-length technical interview, does smart interruptions, and multi-modal cheating detection. The AI provides the company rubric-based, rich candidate evaluation in minutes and can be fully customized to ask questions and evaluate based on the company's needs",0,0
26413,Medplum,Summer 2022,Active,"API first electronic health record (EHR) that is open source. Medplum makes it easy to build healthcare webapps that are compliant and interoperability ready. Our open source toolkit allows healthcare providers write apps that are HIPAA compliant, SOC2 certified and FHIR native - streamlining payor connections, health system integrations and more",0,0
23818,Mentorcam,Summer 2021,Inactive,Mentorship from leaders of the world's best companies. Mentorcam is a marketplace for 1:1 business and career advice,0,0
22701,Queenly,Winter 2021,Inactive,"Leading marketplace for formalwear. Live on iOS, Android and our web app (queenly.com). Queenly is the leading online marketplace for the formalwear industry. We are a Y Combinator company and backed by some of the top VC's in Silicon Valley such as Andreessen Horowitz (a16z), NextView Ventures, The House Fund, and more. The Queenly cofounders were also recently featured on the Forbes 30 Under 30: Art and Style cover for 2022. At Queenly, our mission is simple: make every woman look and feel like a queen. We strive to empower women and to feel confidently beautiful in their own skin by providing cutting-edge technology, seamless logistics, white-glove customer service and unique expertise within the industry",0,0
477,PayTango,Winter 2013,Inactive,"Simple invoicing. PayTango is simple, modern invoicing. No more dealing with spreadsheets, word processors, or entering data into complex and bulky invoicing software. Now you can quickly create beautiful PDF invoices and send them from anywhere. Sign up at www.paytango.com",0,0
12453,Path,Summer 2019,Inactive,Financial advisors for Gen-Z. Path gives you a money manager who: - gets you money for college - builds your credit with a debit card - gives you a savings account that pays you 5% interest - helps you make more money and makes sure you don’t f**k up your financial future in your 20’s all for $20/mo,0,0
31440,Mount,Spring 2026,Active,"The AI Agent Insurance Carrier. TLDR: Mount is building the AI insurance carrier, starting with liability coverage for deployed AI agents. As everyone moves AI Agents into production and gives them more responsibility, we help businesses insure and secure them. Whenever responsibility shifts from human operators to autonomous systems, so too does the liability that accompanies it. The systems also introduce new risks: agentic software failures, prompt injection attacks, autonomous workflow errors, data leaks, and more. Legacy insurance was not built for this. Existing policies are often silent, ambiguous, or exclude autonomous software, and traditional insurers lack the data and technical capability to assess deployed AI Systems. Our first product, the Mount AI Liability Policy, is built for mid-market and enterprise companies deploying autonomous AI agents in real business processes. We scan and red-team AI deployments, quantify operational risk, help fix vulnerabilities, and insure the residual risk with purpose-built AI liability coverage. Mount is best thought of as a highly automated version of today's commercial insurance carriers, which run on manual workflows, layers of intermediaries, and tens of thousands of employees. AI enables automation of underwriting, pricing, policy issuance, claims, fraud detection, customer support, and distribution. We believe that the best way to use this opportunity is to rebuild those processes from the ground up",0,0
11927,Canopy (was Encarte),Winter 2019,Active,Encarte is building 1-click checkout for all online stores,0,0
11979,LEAH Labs,Winter 2019,Active,"Living therapies for pets first, and their people next. LEAH Labs is building living therapies for pets first, and their people next. We're first focused on CAR-T cell therapy for dogs with B cell lymphoma, the naturally occurring clinical analog of human non-Hodgkin's lymphoma. CAR-T cells are curative in humans, and our early results are showing the same - we're inducing remissions in pets with late stage lymphomas. Our virus-free gene editing platform allows us to engineer a dose of CAR-T cell therapy for ~$500, and brings the promise of a curative outcome. Given our safety and efficacy data to date, we believe this product could be used by general practice veterinarians, meaning we have thousands of customers all across the USA who typically treat with palliative care or refer cancer patients to specialty oncologists. Our CAR-T cell platform is regulated by the USDA, not the FDA, affording us a cost effective ""full stack"" to iterate and innovate on CAR-T cell therapy from a hypothesis through clinical validation",0,0
12391,ZeroDown,Winter 2019,Acquired,"Find beautiful homes. What used to be an integral part of the American Dream, or at least a check mark on the way to adulthood, is now well beyond reach for many of us. And nobody bears the brunt of the current housing crisis more than young folks, who, compared to their parents and grandparents, find themselves saddled with more debt and in possession of fewer assets. But it doesn't have to be this way. At ZeroDown, we're driven by the radical idea that professionals with steady jobs and healthy finances should be able to afford homes - even in San Francisco. That's why we've come up with an alternative to the rent-or-own dilemma, offering the benefits of homeownership with the flexibility of renting. Here's how it works: 1. ZeroDown buys your home Choose any home on the market. We'll make an all cash offer on your behalf. 2. Build towards ownership A portion of your payment goes toward building ownership in your home. 3.You control when you buy Put the purchase-credits that you've built up towards buying your home from ZeroDown",0,0
270,Volantio,Winter 2009,Active,"Post-booking revenue and capacity optimization for airlines. Volantio is a leader in travel technology software focused on revenue and capacity optimization for airlines. Based in Atlanta, GA, Volantio partners with major airlines globally such as Qantas, Iberia, Alaska Airlines, Volaris, Jetstar Airways, Emirates, Ethiopian Airlines, Scoot-Tigerair, and others. The company’s Yana platform enables airlines to generate incremental revenue and reduce operational costs, while putting greater predictability and control back into the hands of their customers. We are backed by institutional and strategic investors from around the world including Ingleside Investors, JetBlue Technology Ventures, International Airlines Group (IAG), and Qantas Ventures",0,0
13219,Dropprint Genomics,Winter 2020,Acquired,"The better way to run single cell genomics. Who we are? We write software that understands the activity of individual cells as opposed to all cells. This approach is novel because we are no longer looking at average signals and can be precise. It is like a police person trying to identify the speeding car, they won’t find it if they look at all the cars at once, rather they need to look at the speed of each individual car. This is the beauty of single cell genomics, we can now identify that speeding car. Why now? The biggest barrier for entry into the single cell genomics market are cost and data analysis. To that end, we have reduced the cost by 10-fold and built the computational infrastructure for scalability. Although single cell sequencing has only been around for about five years, we come from one of the top single cell genomics labs and were the first to process and analyze millions of immune cells. Thanks to our software solutions, we have been able to bring big data solutions to the immune system. Where are we and where are we going? We have generated a database of over 1 million immune cells spanning healthy, cancerous, and autoimmune immune cells and are growing through paid partnerships. Harnessing out database and ML software, we can take a data-centric approach for better target discovery. Fortunately, as our database continues to grow, our models will continue to learn for more precise, unbiased, and automated single cell genomics. Thank you!",0,0
13146,Eternal,Winter 2020,Acquired,Own the best moments in streaming,0,0
1352,Proxy,Summer 2016,Acquired,"Smart ring digital wallet. We're building a mobile and wearable digital wallet that makes interacting with payments, identity, and authentication seamless, fun, and empowering. Acquired by OURA in 2023",0,0
31530,Avea Robotics,Spring 2026,Active,"The human-in-the-loop system for robots. We built the fastest software to control robots from anywhere in the world. We make it possible for robotics companies to keep their robots at 100% uptime, and intervene instantly when a failure occurs",0,0
1550,Anasen,Winter 2017,Inactive,Anasen is an app that makes data analysis easy and accessible to. Anasen is an app that makes data analysis easy and accessible to non-technical business users,0,0
525,StackMachine,Summer 2013,Inactive,"Instant sandboxed server environments. Stack Machine is a developer tools company based in San Francisco, CA since May 2013. We enable a full-stack understanding of an organizations's codebases and developer environments. Our founders have years of experience running large-scale web services",0,0
28933,Aglide,Summer 2023,Active,"Connect every disconnected app to your SSO.. Our mission is to secure access to every enterprise application. Aglide SSO lets security and IT teams connect non-standard and legacy apps - from banking portals to social media logins - directly to their existing identity provider (Okta, Entra, OneLogin, Ping, etc.), with no need for app-side integration. Once connected, these apps behave like any other IdP-managed service: policies like MFA, Conditional Access, RBAC, and audit logging just work, and end users access them through SSO only. Customers use Aglide to secure both individual apps (e.g., legacy banking portals, Discord, Squarespace) and sensitive shared accounts (e.g., AWS root, social media). Our agentic identity technology means Aglide works with any app out of the box - no integration catalog, no custom scripting. Today, companies from public fintechs like Gemini to media companies like The Motley Fool rely on Aglide’s zero-trust, end-to-end encrypted platform to complete their identity stack",0,0
274,Echodio,Winter 2009,Acquired,"Sync and stream your music across any device. Acquired in 2009.. Echodio is the easiest way to sync your music library across players, keep your valuable collection safe, and stream to your media center",0,0
1669,Sunu,Summer 2017,Inactive,"Audio and Haptics AR interface equipping blind users with super powers. Sunu Nek is an AR neck-worn interface using radar, audio, and haptics to assist the mobility and daily living of visually impaired users. Haptics informs the users of obstacles around them in real-time through vibrations while audio helps orient the user via GPS voice features. Starting with the blind, the Sunu Nek is the next non-obtrusive human computing interface that will be used by all. The future will be more like ""Her"" than ""Ready player one""",0,0
21787,Momence,Summer 2020,Acquired,Scheduling and payments for experiences,0,0
30786,Munify,Summer 2025,Active,"The Cross-Border Neobank for the Middle East. Munify is the cross-border Neobank for the Middle East and its diaspora. Instantly open a USD account, get a virtual card, and send money home at the best rates, all from one app",0,0
1522,BuyPower,Winter 2017,Active,"Modern bill payment platform for African businesses and consumers.. BuyPower is the modern bill payment platform for Africans. We make it easy for individuals to pay their energy bills, businesses to pay international vendors, and lenders to make smarter lending decisions using our proprietary Energy Data Service. Our mission is to simplify bill payment and empower African SMBs to prioritize their financial health",0,0
1005,Truebill,Winter 2016,Acquired,"Live your best financial life. Rocket Money (formerly Truebill) is a leading personal finance app that analyzes members' spending habits, identifies inefficiencies, and offers immediate methods to improve their financial health. It enables people to optimize their spending, manage subscriptions, lower their bills, and automatically set aside money to reach their savings goals. Truebill has saved members more than $100 million since 2016 and is headquartered in Silver Spring, Maryland, with offices in San Francisco. Truebill's mission is to empower people to live their best financial lives. Truebill offers members a unique understanding of their finances and a suite of valuable services that save them time and money - ultimately giving them a leg up on their financial journey. Truebill is backed by Accel, Bessemer Venture Partners, Eldridge Industries, and YCombinator",0,0
32988,Markov,Summer 2026,Active,Data for computer-use ai. We source high quality tasks and data to train the next generation of computer use AI models,0,0
23452,Wasp,Winter 2021,Active,"Configuration language for building enterprise web apps 10x faster. Wasp is a simple configuration language for building enterprise web apps with less code and best practices. If a developer wants to build an app like Instacart, they need to know a dozen different technologies and how to make them work together - Wasp solves this problem while still letting developers use React, Node.js and their other favourite tools. We will enable enterprises to build modern apps quickly at scale, like Databricks did for data management",0,0
32193,Floracene,Summer 2026,Active,"Optimized medical device purchasing for independent providers. Floracene shows independent surgery centers the best-priced equivalent implant for every procedure based on their manufacturer contracts. Every orthopedic surgeon we've talked to says the same thing: 90%+ of expensive implants they use are clinically interchangeable, but the choice comes down to habit, brand comfort, or the device rep. US surgery centers spend ~$7B a year on implants, and in orthopedic and spine cases the implant alone runs ~40-60% of the total cost of the procedure. Roughly ~20-30% of that spend is recoverable by switching to a clinically-equivalent device. Instead of defaulting to the implant they trained on, a surgeon sees the 3+ equivalent options side by side and switches to the one that protects the case's margin. Asaph and Jonah met on the hospitals team at Palantir two years ago, and have each spent the last four years in the plumbing of US healthcare: claims, eligibility, and payor contracting. Asaph was an early PM at Garner. Jonah was a founding engineer at Metriport (YC S22) after starting his own fax-automation startup for fertility clinics. At a big hospital the surgeon picks the implant but isn't spending their own money, so price doesn't impact the decision. At an independent surgery center the physicians own the economics, so a cheaper equivalent goes straight to their bottom line. They have every incentive to switch. They just don't have the information or the tooling",0,0
27194,REVER,Summer 2022,Active,"Changing the way people buy by giving superpowers to shoppers. We receive any product in 24h anywhere on the planet, but... Why can't we also return & get refunded just as quickly? REVER is a game-changing shopping experience that makes eCommerce returns possible in 2 clicks and refunds in 24h. The REVER team is shaping the future of eCommerce bringing frictionless, superfast and sustainable returns to everyone, anytime, anywhere. Because returning should be as easy as buying. REVER's ambition is to dominate ALL eCommerce post-sale services by creating the world's first global platform for online returns. REVER is currently handling +100M€ in yearly returns, with more than 50M€ in revenues If you are an eCommerce and want to revolutionise your returns experience find out more at: www.itsrever.com",0,0
1670,LotusPay,Summer 2017,Acquired,"Recurring payments solution for businesses in India.. LotusPay was acquired by Juspay in Jan 2024. LotusPay is the recurring payments solution for businesses in India. We enable our clients to quickly and easily collect payments directly from their user's bank accounts via paperless NACH Debit. LotusPay is perfect for collecting loan repayments, membership fees, subscription and billing, recurring donations, tuition fees - any kind of regular or irregular payment, be it a fixed amount or variable amount. LotusPay is backed by Y Combinator",0,0
1922,Apprentice Health,Summer 2018,Active,"We deploy sensors and software that increase hospital efficiency.. We deploy location beacons to track the movements of patients and doctors, measure the inefficiencies in the doctors’ workflows, and then give the hospitals targeted recommendations on how to improve",0,0
623,Shopagram,Winter 2014,Inactive,Next Generation Home Shopping Network,0,0
31468,Chronicle Labs,Spring 2026,Active,"Staging Environments for Enterprise AI Agents. Chronicle Labs is a staging environment for enterprise AI agents: we capture every event the agent sees in production and backtest it, so customers can safely test new behaviors without breaking anything",0,0
176,Chartio,Summer 2010,Acquired,"Chartio is changing how companies work by building the best. Chartio is a cloud-based data exploration solution for all. Easily connect your data and create powerful dashboards in minutes, without any SQL knowledge",0,0
26754,Novig,Summer 2022,Active,"America's #1 Sports Trading App. Novig is building America's #1 sports prediction market. Founded by Jacob Fortinsky and Kelechi Ukah, we are the only platform to offer commission-free sports trading. We deliver better pricing, full transparency, and a more efficient market structure for users by eliminating the traditional sportsbook model. Backed by the best - Novig has raised over $100M from some of Silicon Valley’s top investors including Pantera, Forerunner, Lux, NFX, Paul Graham, and Joe Montana",0,0
30965,Icarus,Fall 2025,Active,"Stratospheric birds for defense. Icarus is building the modern-day U-2 spy plane. Our autonomous solar aircraft fly at 60,000 feet for weeks at a time, eventually months and years, above weather and below satellites. They deliver persistent intelligence and connectivity for the military at a fraction of the cost of existing systems. The stratosphere is the forgotten frontier",0,0
560,StatusPage,Summer 2013,Acquired,"The best way to communicate with users around downtime.. Statuspage is the #1 status and incident communication tool, acquired by Atlassian in 2016. For more information, check out our new LinkedIn page: https://www.linkedin.com/showcase/18261232/",0,0
25720,Convoy,Winter 2022,Active,"Webhooks Gateway for outgoing and incoming webhooks.. We are building Convoy for engineering teams that value efficiency, especially during this bear market. You might already know about API Gateways. Convoy is exactly that for webhooks. Engineering teams today use Convoy to securely send, receive and manage millions of webhooks reliably with robust support for retries, rate limiting, static IPs, circuit breaking, rolling secrets and more. We know both receiving and sending webhooks can become a lot of work to manage, we have built a product to enable engineers to build and ship highly scalable stripe-like webhooks infrastructure",0,0
27809,EdgeBit,Winter 2023,Acquired,"Autofix your software dependencies. EdgeBit was acquired by FOSSA in July 2025: https://fossa.com/blog/fossa-acquires-edgebit/ EdgeBit enables engineering teams to ship security updates 10x faster with confidence by automating dependency update analysis. Our platform turns weeks of manual review into minutes, helping teams find and fix security vulnerabilities while maintaining a secure, up-to-date software supply chain without compromising productivity",0,0
383,Twitch,Winter 2007,Acquired,"A global community creating the future of live entertainment.. Twitch is the world’s leading video platform and community for gamers. More than 100 million gamers gather every month to broadcast, watch and chat about gaming. Twitch’s video platform is the backbone of live and on-demand distribution for leading video game broadcasters including casual gamers, pro players, tournaments, leagues, developers and gaming media organizations. Twitch is leading a revolution in the gaming community, working to create a participatory experience that transcends gameplay. Learn more at http://twitch.tv",0,0
1584,Long Term Stock Exchange,Summer 2017,Active,"LTSE is an ecosystem for visionary business.. LTSE partners with companies across their lifecycle to help them grow and scale from formation through IPO. The Long-Term Stock Exchange (LTSE) is an SEC-regulated national securities exchange designed to align great companies and long-term investors with the shared goal of value creation. They have assembled a world-class team of experts and advisors with deep expertise in finance, regulation, law, and technology. At every stage, from private investment into the public markets, strategically managing equity and a company's cap table has an outsized impact on long-term success. So in addition to the exchange, LTSE also built LTSE Equity, a full-lifecycle cap table management solution for planning, managing, and collaborating on startup equity. Eric Ries, an entrepreneur and author of the New York Times bestseller, The Lean Startup, is the founder of the LTSE. Eric is the creator of the Lean Startup methodology, a global movement and management philosophy practiced by companies large and small. He founded a number of startups, including IMVU, where he served as CTO, and has advised on business and product strategy for startups, venture capital firms, and large companies, including GE, partnering with them on the FastWorks program",0,0
12648,Flo,Summer 2019,Active,The talent platform for legal,0,0
25876,Numida,Winter 2022,Active,"Working capital for African micro businesses. Numida provides working capital loans to African micro businesses. Instead of borrowing from informal lenders or family, micro business owners download the Numida app, apply in minutes, and receive capital within a day. We have figured out how to score and disburse unsecured loans to cash-based businesses that have no digital transaction history, while maintaining excellent collection rates. Since 2021 we have provided $23M in working capital to 32,000 businesses in East Africa",0,0
1065,FightCamp,Winter 2016,Active,"Home boxing gym with motion trackers that compute punches and reps.. With FightCamp you get access to world-class boxing and kickboxing trainers, studio-quality equipment, and performance-tracking technology — all from the comfort of your home. The key to a FightCamp workout lies in our Punch Tracking technology — we allow you to measure every strike, deliver real-time stats and fuel your competitive side",0,0
12210,Endpoint Health,Winter 2019,Inactive,"Precision-first therapies. Endpoint Health is on a mission to address urgent needs in immune-driven critical and chronic illnesses by delivering therapies that are personalized to each patient’s biology. We built Endpoint Health from the ground up to develop and commercialize therapeutics and therapy-guiding tests, to ensure that every patient receives personalized treatment that will dramatically improve their outcomes. Our vision is a world in which all patients have effective, personalized treatment, because therapies are targeted to the right patient at the right time",0,0
30275,Solidroad,Winter 2025,Active,"AI agents for CX teams, starting with training and QA.. Solidroad builds AI agents for CX teams, starting with training and QA. Solidroad agents train human reps in a simulated environment, and evaluate their performance in live customer channels. By starting with training and QA, our agents learn how humans learn, and their performance can be compared directly with human reps. This enables us to prove the value of the rest of the agents on our roadmap. Since launching last summer, we’ve reduced onboarding times by 50% at several of the world’s largest outsourced contact centres/BPOs like PartnerHero and Tech Mahindra, and improved go-live CSAT at Crypto.com by 3% (now above 90% CSAT)",0,0
31372,Trellis,Spring 2026,Active,"Agents that run short-term rental operations end-to-end. Trellis is building toward a new hospitality platform: one that does not just help guests find homes, but actually operates them with agents. Our first wedge is short-term rental property managers, replacing their fragmented stack across guest messages, tasks, cleaners, maintenance, vendors, and owner updates with agents that run operations end-to-end. In two months, we’ve grown to $500k ARR across 35 customers and 3000 listings, growing around 15% week over week, with one customer already running day-to-day operations with no human involved",0,0
12076,Wren,Summer 2019,Active,"Wren is a monthly subscription to offset your carbon footprint.. With Wren, anyone can offset their carbon footprint by supporting credible nature, industry, and policy projects. We also show users how they can reduce their carbon footprint. We make it easy for anyone to turn climate confusion into climate action",0,0
22659,Lygg,Winter 2021,Active,"Building New Anti-Aging Ingredients for Skincare. Up to 90% of skin aging is caused by UV light from the sun. Most of this is caused by UVA light and only one FDA-approved chemical ingredient protects against it. To address this, Lygg has developed a patented, photostable, and safe ingredient that triples current UVA protection",0,0
49,Authy,Winter 2012,Acquired,"Authy is a Two-Factor Authentication platform for developers. Authy provides strong authentication for the connected world, protecting people and the enterprise against malicious attacks. Our two-factor authentication (2FA) security solution enables organizations to minimize risk while enhancing the user experience. Authy 2FA provides a fast-to-implement, highly scalable and proven 99.999 % reliable alternative to passwords. Used by 11,000+ websites serving 2 million consumers worldwide, it's designed to give users the ability to self-service or easily manage their own 2FA experience. Coinbase, CloudFlare, Humble Bundle and Twitch.tv are just some Authy clients. Authy is a Twilio company. Follow us on: Twitter at @Authy Facebook at https://www.facebook.com/authysec Google+ at https://plus.google.com/+Authy GitHub at https://github.com/authy",0,0
31221,Netter,Spring 2026,Active,"AI native Palantir for mid market.. Netter (YC P26) helps companies regain control over their data, so teams can pilot their activities with high precision. Most companies are sitting on years of valuable data, spread across different formats and disconnected tools that don't talk to each other. Netter brings technical capacity to companies that don't have an army of data engineers, and tackles their most complex data challenges. - A nursing home group was chasing unpaid invoices manually across disconnected tools. Netter centralized the collection workflows, automated reminders, real-time visibility, task routing. - A retail chain had years of loyalty card data sitting unused. Netter cross-referenced it with public demographic data to build precise customer segments and trigger the right promotions to the right people",0,0
945,Saida,Summer 2015,Inactive,"A bank account that lets you easily separate, spend and track money. We're making a bank account that lets you easily separate, spend and track money. Just like houses have different rooms for different uses, our account lets you have dedicated pockets of money within your account for different uses",0,0
25278,Pelm,Winter 2022,Inactive,"Plaid for utilities. Pelm is building an API that allows companies to access their user's energy data from utilities. Using Pelm, you can query hourly electricity usage or transfer service for a specific property. Instead of building clunky integrations with hundreds of utilities across the U.S., you only need to integrate with one seamless API to start harnessing energy data. Our platform will provide the infrastructure for a whole new wave of climate focused technology companies to flourish. As sustainability-oriented efforts like automated demand response, home electrification, or solar installations (to name a few) become more popular, they will need certain tools to succeed. We at Pelm hope our universal API will help our world reduce carbon emissions, meet climate goals, and create a more sustainable life for everyone",0,0
26726,ilumadata,Summer 2022,Inactive,"Confidently ship analytics code faster with fewer errors. We’re retool for data pipelines. We allow less-technical people to edit data pipelines, with easy to use tools",0,0
30556,Cascade Space,Spring 2025,Active,"Commercial alternative to the Deep Space Network. Cascade Space is building the commercial alternative to the Deep Space Network. Our first ground station, Earth Station Zero, will be online and downlinking data from the Moon in 2026, with plans to scale to a full global network by 2028",0,0
13216,General Proximity,Winter 2020,Active,The next generation of induced-proximity medicines,0,0
25334,FlowDeploy,Winter 2022,Inactive,"Bioinformatics pipelines in the cloud. FlowDeploy helps bioinformaticians manage their data analysis pipelines. We provide everything they need to try, run, develop, and share their pipelines. That includes integrations with AWS, Snakemake, Nextflow, GitHub, Slack, SSO, and more, as well as a clean API and web app for launching and monitoring pipelines and managing their data. FlowDeploy is built for bioinformaticians: it doesn't restrict how pipelines are built and managed, as long as a bioinformatics workflow manager like Nextflow or Snakemake is used. But it does eliminate several footguns like idle spend and accidental data egress, and it reduces the potential for users accidentally sharing credentials. FlowDeploy runs the pipelines in either our managed cloud or the customer's cloud – eliminating the need to transfer data externally. Non-computational biologists can use FlowDeploy, too: features like pipelines templates decrease the complexity to launch a new pipeline, which reduces user error and decreases the need for advanced cloud training for non-computational users",0,0
23531,Authologic,Winter 2021,Active,"Stripe for online identity verification. Authologic is an orchestration and aggregation layer for local KYC & AML methods. We allow businesses to check the identity of their clients online using video/biometrics, banking data, and government issued digital IDs. Our API allows a flexible definition of verification scenarios based on the risk profile of the client or risk involved in the given process",0,0
29287,Paradigm,Winter 2024,Active,"A reimagined workspace with AI at its core. Centered around the primitive of a spreadsheet, Paradigm puts swarms of intelligent agents at your fingertips. Paradigm is the default AI agent orchestration platform for structured data. Try it now at paradigmai.com",0,0
1089,Hingeto,Winter 2016,Acquired,"A B2B marketplace that connects inventory to online stores. Hingeto is a technology platform that enables fashion brands & influencers to sell past and future masterpieces with zero inventory risk. We are backed by Y Combinator (W16), Kapor Capital, Cross Culture Ventures, Precursor Ventures, Stanford University / StartX & several angels (including Andrew Iguodala)",0,0
846,Chariot,Winter 2015,Acquired,"The world's first private mass transit service providing a commuting. At Chariot, we're focused on creating the world's first self-sustainable mass-transit system that relieves congestion while offering a comfortable, personalized commuting experience. The core of our mission is universal access to better transportation. We envision cities where every commuter takes Chariot to work and home — regardless of income or location — which is why we prioritize affordability and flexibility as we expand. When the world runs on smarter routes, lower costs, and better ride experiences, we'll collectively take cars off the road and transform our twice-daily frustration into a part of your day you actually look forward to. Chariot + Ford Smart Mobility Ford Smart Mobility (FSM) was formed by the Ford Motor Company in 2015 to acquire and invest in innovative mobility startups and technologies. Chariot is proud to be FSM's first acquisition, making it a cornerstone of the company's mobility strategy. With all the resources and influence Ford provides, Chariot is accelerating accomplishing its Mission",0,0
350,WriteWith,Winter 2007,Inactive,"Writewith is a collaborative writing web app, enabling you to easily flow through the steps of writing, editing, and publishing a document with a group. A document is started by uploading an existing document (.doc, .txt, .rdf) or just typing away. After the initial draft is completed, you can invite other editors by email and assign them tasks. Writewith has full version control and even lets you post comments to each other, making it possible to edit together in real time. Currently Writewith is in beta testing with 15 college newspapers including Stanford and two of Canada's largest college papers (which even includes a national newswire)",0,0
13341,Pay Swifter,Winter 2020,Acquired,"Stripe for Cannabis. Swifter offers a suite of payments solutions, including ACH, tailored to the unique needs of the cannabis industry. Standalone dispensary, MSO, or a marketplace, use Swifter's software and APIs to accept payments, send payouts, and supercharge your growth",0,0
25117,Uberduck,Winter 2022,Active,"Fast, professional content creation with AI audio, image, and video.. Uberduck makes tools high-quality audiovisual content creation tools for product companies, brands, agencies, and musicians. We offer audio generation, image generation, and video generation functionality, including enterprise workflow APIs to power end-to-end video creation experiences. Vocal samples and full songs produced by our text-to-speech, text-to-singing, text-to-rapping, lyric video generation, and voice conversion technologies power: - AI remixes and original songs for musicians ranging from hobbyists to the largest DJs in the world. - Personalized musical content in marketing campaigns. - A variety of music-related consumer experiences built on top of our APIs",0,0
24600,Algofi,Summer 2021,Inactive,"Building the new financial system. At Algofi, we're building the new financial system. Our work will reduce barriers to entry and promote democracy in the financial system",0,0
12653,Million Marker,Summer 2019,Active,23andMe for environmental exposures. We are a service for people to learn about their personal environmental exposures. Our first product is a urine test for exposure to chemicals in everyday products,0,0
24083,Rivia.AI,Summer 2021,Active,"Interactive Product Demos. Rivia.ai empowers marketing, sales, and demand generation teams to effortlessly generate and distribute interactive product demos within 10 minutes. Potential customers of SaaS brands can now personally engage with these self-guided product stories without direct sales interactions. With our user-friendly platform and intuitive dashboards, teams can effortlessly capture, customize, enhance, and share their demos without sound technical expertise. These interactive demos can seamlessly integrate into applications, websites, email campaigns, or ad campaigns",0,0
31254,Sila,Winter 2026,Active,Agent-Native Messaging Platform. Sila is an agentic work messaging & collaboration platform where teams and AI work as one. Our mission is to define the standard for how companies will work,0,0
25569,Bifrost,Winter 2022,Inactive,"Wills and Estate Management for Crypto. We write smart contracts that can automatically transfer assets during end-of-life events. When you hold your own keys to your own wallet, your funds are lost in worst-case-scenarios. We make an on-chain dead-mans-switch to help your loved ones claim your holdings",0,0
23053,Tilt,Winter 2021,Active,"Bringing the joy of cycling to millions of Indians. You can buy or share our bicycles and e-bikes for health, fitness, and mobility. Today, our bikes can be found in hundreds of communities across Bangalore, Mumbai, Delhi NCR and Pune",0,0
203,Ready For Zero,Summer 2010,Inactive,"Personal debt and credit management. Acquired by Avant in 2015.. ReadyForZero creates online financial tools for managing debt automatically. ReadyForZero users create plans, make payments, monitor credit and track their progress via the web or mobile. As of 2015, customers paid down over $250 million in debt - on their own. ReadyForZero was acquired by Avant",0,0
802,Cleanly,Winter 2015,Active,"Laundry & Dry Cleaning delivered.. We started Cleanly to create an alternative to your typical laundry and dry cleaning experience. An alternative where delivery occurs at the tap of a button and happens around your schedule. Where people are friendly and knowledgeable about the way your clothes are treated. Cleanly checks one item off your to-do list: Laundry day, done. Learn more about Cleanly on our website: www.cleanly.com",0,0
30210,Conntour,Winter 2025,Active,"AI to monitor thousands of security cameras.. Conntour enables organizations to query thousands of security cameras using natural language. Users can search past footage (“Find a man with tattoos on his left arm”), configure real-time alerts (“Notify me if someone climbs over the wall”), and extract data (“How many pickup trucks entered yesterday?”). Unlike traditional video analytics limited to pre-defined parameters (like a weapon, bag, or license plate), Conntour supports unlimited, highly specific scenarios described in plain language. This enables a single human to monitor thousands of cameras. Matan (CEO) worked with security cameras for years, leading video surveillance in the Israeli Military. Tomer (CTO) is a second-time founder and former director of engineering. Our team also includes computer vision experts from Israel’s elite 8200 intelligence unit and former top officials from the Mossad. Conntour is backed by General Catalyst, selected for the first-ever Palantir fellowship, and advised by Bob Flores, former CTO at the CIA",0,0
31554,Clawvisor,Spring 2026,Active,"The Authorization Layer for AI Agents. Clawvisor lets AI agents use apps like Gmail, Slack, and Google Drive without going rogue or ever seeing your credentials. You approve tasks once. Clawvisor enforces them on every request",0,0
21815,Jeevam Health,Summer 2020,Inactive,"Digital holistic care for complex chronic conditions. Jeevam Health (YC S20) is a healthcare app for holistic thyroid treatment.. Even after taking medication, 60% of women are having unresolved symptoms like fatigue, weight issues, and pregnancy challenges. Jeevam software assists doctors to diagnose the root cause of dysfunctions & recommend treatment protocol. The treatment revolves around nutrition, supplements, lifestyle changes, and medicine",0,0
1905,Xkit,Summer 2018,Inactive,"Universal CRM integration for B2B SaaS apps. Xkit helps B2B SaaS app developers to deliver deep integrations to all of their customers' CRMs with a single build. From allowing your users to interact with your app from inside the CRM to interacting with existing data including custom fields, objects, and workflows, Xkit gives you a standard API that works for every customer's setup, no matter how customized",0,0
24398,Arengu,Summer 2021,Acquired,"Build frictionless signup flows in minutes. Arengu allows developers to build frictionless signup flows in minutes. Large companies like Airbnb, Uber or Revolut, dedicate a full engineering team to build and optimize their signup flows. Most companies cannot dedicate these resources, and Arengu helps them deliver an optimized signup flow that boosts conversion rates by 20-30%",0,0
1559,Peer5,Winter 2017,Acquired,"P2P delivery network that enables high quality video streaming. Peer5's P2P CDN improves content delivery for live and on demand video streams. As video streaming continues to become more mainstream and the streams themselves become HD and 4K, traditional CDNs struggle to deliver high quality viewing experiences. Many publishers try to keep up with peak demand by paying for more servers, many of which are almost never used and struggle with video playback. Not only is this expensive, but it's also inefficient, which is why at Peer5, we've created a P2P CDN to boost your video streaming capabilities. Our CDN works with your servers to ensure that as your viewership increases, your network gets stronger by offloading bandwidth to our peer network. On average, this has been shown to increase server capacity by 20x, offload 70% of bandwidth, increase viewing time by 30% and decrease instances of rebuffering by 40%. Our video streaming CDN uses emerging technologies, including HTML5 and WebRTC. They require no installation by end users and offer easy integration for content providers. We support many different streaming protocols, players and media servers",0,0
575,Two Tap,Winter 2014,Acquired,"Two Tap connects retailers to companies that want to sell their. Two Tap is the first e-commerce gateway built to make online shopping experiences seamless across the entire web. Its robust platform, which incorporates a set of intelligence tools, eliminates the friction caused by today’s multi-channel path to purchase. With Two Tap, shoppers can order products from retailers, directly inside apps and across all devices and operating systems without lengthy checkout processes. For publishers and mobile app developers, Two Tap offers a single API that sets new reliability standards with a guarantee to never lose an order. Founded in 2013 with headquarters in San Francisco, Two Tap is a Y Combinator company backed by Khosla Ventures, Green Visor Capital, Initialized Capital, SV Angel, Digital Garage and Transmedia Capital. For more information, please visit https://twotap.com/ and follow @TwoTapBuy",0,0
21998,WareIQ,Summer 2020,Active,"Amazon-prime like logistics for eCommerce companies in India. We are building an on-demand Fulfillment network and all software tools in a central platform which is required for an Etailer to manage their eCommerce Fulfillment operations. Etailers connect all their stores to our platform and send us their inventory. Whenever an order is placed on any of the channels, our Decision Engine allocates order to the nearest Warehouse holding the inventory, and right courier partner to pick & deliver to the end customer",0,0
26807,MaverickX,Summer 2022,Active,"Engineering the future of chemistry for natural resource extraction. MaverickX is a chemical technology company advancing natural resource extraction. The company was founded by Eric Herrera, former Department of Defense scientist, and Jesse Evans, former startup operations manager. As resources become more difficult to extract across the energy and mining sectors, new technologies are needed. MaverickX has a portfolio of chemical solutions -- PetroX and LithX -- to enhance recovery of oil from shale reservoirs and metals from low-grade ores. More oil. More metal. Better chemistry",0,0
22947,Great Question,Winter 2021,Active,"User research on autopilot.. Great Question puts customer research on autopilot - from recruiting participants, scheduling interviews, sending surveys or prototype tests - and sharing what you learn with your team. Companies like Adidas Runtastic, O'Reilly Media & MainStreet use us to put their customers at the center of their product, design & marketing decisions",0,0
22022,Memberstack,Summer 2020,Active,"Build a custom SaaS or membership site with Webflow or Wordpress. 3,000 companies have generate over 130 million dollars in recurring revenue. Companies like American Airlines, Slack, Entreprenuer.com, Webflow, and reddit use Memberstack to serve millions of members every single day. No code if you need it, tons of APIs if you need those, and 100% design control so that you can build any frontend",0,0
305,A Thinking Ape,Winter 2008,Acquired,"We build communities through massively multiplayer mobile games. Proudly recognized as one of CANADA'S TOP SMALL & MEDIUM EMPLOYERS for 2018! Mission: We build communities. Surrounded by mountains and water in beautiful Vancouver, BC, we are smart people who like smart people. We create mobile games with a social core that engage players and provoke us with creative new problems. We value data, informal leadership and keeping it all balanced. When we set out to make games with massive online communities, we knew that we first had to create the ideal environment for building ambitious things: a place where brilliant and inspiring people come together to build games that make millions of players happy. We realized that we needed to find incredibly talented people and get out of their way. Since then we've paid careful attention to how we like to work together - these are some of our guiding principles: Ownership; Have Wonderful Arguments; The Best Ideas Win; Keep Growing. We are artists, designers, and engineers. We leverage our talent with small, independent teams. And we know that a happy builder is an efficient builder",0,0
28745,Nectar,Summer 2023,Active,"Manage energy cost & usage with AI for facility & sustainability teams. Nectar is the modern AI energy management platform. We automate utility data analysis to optimize energy costs, manage buildings, and report energy efficiency metrics for energy and sustainability teams. Our utility data API uses in-house AI agents to deliver the most accurate granular usage and cost data on the market",0,0
23156,ROGER,Winter 2021,Active,"The Best Way to Sign Contracts Since Handshakes. Roger that.. Sending and signing contracts should be easy. So why is it that existing eSignature tools are all so janky? The last thing you need is a frustrating eSignature tool. That’s why we’re building Roger — a faster, simpler eSignature. Think of it like what Linear did to Jira",0,0
29969,OrgOrg,Summer 2024,Active,"Organizational productivity suite for companies. OrgOrg is a suite of apps that keeps teams productive and healthy regardless of the size of your organization. Founded by the creator of Zenter (YC 07, acquired by Google and became Google Slides), OrgOrg is designed to be a natural extension of Google Workspace Apps to help run organizations collaborate better leading to higher productivity. Today the suite includes apps like: • Go links: Go links allows anyone in the org to easily name any link so team members can jump directly to the information that matters most: go/sales, go/production, go/anything-you-want. • Profiles with Personality: OrgOrg profiles are as insightful as they are delightful. They not only show you the expected org chart data, but also highlight accomplishments, how you like to work, and who you are as a person. • Goal tracking: Track, share, and collaborate on ""big rock"" goals on the cadence that makes sense for your team from daily to annually. • Branded New Tab: Keep the team focused the next major milestone, broadcast announcements, and keep important links top of mind every time a new browser tab is opened. • All Hands Q&A: Crowdsource questions, anonymously if desired, for large team meetings to make sure everyone's voice is heard, and the most top of mind questions are answered and recorded. • Smart Groups: Create rules based groups of people and use them to make sure the right people are in the right conversations and have the right access. For example, anyone with the title of ""Software Engineer"" should be in the #eng slack channel and eng@ google group. • On-call: Schedule smart rotations that take into account balancing the load and using signals from calendar schedules to make sure you don't waste time figuring out who can cover what in a fair way. Easily page the on-call from slack, API, or OrgOrg directly. • And more... All the tools you need so you can spend more time focusing on your core business, and less time focusing on the complexity that comes from running an organization",0,0
26755,Sunlight,Summer 2022,Active,"The intelligence and execution layer for B2B card payments.. Sunlight moves B2B payment volume onto card without asking a single supplier to onboard. Our AI agents determine where a bill can be paid by card without a surcharge, then execute that payment through the vendor's own billing or AR portal, returning a confirmed status, receipt, and structured remittance data through a single API. For decades, moving invoice spend onto card meant building a rail or signing suppliers up one at a time. Both are slow, and both leave most of the volume behind. Sunlight takes a different path. Because our agents pay through the portals suppliers already use, the network reaches every supplier without any of them having to join it. AP platforms and bank card programs issue their own cards, send them to us, and capture the interchange on volume that would otherwise have defaulted to ACH or check. We are the AI infrastructure layer that makes that volume reachable",0,0
29708,The Synthesis Company,Summer 2024,Active,"100x faster scientific evidence synthesis. We enable research that was previously impossible—systematic reviews of 20,000+ papers in weeks with 98% accuracy. We collaborate with researchers at Stanford, Harvard, and Johns Hopkins to ask the big questions they've been forced to scale down. Pharma companies get complete evidence awareness in weeks — not years. AI labs get the same reviews as RL environments with expert-validated reasoning traces—scientific synthesis as the next frontier after math and coding benchmarks. We're former DSPy core contributors who built the production infrastructure to make total evidence awareness actually work at scale",0,0
552,Lob,Summer 2013,Active,"Lob is the only automation platform that transforms direct mail into. Lob provides the building blocks for developers to automate the offline world. Enterprise companies use Lob’s suite of APIs to mail fully dynamic and personalized customer communications with print media. We provide insight into deliverability with piece-by-piece tracing and utilize our proprietary Print Delivery Network to streamline production across fully redundant nodes all over the country. Founded in 2013 and based in San Francisco, Lob is venture backed by Y Combinator, Polaris Partners, Floodgate, and First Round Capital. Find out more about Lob and what we’re up to by following our blog: https://lob.com/blog or visiting our website: https://lob.com",0,0
27251,Lotus,Summer 2022,Inactive,"Open-Core Pricing and Billing Engine. Lotus is an open-core pricing and billing engine. We enable API companies to automate their custom usage-based pricing for any metric. Rather than guess on how to charge their customers, Lotus provides companies with powerful new tools from metering to invoicing to testing new pricing. Our self-hosted software is free on GitHub, and we offer a paid cloud version and enterprise tier for support",0,0
25308,Selia,Winter 2022,Active,"Selia is an online platform connecting individuals with top-quality. Selia Connects individuals and certified psychologists and psychiatrists with an online platform for one-on-one therapy delivered via video call. Selia offers convenient and affordable access to a fully-credentialed network of highly qualified providers while giving individuals self-guided tools, journaling and mood tracking to help them achieve their goals. We created Selia to address the unmet and growing demand for mental health services for Spanish speaking Latam everywhere. Our business-to-consumer (“B2C”) channel, made of individual consumers who pay directly to our platform, and our business-to-business (“B2B”) channel, that consist from start ups to enterprise clients such as Experian, Starbucks, Habi and more",0,0
22791,Bueno Finance,Winter 2021,Acquired,Building Chime for India. Credit building platform for next billion users. We offer digital credit card over UPI,0,0
684,Lawn Love,Summer 2014,Acquired,"Modern, on-demand lawn care service. Get a quote in two minutes.. We're Lawn Love, a new type of lawn care service. We’re building a software layer on top of the very large and largely low-tech lawn care market. We solve two core problems: For consumers: Lawn Love is a modern, seamless lawn care experience. Gone are the days of physical, in-person estimates, payments left under the doormat, and spotty service. We use a combination of high-resolution satellite imagery, public and private data sets, and human review to generate a personalized quote for your yard – all in under two minutes and without ever setting foot on your property. From there, you are paired with a skilled lawn pro who will show up and complete the work. You can coordinate everything from your smartphone or web browser, and the entire experience is streamlined and delightful. For lawn pros: We start by bringing a pipeline of new customers straight to your door. No more spending hours hanging door hangers or dealing with snake-oil SEO salespeople. Just pick up whatever jobs you want, fill out your schedule, and you’re good to go. We also handle all the customer service, accounting, and collections; freeing you up to spend less time on the back-office work and more time in the field earning money. And that’s just the start: Our advanced job clustering and routing algorithms help build you much denser routes, allowing you to do up to twice as many jobs per day while slashing your fuel expenses and idle time. In short, we’re democratizing software that was previously only available to large companies in the space, and giving small business owners tools to operate more efficiently and better compete with the big guys",0,0
12252,54Gene,Winter 2019,Inactive,"Precision medicine for Africans and the global population. We are an African genomics research, services and development company addressing the need to include under-represented African genomic data in research which could lead to medical breakthroughs and new healthcare solutions worldwide",0,0
32165,Rote,Winter 2027,Active,AI-native insurance department for auto body shops. Rote handles the entire negotiation lifecycle between shops and insurance companies to help them recover thousands of dollars in denied claims. Shops today lose millions per year because they lack the resources to negotiate with insurance companies that undervalue repair costs. Rote's agents recover denied revenue by taking shop estimates and referencing technical repair data to autonomously file and defend shop claims,0,0
24543,Bolster,Summer 2021,Active,"The platform for buying, selling and managing residential construction. We are building the Amazon for construction where contractors can give their customers an interactive shopping experience, turning the estimate into a point-of-sale, for the first time. It is a marketplace for general contractors, subcontractors, retailers and consumers, powered by a database of over 114,000 real items",0,0
31433,Savant,Spring 2026,Active,"Company brain every AI-native enterprise runs on. Savant is the company brain every AI-native enterprise runs on. We plug into the tools you already use, capture the written knowledge / undocumented procedures, and serve them to your employees and agents at decision time",0,0
951,Wheelys Café,Summer 2015,Inactive,"Worlds smallest and friendliest café franchise. ""The Bike-Powered. Wheelys is a chain of organic bicycle cafés that enables young people to start their own cafés. Since starting last year, Wheelys has sold over 800 cafés in 75 countries, which means it’s growing faster than any fast food chain. Ever. Wheelys vision is to make it easier for passionate people without money to open their own cafés, shops, and restaurants. Wheelys was hosted at Y Combinator (the accelerator behind Airbnb, Dropbox, and Reddit) and has been funded by, among others, Othman Laraki (Color Genomics), Paul Buchheit (creator of Gmail), Jared Friedman (founder of Scribd), and Justin Waldron (co-founder of Zynga). “We will break the hegemony of the industrial fast food chains, and pave the way for an organic revolution. Helping us to do this is young hungry eco entrepreneurs from all over the world.” Maria De La Croix, co-founder of Wheelys",0,0
401,Streem,Summer 2012,Acquired,"Acquired by Box in June 2014. We built: (1) a native win/mac. Streem (https://www.streem.com) offers unlimited cloud storage for your media. Store, stream, and share all your favorite movies, photos, music, and more with your friends! Streem is a magical drive on your device that lives in the cloud and gives you unlimited space. You can put files into Streem, free up space on your computer and mobile devices, and instantly access and share your content anywhere, anytime. Unlike other cloud storage tools, Streem takes up no space on your computer, but still gives you instant access to your files without any lag. All media on Streem is converted on-the-fly so you can access it seamlessly regardless of the device or bandwidth",0,0
1925,Optic,Summer 2018,Acquired,"Making APIs Developer-friendly. We help developers collaborate at scale and build better APIs. Optic’s open source tools makes it easy for developers to document API changes, review each other’s API changes during code review, and catch breaking changes before they reach production. **tl;dr** It’s version control but for behavior not code. We are taking the really successful ideas from Git / Code Review / CI and applying them to API descriptions and (future) other non-code artifacts. Engineers at [Snyk](https://snyk.io/) use Optic daily to make the new Snyk API great. Read their engineering blog: [Snyk's shift left approach to API development | Snyk](https://snyk.io/blog/snyk-api-development-shift-left/)",0,0
22256,Sonar,Summer 2020,Inactive,Minecraft meets Discord,0,0
1063,Carbic,Winter 2016,Active,"using ultrasonics + ml to analyze fluid behavior at infrastructure. We are a sensor company that aims to accurately capture the behavior of high throughput fluid systems. With this information we can help improve operations while reducing spills and theft. This technology could change the way the oil and gas industry, water municipalities, and anyone dealing with high volume fluid, operates. Fleets of our proprietary lightweight hardware send raw ultrasonic data directly to our server via cellular/satellite; we then use a mix of physics equations, signal processing, and anomaly detection to determine the behavior of fluid (volume and speed) in pipes",0,0
22869,Logica,Winter 2021,Active,"Visual, collaborative financial modeling software. Logica helps finance teams with forecasting & budgeting. The software provides a drag and drop interface for building financial models that can be updated and shared in real time and connects with accounting and analysis tools for comparing plan vs actual",0,0
733,Zenamins,Summer 2014,Inactive,"Personalized health company doing customized vitamin packs on. Zenamins is a comprehensive online vitamin subscription service that is personalized and designed specifically with the individual in mind. Zenamins was designed to make vitamin-taking easier, safer and more convenient. Simply select the vitamins, minerals and supplements you want or use the special online guide to determine which ones are best for you. Every four weeks subscribers receive a new Zenamins pack in the post. Zenamins uses pharmacy-grade technology to custom pack vitamins into daily doses, while all vitamins and supplements are of the highest quality and mostly softgels, as these have shown to have 4x the absorption",0,0
27974,Fastgen,Winter 2023,Active,"Webflow for the Backend. Fastgen is a low-code API and workflow builder with an integrated Postgres DB. Our drag-and-drop platform allows you to rapidly develop custom APIs and workflows with ease. Our integrated Postgres DB makes it even easier to create, read, update, and delete data in your applications",0,0
13175,Fly.io,Winter 2020,Active,Run full stack apps close to your users.. We run app servers and databases close to end users. Developers deploy their apps to Fly.io (it's about the simplest place to deploy a Docker Image) and use our CLI to launch instances in regions that are most important for their application,0,0
481,Padlet,Winter 2013,Active,"Papyrus → Parchment → Paper → Padlet. We are easily bored. It's the one thing that unites humanity in 2020. No one wants to read twenty paragraphs of text, or sit through forty verbose slides. Yet, we keep making them, boring everyone out of their minds. We are building more beautiful and fun alternatives to traditional documents. They're less of a pain-in-the-ass to create, and a lot less waterboard-y to view. Checkout a Padlet timeline (https://padl.et/timeline), or a Padlet map (https://padl.et/map) to see what we're talking about. Over ten million people all over the world use Padlet. Most satisfyingly, for millions of kids, Padlet is their first experience of creating things on the Internet. People say we are improving education. People say we are making them more creative. People say a lot of things",0,0
30776,Magnetic,Summer 2025,Active,"AI Tax Preparer for CPA firms. Magnetic scans client documents - from handwritten charity notes to excel spreadsheet Schedule Cs to multi-state K-1s - and enters them into tax software automatically, saving hours of tedious data entry. The accounting profession is facing a massive talent shortage, as graduates choose different professions and the old guard begins to retire. As a result, CPA and tax preparation firms are awash in clientele, but unable to keep up. At many firms, phones go unanswered, clients are ""fired"", and websites are taken down, as the existing workforce tries to handle the grueling 80 hour+ weeks necessary to push through tax season to the April 15th deadline. We built this because a former colleague who owns her own tax firm asked us to automate her workload, and we quickly realized the massive opportunity. Thomas brings deep domain expertise as the former Head of Product at Keeper (YC W19), where he built tax engine automation systems and an OCR form scanning system that outperformed everything else on the market. At Keeper, he leveraged early access to OpenAI's LLMs (well before ChatGPT) to build systems that automated the entire tax filing process, allowing a tiny team of CPAs to process thousands of returns with near zero busy work. Patrick was the first engineer at FunCraft, shipping multiple mobile games with 1M+ downloads and building scalable shared codebases. We've worked together since 2017, including co-leading multiple teams at Zynga as PM & Tech Lead respectively. The opportunity is massive - there are 80M US personal tax returns filed via professionals annually, in a $2B outsourcing market where individual CPA firms currently pay $100k-$1M per year for inferior services. We're positioned to capture significant market share by offering better accuracy & document coverage, instant processing, and superior user experience. We've built this kind of software before, we've worked together for years (and even lived together), we've built products to $10M ARR before, and we have the grit to outwork anyone in this space",0,0
1206,Rose Rocket,Summer 2016,Active,Rose Rocket is ERP software for trucking companies.. Rose Rocket is a modern Transportation Management System. We help transportation companies move and process online instead of over the phone or email,0,0
31540,KugelAudio,Spring 2026,Active,"Kugel is an on-prem Voice AI model supporting 30+ languages. Kugel is an enterprise-ready TTS model, available on-prem, with a focus on 30+ languages and low latency",0,0
554,RealCrowd,Summer 2013,Acquired,"Direct real estate investing marketplace. RealCrowd puts the power of commercial real estate investing into your hands. This unique crowd based equity platform was created by experienced commercial real estate investment professionals to allow you to decide where your money is invested by offering direct investments. Pooling your money with other like-minded investors and working with a seasoned real estate operator with the skills, knowledge and experience to optimize the asset will remove the traditional barriers to entry that typically exist in commercial real estate investing",0,0
30698,Comena,Summer 2025,Active,"AI agents for distributors and manufacturers to automate order entry.. We build AI agents that automate order processing for industrial distributors and manufacturers. Say goodbye to inside sales and customer service teams spending hours on manual data entry. Comena streamlines order and quote entry, from inbox to ERP, freeing up sales teams to focus on high-value activities and proactive selling",0,0
22782,Terapify,Winter 2021,Active,"Online therapy platform for the Spanish-speaking market. Terapify offers high-quality on-demand mental healthcare for individuals and businesses. Currently, people in more than 45 countries take therapy with us on a recurring basis every month",0,0
21799,Conta Simples,Summer 2020,Active,"All-in-one financial platform for latam Startups and SMBs.. Conta Simples is an all-in-one financial platform that combines checking account, expense management software and corporate cards, for Latam companies",0,0
13442,Isabl,Winter 2020,Active,"Cancer tests based on whole genome and transcriptome data.. Isabl has developed software that can analyze the entire genome of cancer patients. Today, when people get cancer, they get a genetic test of their tumor that analyzes only a few possible mutations. With Isabl, you run the tumor through an Illumina sequencer and get the whole genome, then our software is able to analyze all the mutations. Our breakthrough technology provides unprecedented clarity into tumor biology to aid treatment planning. This opens up opportunities for precision diagnostics, disease surveillance and biomarker discovery",0,0
23038,Dyte,Winter 2021,Acquired,"Real-time audio & video SDKs, ready to launch 🚀. Integrate live video calls with Dyte Video SDK with less than 10 lines of code",0,0
1035,ConstructVR,Winter 2016,Inactive,"The simplest way to test, manage, and deploy VR/AR apps at scale.. ConstructVR is the simplest way for businesses to manage, and deploy VR and AR apps at scale",0,0
13520,borong,Winter 2020,Active,"borong is a SaaS-enabled marketplace that connects brands like. Our mission is to help local independent retailers find their best-sellers investors by matching them with the right supplier and brands. We believe that today's evolution of the wholesale industry has stifled the growth of many SME businesses. The supply-chain in Malaysia and across Southeast Asia lacks meaningful real-time connectivity between suppliers and retailers. Hence we are determined to transform this industry by providing businesses the right tools to grow. Our modern, digital approach to the wholesale industry allows retailers to discover, purchase, and manage inventories for their store - all on a single marketplace platform. And our software tool for suppliers helps businesses to deal with all the pain points of growing customer database, from ordering to payments. With our data-driven approach, we connects local, independent retailers with the right brands, distributors, and wholesalers to stock their store with the best products. This saves retailers and suppliers time and money, allowing them to focus on what's most important: building and running their business. borong is headquartered in Kuala Lumpur, Malaysia",0,0
29470,Eris Biotech,Winter 2024,Active,"Our drugs engage the immune system to fight tumors. We are developing cancer therapeutics using small molecules that inhibit immune suppression. Our drugs engage the immune system to aggressively fight tumors. Our therapeutic portfolio addresses a range of solid tumors, starting with mesothelioma",0,0
23522,Nuntius Therapeutics,Winter 2021,Active,Cell-specific genetic medicines,0,0
29500,The New Money Company,Winter 2024,Active,Invoicing that pays you even if your buyer doesn’t. The New Money Company protects invoices with insurance. We help businesses expand to buyers in new markets or industries by offloading the risk of buyers not paying their bill. Support number: +18889975745,0,0
1045,Poppy,Winter 2016,Inactive,Poppy makes it easy for parents to find high quality childcare with. Poppy is a modern childcare solution for modern families. We set your family up with a team of talented and thoroughly vetted sitters. Then you just text us when you need a sitter. Simple. So you can get back to juggling dinners and dance recitals. Stop worrying about being stuck without care when you need it,0,0
12676,Flow,Summer 2019,Inactive,"Improve your browsing experience by staying organized and intentful. Flow is building products to improve your browsing experience. The web browser is an indispensable part of our daily lives - we use it for work, shopping, entertainment, research, sharing memes, procrastinating, connecting with friends and family. Yet it remains tough to be organized and intentful when using it. We’re building products to dramatically improve your browsing experience, and Flow is our foray into intentful browsing",0,0
31393,KelAI,Spring 2026,Active,"The AI Quant: Autonomous Alpha Engine for Funds and Traders.. Founded by former WorldQuant portfolio manager & head of event driven systematic strategies Jeremie Cohen, KelAI is building the autonomous alpha engine for hedge funds, traders and institutional investors. Investment teams now have more data, tools and compute than ever, but research still runs across siloed systems and inefficient workflows. KelAI turns that fragmented process into a compounding AI-native engine that continuously finds, tests and validates trading signals at a pace no human team can match",0,0
23265,Mono,Winter 2021,Acquired,"Plaid for Africa, but better.. We allow companies to access data from their customers bank accounts and allow them to debit money from these same bank accounts",0,0
26795,Gullak Money,Summer 2022,Active,"Gullak automates savings & invests these in gold. Gullak is a mobile app that automates savings & invests these in Gold. We launched in India 60 days ago and have grown from 0 to 40k transacting users and hit a monthly GTV of $280K already. We are growing 25% week on week. India is a nation of savers but the way the majority of India saves is non-smart & does not create wealth. There are 200 Mn Indians who save manually in bank deposits, the returns from these instruments do not even beat India's inflation. Gold is an instrument that India loves - 30Bn worth gold is purchased in India every year by middle income households. Gold has great cultural significance in India & there is high familiarity with the asset class. Despite gold being a familiar asset class & giving 5% higher returns than bank deposits, 200 Mn Indians still save manually in these non wealth creating bank deposits. This is largely because the ways to save in Gold required painful discrete activities such as manually accumulating money to buy gold, going to offline stores to buy this gold, incurring storage charges & more. The minimum ticket size for purchasing gold at these stores is $50 adding to more friction to saving in Gold. Using automated savings, Gullak now makes it extremely easy for users to save small amounts regularly($1/day) in digital Gold.This was not possible a year ago because the underlying infrastructure(UPI Autopay) was missing. With 50 Mn Indians saving $2/day & with gold backed lending, this is a $1.5Bn market opportunity. Gullak’s Founding team is the team which built BHIM UPI App(10Mn Downloads in 10 Days), this was launched by the PM of India. We built large scale payment systems for partners like GooglePay / Amazon, processing more than 30Mn payments/day. This is the same team that has built more than 40+ consumer brands & their initial growth strategy",0,0
850,Automate Ads,Winter 2015,Inactive,"On a mission to programmatically automate, optimize, and unify your. On a mission to automate, optimize, and unify your digital advertising campaigns with incredible software",0,0
13171,The Mercer Club,Winter 2020,Inactive,"The Mercer Club is a subscription service that allows men to rent. The Mercer Club is e-commerce's first-ever men’s rental service offering luxury and streetwear fashions at affordable pricing— think of it as Rent the Runway for men. Founded on the principle that fashion should be affordable and accessible, The Mercer Club aims to deliver an assortment of clothing, shoes and accessories to fulfill all a man's wardrobe needs, helping them stay on trend while considering their budget. Customers can rent pieces from well-known streetwear brands such as Yeezy, Nike and Supreme or luxury designers such as Gucci, Margiela, Acne and Balenciaga for as little as $25 a day or a monthly subscription for $75 a month. With the subscription plan, renters get 2 items at a time and swap out each week for another set of 2 items. The process is seamless from beginning to end— after placing an order, items arrive in 2-3 days in a custom box with a prepaid return shipping label. Our specialized team takes care of any laundering on your behalf and minor wear and tear is covered by us",0,0
1605,Dropleaf,Summer 2017,Inactive,"Subscription service for all you can play indie PC games.. Dropleaf is a response to an industry that could be so much better than it is. They want to provide everyone with a never ending stream of transformative experiences, but doing that is going to require us to change the space around games. Players need to be able to find the experiences that feel made for them, and the community around those games has to be welcoming and inclusive. Independent developers, meanwhile, need a way to improve discoverability, extend their revenue stream and find a space in which content is rewarded based on quality, not marketing budget. They are working to fix every one of those problems. They have built a discovery system that’s going to help you find games you truly love. Our community is a work in progress, but you can learn more on our blog. And our library is going to keep growing, so that when you finish one great game, you’ll find another that you’d swear was made with you in mind",0,0
30511,Vassar Robotics,Spring 2025,Active,"Open-source semi-humanoid dev kit → home data → autonomy → 20h/wk. We build home humanoids the practical way—an open, mass-produced developer kit powering a real-home teleop data flywheel to autonomy, giving families back 20 hours/week",0,0
984,Yardbook,Winter 2016,Active,"Marketplace & Software Revolutionizing Yard Care. At Yardbook we know how proud you are to own and operate your own landscaping business. We also know how challenging it can be to make sure everything is running smoothly. With this in mind we are pleased to offer our free software for running landscaping businesses! Yardbook is designed to provide an end-to-end solution in helping businesses with a multitude of roles such as creating schedules, estimates, completing invoices, payments, timesheets and so much more. Since we launched a little over a year ago, over 7,000 businesses in the US are now powered by Yardbook. During that time we have processed millions of dollars in invoices and helped owners, like you, organize their many administrative responsibilities. If you’re still using paper and pencil, or juggling between many different systems or spreadsheets in order to stay organized, give Yardbook a try today!",0,0
31329,primitive,Spring 2026,Active,communication for agents. Building the communication infrastructure needed for fully autonomous agents,0,0
1902,Lowkey,Summer 2018,Acquired,"Capture, create, & share gaming moments (Acquired by Niantic!). Lowkey was acquired on 11/30/2021 :)",0,0
587,CodeCombat,Winter 2014,Active,"Game that teaches computer science to middle and high school kids.. CodeCombat is a multiplayer programming game for learning how to code. With thousands of schools and millions of students, we are bringing K12 computer science education to everyone, regardless of gender, race, or background. Everyone should have the opportunity to learn. The ultimate goal of CodeCombat is to bring more users into the field of computer programming by making the logic and syntax more accessible and enjoyable to learn. The end game is to educate a whole new generation of computer programmers that started their journey by slaying ogres and defending their castles from oncoming enemy hordes. We teach Python, JavaScript, and other languages directly in the browser. Teachers with no computer science background can get started in five minutes. In a world where all programmers have had to be second-language learners, do you want your students to become native speakers of code? Let's chat about bringing CodeCombat to your school! Find us on Twitter at https://twitter.com/CodeCombat",0,0
12237,Nowports,Winter 2019,Active,"The core engine of supply chain in LATAM. Nowports is the first digital Freight Forwarder shipping ocean containers to and from Latin America. One out of every two containers gets lost or delayed due to miscommunication and lack of management. The platform reduces human mistakes to 0% and saves up to 40% of delays with Nowports models and algorithms. Nowports assist companies so moving ocean containers is fast, simple and secure",0,0
796,Vest,Winter 2015,Acquired,"Bringing wider access to financial derivatives.. Vest, on a mission to bring wider access to financial derivatives and other institutional investment strategies, manages investment products worth $50+ billion (as of 9/30/25). Backed by private equity, the firm has a strategic partnership with Cboe Global Markets, Inc. (NASDAQ: CBOE), and First Trust, a global asset manager. Vest created Target Outcome Investments in 2013, which target a defined return profile, with an allowance for a specific level of risk, at a particular point in time. Today, Target Outcome Investments are available as mutual funds, exchange-traded funds (ETFs), unit investment trusts (UITs), collective investment trusts (CITs), and customizable managed accounts / sub-advisory services. The firm was launched and backed by preeminent venture firms such as Y-Combinator (Airbnb, Reddit, Dropbox), Payment Ventures (MicroVentures, CardFlight) and First Round Capital (Uber, Mint, Square). See more at https://www.vestfin.com",0,0
540,Cratejoy,Summer 2013,Active,"Cratejoy is the platform for subscriptions. Cratejoy is the only all-in-one subscription box solution to help you launch, grow and scale your company. We provide the leading subscription box platform that allows you to launch and grow your business faster and more efficiently - no coding or plug-ins required. We support over 2,500 companies on our platform and over 1 million subscribers on the Cratejoy Marketplace. Founded in 2014, Cratejoy is headquartered in Austin, TX",0,0
31080,Didit,Winter 2026,Active,"Infrastructure for identity and fraud.. One API for KYC, KYB, AML, biometrics, and fraud — powered by 1,000+ data sources, 200+ signals, and in-house AI models. Global coverage. Integrate in minutes, pay as you go, 500 free checks/month. Start free at business.didit.me",0,0
458,Assorted Bits,Summer 2012,Inactive,A mobile calendar for all the fun stuff you do with friends,0,0
29675,Offstream,Summer 2024,Active,"Vanta for carbon compliance. Offstream is Vanta for carbon compliance. Today, every new infrastructure project, from data centers to biomass power plants has a complicated mess of local, state, federal, and private sector standards that they must understand and comply with to make their projects profitable. Offstream solves this by using LLMs to parse regulations, generate technical reports for customers, and manage 100,000+ operational data points on project’s lifecycles. We cut the time customers spend on compliance by 90% and at 1/5th of the cost of alternatives",0,0
685,ListRunner,Summer 2014,Acquired,"Replaces paper patient lists for doctors.. Listrunner is a service made to share patient information in a highly secure manner between authorized members of a clinical team– physicians, residents, interns, and medical students. Listrunner helps clinicians protect patient information by replacing manual processes, such as printed patient lists, which are untraceable and easily lost. Listrunner offers a secure alternative to unsecure practices, such as the use of SMS messages and camera phones to collect and share patient information between clinicians",0,0
31139,Ashr,Winter 2026,Active,"Automated Multi-Modal Testing for Agents. Ashr is a fully contained test and evals platform that improves AI agents by ensuring accuracy and quality across a wide range of user journeys through your product. Ashr generates user journeys through your agents’ tool calls, results, and questions. We don’t generate one off tests, we generate large amounts of authentic user stories through your product, and pick up on errors, inconsistencies, and failures that would otherwise take hours of manual testing or get caught by a customer. We also work to ensure agent response quality in line with your business goals by offering custom evaluation metrics. Ashr works with voice, text, automated website generation, image, file generation, and multimodal. We’re also willing to generate custom input types or make modifications for anyone interested. Currently, we integrate as an SDK, and are proactively working to make our documentation and resources as accessible and easy to use as possible",0,0
24237,Sproutfi,Summer 2021,Acquired,"Latin Americas' first investing social network. Learn. Share. Invest.. We're on a mission to make investing in the US markets accessible and fair to everyone in Latin America. Our social features make it seamless for investors to mingle, share investment ideas and learn from each other. We make it super easy to invest in thousands of US stocks & ETFs, with as little as a $1 USD, no account minimums, and no fees. Our team is composed of highly experienced builders hailing from Goldman Sachs, E*Trade Financial, Nubank, ING, Wise",0,0
25689,Kaagaz,Winter 2022,Active,"'Office' Suite for Mobile-first Businesses in India. Kaagaz is an 'Office' Suite for Mobile-first Businesses in India. With Kaagaz, these users can manage all the document requirements for their business using their smartphone itself, without needing a Desktop. We have an active user base of 3Mn+ users and paid users north of 60,000+ - growing every month. With over 200M such businesses in India, at $15/year subscription price, this a $3B opportunity in India & much larger globally. We are a team of 2nd time entrepreneurs having scaled the pervious startup to $1M in GMV. We are backed by YCombinator, Goodwater Capital, Pravega Venture, Better Capital & other investors including Alan Rutledge (TrendMD) and Farid Ahsan (Sharechat)",0,0
30109,FutureClinic,Fall 2024,Active,"Personal doctors through chat. FutureClinic is a platform that makes it easy for any doctor to open their own digital clinic. Our AI assistant takes a comprehensive medical history using an empathic chat or voice-based interface, uses sophisticated medical reasoning to narrow down likely diagnoses, and produces evidence-based treatment suggestions for each patient. Licensed doctors then review the text-based summaries of the cases our AI provides, and choose how to manage the patients. In this fashion, we're able to deliver end-to-end healthcare in a way that makes personalized, expert healthcare scalable to 8 billion people around the world",0,0
31112,Burt,Winter 2026,Active,"AI teammates for logistics. We're building for the people that keep the world moving. Freight brokers and forwarders operate on razor-thin margins in a relationship-driven business — yet most of their teams spend the majority of their day on manual, repetitive work. We help freight brokers and forwarders build AI teammates that handle their repetitive, manual tasks so teams have time to focus on customers, carriers, and growing the business",0,0
12665,PlayAbly,Summer 2019,Inactive,"We build games to help brands engage, convert, and retain customers. PlayAbly turns ignored touchpoints into mini-games that capture attention, drive action, and generate real-time first-party data—across eCommerce, B2B funnels, restaurants, and in-store retail. As attention spans shrink to six seconds, brands can't afford lifeless popups, forms, or landing pages. We replace them with gamified conversion layers—quizzes, swipe games, stackers—that perform like performance marketing. At Unity, our founding team helped personalize gameplay and ads for over 2 billion users. Now, we're bringing that behavioral insight to brand engagement, building a no-code platform where anyone can launch PlayAbly experiences in minutes. Think: instead of a ""Spin to Win,"" a match-3 game that sells your product, segments your audience, and gets 4× the opt-ins. Why now? Retargeting costs are up. Email/SMS open rates are down. And today’s customers are conditioned by the dopamine loops of TikTok and mobile games. Generic funnels can’t compete—but interactive ones can. PlayAbly is already driving results: Classkick (B2B): 5× ROI, 3× higher email open rates Skout Snacks (DTC): 7× ROI, 20% higher AOV, 4× opt-in rates 89% of previously lost sessions re-engaged through PlayAbly games We monetize on a usage + performance model, enabling fast adoption and deep long-term value. We're building a new category: AI-powered gamification that converts attention into intent, on any surface where customers meet brands. https://www.playably.ai",0,0
31503,"Apollo Atomics, Inc.",Spring 2026,Active,We make the most compact nuclear reactors,0,0
1930,The Good Food Institute,Summer 2018,Active,"Building a world where alternative proteins are no longer alternative.. The Good Food Institute is a nonprofit working internationally to accelerate alternative protein innovation. Globally, meat consumption is the highest it’s ever been. According to the UN, global meat production is projected to double by 2050. With plant-based meat, cultivated meat, and fermentation, we can mitigate the environmental impact of our food system, decrease the risk of zoonotic disease, and ultimately feed more people with fewer resources. By making meat from plants and cultivating meat from cells, we can modernize meat production",0,0
27877,OpenMeter,Winter 2023,Acquired,"Usage Metering, AI & API Monetization. OpenMeter's mission is to standardize metering with the goal of becoming the data source for AI and API monetization. We've built an open-source platform that processes billions of events into our usage lake in a matter of seconds, which acts as the backbone that serves revenue and efficiency teams",0,0
22784,Huddlefire,Winter 2021,Inactive,"Turbocharge customer acquisition through exclusive SaaS partnerships. Leverage partnerships with other SaaS companies, through Huddlefire, to accelerate your customer acquisition",0,0
22077,Akiflow,Summer 2020,Active,"All your tasks and calendars into an AI-powered productivity app. Akiflow is an AI-powered productivity app, integrating tasks + calendars and an AI executive assistant",0,0
13167,Farcast,Winter 2020,Active,We build advanced satcom user terminals,0,0
25928,Attain,Winter 2022,Active,"One-Stop Shop for Convenience Store Inventory. Attain is a one-stop shop for convenience store owners to buy inventory across all their suppliers with higher reliability, price transparency, and product discovery. On average, store owners buy products from over 10-15 different suppliers each week. This painful process involves shopping in massive warehouses or spending hours working with wholesaler’s sales representatives (who sometimes don’t even show up). As a result, stores waste countless hours ordering products through extremely inefficient and tedious processes. These store owners are also severely impacted by inventory shortages and revenue loss which many times results in them downsizing their business or shutting them down completely. Attain solves this problem by providing a single app to purchase products across all of their suppliers, resulting in a one-stop shop for inventory. By aggregating inventory across a multitude of suppliers and wholesalers, Attain helps stores save significant time and money while allowing them to focus on what they do best - growing their businesses. Feel free to reach out at founders@joinattain.com!",0,0
1549,KidPass,Winter 2017,Acquired,"Online & In-Person Kids Activities. KidPass is a new way for parents to discover and book amazing children's activities. Get access to exclusive events, classes, camps, museums, and more. Unlock a new world of experiences",0,0
499,MedXT,Winter 2013,Acquired,"Radiology in the cloud. X-rays, CAT scans, MRI's, and. MedXT is the easiest way to manage medical images online. We make it easy for medical professionals to access and share their medical data safely and securely. We provide specialty tools such as RIS, PACS, and HL7 connectivity. The MedXT platform will power your imaging center, hospital radiology department, or radiology group. Learn more at https://www.medxt.com",0,0
913,Drip Capital,Summer 2015,Active,"Digital trade finance and B2B commerce company. Drip is a financial technology company building modern infrastructure to make trade finance and B2B commerce easy and accessible for small businesses worldwide. Its AI native, predictive underwriting, and processing engine streamlines credit assessment and automates end-to-end transaction workflows. To date, Drip has facilitated more than $8 billion in cross-border trade for 11,000 businesses across 60 countries. Working to close the $1.8 trillion global trade finance gap, Drip enables small and midsize businesses to trade with confidence across borders. The company has built a strong partner ecosystem — including leading capital providers such as Barclays, TD Bank, and the IFC, as well as logistics firms, insurance brokers, and B2B invoicing platforms — to expand distribution and impact. Drip is backed by global investors including Accel, Sequoia, Wing VC, Sumitomo Mitsui Banking Corporation, GMO Payments, TD Bank, and Y Combinator",0,0
22672,Pensil,Winter 2021,Inactive,"New-Age White Label Community Platform SDKs and APIs for Games,",0,0
22764,Valink Therapeutics,Winter 2021,Active,"Discovering bispecific antibody drug-conjugates (BsADC) against cancer. Valink Therapeutics develops next generation antibody-based therapeutics. We identify novel mechanism of action from known targets by incorporating multiple antibody modifications at once, rapidly and scalable generating complex drug candidates (bi-/multispecificity, multivalency and drug-conjugation in a single discovery process). Our research focus is on solid tumours poorly addressed by immunotherapy",0,0
30024,Crouton,Fall 2024,Active,"The living map of your organization. Crouton is the living map of your organization. It’s for founders and operators at growing companies who need to understand how people, teams, roles, and ownership actually fit together. Today they piece this together from org charts, Notion docs, spreadsheets, Slack, and memory and then redo it every time something changes",0,0
13220,Simple Strips,Winter 2020,Inactive,Low-cost blood glucose test strips scanned with a smartphone camera,0,0
31023,Inviscid AI,Winter 2026,Active,"Real-time Physics Simulations for Industrial Facilities & Data Centers. Inviscid AI builds physics-informed AI solutions that transform how buildings and data centers operate. By combining real-time IoT sensor data with computational fluid dynamics (CFD) modeling, we create digital twins that simulate building performance in real time and autonomously optimize operations. Our platform optimizes airflow patterns and ventilation strategies to eliminate dead zones, improve air distribution, and reduce the load on mechanical systems. On the energy side, we minimize HVAC power consumption, reduce cooling costs, and lower overall operational expenses while maintaining optimal thermal comfort and indoor air quality. Beyond immediate operational efficiency, we optimize equipment scheduling and maintenance cycles by predicting system behavior under different conditions, allowing facilities managers to proactively address issues before they become problems. Our physics first approach ensures that we're not just optimizing against historical patterns, but optimizing based on a deep understanding of how air, heat, and energy actually move through your building, enabling us to find solutions that traditional rule-based or purely data-driven systems would miss",0,0
23633,Chorus Sleep,Winter 2021,Active,"Mobile app and coaching program that helps employees sleep better. Chorus is a mobile app and coaching program that helps employees sleep better. We do this by combining sleep coaching, short lessons, and relaxing audio sessions that help employees, and their families, fall asleep faster and get better quality sleep through the night",0,0
28804,Bland AI,Summer 2023,Active,The enterprise platform for AI phone calls,0,0
23008,TechBiz,Winter 2021,Acquired,"MIS on mobile for SMB's in India. SMEs find it hard to derive value from their business data which is stuck inside hard-to-access accounting softwares. We provide them an app-first MIS/Business Intelligence solution to track their business essentials (Debtors, Creditors, Sales, Outstanding etc.) and help make quicker and better decisions",0,0
1801,Haiku,Winter 2018,Inactive,Collaboration tools for software companies. We offer several products — Marketing & Sales: Haiku Optimizer (https://getoptimizer.com) Branding: Diez (https://diez.org) Design & Code: (https://www.haikuforteams.com/animator),0,0
486,Cheetah,Winter 2013,Active,"Fastest, easiest, and most affordable way for small business owners",0,0
738,Unwind Me,Summer 2014,Acquired,"Homejoy for massage. Unwind Me is making massage and wellness more accessible. We make it easier than ever for anyone to book and receive a high-quality massage, when and where they want, at an affordable price - with delightful touches that make each appointment a unique experience",0,0
691,Alchemy,Summer 2014,Active,"Nanotechnology-enabled coatings for automotive and defence sectors. Alchemy is a nanotechnology company based in Kitchener, Ontario with core operations in the automotive and defense sectors. Automotive - With the widespread adoption of ADAS systems in new vehicles, the cost of replacing a windshield in new vehicles has tripled to $1500+. We have developed a windshield protection film product line called ExoShield to help vehicle owners protect their windshields. Our ExoShield GT3 film is sold through 400+ aftermarket installers and car dealerships in 56 countries that carry and install it for vehicle owners. For Jeep Wrangler and Ford Bronco owners (google: broken windshield club), our ExoShield ULTRA DIY kits are available via our website and dropshipping partners. Defense - Over the last 3 years, we have been working with the Canadian Armed Forces to develop an infrared camouflage technology. We have received two contracts from CAF to develop our technology. Our solution has the ability to be integrated into the uniform directly (adding just 5-10g of weight vs. 600-18,000 kg of weight for other alternatives), has outperformed all existing NATO alternatives in multiple CAF field trials, and is receiving support from major elements of CAF for our next contract. This technology can also be adapted for other individual camouflage integrations (face paint and individual nettings) and for mobile camouflage applications (vehicle nettings and vehicle paints)",0,0
31128,Cumulus Labs,Winter 2026,Active,"The Fastest Multimodal Inference OS. Cumulus Labs lets engineering teams ship AI in production without needing a dedicated ML platform team. Right now, companies building AI products are forced to stitch together separate vendors for routing, observability, evaluation, fine-tuning, and inference. This fragmented approach is brittle, expensive, and is a common reason enterprises fail with AI. We replace that entire stack with a single unified platform. Developers can keep their existing code while instantly upgrading to a unified platform that handles routing, semantic caching, continuous shadow evaluation, simulated data, and one-click fine-tuning. Behind the platform is Ion, our proprietary inference engine running on a custom NVIDIA Grace GPU fleet. Ion uses in-house custom GPU kernels to deliver 30 to 50 percent more throughput than standard vLLM or SGLang, giving our customers SOTA inference economics",0,0
30059,Sphinx,Fall 2024,Active,"AI Compliance Analysts for Banks & Fintechs. Sphinx automates the manual work of compliance analysts. Our AI agents make AML decisions, helping banks and fintech eliminate onboarding bottlenecks",0,0
29369,Astro Mechanica,Winter 2024,Active,"Supersonics for the new Jet Age. Astro Mechanica is reinventing supersonic aircraft by innovating on engine, airframe, and systems that industry hasn’t in over 50 years. Our electric combined cycle engine, Duality, is the world’s first jet engine that's engineered for efficiency from takeoff to Mach 3+. This new propulsion technology enables the delivery of people and payloads anywhere on Earth in just hours, laying the foundation for a new operational paradigm: an affordable point-to-point global travel network that will make on-demand, high-speed air transport the new standard of travel",0,0
450,RegistryLove,Summer 2012,Inactive,"Cross-store wedding registry.. The first wedding registry to co-operate with independent retailers & big box stores, RegistryLove lets you register products and services from anywhere & consolidate them all onto ONE registry. From traditional department store items, to local gems you wouldn't find anywhere else, to your dream honeymoon & activities, RegistryLove is a service tailored to _you_",0,0
24176,Maroo,Summer 2021,Acquired,CRM for creatives (acquired by Helium Ventures),0,0
24428,Aleph,Summer 2021,Active,"One source of truth for financial data.. Aleph helps top finance teams work with their data in real time. Businesses can automate financial models and streamline budgeting and forecasting with the fastest-to-implement FP&A platform. Aleph eliminates the need to export data from multiple sources by syncing spreadsheet models with data from 150+ integrations, and allows teams to interact with their data in no-code dashboards. From annual budgeting to ad hoc reporting, scale your financial processes faster with better data without expanding your team. See why over 90% of people who start a trial with Aleph become customers!",0,0
886,Call9,Summer 2015,Inactive,"Call9 delivers true Emergency Medicine and Palliative Care at patients'​ bedsides. Currently in Skilled Nursing Facilities, Call9 decreases the time patients wait to see an EM Physician from an average of 64 minutes to moments in emergency situations. In tandem with 24/7 onsite Clinical Care Specialists*, offsite Emergency Medicine Physicians see, diagnose and treat patients at the bedside via the Call9 proprietary platform. Our focus goes beyond the medicine to assure premium patient-centered care by including patients, caregivers, and families in communications from the start. Today, our proprietary technology-enabled services reduce cost and increase quality-of-care within elder-care facilities. Tomorrow, we redefine emergency medicine. *Clinical Care Specialists(TM) are elite emergency responders. Excellent bedside manner and rigorous continuing emergency training make Call9, PC's CCSs a unique specialty",0,0
30880,Nessie,Fall 2025,Active,"A shared context layer for you, your team, and your agents.. Knowledge work is being restructured by AI. Strategy happens in Claude. Research happens in ChatGPT. Building happens in Claude Code. The people defining the next decade of work are already thinking with AI every day. But none of that thinking compounds. Every session starts from zero. The reasoning behind decisions, the context behind strategies, the evolution of ideas across hundreds of conversations - all of it evaporates. Nessie is the infrastructure that makes it permanent. We auto-sync AI conversations and agent traces across every major provider - ChatGPT, Claude, Gemini, Perplexity, Claude Code, OpenClaw, Codex, and more - and turn them into a context layer that is queryable, reusable, and shareable by you, your team, and your agents. No browser extension. No manual capture. Your thinking flows in automatically and compounds over time. Where we are going: the AI-native organization runs thousands of agents that are powerful but amnesiac, and Nessie is the layer that integrates what the organization knows, what it has decided, and how its thinking has evolved. Science has journals, law has case law, software has git; AI-native knowledge work has had nothing. We are building it. We are two Yale CS grads and former Amazon engineers. Backed by BoxGroup, Pioneer Fund, Y Combinator, Precursor, and more. https://nessielabs.com",0,0
29453,Miden,Winter 2024,Active,"Card issuer processor and banking stack for businesses in Sub-. Miden is building a modern infrastructure that facilitates the launch of card programs and various financial products for businesses in Sub-Sahran Africa. Just by reducing integration time, card fraud, improving stability, and being customer focused we quickly rose to top 5 in TPV among card issuing Fintechs in Sub-Saharan Africa within 8 months of launch. We’re going to build the first comprehensive fintech and banking software stack for Africa, based on modern technology. We’re starting with a card issuer-processor",0,0
12010,Switchboard,Winter 2019,Active,"Technology for Trucking. Switchboard uses real-time data obtained by Switchboard devices installed on commercial vehicles to provide visibility and reporting on freight location, routing availability, and other related data important to manage freight movement across North America",0,0
13412,Easyplan,Winter 2020,Inactive,"An AI-driven investment app for beginner investors in India. Easyplan is an investment app for beginner investors in India (kind of a cross between Betterment and Qapital in the US). We also provide users with a credit card secured by their investments. We launched with money market funds and have ~40,000 customers who’ve invested (~40% MoM growth). The pandemic spurred interest among new investors, and our AUM has grown 3x since April 2020. And we’ve done this with a cost of acquisition that is 10% of the industry average. Here’s the problem we see. Only 10% of the 100 million middle-income Indian workers have invested in the markets. This is despite the fact that they save ~30% of their income, making this a $325B potential market in assets under management. However, current investment apps in India are built for active investors. With over 16,000+ mutual funds and 5000+ stocks to choose from, they are far too complicated for beginners, who make up most of the market. We’re building an AI - driven investment planning software that is designed for beginners. Users use our conversational AI to get diversified mutual fund portfolios tailored to their goals. We also offer users a credit card secured by their investments, so they can earn return without losing liquidity. In terms of business model, we make commissions on the asset we manage, and interchange fees on the fund. We estimate we can make $12 per user per year, which is 6x our current acquisition cost of $2 per investor",0,0
30466,Labric,Spring 2025,Active,"The data layer for scientific research. Labric is building the data layer that makes AI work for science. We capture messy lab data from instruments and tools, clean it, and connect it—so researchers can actually use AI to accelerate discovery",0,0
29725,Promi,Summer 2024,Active,"Optimizing ecommerce pricing with dynamic, personalized discounts. Promi is an AI-powered price and discount optimization platform. We help eCommerce merchants personalize their sales to generate additional revenue and profit. Ecommerce merchants and marketers typically use discounts to drive customer acquisition, boost sales during holidays, or liquidate inventory. But deciding on a discount to offer is typically guesswork. Who to send the discount to, how much to offer, and which products it applies to are, in the most advanced cases, determined manually by looking at past sales and seeing what worked well. In the majority of cases, it's what feels and sounds good. Promi leverages store data to optimize discounts at a more granular level than possible manually. We dynamically determine the best value across each product, for different users, at different times in order to maximize sales and profit",0,0
24925,Liv Labs,Summer 2021,Active,"Pelvic floor fitness made easy. Liv Labs (@livlabsfitness) is a US-based, Y Combinator-backed women's wellness innovator. 78 million American women live with pelvic floor weakness and 31M worry daily about leaking. Liv Labs is commercializing the patented Pippa Resistance Spring to boost fitness during exercise and semi-automated self-care coaching to keep them strong and active, lifelong. First orders shipped October 11, 2025. Pippa inventor, Carly Price, reimagined the humble pillow for Casper and has 41 patents to her name. Company CEO, Melody Roberts, incubated digital service experiences now scaling globally at McDonald's and Panera. Pippa development has been substantially funded by non-dilutive SBIR grants from NIH, NSF, and State of Illinois, based on stellar product effectiveness data and user feedback like, ""With this, surgery is off the table.""",0,0
533,SimpleLegal,Summer 2013,Acquired,"Legal Operations for corporate legal teams.. Legal spend, matter, accrual and IP management software for in-house counsel",0,0
288,CO2Stats,Summer 2008,Inactive,"Social and environmental web analytics. Acquired in December 2016.. CO2Stats aims to help website owners understand the electricity usage and related carbon emissions associated with site usage, and then helps site owners manage their carbon footprint. The company calculates the greenhouse gas footprint of visits to your site, based on locations of your visitors and servers, computer types, window and monitor sizes, local fuel mixes, download sizes and times. Every month CO2Stats purchase Green-E certified Renewable Energy Certificates to offset your site's CO2 footprint. Users can inspect your certificates and other environmental statistics by clicking on your CO2Stats badge",0,0
23780,PaletteHQ,Summer 2021,Active,"Manage sales commissions and sales performance. PaletteHQ makes it easy for B2B companies to calculate sales commissions and boost sales performance. We built a SaaS platform that non tech people can implement in a day, connect to their CRM, accounting software or ERPs, and calculate commissions automatically instead of using excel spreadsheets or BI tools",0,0
23185,Mythia,Winter 2021,Inactive,Rewards card for gamers,0,0
1721,"Lucy Goods, Inc",Winter 2018,Active,"Lucy’s mission is to reduce tobacco-related harm to zero. We provide. If it isn’t bad enough that smokers don’t realize the scientific facts about nicotine, most non-tobacco nicotine products are poorly designed and unappealing to use. The leading gum is sold like a pharmaceutical drug, with flavoring and packaging to match. Vapes provide a cumbersome, over-the-top experience — with use as tightly restricted as cigarette smoking itself, but more juvenile, conspicuous, and highly addictive. People want, and deserve, a better way. Therefore, we want to deliver nicotine users a superior experience, and at the same time give them a way to transition out of feeling dependent. In a better society, people wouldn’t carry around the sensation that they’re stuck with an involuntary habit. Our mission isn’t to encourage nicotine use among people who haven’t started. Unlike certain vapes or other products, ours isn’t the sort coveted by underage users on social media. Our mission is to alleviate the harm related to tobacco — first and foremost, by switching people away from the most harmful products. So, at Lucy, we take an evidence based view of nicotine. Nicotine’s pleasurable properties make it an inevitable part of modern society. Therefore, minimizing harm in all nicotine products is key, in addition to giving people products and strategies for cessation. We feel that, as 1,300 people are dying of tobacco related illnesses every day in the US, the most important and immediate step toward a better society is giving nicotine consumers products they enjoy using that will cause less harm. Our first product is designed to appeal to smokers and encourage them to switch. And, looking ahead, we hope to secure approval in the future as a clinically proven smoking cessation aid, while continuing to participate in the FDA’s public hearings around how NRTs are best regulated. Our goals are simple: because harm reduction is a better strategy around nicotine delivery than abstinence or prohibition, we want to help improve public health — and reduce its costs — through a superior pure nicotine product",0,0
24720,Storylane,Summer 2021,Active,"Build Interactive Product Demo in 10 mins for SaaS companies. Storylane enables marketing and sales teams to create and share interactive product demos in 10 min. Prospective buyers can self-experience the demos without talking to sales. Our no-code platform allows teams (without any engineering help) to capture, personalize, add guides and publish a demo. These Demos can be embedded on websites, email campaigns or sales followups",0,0
27655,Avoca,Winter 2023,Active,AI-powered Sales Agent for Service-Based Industries. We specialize in voice and can close customers across every channel 24/7,0,0
29483,Healia,Winter 2024,Active,Modern health insurance for dual income families. Healia is reinventing health insurance for dual income families. Our product enables companies to pay for the out of pocket costs of any employee that enrolls in their spouse's health insurance plan. This saves customers $10k per enrollee while providing an incredible employee perk: 100% coverage of a family's health costs. We’re now up to 50+ customers coast-to-coast with over 40k employees using our product!,0,0
31386,Interfaze,Spring 2026,Active,"AI model built for high accuracy deterministic tasks. Interfaze is an AI model built on a new architecture that merges specialized DNN/CNN models with transformers for tasks that require deterministic output and high consistency like Document intelligence, Object detection, Classification, Audio understanding and more. Interfaze outperforms large lab models like Gemini flash, Claude Sonnet and the GPT-5.4 mini series Architecture paper: https://arxiv.org/abs/2602.04101 Full open benchmarks: https://interfaze.ai/leaderboards",0,0
12241,Shiok Meats,Winter 2019,Acquired,"Shiok Meats is a cell-based clean shrimp company, the first of its. Shiok Meats is a cell-based clean meat company, exclusively working on seafood. Shiok Meats is the first cell-based meat company in Singapore and SE Asia and we employ cellular agriculture to grow seafood meat in the laboratory using cells instead of animals. Shiok in Singapore English slang means fantastic and enjoyable. Our meats are animal-, health- and environment-friendly with the same taste, texture and nutrients, but no cruelty. Our mission is to bring delicious and healthy meat by harvesting from cells instead of animals",0,0
30829,Remedy,Fall 2025,Acquired,"AI Agents for Pharmacies. Streamline prescription refills, reduce workload, and enhance patient care with intelligent automation",0,0
19888,Altro,Summer 2020,Acquired,"Build Credit With Your Subscriptions. Altro (altro.io) is a platform that enables members to build credit no matter who they are, where they are from, or their history of credit access/score. We serve the 68M people in the US (mainly Women and POC) who are denied credit due to historical bias and the lack of access that current banks provide to credit building and tools. (It wasn't until The Equal Credit Opportunity Act in the 1970's that Women and ""Minorities"" could even get fair access to credit)! Altro has created a mobile that allows anyone to have access to credit, using their subscriptions as a means to start building their credit score. Altro lends to members a $75 Line of Credit to pay for their subscriptions, such as Netflix, Hulu, HelloFresh, etc. This card is built to solely work on the subscriptions that the member is already paying for, allowing them to securely use their $75 credit to build their credit using things they are already paying for. Doing this empowers folx who were denied credit a way to start building their score and financial power. Altro will service millions of people in not only building their credit, but also gaining access to the tools (such as personal loans, emergency funds, car/house loans and more) that they could not access prior",0,0
22779,Axle Health,Winter 2021,Active,"Scheduling and workforce management SaaS for home healthcare providers. Axle Health provides scheduling and workforce management software for home healthcare providers. The Axle platform includes a mobile app for clinicians, an operations dashboard for office teams, proprietary logistics algorithms to optimize scheduling, and a patient engagement and booking solution. Axle is integrated with a wide range of EMRs, and the entire Axle product can be customized and accessed modularly via API. Some of the biggest home health care providers in the country use Axle’s software to improve the utilization of their clinical teams, and automate the operational burden of scheduling and dispatching",0,0
33310,Petrarch,Summer 2026,Active,Market maker for specialized data assets,0,0
13509,GiveAway,Winter 2020,Active,Community driven marketplace for used things. We help to get rid of the things in your house that are no longer needed without spending any time or money. Our users bid on your items with virtual coins and can often find great products up to 95% off,0,0
23433,Estoca,Winter 2021,Active,"The Logistics Operating System for E-commerce in LatAm. Estoca is a cloud-based logistics platform that uses AI to optimize fulfillment, warehousing, and last-mile operations for D2C brands in Latin America. Estoca provides customizable software and an integrated partner network that automate every step from storage to delivery. Our AI-driven workflows help merchants process more packages per square meter, per hour, and per person, accelerating delivery speed while reducing operational costs",0,0
25711,"Elphinstone, Inc.",Winter 2022,Active,Robo-advisory platform for Pakistan. We're building the equivalent of 401ks for Pakistan as the first step towards building a comprehensive wealth management platform for the country,0,0
31213,Byteport,Winter 2026,Active,"Global upload acceleration for 1GB-100TB files.. Founded in 2025, Byteport is a technology company that builds mission-critical network infrastructure for robotics, satellite, AI, and enterprise applications all over the world. Businesses of every size—from new startups to public companies—use our software to accelerate file transfer online",0,0
1636,Rabbet,Summer 2017,Active,"Bringing efficiency, accuracy and transparency to construction finance. Rabbet brings efficiency, accuracy and transparency to the complex construction finance industry. The platform uses machine learning to parse documents and connect information for reduced administrative burden, verifiable compliance, and faster decision-making for real estate lenders and developers. Formerly Contract Simply",0,0
29413,Oma Care,Winter 2024,Active,Get paid for taking care of your parents.. We are building the technical infrastructure to train and pay the 53M family caregivers in the US,0,0
12837,Recidiviz,Summer 2019,Active,"Helping create a smaller, fairer, safer justice system. Recidiviz is a non-profit technology company that drives meaningful changes in criminal justice systems and improved outcomes for justice-impacted individuals. Criminal justice data today is inefficient and ineffective: researchers, advocates, policymakers and practitioners each need funding and time for data collection and cleaning (for almost any data at all), and most data collected is too stale by the time it’s compiled to be useful. Recidiviz has built an open-source platform to ingest data from across data silos, link it, standardize it, and expose it in usable formats to the ecosystem. We provide products and analyses on top of this platform to help government agencies understand how their justice systems are functioning, set and track progress towards goals, drive evidence-based improvements to practice and policy, and ensure justice-impacted folks reenter their communities as safely and quickly as they can",0,0
11967,Ascen,Winter 2019,Acquired,EOR for the staffing industry. Ascen is a back office platform and employer of record for staffing firms,0,0
1591,Audm,Summer 2017,Acquired,"Audm is a subscription service providing mini-audiobooks —. Audm is a mobile app that turns long-form print journalism into professionally narrated digital audio. The app, which was quietly launched on 2016, uses professional voice actors to read news content that makes it enjoyable to listen to",0,0
30769,Juxta,Summer 2025,Active,"Building a GPS alternative 100x more powerful with no hardware needed.. Juxta is creating the first Universal Positioning System (UPS) — a GPS alternative that can monitor movement anywhere on earth with no new hardware, minimal internet connection, and remote deployment. Using custom machine learning models and a first-of-its-kind synthetic fingerprinting technology, Juxta can make any indoor, outdoor, or underground space location-aware in minutes for a fraction of the cost of any other geospatial technology. Juxta's UPS can be leveraged across industries — from securely tracking soldiers in combat zones to providing offline positioning for robots to offering asset tracking in warehouses and ports around the globe",0,0
1629,Prelim,Summer 2017,Active,"Software for banks to open bank accounts. At Prelim, we are on a mission to revolutionize the way financial institutions onboard new customers. We believe that the customer onboarding process should be fast, efficient, and user-friendly. As a member of our team, you will have the opportunity to work with cutting-edge technology and make a real impact on the financial industry. Our platform allows banks and financial institutions to digitize their services, streamline account opening processes, and improve customer experience. By joining our team, you will be a part of a fast-paced, innovative, and dynamic work environment where you can learn and grow your skills. Our team is made up of a diverse group of individuals with a wide range of experience and expertise. We value collaboration, creativity, and a passion for problem-solving. As a member of our team, you will have the opportunity to work with experts in the field, and be challenged to think outside the box. In addition, we offer a comprehensive benefits package, flexible working hours, and a great work-life balance. We are constantly evolving and growing, and we are looking for talented individuals who share our vision and are excited to be a part of our journey. If you're passionate about fintech and want to be a part of a team that is making a real impact in the industry, then Prelim is the place for you",0,0
1808,Universe,Winter 2018,Active,"Design and build any kind of website. On your iPhone or iPad.. Our mission is to empower everyone to build the internet. Universe is a magical new way to build websites –– it’s the first website builder designed for phones. Our app makes it easy for anyone to make a great looking website and start selling online in minutes from your iPhone, iPad, and Mac. And we make it as fun as playing with Legos! Give it a try: https://apps.apple.com/us/app/id1211437633 Explore sites made on Universe: https://onuniverse.com/explore We are a remote-first 20+ person company with people all over the US. We were YC W18 and have raised $17.2MM in funding from Google Ventures, General Catalyst, Javelin Venture Partners, Box Group, and more top investors. We value individual agency and ownership –– which guides our product design and our company’s culture. While other companies offer lots of perks, we prioritize your freedom: work from anywhere, in the way you’re at your best. We believe that an individual’s capacity for growth is far larger than most understand, and we’ve designed an environment to support rapid, continuous learning. Ideas here come from everyone, initiative is respected, and quality matters. We are here to build something special and enduring",0,0
256,Flightcaster,Summer 2009,Acquired,FlightCaster predicts flight delays. FlightCaster can predict your probability of delay hours before the airline or any other app notifies you. FlightCaster uses a patent-pending algorithm that scours data on every domestic flight for the past 10-years and matches it to real-time conditions,0,0
1935,Meru Health,Summer 2018,Active,"An online provider for greater mental health. Meru Health is an online provider for greater mental health with remote clinicians (licensed therapists & psychiatrists), a smartphone-based treatment program, a biofeedback wearable and an anonymous peer-support group. Meru Health is committed to evidence-based care and has published groundbreaking clinical outcomes in several peer-reviewed medical journals with Harvard & UC Davis. Meru Health has offices in San Mateo CA, Denver CO and Helsinki, Finland",0,0
31434,Adialante,Spring 2026,Active,"Cancer screening without barriers. We know how to improve cancer outcomes by 8x-10x: you catch it early. MRI is the most robust and powerful cancer-detection tool in the world, yet systems cost millions to purchase, take months to install, and require high levels of technical skill to operate. We've redesigned MRI from the ground up with new physics, algorithms, and hardware, all to bring cancer screening to the entire world. Our mobile MRI is an imaging clinic on wheels. No equipment to buy, no infrastructure needed. For a flat per-scan fee, any medical site can offer MRI cancer screening. Starting with prostate cancer. Then everything else",0,0
31207,Caretta,Winter 2026,Active,"Realtime AI for Sales Calls. Caretta is a Sales Intelligence for revenue teams. It joins reps in live calls, helping them handle information requests, questions, and objections in real time. Caretta lives in Slack to join the team conversation. Caretta gets smarter automatically: every call expands its knowledge base and objection library, turning conversations into compounding organizational advantage",0,0
30250,10x,Winter 2025,Active,"AI Sales Teams for Dental Practices. 10x helps dental practices turn missed revenue opportunities into booked appointments. We connect to a practice’s patient database, identify overdue recalls, lapsed patients, and unscheduled treatment plans, then use AI calling and texting to bring those patients back into the chair",0,0
23054,Unschool,Winter 2021,Active,"Learn, Intern and become Industry-Ready. Unschool provides real-world professional education that colleges in India do not provide. We are a marketplace where college students in India can learn about technology, management and arts from high-quality courses created by experts from around the world",0,0
439,Coinbase,Summer 2012,Public,"Buy, sell, and manage cryptocurrencies.. Founded in June of 2012, Coinbase is a digital currency wallet and platform where merchants and consumers can transact with new digital currencies like bitcoin, ethereum, and litecoin. Our vision is to bring more innovation, efficiency, and equality of opportunity to the world by building an open financial system. Our first step on that journey is making digital currency accessible and approachable for everyone. Two principles guide our efforts. First, be the most trusted company in our domain. Second, create user-focused products that are easier and more intuitive to use",0,0
24243,Repool,Summer 2021,Active,"Modernizing hedge fund back office software and services.. Repool makes it easy to launch and operate private funds, like Carta or Juniper for hedge funds. We build modern back office software and services to modernize and simplify launch, fund administration, and LP onboarding",0,0
23963,Gobillion,Summer 2021,Inactive,"Pinduoduo for India. Gobillion is the Pinduoduo for India, we make e-commerce social by enabling customers to buy together in groups and get great deals!",0,0
807,Quantierra,Winter 2015,Active,"Sourcing investment real estate. Quantierra sources real estate investments for developers. It uses their database and algorithms to determine what can be built, its value, and the probability of it selling. Taking a 1.5% cut of any property they help sell, They’ve made $141,000 in revenue in 3 months, and say they have $310,000 in signed term sheets",0,0
903,Afrostream,Summer 2015,Inactive,"AFROSTREAM is Netflix for African-American and African content. Afrostream brings you the best black shows, films, web series and more, streaming online anytime, anywhere. The site boasts an international library of 1,000+ hours of premium content, subtitled or dubbed according to the local market. Afrostream has licensing deals in place with Warner Brothers, Sony, Viacom, Lionsgate, and Sky Vision among others. The company has signed distribution deals with TF1, Orange and Bouygues telecom and debuted in the summer of 2016 on set-top boxes in over 12 million households in Europe. Afrostream was previously incubated by Silicon Valley’s prestigious Y Combinator and has secured investments from Orange, Cross Culture Ventures, and ACE & Company. Afrostream is accessible on Smart TVs, on the web, iPad, iPhone, and Android devices in 28 countries in Europe and Africa. Afrostream targets the 15M people of African descent in Europe and 936M Africans in sub-Saharan Africa",0,0
507,Zenefits,Winter 2013,Acquired,"HR for small businesses: onboarding, payroll and benefits.. Zenefits was founded to take the administrative heartache out of getting healthcare. In the five years since, Zenefits'​ consumer-grade technology has tackled one of the economy's gnarliest people problems: delivering easy access to health insurance. Today, this is the foundation of our People Platform which brings everything HR -- benefits, payroll, onboarding and talent management -- into one single app. And we're just getting started. Our team is creating a modern People Platform that empowers employees by equipping them with the tools they need to be independent, mobile, and fully in control. The Zenefits People Platform is where HR comes to life. Learn more at www.zenefits.com",0,0
28087,Rivet,Winter 2023,Active,"Open-Source alternative to Durable Objects. Easily build & scale AI agents, functions, stateful services, and more. Open-source & self-hostable",0,0
26137,Pina Earth,Winter 2022,Acquired,"Unlocking carbon markets for European forest owners. Pina Earth is building a suite of digital tools for data collection, monitoring, and certification of forest carbon projects. EU forests are at high risk due to climate change. With Pina Earth, forest owners can start high-quality carbon projects on their properties and use the new income stream to prepare their forests for a changing climate. Pina Earth and Tree.ly recently joined forces to create Europe's leading forest carbon platform: https://tech.eu/2025/07/29/pina-earth-and-treely-merge-to-create-europes-largest-forest-carbon-platform/",0,0
30182,Flowtel,Winter 2025,Active,"The AI Voice agents for hotels. Flowtel is building the next generation operating system for hospitality, powered by modern AI agents that can handle everything from booking to room service",0,0
12071,Ravn,Winter 2019,Active,"Ravn is building a heads-up display for soldiers.. Ravn is a DefenseTech company building a heads-up display for soldiers that will allow them to see around corners. In doing so, we allow them to see the enemy and react while they're still behind cover. Our lightweight heads-up display displays videos feeds from a camera on a gun, to drones, robots or other external platforms. Our heads-up display will become a soldier's most relied upon computer. We currently have four team members, all very experienced in their respective fields. Jake, the Founder, is a former Navy SEAL and understands the market and product. Our Chief Science Officer, Karl Guttag, is an industry leader in the optics and display space. Our VPs of Software and Hardware are both very experienced in their fields. Our primary technology focus is on peer-to-peer applications, near eye optics and displays, cameras/sensors/IoT, and UI/UX (hardware and software)",0,0
63,Carsabi,Winter 2012,Inactive,Carsabi is the search engine for used cars. Carsabi is the search engine for used cars,0,0
21839,Current Foods,Summer 2020,Acquired,Impossible foods of seafood.. Creating the next generation of seafood with plants and biotechnology. No compromises on taste and health while winning on price and consistency. First products are raw tuna and smoked salmon,0,0
31402,Standout,Spring 2026,Active,"Agentic hiring marketplace. Standout gives every talent and company an autonomous agent that represents them, assess the other side, and makes intros when it matters. Why it matters? Because this is hiring today: - Talent use AI to apply to 100s of jobs - this is spam. - Founders/Recruiting send 100s of AI-generated messages to hire the same talent - this is spam. This has to stop. Talent stays fully anonymous until they accept an intro. The best way for passively exploring the market and not missing a life changing opportunity. In 1 month, 10k talent / 60 companies / 100 intros",0,0
24705,Sensible Biotechnologies,Summer 2021,Active,"Unlocking the next generation of mRNA medicines. The future of mRNA therapeutics is hampered by manufacturing challenges and unless solved, its exciting potential may never be realised. Sensible enables the next generation of mRNA medicines by turning living cells into factories producing abundant, highly stable and non-immunogenic mRNA in a scalable and cost-effective way",0,0
31374,Tenet Industries,Spring 2026,Active,"Low-cost, mass-producible defense systems. Tenet Industries is building low-cost mass-producible defense systems, starting with attack drones. We're using design-for-manufacturing and first principles to reimagine how a defense product is developed and manufactured. We begin with the manufacturing, then solve all the inefficiencies and difficulties in the firmware/software. This allows us to hyperscale production in multiple defense categories such as strike drones, loitering munitions, jammers, radars, etc. Our first product is a kamikaze quadcopter. It assembles in two minutes and has half the parts to comparable systems",0,0
460,Vastrm,Summer 2012,Active,"Mass customized active apparel. We are building a full turn key. Vastrm Fashion™ (pronounced vas' trum) Vastrm was started to solve a basic problem: Shirts that don’t fit well! Mass produced shirts were meant to accommodate a wide variety of body types with one standard size, and different brands have different sizing standards, making shopping difficult--many men must shop in 4 - 5 different stores before finding a shirt that actually fits! By providing a home try on program and giving the ability to make custom fit adjustments to all of their apparel, Vastrm allows its customers to finally hone in on and find the perfect fit for their unique body types. Tang came up with the idea for Vastrm, which is a Sanskrit word for cloth, when a customer told him he had purchased a perfect shirt in Italy and has never been able to find the same fit again. He was considering flying back to Italy to track the shirt maker down, but Jonathan managed to adjust Vastrm shirts to the same fit",0,0
579,Awesometalk,Winter 2014,Inactive,"Free video calling without the hassle.. Awesometalk is based out of San Francisco. We provides simple, free video calling. We are insanely focused on making communication simple. We don’t like logging in, remembering passwords, or teaching our parents how to use Skype. Don't suffer the ""add me on Skype dance"" anymore!",0,0
1634,Caelum Health,Summer 2017,Inactive,"Caelum Health is replacing drugs with software. We use behavioral. Caelum Health treats chronic digestive diseases with digital therapeutics. They are a Y Combinator-backed healthcare startup building the first clinically-proven digital treatment for digestive health and IBS. They believe your healthcare should be personalized and data-driven -- cutting-edge science, top physicians, and expert coaching, all wrapped up in a treatment plan built just for your body",0,0
27838,Flower,Winter 2023,Active,"Train AI on distributed data. Flower Labs is the world-class AI startup behind Flower, the most popular open-source framework and ecosystem in the world for training AI on distributed data and compute resources using federated learning. Trusted by industry leaders such as Mozilla, Banking Circle, Samsung, Temenos and Bosch, Flower empowers organizations to improve their AI models on sensitive data that remains securely distributed across organizational silos or user devices. In a world where most AI relies on centralized public datasets - just a fraction of the data available - we believe unlocking access to (orders of magnitude more) private data will drive the next breakthroughs in artificial intelligence. Flower Labs is a Y Combinator (YCW23) graduate and backed by top-tier investors and renowned angels, including Felicis, First Spark Ventures, Mozilla Ventures, Hugging Face CEO Clem Delangue, GitHub Co-Founder Scott Chacon, Factorial Capital, Betaworks, and Pioneer Fund. Together, we are redefining how AI is built, deployed, and scaled for privacy, collaboration, and real-world impact",0,0
2028,Rejuvenation Technologies Inc.,Summer 2018,Active,"mRNA therapeutics to extend healthspan entering clinical trials. Stanford-patented essential drug platform unlocks the healthspan, which is limited by short telomeres. Extends mouse lifespan by equivalent of 10 years in humans. Reverses 5-10 years of telomere shortening with one dose in one day. Preclinical efficacy in 4 organ systems including immune system. Entering clinical stage. CEO is Subject #1 in longevity trial. 50+ granted patents, 7 patent families. FDA INTERACT cleared. Raising $10M seed extension ($2M+ wired) to fund 3 investigator-initiated trials. Readouts in Q3 2027. $6.8B in comparable mRNA-LNP M&A in last 12 months",0,0
24251,Pideaky,Summer 2021,Active,"We help offline LatAm SMBs manage and accelerate their cash-flow. Pideaky helps offline LatAm SMBs manage and accelerate their cash flow through AI collection agents, which remind, collect, and negotiate bills on behalf of SMBS in Latam. We focus on the massively underserved $70B/year customer segment as our wedge — Mexican corner shops and corner shop providers:",0,0
24079,Instacrops,Summer 2021,Active,"Helping farmers maximize crop yield. Instacrops is a simple dashboard that helps farmers maximize their crop yield. We give farmers IoT sensors to put in their field. We combine that data with satellite and drone data to provide analytics on the health of their farms. Farmers use this to increase their crops yield by 12% on average. We’re live on 300+ farms across Latam and have reached more than $200.000 in monthly revenue, growing 2X YoY. There’s 2.9 billion acres of farmland in Latin America which makes this a $50 billion market. We’re instacrops. We’re bringing data driven decisions to farmers worldwide",0,0
30688,Fulcrum,Summer 2025,Active,The agentic debugger for AI systems. We build red-teaming agents that help developers fix their RL environments and improve their agents. Our customers are tired of being bullshitted by their agents,0,0
1911,Contrast,Summer 2018,Inactive,"Developer Handoff - Reimagined for Storybook. It's a better way to build frontend. It connects your Stories, Tokens, & Figma components. It lets you inspect designs with confidence and speed. And you can use it in Storybook",0,0
29741,Dimely,Summer 2024,Active,"AI-Powered Spreadsheet for Billing Automation. Dimely helps accounting teams scale their order management & contract review workflows. Today fast-growing tech unicorns like Checkr and Airbyte get more coverage with less manual work by using Dimely’s AI agents to intelligently extract relevant details from core files like Order Forms, MSAs & POs, flag discrepancies, and then sync this information to core finance systems like NetSuite and Stripe. Dimely leverages what finance and accounting teams love most, spreadsheets, for all its workflows so teams never feel out of place. Teams just replace their existing, siloed Excel spreadsheet with one that's connected and powered by AI. Teams love Dimely for its ease of use and intuitive user experience that saves them hundreds if not thousands of hours a month",0,0
24130,VitalStrata,Summer 2021,Active,"AI for risk adjustment integrity. Boost coding accuracy, uncover hidden prospective signals, and increase audit-defensibility of MAO risk adjustment operations with VitalStrata's RAF Precision AI",0,0
597,Axoni,Winter 2014,Acquired,"Axoni is building the next generation of capital markets technology. Axoni is a New York-based technology firm that builds multi-party workflows and infrastructure for some of the largest financial institutions in the world. Founded in 2013, the company offers core data infrastructure, application development, and automation tools",0,0
252,Tuxebo,Summer 2009,Inactive,Tuxebo was a platform for renting things. A Ω,0,0
22091,Supabase,Summer 2020,Active,"Build in a weekend. Scale to millions.. Supabase is the easiest way to get started with Postgres. Each project within Supabase is an isolated Postgres cluster, allowing customers to scale independently, while still providing the features that you need to build: instant database setup, auth, row level security, realtime data streams, auto-generating APIs, and a simple to use web interface. We are 100% remote",0,0
519,Teleborder,Summer 2013,Inactive,"Dashboard for companies to manage immigration for their employees.. Teleborder helps companies hire, manage and retain international employees. Our software platform enables companies to manage immigration, reporting, and compliance all in one place, and our network of providers deliver related services through our platform. Our customers range from small startups to large corporations, and our investors include Y Combinator, Khosla Ventures, IDG, and others",0,0
488,Etleap,Winter 2013,Active,"Etleap is an ETL solution for creating perfect data pipelines.. Etleap is an ETL solution for creating perfect data pipelines from day one. Unlike other enterprise solutions, Etleap doesn’t require extensive engineering work to set up, maintain, and scale. It automates most ETL setup and maintenance work, and simplifies the rest into 10-minute tasks that analysts can own",0,0
29002,Envelope,Summer 2023,Active,"Budgeting app with built-in banking. Envelope is a budgeting app with built-in checking and debit cards. It helps people organize real money into digital envelopes, plan ahead for bills and everyday spending, and control spending before it happens, instead of only tracking transactions after the money is gone",0,0
28792,AIVideo.com,Summer 2023,Active,Superhuman video production as a service. Superhuman video production as a service,0,0
12641,Green Canopy NODE,Summer 2019,Active,"Green Canopy NODE builds sustainable homes fast.. Construction costs are climbing out of control, there is a declining construction workforce that gets smaller with every recession. Meanwhile, we’ve got a housing crisis in our major cities. Green Canopy NODE is the combination of NODE - construction technology start up that develops a house assembly kits that we manufacture in our factory in Seattle, and then ship flat-pack - like Ikea, and Green Canopy a vertically integrated developer, general contractor and real estate fund manager already operating in Seattle and Portland. We are continuing to develop and launch construction technology solutions including prefab components and software into our pipeline of residential projects ranging from small apartments, town houses, single family homes and small dwellings. Our mission is to build homes, relationships, and businesses that help regenerate communities and environments",0,0
1432,UtilityScore (formerly Pando),Summer 2016,Inactive,"API that estimates utility costs for 100M+ homes.. API that estimates utility costs for 100M+ homes. Helps real estate sites, building industry suppliers, solar companies, and lenders target, engage, and convert more customers",0,0
1582,Py,Summer 2017,Acquired,"Py is democratizing access to career opportunities in tech. Py is democratizing access to career opportunities in tech. Our iOS and Android apps have been featured in the App Store & Google Play Store and we've provided millions of lessons and quizzes to our users. We are changing the way that educational content is delivered and modernizing traditional online teaching tools. We launched Py for Work to level the playing field for candidates and empower companies to take a skills-based approach to hiring. Our platform enables companies to assess candidates using real-world assessments, not brain teasers. We’re helping industry leaders like LiveRamp, Amplitude, and Factual approach hiring based on merit, not resume keywords",0,0
22774,Flok,Winter 2021,Acquired,"End to end company retreat planning. Flok offers end to end company retreat planning. Flok combines a planning dashboard with human retreat designers to provide your team with the best retreat possible. From booking hotel room blocks to planning and executing the ideal itinerary, Flok has you covered",0,0
13223,Multiverse,Winter 2020,Inactive,"Multiverse is a web-based game creation system inspired by Dungeons &. Multiverse is a web-based game creation system inspired by Dungeons & Dragons and Roblox with a marketplace for assets from A-list creators. We've already partnered with several prominent creators who have millions of followers and millions in revenue, and they're bringing their audiences to Multiverse. We charge 30-60% of those sales based on how much we help the creators make the content. Check out our [gameplay trailer here](https://drive.google.com/file/d/1rPwwhw03HO7uda_YDXBfKfvCZ_fHV795/view?usp=sharing). The best way to get Multiverse is to play it. If you're into games, creativity and representation, hit us up and we'll play with you",0,0
553,Amulyte,Summer 2013,Inactive,"Remote monitoring & activity tracking system for seniors.. Growing old is part of life. Losing your independence shouldn't be. We believe in a world where seniors can keep their freedom and still feel safe. That's why we created Amulyte; a remote monitoring and activity tracking system for seniors. Amulyte is committed to providing the technology needed to help protect seniors from falls so they can continue to age at home. There are 55 million seniors in North America, a number that is only going to grow in the coming years. It is becoming increasingly important that seniors are able to continue living in their own homes as they age. Amulyte helps make that possible by using the latest technology to provide coverage anywhere - no more base station or being restricted to your home",0,0
123,Snapjoy,Summer 2011,Inactive,"Photo library.. Snapjoy is an online photo storage service that imports photos from anywhere and organizes them in a meaningful way. After uploading some photos, the app categorizes the photos for its user, using metadata to try to intelligently place the correct photos in each album. If the user uploads the same photo multiple times, Snapjoy ignores the duplicates. By default, everything uploaded to Snapjoy is private but users can still share photos with specific groups of friends, and if the users grant permission, friends can actually copy users’ photos into their own Snapjoy album. Snapjoy was launched in 2011 and is headquartered in Boulder, C.O",0,0
1938,Embeddables,Summer 2018,Active,"The funnel builder built for health & wellness brands.. We replace form builders like Typeform and custom code as the way you collect information from users using low code tools. For example you’re a health tech startup and want an onboarding flow but don’t want to use Typeform and don’t have engineering bandwidth. You can use Embeddables to build a totally custom concierge flow and embed it in your app. Then make edits and view analytics, without writing code",0,0
1502,Tolemi,Winter 2017,Active,"Data integration & insights for state and local governments. A smart city technology platform that helps state and local governments take a data-driven approach to ensure safe, stable, and affordable housing",0,0
13316,AIOS,Winter 2020,Active,"Building AI-native infrastructure for the next era of care.. Our overarching mission is to build the AI operating system for consumer healthcare - delivering end-to-end care with near-zero marginal human time. We believe the future of healthcare is automated, intelligent, radically lower cost, and built around the consumer. We believe biology is entering a golden age. We believe profitable, focused companies beat bloated ones. We're determined to get the humans out of healthcare - replacing slow, expensive, legacy workflows with software-driven care delivered at scale. We’ve started by building this infrastructure to power our own brands - including Bolt Pharmacy and Fella Health, among others. Today, that infrastructure is helping patients access life-changing treatment for excess bodyweight. Over time, we’ll extend it across many of the categories that will define the next era of healthcare. Our infrastructure will have served 100 million patients worldwide by 2035. We’ll then use that infrastructure to deliver next-generation healthcare products at massive scale. In doing so, we aim to build the world’s first trillion-dollar healthcare company",0,0
508,Goldbelly,Winter 2013,Active,"Empowering restaurants and small food makers to ship nationwide.. Goldbelly is an online platform for specialty food makers and artisans. We discover America's most unique handmade foods and ship them to your door, anywhere nationwide",0,0
1961,"DreamCraft Entertainment, Inc.",Summer 2018,Active,"Platform that allows anyone to create and monetize video games.. DreamCraft enables anyone to create, publish, and monetize video games. The company’s core product is a code-free game creation platform, bundled with high quality art assets. DreamCraft is backed by March Capital, Makers Fund, Tencent Corporation, Y Combinator, and other top investors in the gaming space. The company was founded in 2018 and now has a global team of 20+ people with half remote and half based in Silicon Valley",0,0
2022,Oxygen,Summer 2018,Active,A leading digital bank in the US offering personal and business,0,0
12079,DailyDoctor,Winter 2019,Inactive,"Daily telehealth care for people with COPD, CHF, hypertension, and. Telehealth clinic that monitors patients with chronic conditions and prevents their hospitalization",0,0
13473,Viya,Winter 2020,Inactive,"Mobile first apartment rentals for LatAm. We make living in city centers affordable in LATAM. We offer room and apartment leases paired with seamless services (cleaning, maintenance, laundry, dry cleaning) to make our tenant's lives less hectic. With a current MRR at $60k growing 20% weekly for last 3 months with margins tracking 40%. Team is from MIT with background in real estate looking to improve rental experience for tenants and owners with technology",0,0
23462,boitas.com,Winter 2021,Inactive,"Largest B2B eCommerce platform for SMBs in Latin America.. Boitas.com is a B2B Food Service platform that makes easy for restaurants, hotels and cafeterias to order the supplies they need all in one place using their mobile phones or computers",0,0
30913,Captain,Winter 2026,Active,"Give AI agents accurate knowledge search that scales. Captain delivers the most accurate file search engine built for AI agents. We’ll index data from the sources folks already use like S3, SharePoint, and Google Drive, and easily scale multimodal, petabyte-level content search. We’re the Snowflake for Unstructured Data. Captain tops the Open-RAG-Benchmark with over 20% higher accuracy than standard RAG pipelines. We achieve this through robust data processing techniques like embedding normalization across modalities, ensuring that representations cluster by semantic content rather than data type",0,0
31529,Mochatrade,Spring 2026,Active,"US stock perps for Indian traders. Mochatrade lets global traders trade perpetual futures on US stocks with up to 20x leverage. Access 50+ US stocks including TSLA, NVDA, AAPL. Mocha is fully self-custodial and no US brokerage account is needed. Traders on-ramp in local currencies and get professional-grade execution on the world's most liquid equities. Starting with India (140M+ demat account holders), and expanding across other markets",0,0
27049,Anchor,Summer 2022,Active,"Embedded finance platform for African businesses. Anchor provides APIs, dashboard and tools that help developers easily embed and build banking products. This includes APIs for creating bank accounts, funds transfers, savings products, issuing cards and offering loans. We also provide regulatory coverage and continuous compliance support to our partners",0,0
24692,Membo,Summer 2021,Inactive,"Groceries fresher than a farmer’s market, delivered to you (EU). Membo is a next-day grocery delivery app for premium customers in Europe. Like PinDuoDuo Groceries in China, Membo is the fastest way to order your weekly groceries directly from local food producers. The convenience of supermarkets & 15-minute grocery apps comes at the expense of freshness: food that should be delivered fresh, gets bought in bulk and sits on warehouse shelves for days. To get the freshest produce, you need quick producer-to-end-customer delivery, not just quick warehouse-to-customer delivery. Membo lets you order food directly from hundreds of local food producers & organises delivery so you always get the freshest version of every product. Membo's CEO, Vahur Hansen, was an early engineer at TransferWise, and co-founder, Paula Kink, built her own healthtech startup. Launched in Dec 2020, we've grown 30% MoM for the past 8 months and have delivered over 4000 orders in Tallinn, Estonia",0,0
24041,Koshex,Summer 2021,Active,Automating wealth creation for 400M Indian millennials. Koshex is building Wealthfront for India with data-driven insights around day to day finances for an individual to save more and invest well. We are automating wealth creation for 400 million Indian millennials with access to more than US$700bn of individual investable wealth,0,0
25652,SALT,Winter 2022,Active,B2B Cross-Border Payment & Compliance Platform. Salt is a neo banking solution stitched together to ease payments and documentation which comes with business banking by moving it to a digital-first and automated end to end platform,0,0
31250,The Token Company,Winter 2026,Active,"Compression middleware that improves LLM outputs. Compression middleware that removes context bloat in milliseconds, lowering costs and improving end-to-end latency. Compression is especially effective across natural language workloads. In a blind LLM arena case study with one of our customers, compressed requests increased user preference, lowered costs, and lifted purchase volume by 5%",0,0
26041,The Ankler,Winter 2022,Active,Subscription entertainment news. The Ankler is subscription news for the entertainment industry so good that everyone from CEOs to creators pay to consume it every day,0,0
760,Democracy Earth,Winter 2015,Active,"Censorship resistant democracies.. Our mission is to build a sustainable democracy for the Information Age. We create censorship resistant, free and open source software that can deploy democracies anywhere there's an internet connection. We have implemented governance infrastructure for crypto networks; shadow referendums for activists in critical countries and the first Quadratic Voting implementation in the USA for the Colorado Legislative House. Backed by Templeton Foundation (2019), Y Combinator (2015) and Fast Forward (2016). Presented on TED Global (2014). Awarded by MIT Technology Review (2017) and Singularity University (2016). We did research for Alphabet, World Economic Forum and the University of Berkeley",0,0
31423,BentoLabs AI,Spring 2026,Active,"Monitoring and learning layer for long-running agents. BentoLabs is the monitoring and learning layer for long-running agents. We detect when agents silently fail or drift from the user's goal, system prompt, or tool contracts, show affected users and root cause, and suggest the prompt, skill, or harness fix. As more teams deploy agents, keeping them reliable in production becomes mission-critical. Bento sits directly in the production loop and gives teams the operational leverage required to scale agent ecosystems without scaling human firefighting alongside them. The result is a system that turns opaque agents into agents that can be monitored, debugged, and improved continuously. The founders learned this problem at Emergent (YC S24), where they built and operated production coding agents used by 5M+ users. Abhinav was hire #1 and helped Emergent hit SWE-Bench #1 and scale from $0 to $100M ARR in just 8 months. Kaushik was hire #2, led full-stack engineering at Emergent, and was key to building the infrastructure that made production agents reliable, observable, and debuggable. Bento's self-learning engine has also lifted ARC-AGI-3 (internal) by 2.6x and Terminal-Bench 2.0 (internal) from 42.2% to 52.4% pass@1 with the same model, tools, and budget",0,0
29311,Engines,Winter 2024,Inactive,"Setup any repo with one command. Engines is an AI platform engineer that containerizes codebases, debugs Terraform code, and helps you get complex monorepos setup",0,0
700,Rigetti Computing,Summer 2014,Public,"Quantum coherent supercomputing.. Rigetti Computing is building the world’s most powerful computers to help solve humanity’s most pressing and important problems. These systems will perform computations that today’s fastest supercomputers are incapable of — unlocking entirely new classes of problems and offering a direct path to solutions. We are scientists, engineers, builders, and visionaries. We believe quantum computing is going to significantly affect health care, how we treat disease, how we generate energy, and how we feed humanity. Rigetti is the only company deploying full-stack solutions for hybrid classical/quantum computing. Our 19-qubit quantum computer is available online through our Forest platform, and the first commercially useful applications are already under exploration. We were founded in 2013 by Chad Rigetti, and are located Berkeley and Fremont, California",0,0
29788,Refactor,Summer 2024,Active,"Deploying secure and reliable AI agents across healthcare, retail,. Refactor works closely with large organizations across healthcare, retail, and logistics to safely tackle their most ambitious AI use-cases in record time. We focus on building autonomous systems that call, click, and navigate legacy software systems. We have worked with companies serving tens of millions of customers and with $50B+ annual revenue",0,0
31262,Talking Computers,Winter 2026,Active,"AI for AI Infrastructure. We deploy fleets of AI Infrastructure Engineers to collaborate over week-long time horizons, run 100s of experiments in parallel, and learn from them to optimize your training/ inference infrastructure to your workloads. We've partnered with companies to speed up their GPU kernels to 6x SOTA, and improved the latency of voice models to twice the competition",0,0
1041,Pave,Winter 2016,Active,"Pave analyzes Google Analytics + marketing data and sends you reports. We turn your Google Analytics data in actionable insights + reports with our data science AI algorithm. We're a Y Combinator-backed company, and our users include Four Seasons Private Residences and Scribd",0,0
769,HigherMe,Winter 2015,Acquired,"Helping restaurant employers find & hire better employees faster. HigherMe is all-in-one hiring software for restaurant and retail businesses to easily recruit, screen, interview, and onboard employees. Quickly review applications, schedule interviews, manage job board postings, and fill out employee paperwork from anywhere on any device. Created by a former multi-unit franchisee, HigherMe reduces the time and cost of hiring using a mobile-first applicant tracking system, Text-To-Apply technology, one-click interview scheduling, video cover letters, and more. With over three million applications submitted using our cloud-based software, say goodbye to the stack of paper résumés and easily fill open jobs anywhere, anytime",0,0
24158,Forage,Summer 2021,Active,"Payments infrastructure for government benefits. Forage is a mission-driven payments company that helps businesses accept government benefits through a single, unified API. Today, over 42 million Americans receive government assistance (ex: Supplemental Nutrition Assistance Program, or SNAP) to buy groceries. Starting with enabling EBT SNAP online, Forage builds the financial infrastructure empowering businesses to serve these shoppers online",0,0
30285,Karsa,Winter 2025,Active,"Stablecoin neobank for emerging markets. Karsa is a stablecoin neobank for over 100M people in emerging markets. We enable people to buy dollar-denominated stablecoins, save money in US bank accounts, and spend anywhere with a Visa card",0,0
23457,Turing College,Winter 2021,Active,"AI-driven online tech school for busy professionals. Turing College is an online AI-driven school for busy professionals. We upskill & reskill in data science & AI, analytics, marketing and programming in 3-12 months with 1on1 support and flexibility",0,0
980,Magic Instruments,Winter 2016,Inactive,"Magic Instruments makes a high-tech guitar that is easier and more. Musical instruments that enable anyone to play instantly, and make it easier and more inspiring to learn. Magic Instruments (YC W2016 and Highway1 F2015) is the maker of the MI Guitar. We design the tools that allow anyone to express themselves by making music. Our mission is to create a world that inspires human connection through music playing. We give people all the joy of playing music. We’re developing a new class of music instruments and the ecosystem around them, starting with our first product, a new type of guitar that anyone can play using an intuitive UI on the fretboard and a mobile app to play your favorite songs, instantly. We also make it technically easier and more inspiring to learn traditional guitar technique. Can't play a guitar? We guarantee you can play this one. The MI Guitar is a new type of guitar that you can pick up and play, instantly. By reinventing the fretboard of a traditional guitar, it simplifies playing so anyone can play their favorite songs at first sight, or create their own original music. You can also play this like the traditional guitar and it gives you a fun and easy way to learn the guitar. Pre-order now at https://magicinstruments.com Facebook: https://www.facebook.com/magicinstruments/ Twitter: https://twitter.com/magicinstrument YouTube: https://www.youtube.com/c/magicinstruments",0,0
811,Giveffect,Winter 2015,Active,"Fundraising, Volunteer and Donor Management SaaS for nonprofits.. Giveffect provides a powerful all-in-one software platform exclusively for nonprofits. We offer fundraising, events, online donations, volunteer management, donor management, marketing, constituent relationship management software, and more. We are well positioned for rapid expansion in the coming years and have garnered top industry recognition for our platform",0,0
896,SunFarmer,Summer 2015,Active,"Reliable and affordable solar energy in developing countries.. SunFarmer provides affordable solar energy for hospitals, schools, businesses, and farms in developing countries. In many parts of the world, electricity is unavailable, unstable, or extremely expensive. Yet reliable electricity is critical for high quality healthcare, modern education, economic development, and improved agricultural productivity. Learn more at sunfarmer.org",0,0
13115,OpenUnit,Winter 2020,Active,"Software for managing self-storage facilities.. OpenUnit is the all-in-one platform self-storage facilities need to run their business - whether they’re a single mom-and-pop site or a multi-facility corporation. Our complete set of tools gives storage operators what they need most—a powerful online presence, reservation system, legal agreements, insurance, merchant solutions and management software to simplify the process of running a storage facility. On top of that, OpenUnit gives facilities: • Team Management & Communication: Every account includes a space that lets you share messages with co-workers & head office. All without reaching for a separate app. • Payments & Point-of-Sale: Increase your revenue with payment options that support all card types, and increase in-store purchases with Point-of-Sale (POS) software. • Accounting & Bookkeeping: From sales and purchases to cashflow, taxes and reporting. OpenUnit Books will make you feel like a professional accountant, even if you aren't",0,0
1057,Redspread,Winter 2016,Acquired,"Version control for software environments. Redspread is a collaborative deployment tool for managing environments from development to production. It enables the deployment of Docker projects to a Kubernetes cluster using a single command. Redspread was launched in 2015 and is based in San Francisco, California",0,0
31351,Scope,Spring 2026,Active,"We help software companies get discovered and used by AI agents. Scope is the system companies use to measure and improve how agents discover, interact and use their product. As more products gets used through AI agents like Claude Code, Codex, Cursor, and similar agents, agents are starting to influence which tools get chosen, how they get set up, and whether they keep getting used. Most companies still cannot see that process clearly. We run real workflows across agents and show teams when the agent picks them versus a competitor, where it breaks, where docs or product surfaces confuse the agent, and what to change to get better results and a better agent experience. I started Scope after working on interpretability research for closed-source models at Princeton and later as an ML engineer in GEO/AEO. I kept seeing the same pattern: these systems were shaping real product discovery and usage, but companies had very little visibility into what the model was actually doing. We are starting with products that agents can directly interact with, especially APIs, infra products, CLIs, and MCP servers",0,0
1454,Arthena,Winter 2017,Acquired,"Quantitative Investment in Art Assets. Arthena is a financial product that gives you access to the alternative asset class with the highest barrier to entry and strongest historical returns. We invest in the most liquid segment of the art market, with the lowest volatility, yielding tremendous growth uncorrelated to traditional investments. Arthena’s automated and data driven investment strategy regulates art investment by building traditional fund structures. HNWI’s can now securely and confidently diversify their portfolios into alternative assets focusing on the luxury market. Arthena has designed and built a statistically rigorous model that estimates the value of artwork over time. Since the data we obtain derives from auction records and repeat sales, our model relies on a set of features about each result. These features include include the artist’s name, medium, date of creation, origin of location and size of work. After identifying groups of work that are similar to each other, we calculate the expected ROI and estimated volatility based on the distribution of gains. Using historical auction results to simulate the performance of our funds, we leverage Monte Carlo analysis to determine annualized returns and sharpe ratios. Based on this analysis, Arthena can validate the financial viability of our product and establish statistically rigorous bounds for these estimates",0,0
27161,Krave Mart,Summer 2022,Active,Grocery Delivery in Pakistan. Krave Mart is the Rappi for Pakistan. We’re an online grocery store that delivers within minutes,0,0
12454,Prenda,Summer 2019,Active,"K-8 microschools in your neighborhood. Prenda makes it easy to open a K-8 microschool in your home, studio or office. We start with an adult guide who cares about kids and believes in the power of learning. Often this is the mom of one of the students. She recruits a class of up to 10 students, and we provide everything she needs to run a microschool - training, support, software, curriculum, and funding so she gets paid. In",0,0
24580,Onsite Pro,Summer 2021,Inactive,"Revolutionizing digital selling within HVAC. We make contractor proposal creation as simple as checking out of e-commerce. We equip HVAC distributors (who sell HVAC equipment to contractors) with digital catalogs preloaded with pricing, product details, and templates that allow contractors to create a professional proposal in under 10 minutes and sell in-person",0,0
13512,Stable,Winter 2020,Active,"A virtual address + mailbox for business. 📬 Stable is a virtual address & mailroom for startups, and the only solution on the market that guides you through switching your business address compliantly - 🏢 1 permanent business address for all of your company documents and mail - 👩‍🏫 Guidance on compliantly switching your address with the IRS, state, banks, payroll, etc - 📨 Open, view, forward, and shred your mail securely without physically entering a mailroom - ⚡ Integrations with the tools you love to use (Slack, Dropbox, Drive, etc) - 💻 Modern platform with encrypted file storage, optical character recognition, and more",0,0
111,Kicksend,Summer 2011,Inactive,"Send and print photo albums with people you love. Acquired by Lyft. Kicksend is a web, mobile and desktop app that provides an easy solution for printing and sending photographs. Kicksend platform is complete with social tools, multiple payment options, one click purchasing and a robust virtual currency system. The company has partnerships with Walmart, Walgreens, Target, CVS and Duane Reade that provide local retail locations for users to pick up their printed photos",0,0
1533,Marketfox,Winter 2017,Inactive,"Marketing automation platform optimized for mobile and web.. Marketfox is a Marketing Automation software that simplifies Marketing with AI. Launched in 2017, Marketfox is a YC backed company. Its powerful features allow websites to attract, convert, and engage more visitors into customers in the web and app",0,0
29346,sync.,Winter 2024,Active,"AI lipsync tool for video content creators. at sync. we're making video as fluid and editable as a word document how much time would you save if you could *record every video in a single take?* no more re-recording yourself because you didn't like what you said, or how you said it. just shoot once, revise yourself to do exactly what you want, and post. that's all. this is the future of video: *AI modified >> AI generated* we're playing at the edge of science + fiction. our team is young, hungry, uniquely experienced, and advised by some of the greatest research minds + startup operators in the world. we're driven to solve impossible problems, impossibly fast. our founders are the original team behind the open sourced wav2lip — the most prolific lip-sync model to date w/ over 10k+ GitHub stars. we [1] train state-of-the-art generative models, [2] productize + host them for scale [3] grow virally through content [4] upsell into enterprise",0,0
67,Shopular,Winter 2012,Acquired,"Deals, Coupons & Cash Back for your favorite stores.. Shopular is changing the way people use their mobile phones to shop. Available on iPhone and Android, the innovative mobile app notifies users of personalized sales and coupons when they are near a store or mall. Shopular is the highest rated app in its category and ranked by Time Magazine among the 50 best iPhone apps of 2013. Shopular is founded by engineers from Google, Shopkick and Loopt . We are backed by Sequoia Capital and Y Combinator and headquartered in downtown Redwood City, minutes from Cal Train",0,0
24355,LootRush,Summer 2021,Active,"The global operating account you truly deserve.. The account designed to earn in one country, live in another, and access assets everywhere",0,0
1539,Playment,Winter 2017,Acquired,"Mechanical Turk for enterprises.. ""Computers are incredibly fast, accurate and stupid; humans are incredibly slow, inaccurate and brilliant; together they are powerful beyond imagination.""​ Playment is a fully managed data labeling platform generating training data for computer vision models at scale. We empower companies in the Autonomous Vehicle, Drones, Mapping, and similar spaces with high precision annotation services - No matter how complex. We’re helping companies and research institutions like Drive AI, Starsky Robotics, CYNGN, and UIUC focus on their core areas of development. Our platform is powered by a trained workforce of 300,000+ users and managed by our human intelligence experts who build your tasks and deliver results with assured quality. Support Annotation types: Bounding Boxes, Cuboids, Polygons, and Polylines, Point annotations, Segmentation(coming soon) for both image and video data types. Interested to hear more? please check out https://playment.io Use Cases we worked on: Autonomous vehicles, drones, satellite imagery, precision agriculture, Retail / eCommerce, sports analytics",0,0
1507,Request Network,Winter 2017,Active,"Request is a payment request technology & an ecosystem of apps. Request allows companies & people to pay and get paid in cryptocurrencies by relying on the most innovative payment request technology. On top of it, apps such as Request Invoicing allow professionals to send proper crypto invoices and get paid in a click. Adoption for this app is growing at an impressive rate as we can see here https://req.network",0,0
12065,Axel Travel,Winter 2019,Active,"AI agent that saves you money on travel. Axel finds you the best travel deals, has negotiated rates and gets you money back if the price drops after booking. FKA - Gordian Software: API for online travel companies to sell airline ancillaries",0,0
24026,Flowbo,Summer 2021,Inactive,"Pipe for online businesses. Flowbo provides financing to online revenue-generating companies including creators and eCommerce. We package assets into investable products so creators can raise money. For example, we package receivables into factoring products",0,0
932,RedCarpetUp,Summer 2015,Active,"Credit cards for Indians that banks cannot see. RedCarpet issues credit cards to those that banks cannot see. Currently we are one of the largest issuers of credit lines to the new-to-credit customer in India. In a population base of 800 million people with bank accounts, there are less than 40 million credit cards. By building a fullstack SDK for card issuance, underwriting as well as holding capital & collection ops, we are looking to build the Capital One of India",0,0
26265,Seis,Winter 2022,Active,"Banking 100% in Spanish for the 44 million US Spanish speakers. Today we're the easiest way for our customers to get a bank account. Tomorrow we'll be the easiest way to get a credit card, auto loan, mortgage, etc. Our mission is to treat our customers as 1st class citizens and *end dial #2 for español*",0,0
766,GroupAhead,Winter 2015,Inactive,"Improve communications with your group's own mobile app.. GroupAhead is a YC-backed company that allows groups to create their own dedicated smartphone apps. The easy-to-use, single-purpose app focuses solely on connecting an organization's members. With a dedicated, specialized app, member involvement and event attendance goes up, and push notifications cut through the noise of email and Facebook",0,0
25682,LunaJoy Health,Winter 2022,Active,"AI-powered scalable infrastructure + mental health services, starting. LunaJoy is building the AI-powered care platform for precision mental health—starting with women. We integrate intelligent automation with specialized clinical services to deliver scalable, life-stage-specific care—from adolescence to pregnancy, postpartum, infertility, miscarriage, perimenopause, and aging. By embedding AI agents into care navigation, triage, and decision support, we reduce costs, accelerate outcomes, and personalize treatment at scale. Our hybrid care model blends targeted psychotherapy, psychiatric medication management, genetic testing, coaching, and holistic wellness—delivered by a curated workforce of women’s mental health specialists. Through continuous feedback loops, AI segmentation, and predictive insights, LunaJoy is built to scale. We’re expanding our in-network footprint to make this care accessible across commercial and Medicaid populations—closing equity gaps for women of color, LGBTQ+ individuals, and those most at risk. Women are twice as likely to experience mental health conditions, and 3x more likely to endure trauma. Yet the system is still built for the “average” patient—ignoring the biological, emotional, and social complexity of women’s lives. LunaJoy is rearchitecting that system with AI at its core—because when we invest in women’s mental health, entire communities thrive",0,0
30864,dari.dev,Fall 2025,Active,"The Production Layer for AI Agents. We let developers deploy AI agents as API endpoints with built-in tools, sandboxes, and durable execution. Agents maintain state, run long-lived workflows, and handle retries automatically",0,0
773,Labdoor,Winter 2015,Active,"Labdoor is building the trusted online drugstore.. Labdoor is a marketplace where consumers research, find, and buy the best supplements. To verify the purity and potency of these products, Labdoor first buys and tests actual dietary supplement samples: • We send each product to an FDA-registered laboratory for a detailed chemical analysis. • Our scientists then collect the laboratory results and use internal algorithms to translate this data into simple grades and rankings for consumers. • Find a product you love? Click ""buy it now"" to activate in-app purchases",0,0
25,FamilyLeaf,Winter 2012,Acquired,"Help families stay in touch. FamilyLeaf is a private place to share your life with your family. You create a private page where your family can easily share photos, share life updates, store contact information, and post messages. Our mission is to bring families around the world closer together. Family is the most irreplaceable but overlooked social network; we want to help you share the little things that build a lifetime of love!",0,0
345,Tsumobi,Winter 2007,Inactive,Messaging.. Mobile applications have so far been nightmares to implement. It's often hard to gain adoption due to complicated installs and near impossible to get users to upgrade their version once the product has shipped. Tsumobi hopes to solve this problem by creating their own language. The new language will sit on top of J2ME and process applications downloaded (via URL) for Tsumobi enabled sites. This means that developers will be able to change Tsumobi applications on the fly and have Tsumobi enabled phones automatically get the updates just by visiting a link,0,0
23370,Uiflow,Winter 2021,Acquired,No-code platform for enterprise software companies. At Uiflow we are building a platform that allows for developers and designers to build production applications at the speed of thought. You can imagine it as a cross between Unity and Figma,0,0
829,Seed,Winter 2015,Acquired,"Mobile banking for small business.. Seed is simply a better way to bank. As a mobile first banking service designed with the small business in mind, Seed empowers small businesses with modern, easy-to-use digital tools and customer-support resources for starting, running, and growing a business. With Seed, business banking has never been easier. Learn more at https://seed.co",0,0
25754,Cash Flow Portal,Winter 2022,Active,"Investment management platform for real estate. Cash Flow Portal is an investment management platform for real estate. We launched 5 months ago, and we have 6-figure ARR, growing 50% month over month, with 300 syndicators and 3,000 investors. We’ve grown quickly because I am a syndicator myself. Having raised $20MM for my own deals, I know how painful it is to manually prepare Docusigns, send wire instructions and wrangle investors. I also happen to be friends with 2,000 other syndicators just like me needing a solution for managing their investors. I’m not just a syndicator. I spent most of my career as an engineering leader at Lyft, Twitter, and Amazon. $20K ARR per syndicator gives us a $2B TAM. Having achieved my own financial freedom through real estate investing, our mission is to serve all real estate investors and help them achieve financial freedom",0,0
27807,ZeroDev,Winter 2023,Active,"Account abstraction wallets as a service. Update: ZeroDev has been acquired by Offchain Labs. ----------------------------------------------- Use ZeroDev to create self-custody wallets for your users, powered by account abstraction. These wallets are truly non-custodial, while being easier to use and way more powerful than even custodial wallets, enabling features such as: - Gas-free transactions - Transaction bundling - Programmable security policies ZeroDev is perfect for anyone who wants to create wallets for users, including Web 2.5 apps, wallet apps, onramps, marketplaces, and more!",0,0
680,Impraise,Summer 2014,Acquired,"Enable managers to create an effective work environment for their team. Impraise empowers your people to accelerate their performance and professional growth with clear direction, alignment, feedback exchange, and recognition. The Impraise platform offers solutions such as Goal Management, Performance Check-ins, 1:1 meetings, 360 reviews, real-time feedback and coaching",0,0
721,Whirl,Summer 2014,Inactive,"Pay instantly with your fingerprint.. Whirl's proprietary payment terminal allows customers to pay with a fingerprint in just 1 second. It is the fastest and most secure method of payment on the market, offering the security of a chip card with a nearly invisible payment experience. Just a single press to the payment terminal, and payment is complete",0,0
117,Compose,Summer 2011,Acquired,"We make it easy to run databases. PostgreSQL, Redis, MongoDB,. Compose is a fully-managed platform used by developers to deploy, host, and scale databases to help you conquer the data layer. www.compose.io",0,0
1050,Emburse,Winter 2016,Acquired,"Expense management and AP automation.. Emburse is an expense management platform that gives businesses more insight into and control over corporate expenses. Using Emburse, businesses may order virtual or physical MasterCard-network branded expense cards and assign these cards to employees or contractors for authorization of pre-approved business expenses",0,0
1184,Vetcove,Summer 2016,Active,"Powering the animal health supply chain.. Vetcove is how veterinarians buy the supplies they need to keep America's pets healthy. Our community of more than 18,000 veterinary hospitals employs tens of thousands of veterinarians and delivers care to many millions of animals every year across all 50 states. As of 2022, we power purchasing and supply chain infrastructure for half of America's general practices, emergency and specialty clinics, SPCAs, zoos, aquariums, and veterinary consolidators. Vetcove's eCommerce and mobile platforms afford veterinary hospitals a frictionless purchasing experience, and facilitate delivery of medications to pet parents across the country. Simply put, Vetcove helps veterinary organizations spend more time giving care, and less time comparing suppliers and managing inventory. We're completely revolutionizing the way veterinarians discover and buy products, and how animal health brands engage their veterinary customers. We're hiring! Come join us on our journey to transform how vets buy and prescribe the animal healthcare products that keep our pets in peak condition",0,0
31212,Constellation Space,Winter 2026,Active,"AI operating system for mega-scale satellite networks.. Constellation Space is building the autonomous infrastructure layer for the next generation of space networking. As satellite constellations rapidly scale from hundreds of nodes to tens of thousands, traditional ground-based orchestration fundamentally breaks down. ConstellationOS bridges this gap by providing zero-intervention network handoffs, predictive thermal load-balancing, and sub-second optical routing. Our founding team spent years building and operating satellite systems at SpaceX, Blue Origin, and NASA. We started Constellation to solve the problem we kept running into: reactive monitoring doesn't scale. We are building the sub-second routing protocols and hyperscale load-balancing infrastructure that will manage the future of off-world telecommunications and compute. hello@constellation-io.com",0,0
12003,Avo,Winter 2019,Active,"Fixing data quality in product analytics.. Avo fixes data quality in product analytics. Avo helps teams like Ikea, Wolt, Fender, Sixt and Condé Nast to plan, implement and monitor analytics, so they don't fly blind and fail to build great user experiences Start your step-by-step path to settle your analytics debt: Step 1: Better tracking plan management. Avo is a better alternative to the ""tracking plan spreadsheet"", keeping your data quality high and your schema sync'd with all downstream tools. Import your tracking plan for an instant audit, then design more scalable data for every feature release, even before you're an expert. Step 2: Better data validation. Avo is ongoing observability of actual tracking compared with tracking plan. One-time install the Avo Inspector SDK to see what's wrong with your tracking today so you can start making it better. Step 3: Better analytics release workflow. Avo is the self-serve analytics governance, changing how PMs, devs and data scientists collaborate to plan, implement and verify their product analytics. What used to take Patreon 1-4 days for every feature release, now takes 30-60 minutes",0,0
26711,Devyce,Summer 2022,Active,"The global mobile network for business.. Devyce is building the global mobile network for business. Right now, we give your employees a business phone number in an app, on their personal phone, instantly, alongside a portal for analytics, management and integrations. Nick has a background in recruiting and real estate and understands the pain points these industries face with hybrid working, while Ed has a solid tech background including a CS degree from Cambridge. Because of our relationship with a mobile network operator, we have the unfair advantage that we will actually become a mobile network, unlike other SaaS VoIP providers. https://devyce.com/",0,0
1804,miru,Winter 2018,Inactive,Experience any piece of furniture in AR. Miru is an augmented reality app that shows you what any piece of furniture will look like in your home. We use a computer vision pipeline to create an augmented reality experience for furniture from any retailer's website so you can see what the coffee table you love will look like in your home,0,0
78,PayDragon,Summer 2011,Inactive,"Hyperlinking the real world.. Paperlinks' mission is to hyperlink the real world. Currently, Paperlinks fulfills this by providing the ultimate QR code infrastructure for businesses. Paperlinks' solution is end-to-end, providing: a free QR reading app; code generation; a Content Management System for managing code content; and in-house design and print services",0,0
1926,Medinas Health,Summer 2018,Inactive,Medinas helps hospitals manage their inventory and buy and sell their. We're a cloud-based asset management and remarketing platform for hospitals,0,0
1596,Releaf Earth,Summer 2017,Active,"Turning food waste into Biochar to remove CO2 from the atmsophere. Releaf Earth is a climate tech startup pioneering carbon removal and agricultural solutions leveraging biochar (BCR). Expanding from our roots in food processing technology, we now specialize in producing premium biochar from palm kernel shells. Biochar Carbon Removal (BCR) is a powerful tool for carbon sequestration and a key technology for economic development in Africa. African farmers already experience a 150% global mean temperature rise from a climate crisis they didn’t cause. Releaf's mission is to empower rural communities with improved productivity, crop yields, and a role in achieving Net Zero Emissions",0,0
12583,Muddy,Summer 2019,Inactive,"The multiplayer browser that knows you. Muddy is a chat-like web browser (built on Chromium). Teams use Muddy to work with their teammates and software all in one window. Muddy consists of Spaces: project, event, or competency based feeds in which users can send updates that consist of basic multimedia messages, specific files from applications (Google Doc, Airtable Base, Figma File, +anything web based), and annotations on both. Recipients can then use those apps right in line of the messages to take the requested action or give the solicited feedback (review my design, update the CRM, approve the PR, confirm PTO in Gusto, etc)",0,0
21727,Increase,Summer 2020,Active,"Enterprise-grade banking APIs. Modern banking infrastructure that enables technology companies to programmatically store, move, and reconcile money",0,0
1227,Looklive,Summer 2016,Inactive,Looklive is a community and marketplace for fashion. Users browse. Looklive allows you to browse the style of your favorite celebrities and influencers and shop their looks. Looklive is the next generation for online media and shopping. Our aim is to be nothing less than the world’s authority and source on the influencers shaping and directing global style and culture. Looklive Inc. participated in the Summer 2016 batch of Y Combinator,0,0
32121,OpenTrade,Summer 2026,Active,"Investing for the rest of us. OpenTrade helps everyday investors trade at a hedge-fund level. We're experimenting with a new UX on investing: every morning, you swipe on 10 theses brought to you by proactive agents",0,0
13372,Bikry,Winter 2020,Active,Bikry: Helping SMB's in India go online. Bikry App is a no-code platform that helps stores and services go online in India. We build them an online catalogue integrated with digital payments and pan-India delivery logistics within 5 minutes. Stores share their website and Android app link via Whats App and other social media channels to generate orders,0,0
22745,CashBook,Winter 2021,Active,"Ramp for Indian Businesses - UPI Wallets for Employee Expenses. Issue UPI wallets to employees, track and control the spend",0,0
1863,Anjuna,Winter 2018,Active,"Anjuna enabled organizations to trust any infrastructure. Anjuna makes hardware-grade application and data protection simple, fast and enterprise-ready. Anjuna software enables IT to “lift and shift” applications and data into the hardware-encrypted confines of a secure enclave, protecting them from malicious software, insiders, and bad actors. Available from every major chip, cloud, and system vendor, secure enclaves are the data security gold standard. Unlike point memory-only enclave solutions that require expensive and complicated software rewrites, Anjuna enables enterprises to achieve managed enterprise-class enclave protection that span memory, storage, networks, and clouds in minutes--without recoding. Anjuna is based in Palo Alto, California",0,0
26780,Stellar,Summer 2022,Inactive,"AI-powered business goals. A fool-proof goals platform using GPT to help teams write and track SMART goals at every level. Automates manual, redundant tasks that take time away from team’s high-impact contributions",0,0
1486,Armory,Winter 2017,Acquired,"Continuous Deployment at any scale, for all developers.. Your software is your competitive advantage, and your customer experience is everything. Armory Continuous Deployment solutions empower you and your teams to confidently deploy every application, every time; safely and securely, so you can accelerate your time-to-market, increase stability, and decrease customer-impacting issues",0,0
31279,Regbase,Spring 2026,Active,"Automating Corporate Compliance, Worldwide",0,0
22251,Nextstore,Summer 2020,Inactive,"Mobile optimized storefronts for Shopify. Nextstore has been built over e-merchants desire for greater performance, suited analytics, and sleek UX. With an opinionated approach and a low-code environment, Nextstore offers the first mobile-native website builder. Our vision is to enable merchants to build outstanding online Experience with the control they need to be successful",0,0
29457,Datacurve,Winter 2024,Active,Frontier coding data for training and evaluating LLMs. We generate expert quality coding data at scale for fine-tuning LLMs,0,0
12647,Rainbow,Summer 2019,Active,"Open-source, design centric software for interacting with blockchains",0,0
1040,Patchwork Security,Winter 2016,Inactive,"Security patch notifications for servers. Build it, deploy it, and. We’re taking everything we know as security engineers, automating it, and making it easy for everyone to use",0,0
1450,Loop Support,Winter 2017,Acquired,Predict job applicant performance for entry-level support roles. We build pre-employment assessments that accurately simulate the work your applicants will actually be doing on-the-job,0,0
30611,AgentMail,Summer 2025,Active,"Email Inboxes for AI Agents. AgentMail is the email inbox API for AI agents. It gives agents their own email inboxes, like Gmail does for humans",0,0
11990,Adventurous Co,Winter 2019,Inactive,Disney meets Airbnb Experiences,0,0
28008,Univerbal,Winter 2023,Active,"Language learning with a conversational AI Tutor. Univerbal is an AI-powered language learning app that helps people boost their confidence simply by talking. In unscripted and dynamic conversations, users can talk about anything they’d like using the microphone, with the AI responding as it adapts to their level and skills. Each user gets a personal AI Language Tutor that creates a custom learning plan based on the language goals they’d like to work towards and their own interests, offers instant corrections after every message and helps users in their own language. Based in the country with 4 official languages, Switzerland, in 2024 we were selected as one of WIRED’s Hottest 100 Startups in Europe",0,0
1787,tEQuitable,Winter 2018,Active,"tEQuitable's mission is to create work culture that works for everyone. tEQuitable helps companies get in front of and prevent harassment. We are an independent, confidential platform to address issues of bias, discrimination, and harassment in the workplace. For employees, we provide a sounding board they can consult without fear of retribution on issues ranging from subtle, insidious slights and invalidations to overt discrimination and harassment. For companies, we provide data and insights to identify systemic issues, track behavioral trends, and develop actionable recommendations. tEQuitable is using technology to make workplaces more equitable",0,0
26753,Lyra,Summer 2022,Active,Spend crypto anywhere online. Lyra is a crypto-native virtual card provider that allows users to easily create cards and fund them with cryptocurrency. Create virtual cards directly from your browser through our Chrome extension for all your purchases and subscriptions,0,0
30896,Multifactor,Fall 2025,Active,"Zero-trust authentication, authorization, and auditing for AI agents. The agentic era is here, but its foundation is dangerously insecure. A growing number of high-profile ""AI agent gone rogue"" security incidents make headlines each week. As enterprise adoption of agentic software has far outpaced the development of applicable cybersecurity solutions, CISOs have loudly voiced a growing need for verifiable, fine-grained security controls on complex multi-agent systems. That's why we built Multifactor. Multifactor offers best-in-class authentication, authorization, and auditing technologies for agentic systems, allowing users to securely and revocably share online accounts with agents while maintaining fine-grained permissions and a detailed event history. We are doing for AI security what Cloudflare did for web security, Okta did for identity security, and Wiz did for cloud security: defining the category. A world-class ""account manager"" that allows agents to securely use online accounts on your behalf is just the start—our early enterprise partners include companies using AI agents to manage $7.5+ billion manufacturing supply chains, where the consequences for lapses in security are severe. Our patented AI security technology seamlessly integrates with existing agentic software to thwart attacks like prompt injection, so CISOs and end users alike can breathe a sigh of relief, without slowing the pace of AI adoption",0,0
22044,Liyfe,Summer 2020,Active,"Digital Nurse to Automate Symptom Assessment and Risk. Liyfe remote symptom management platform utilizes Artificial Intelligence (AI) to automate oncology nurse triage pathways and high-risk patient detection. It helps you standardize procedures, streamline existing clinical protocols, reduced ER visits and hospitalizations",0,0
30717,Iron Grid,Summer 2025,Active,Foundational models for risk and quality,0,0
24756,Hirebolt,Summer 2021,Active,"AI engineering capacity. Made simple. ⚡️. Access a global network of verified engineers, AI-augmented teams, and expert AI evaluators with instant search that helps you start finding and interviewing talent in seconds. To date, we’ve raised ~$1.5M from investors including Y Combinator, Entrepreneur First, world-class Venture Capital funds and industry leaders",0,0
30665,Pangolin,Summer 2025,Active,"Identity-aware VPN and proxy for remote access to anything, anywhere.. Pangolin is an open-source, identity-based remote access platform built on WireGuard that enables secure, seamless connectivity to private and public resources",0,0
532,EasyPost,Summer 2013,Active,"The shipping infrastructure of the internet.. EasyPost is the missing API that makes it quick and painless to integrate shipping into your application. Some of the biggest names in retail rely on EasyPost to ship faster, smarter and cheaper. We manage the headaches involved with dated carrier technology so our customers can focus on what makes their business great. Integrate once with EasyPost and seamlessly add carriers, generate shipping labels, track packages in near real-time and insure your shipments. EasyPost is growing fast! Check out our jobs page and join the excitement: https://www.easypost.com/jobs",0,0
438,NewsBlur,Summer 2012,Active,NewsBlur is a personalized news reader. NewsBlur is a personalized news reader that brings people together to talk about the world. A new sound of an old instrument,0,0
1576,Jerry,Summer 2017,Active,"Jerry is building the AI agent to manage all your physical assets.. Your car and your home are your most expensive assets. And for most people, these aren't just purchases, they're the physical embodiment of the life you've worked hard to build. Yet the experience of owning them is stuck in the 90s. Every step of the journey — buying, insuring, maintaining, repairing, selling — is fragmented, complicated, and expensive. Imagine having a trusted friend in your pocket who takes care of everything: they find you the right car or home at the right price, lock in the best insurance rate without you lifting a finger, remind you before that service appointment turns into an expensive repair or, worse, an accident, and help you sell at the best price when the time is right. That friend is Jerry. Jerry is building the first AI agent to manage all your physical assets. We started with car insurance in 2019, became one of the top 3 brokers in the U.S., then added driving insights, diagnostics, and a repair marketplace. We've reached 5M+ customers, raised $240M+, and have been profitable since 2024. We're now expanding into home, motorcycle, RV, and beyond. We’re fully remote with offices in Palo Alto, New York, Chicago, and Toronto",0,0
614,PipelineDB,Winter 2014,Acquired,"Open-source time-series data analytics extension for PostgreSQL. PipelineDB is an open-source PostgreSQL extension that enables realtime reporting use cases by continuously aggregating large streams of time series data down into summary data. It shines the most at larger scales, where storing lots of raw time-series data and aggregating it over and over again becomes inefficient. The amount of value that PipelineDB adds is directly proportional to the amount of continuous aggregation that an analytics use case can benefit from. PipelineDB should be used for analytics use cases that only require summary data, like realtime reporting dashboards. PipelineDB is not a good fit for exploratory analytics on siloed datasets",0,0
25670,Eazipay Inc.,Winter 2022,Active,"Eazipay powers effortless payroll and financial access in Africa.. Eazipay is Africa’s leading payroll and payment automation platform, making it easy for businesses to pay their teams accurately, on time, and with minimal effort. Our Payroll API enables businesses, fintechs, and platforms to integrate payroll processing directly into their systems—automating salary payments, tax deductions, and compliance. Beyond payroll, Eazipay also empowers workers by providing faster access to their earnings and financial benefits. With features like early wage access and financial wellness tools, we help employees and gig workers gain more control over their income and financial stability. We now serve over 10k businesses, with many YC companies as customers",0,0
137,Assembled,Winter 2011,Inactive,"Pivoted to TenXList, a professional network of top college engineers",0,0
22278,Hubla,Summer 2020,Active,"All-in-one platform for creators to sell courses and subscriptions. Hubla is the Shopify for creators, enabling anyone to build, manage, and grow their online business. We provide powerful tools to create courses, communities, sell products, manage memberships, and deliver content—all in one platform. For example, a fitness coach can charge her audience for a unique digital weight-loss program, turning passion into profit. Creators need simple, flexible tools to succeed. Hubla’s fully customizable platform lets them own their strategy, stand out from competitors, and create unique experiences. This approach works—our top creator earns over $8M annually. Hubla is leading the creator economy revolution, empowering individuals to transform their expertise into sustainable, scalable businesses",0,0
17,Couple,Winter 2012,Inactive,"App that connects two phones and creates a private timeline to share. TenthBit Inc. was founded in 2012, in sunny California. The founders, having been disconnected from their significant others while being a part of the YC program, found that they were repurposing many other services to talk to their partners. After many frustrating skype calls, and international text messages, they decided to build Couple. The app now has over two million downloads on iOS and Android and has helped couples send over a billion messages to each other",0,0
24870,Titipku,Summer 2021,Active,Super Hyperlocal Marketplace for SMEs in Indonesia. Local market is a traditional wet market that consist with 200 - 1000 merchants who sell groceries located in every residential area. We digitize all these merchants into our apps and provide personal shoppers. So every household can buy groceries from multiple merchants at one local market in one single order. There are 16.000 local markets in Indonesia with 8.000.000 merchants inside,0,0
926,Oolu,Summer 2015,Acquired,"Oolu is one of the fastest growing off-grid solar firms in West Africa. Oolu was founded by Nilmi Senaratna and Dan Rosa in 2015. The company's mission is to provide off-grid households in rural regions in Africa with high quality products at an affordable price. In Wolof, a national language of Senegal, Oolu means ‘trust.’",0,0
212,Mertado,Winter 2010,Acquired,Mertado Mertado is an online social shopping platform that allows consumers to discover and buy products from communities they frequently visit,0,0
25320,Wingback,Winter 2022,Inactive,Wingback provides tools and APIs for SaaS pricing and packaging.. Wingback provides tools and APIs for SaaS pricing and packaging. We are infrastructure that allows SaaS startups to deploy any set of features of their product using any pricing model. It enables non-technical teams to implement pricing and packaging changes and execute product-led growth campaigns without engineering involvement,0,0
26049,Netmaker,Winter 2022,Active,"Automated WireGuard networks for distributed systems and Kubernetes. Netmaker is an open source virtual networking platform based on WireGuard. With Netmaker, you can bridge, clouds, the edge, IoT devices, and Kubernetes clusters. Netmaker provides the fastest possible virtual networks, with an average speed 10x faster than standard alternatives. Think of Netmaker like your VPC for distributed systems",0,0
615,Povio,Winter 2014,Active,"Engineering and Design that Fuels Startup Success. Povio is helping founders turn visions into digital realities. With over **1,000 successful projects** under our belt and a robust team of over **200+ skilled professionals**, we are the powerhouse of innovation and design. We've partnered up with over **60 YC founders**, so we get the unique challenges you face and what it takes to build something great. A proud YC Winter 2014 alum, Povio has a legacy of startup success. Our portfolio spans diverse industries, offering bespoke solutions to giants like **Volkswagen**, rising stars like **Flexport**, and notable figures including **Serena Williams** and **Arnold Schwarzenegger.** **Why choose Povio for an extra hand with your project?** Our **400+ happy customers** and a **90% referral rate** speak volumes about our commitment to excellence. We make the software development and product design processes a seamless and delightful experience, with every project backed by top-tier managers and quality assurance analysts to ensure smooth and efficient delivery. Whether you're scaling up, launching new products, or optimizing current systems, povio.com is dedicated to propelling your growth",0,0
1025,Goodybag,Winter 2016,Acquired,"An online tool for companies to order food from restaurants and. Goodybag helps you find catering for your office. Easily search restaurants and have food delivered to your next meeting. For Restaurants and Caterers: Goodybag lists your catering menu with no startup or monthly fees. You set your own delivery fees and zones. For Businesses: Goodybag is an easy, time-saving way for you to explore and order food from restaurants around town for your employees",0,0
45,LVL6,Winter 2012,Inactive,We make mobile MMOs.. LVL6 creates social mobile games on Android and iOS,0,0
25451,Instant Labs,Winter 2022,Active,Instant Labs builds modern tools to help you find and buy domain. Instant Labs started in 2005 by building the fastest domain search engine on the internet: https://instantdomainsearch.com. People have performed over 2.5M searches and purchased 250K domains with our free tool,0,0
312,280 North,Winter 2008,Acquired,"280 North is a web application company based on their proprietary application framework, Cappuccino. Along with Objective-J, Cappuccino provides a complete toolkit to develop rich web applications. It's modeled after a proven desktop development environment, and has been released as an open source project under the LGPL. 280 North's first application, 280 Slides, enables anyone with a web browser to quickly and easily create beautiful presentations. 280 Slides takes advantage of the web by making it trivial to find and include great media in your presentation. We also built in advanced features like importing and exporting PowerPoint documents, so your data is always portable",0,0
258,RentHop,Summer 2009,Active,"Apartment rental marketplace. RentHop (www.renthop.com) helps renters find great apartments. We use sophisticated data analysis to rank apartment listings based on their ""freshness""​, their accuracy and completeness and the responsiveness of the manager who listed the apartment on our site. As a renter, you can use list-based or map-based search tools to browse listings and comprehensive search filters to narrow our 100,000+ listings to just the ones you want. It’s easy and fast to reach out to brokers and property managers to schedule viewings and to manage responses. You can also use our innovative ""Appointments on Demand""​ feature, a map showing the real-time locations of brokers and property managers available to show apartments, to reach out and schedule viewings on the fly! For brokers and property managers, RentHop provides a cost-effective, easy-to-use tool to promote your listings, get qualified leads and schedule viewings. You can also post and repost listings on the go using RentHop Manager, our mobile app for brokers and property managers, currently available in the iOS App Store. (You can download the mobile app at https://itunes.apple.com/us/app/renthop-manager/id695651355.) Your commitment to give good service will make you stand out on RentHop - our algorithm will credit you for your responsiveness and help give your listings the boost they need to get seen - and rented - by qualified renters. Look for our mobile app for consumers, due out soon! And please let us know any questions, thoughts or comments you may have - we'll look forward to hearing from you! You can reach us at feedback@renthop.com. You can also find us on Facebook, Twitter (@RentHop), Google+ and Pinterest",0,0
31175,Pax Historia,Winter 2026,Active,"The first AI-powered grand strategy platform. Pax Historia is an alternate-history sandbox game where players choose a country, a moment in time, and rewrite the course of history. What if Rome never fell? What if the Soviet Union survived? What if Genghis Khan ruled for another generation? We go beyond history, too. What if aliens invaded Earth? What if you were a college dropout creating a tech startup? The ability to create, edit, and copy custom maps, actors, historical context, and more means that users can play nearly any scenario they can imagine. In the last four months we've organically built a passionate fanbase of tens of thousands of daily active players and we're excited to expand on this early start. Consider joining us to help build vastly better tools for creators and experiences for players",0,0
24177,HyperTrader,Summer 2021,Active,"The Trading Terminal For Crypto Traders. Unlock your trading superpowers wtih HyperTrader. As traders, we reimagined the ultimate trading experience for you. HyperTrader is fast, efficient, accurate, and secure. ✔️ Streamline your workflow with fewer clicks. ✔️ Speed up your trading with fast execution. ✔️ Stay informed with real-time position updates. ✔️ Trade safe with secure encryption",0,0
30037,Afternoon.co,Fall 2024,Active,"Bookkeeping, compliance and tax for founders. Afternoon.co empowers founders to make better business decisions with real time financial metrics. We pair managed AI bookkeeping and tax services, to reduce administrative burden on founders. Accountants struggle serving 4 million+ of ecommerce brands & startups in the US, because of complexity in sales tax, multiple sales channels and inventory management. We automate a large portion of bookkeeping by integrating with their sales and inventory systems, so founders can spend less time doing admin work",0,0
12626,Localyze,Summer 2019,Acquired,"Global mobility platform for companies and employees. From borders and bureaucracy to openness and simplicity. With Localyze, we’re reimagining how people move for work by bringing together seamless technology, transparency and unrivalled service. We believe in freeing talent from borders, so we’re building a centralised platform for a decentralised world. A world where companies can hire from everywhere — and people can work and live where they want to",0,0
1701,Bumpline,Summer 2017,Inactive,Captain Tailor is the Uber for tailoring,0,0
30724,Risely AI,Summer 2025,Active,"AI agents that automate administrative work across college campuses.. Risely’s AI agents will form the new operating system for universities, improving retention, staff productivity, and efficiency. Our platform integrates directly into existing university systems (SIS, LMS, CRM), learns each institution’s unique workflows, and deploys specialized AI agents. This dramatically reduces the $735 billion universities spend annually on administrative labor, expands staff capacity without increasing headcount, and improves the student experience. This hasn't been done before because university workflows require nuanced, autonomous judgment, exactly what agentic AI was designed to solve. Our team uniquely combines deep expertise in higher education, enterprise-scale AI, and regulated enterprise sales. Sadia previously built Salesforce’s Education Cloud from scratch, creating the core Student Information System widely used across higher education. She deeply understands university operations and maintains trusted relationships with hundreds of higher-ed CIOs and Provosts. Danial was one of DoorDash’s earliest engineers, where he architected and scaled complex systems from zero to billions of transactions, including their search, recommendation, and Voice AI platforms. He knows how to build robust AI solutions that reliably perform at enterprise scale. Shahryar was a GM at Airwallex, where he built the entire Americas business from 0 to 1 and drove 11x revenue growth. He’s also a master closer, single-handedly securing over $17M in enterprise deals at NerdWallet. He’s a relentless startup executor with deep expertise launching and scaling go-to-market machines in highly regulated industries. We launched six weeks ago and are already at $8k MRR, growing 55% week-over-week -- one of the fastest ramps ever in higher ed. Universities urgently need solutions that expand labor capacity and efficiency, especially as they face unprecedented budget pressure and staffing shortages. With unmatched buyer access, deep technical expertise, and rapid early traction, we are perfectly positioned to own this enormous market",0,0
23400,Dressd,Winter 2021,Inactive,"Make infinite $$$ off of clothes in your closet without selling them. Dressd is AirBnb for clothes; a P2P clothing rental marketplace. Unlike Rent the Runway, we don’t handle any inventory or deal with cleaning the items. Our initial target market is sorority girls who can have up to 3-4 events per week that they need a new outfit/dress for. One of our core theses is that this idea couldn’t have existed at scale until now because resale apps like Depop & Poshmark paved the way for a P2P model to work after familiarizing users with the process of taking pictures of items, shipping, etc. Advantages to our P2P model - Entrepreneur-led - Similar to Depop, most of our growth will be spearheaded by a group of “top renters” - More variety in inventory - Existing rental companies like Rent the Runway own all the inventory so they're limited to the brands they buy/partner with. Since we're P2P, our users can rent any item or brand that's in someone else's closet - Better margins - we don’t touch any inventory or deal with the cleaning of any items - Unlike Rent the Runway, we don’t handle any inventory or the cleaning of items. This means people renting out their clothing on Dressd are responsible for shipping things out & returning them in good condition Here are some of our links! [dressd website](https://dressd.com/stylist-waitlist) [dressd instagram](https://www.instagram.com/shop.dressd/) [dressd tiktok](https://vm.tiktok.com/TTPdMPYFRY/) read about dressd in Yahoo! Finance: [https://www.yahoo.com/now/dressd-app-someplace-2-133700219.html](https://www.yahoo.com/now/dressd-app-someplace-2-133700219.html)",0,0
24269,Monet,Summer 2021,Active,Payroll-backed loans and cash advances in Latam. Monet provides Instant cash-advances to employees in Latin America. We are a mobile app available to any employee with a recurring income and a bank account,0,0
31381,GovGuard,Spring 2026,Active,"Automating Government Workflows, starting with FOIA. GovGuard is building AI agents that automate government workflows, starting with FOIA requests. Today, public records teams still spend hours searching for responsive records and applying redactions. Many offices still redact sensitive information line by line with a sharpie. Local governments spend billions processing these requests, and if a city misses a legal deadline, it can be sued for failing to comply with public records law",0,0
25475,Orca,Winter 2022,Active,"Banking for Gen Z, on steroids.. Orca is banking built for Gen Z from the ground up. Send money instantly, split bills with groups, access local discounts and perks, spend and save, and do everything else you could ever ask on Orca — the only financial hub you'll ever need",0,0
1637,Slik,Summer 2017,Inactive,Slik enables the long tail to use email outreach.. Slik automates lead generation and prospecting for sales teams,0,0
24329,inai,Summer 2021,Acquired,"Segment for global payments. inai provides a single integration for global payments to help companies take digital payments across the globe. Its a single integration for a merchant that will provide connections to all payment gateways ( Stripe/ Adyen/ Braintree), wallets ( Paypal, Apple Pay, Google Pay) , BNPL providers ( Klarna / affirm / afterpay), fraud ( Sift , riskified etc). Merchants will have a no-code dashboard to customize the checkout by region ( Show Apple pay and stripe in US along with USD pricing but show Klarna, Google Pay and Sofort in Germany with pricing in Eur for e.g) Merchants can also easily switch between providers and your data stays with you on Inai rather than with PSP like stripe making switch to Adyen or Braintree easy",0,0
24005,Goodkind,Summer 2021,Acquired,"Student communications platform for higher education. Universities and colleges use Goodkind to build their student communications via sms, video, chat, mail and more",0,0
190,Gantto,Summer 2010,Inactive,"Better Microsoft Project.. Gantto was conceived to fill one obvious gap in our weekly management routine. Each week we would collect status information based upon what was really happening inside the organization and then update our project models to reflect and digest the changes. Then we would spend tedious hours manually creating presentations based upon the same underlying project data that we had already updated. After a long search for a good solution we set out to create our own. Gantto is a play on words on gantt chart â€“ the most commonly used visual representation of project schedules. Gantt charts take their name after Henry Gantt, who popularized them in 1910. In reality they were originally conceived by Karol Adamiecki, a Polish economist / engineer who invented them in 1896 and named them harmonograf",0,0
36,Talkray (TiKL),Winter 2012,Inactive,Instantly talk or text to one or a group of friends at once with the. Turn your smart phone into the ultimate push to talk walkie-talkie with TiKL. App available in Android Market and iPhone App Store. Its free,0,0
