onet_code,Title,xi,chi,L0,L_eq,dL,D_o,dW_bundle,W_o
11-1011.00,Chief Executives,0.0432880374740697,0.428554446147045,0.0011654111402557383,0.0012860640845626155,0.00012065294430687722,0.4800253182279746,-19.4292186735609,13.871707362056624
11-1011.03,Chief Sustainability Officers,0.7319711650522066,0.5689972886910015,0.0011654111402557383,0.0005280756967844026,-0.0006373354434713358,0.9040931781368453,-45.40032982731293,7.524382538641529
11-1021.00,General and Operations Managers,6.009418790413957,0.2249623046912035,0.019353504956211152,0.0011925950926646627,-0.01816090986354649,0.38171312844909877,-15.279889279915519,11.646762326799582
11-2011.00,Advertising and Promotions Managers,6.186037763263066,0.3534879230816969,0.00011382110412098604,0.001203156919493529,0.001089335815372543,0.40757872343520396,-15.458000859445475,12.433189182123531
11-2021.00,Marketing Managers,0.5228602622859758,0.329644241090433,0.002035538446650344,0.0008493112150467729,-0.001186227231603571,0.6778999896981386,-30.035825647215457,9.17867965423146
11-2022.00,Sales Managers,5.913709870277248,0.2702259567642287,0.0031772805352008452,0.0012822438054197896,-0.0018950367297810556,0.2895521021017042,-10.365763413502254,12.611088239721576
11-2033.00,Fundraising Managers,6.22221580559785,0.4352335646664907,0.00017550408735281464,0.001022935023329385,0.0008474309359765705,0.4147104786767118,-15.583942438280847,11.561180980271546
11-3012.00,Administrative Services Managers,5.92454583752824,0.3144911988944552,0.0013380462516442819,0.0010829643642390153,-0.00025508188740526656,0.330028177200931,-13.218602983337995,11.120857769162871
11-3013.00,Facilities Managers,5.98552485495477,0.161412467670889,0.0007249681571254273,0.001102168355949568,0.0003772001988241406,0.3584778852431452,-13.453241093953418,10.787388706012852
11-3013.01,Security Managers,0.5435556012825746,0.4130590289308359,0.0007249681571254273,0.0006961291314124141,-2.883902571301322e-05,0.7564891972504393,-34.2403889626379,7.904533643772872
11-3021.00,Computer and Information Systems Managers,0.3670887892730913,0.3243190125393295,0.0032695291469751007,0.0009689749928072618,-0.002300554154167839,0.5948596089366252,-26.13062517113699,10.292844247541764
11-3031.00,Financial Managers,0.051494081126868,0.2822642132868055,0.004343960645594626,0.0011683914374027442,-0.003175569208191882,0.44229767346293475,-18.903369014253443,11.718904559144217
11-3031.01,Treasurers and Controllers,6.148192677012326,0.3595297959650215,0.004343960645594626,0.0011886117779598912,-0.0031553488676347354,0.4344600809263981,-16.325325048206775,12.36531636178017
11-3031.03,Investment Fund Managers,0.5340934561205879,0.3991306703008781,0.004343960645594626,0.000707377522277719,-0.0036365831233169076,0.7098453974636364,-32.60582365363743,7.904107983498513
11-3051.00,Industrial Production Managers,1.3134581371015273,0.1989424541118191,0.001229742408993048,0.0012209070214844256,-8.835387508622419e-06,0.43533607543856,-19.069034872725208,13.346582049880274
11-3051.01,Quality Control Systems Managers,1.4841349685704164,0.4914131197576318,0.001229742408993048,0.0011993928558397273,-3.034955315332072e-05,0.7124013049486361,-35.68949188413844,16.51167226959269
11-3051.02,Geothermal Production Managers,1.8948787588329048,0.3841222058814747,0.001229742408993048,0.0016731867321949931,0.0004434443232019451,0.43213226020478196,-18.415033737566407,19.317302630902354
11-3051.03,Biofuels Production Managers,2.075153839565387,0.3588160067798626,0.001229742408993048,0.0016985411159303665,0.00046879870693731845,0.3605880578317261,-14.979478857313124,19.354153647233538
11-3051.04,Biomass Power Plant Managers,2.180300758593517,0.3643382047763537,0.001229742408993048,0.0017339870689301222,0.0005042446599370742,0.29639722073853303,-12.646765498160544,19.719048653975825
11-3051.06,Hydroelectric Production Managers,1.8995174726333008,0.3619763582343961,0.001229742408993048,0.0014814638255844408,0.0002517214165913928,0.40767650575519415,-17.714000551073084,17.76156547039883
11-3061.00,Purchasing Managers,6.1840020285821184,0.1570309886772475,0.00042775328174988114,0.0011651997990891614,0.0007374465173392802,0.41039992055459884,-16.698827410333312,11.424965236787946
11-3071.04,Supply Chain Managers,1.392188541483666,0.2250395021546922,0.0010967212349573246,0.0010755937895806857,-2.1127445376638906e-05,0.5923004816504669,-25.95688630890289,12.297271049979276
11-3111.00,Compensation and Benefits Managers,0.0771132916733985,0.3880709943179223,0.00010311761686966694,0.0009411281390650088,0.0008380105221953419,0.5270445382708193,-21.913005070089287,10.176821711071305
11-3121.00,Human Resources Managers,6.206172350305481,0.3682831964217108,0.0011067626508322733,0.0011620232639451642,5.526061311289087e-05,0.414891455293025,-16.827119219307225,12.194850720643664
11-3131.00,Training and Development Managers,0.2840099047546617,0.4198800825372232,0.00022918704145350269,0.0009940183665153187,0.000764831325061816,0.5607057237688445,-25.319173232837855,11.29680119795613
11-9021.00,Construction Managers,1.2297930293988537,0.2799142353404707,0.0018162273032276972,0.0010590706622477092,-0.000757156640979988,0.6219830532708165,-28.521655090210327,12.31467417678857
11-9031.00,"Education and Childcare Administrators, Preschool and Daycare",6.194234097715824,0.5442641815596887,0.00035360128759641277,0.0017541336555235683,0.0014005323679271557,0.30818784033822577,-12.533383349278466,18.709674245730415
11-9032.00,"Education Administrators, Kindergarten through Secondary",6.114996342299024,0.5494181131424678,0.0016694129755175937,0.002172306482703068,0.0005028935071854745,0.2998069695805177,-11.415834514267022,21.043899364751276
11-9033.00,"Education Administrators, Postsecondary",6.00315216044644,0.5891736908121812,0.0009228723260454355,0.0017356381933413517,0.0008127658672959162,0.23976267815297025,-9.116846003442033,19.33678816105641
11-9041.00,Architectural and Engineering Managers,0.937107716436116,0.4452235315242326,0.0011464869334144887,0.0008444825311319668,-0.0003020044022825219,0.8104908832749558,-39.87489371078878,11.033370520066379
11-9041.01,Biofuels/Biodiesel Technology and Product Development Managers,1.4881990235757905,0.5500656066314279,0.0011464869334144887,0.0006936272516965666,-0.00045285968171792203,0.7688778089254863,-40.367891515866795,11.70391491696634
11-9051.00,Food Service Managers,5.430672624270965,0.1948816263706342,0.0013576325298619019,0.0012968409668642432,-6.079156299765862e-05,0.2957829998440232,-10.969354237363309,12.55171026199999
11-9071.00,Gambling Managers,5.220005326393096,0.2507890520677467,2.532423014616219e-05,0.0012396074462381397,0.0012142832160919775,0.12560378074100045,-4.0290547632593166,12.301141739894447
11-9072.00,"Entertainment and Recreation Managers, Except Gambling",5.398059145156708,0.2846282913798282,0.00016380749303694016,0.0015556822107676456,0.0013918747177307054,0.10537016467058632,-2.9889536438529616,14.87246281043538
11-9081.00,Lodging Managers,5.370140969998184,0.3992321234350646,0.0002316146365001936,0.0016248840224309246,0.0013932693859307309,0.0912687089966872,-2.0565151765944476,16.42018630296726
11-9111.00,Medical and Health Services Managers,0.1088630553768236,0.431270105092554,0.002841941383069312,0.0012082783919638638,-0.0016336629911054483,0.5256729199011192,-21.89000056707242,13.26218091647431
11-9121.00,Natural Sciences Managers,0.7306028221630059,0.525811436126145,0.0005325260770604737,0.0006884402171795694,0.00015591414011909563,0.8425925322143315,-41.529286285175246,9.61482545215666
11-9121.01,Clinical Research Coordinators,0.3788404805495073,0.4717310291252983,0.0005325260770604737,0.0008449962830167936,0.00031247020595631984,0.7085270421829346,-31.436257382399074,10.385705161098223
11-9121.02,Water Resource Specialists,1.151171244999368,0.5199114364580348,0.0005325260770604737,0.0006066176619500236,7.409158488954986e-05,0.8396111294643466,-44.16705228044171,9.093203751832505
11-9131.00,Postmasters and Mail Superintendents,5.3358018701970575,0.3459666620832203,7.619338089727664e-05,0.0014324855324846352,0.0013562921515873586,0.04598266854089916,-0.45309310072604625,14.525380412867122
11-9141.00,"Property, Real Estate, and Community Association Managers",6.016525751338974,0.1938837711119767,0.0015675643287859696,0.0011154128833366533,-0.00045215144544931635,0.3650037922593606,-13.859692084406591,10.914564194796505
11-9151.00,Social and Community Service Managers,0.0112148476474859,0.5411735940745532,0.0009580724542224539,0.001432738972415934,0.0004746665181934801,0.3903179126274686,-16.128519071479875,16.531619552299816
11-9161.00,Emergency Management Directors,0.4692335569122504,0.477072923987171,6.571058410474764e-05,0.0007631488691385462,0.0006974382850337986,0.7696766983294153,-34.032804004336505,9.545175283817827
11-9171.00,Funeral Home Managers,5.699652055368022,0.2931433281835096,7.834511287047997e-05,0.001270852175502157,0.001192507062631677,0.19951447238464187,-8.000137210060165,12.743455398810537
11-9179.01,Fitness and Wellness Coordinators,0.0431598923943353,0.3642190630584683,6.162781061713108e-05,0.0010957169168333365,0.0010340891062162055,0.4423512789091745,-17.880867962561663,11.540172995207868
11-9179.02,Spa Managers,5.664861962785134,0.271532654751934,6.162781061713108e-05,0.0015188639579002965,0.0014572361472831655,0.2070370745891554,-7.148860617510907,14.483633138464796
11-9199.01,Regulatory Affairs Managers,0.7266915245160508,0.4696403171220251,0.0032538049517863072,0.0005151945182119482,-0.002738610433574359,0.890954592732935,-42.27516479986515,5.7469929229405174
11-9199.02,Compliance Managers,0.6306113112430349,0.4635745946350272,0.0032538049517863072,0.0006458851948686829,-0.0026079197569176243,0.8321494674085024,-38.88465542961686,7.872780778412051
11-9199.08,Loss Prevention Managers,0.5701552177614592,0.2332781082841879,0.0032538049517863072,0.0009223474691346987,-0.0023314574826516087,0.659773626991924,-26.526576606312606,9.598944309086397
11-9199.09,Wind Energy Operations Managers,1.932368764474121,0.1067965156246468,0.0032538049517863072,0.001120356153091597,-0.0021334487986947102,0.3255863266999543,-11.641506353083049,12.227844407478615
11-9199.10,Wind Energy Development Managers,1.3256365724106802,0.3393122816740593,0.0032538049517863072,0.0008036244681775117,-0.0024501804836087955,0.7388098547145836,-33.11601055739204,10.103961074619846
11-9199.11,Brownfield Redevelopment Specialists and Site Managers,1.19484762989641,0.4708805552652025,0.0032538049517863072,0.000828894307447274,-0.0024249106443390333,0.8342667315609741,-42.120644075786984,11.718830162295209
13-1011.00,"Agents and Business Managers of Artists, Performers, and Athletes",5.98481568121195,0.4061452098540085,7.100715511570966e-05,0.0014656011290836333,0.0013945939739679236,0.2657004659619487,-9.46399241416808,15.100580199622897
13-1031.00,"Claims Adjusters, Examiners, and Investigators",0.5397846570230027,0.2613571453339793,0.001620861074583775,0.0007954740053651234,-0.0008253870692186517,0.6615896683859325,-27.98960451503414,8.109695194539608
13-1032.00,"Insurance Appraisers, Auto Damage",2.33065603286353,0.2499894448419347,4.78346569427508e-05,0.0011848017611876655,0.0011369671042449148,0.14038518428544006,-4.469399160968913,14.367521540181604
13-1041.01,Environmental Compliance Inspectors,1.1179818287056449,0.3506376126116227,0.0021165318450263046,0.000651845388217731,-0.0014646864568085736,0.7472445714976031,-35.258866731823616,7.626156013350997
13-1041.03,Equal Opportunity Representatives and Officers,0.3068637901177291,0.4419888130379913,0.0021165318450263046,0.0007018726251129522,-0.0014146592199133525,0.6991411947107653,-30.171060831893,7.934417108599708
13-1041.04,Government Property Inspectors and Investigators,1.1011102317235697,0.3719092536665355,0.0021165318450263046,0.0006834683412472444,-0.0014330635037790602,0.7588826737808507,-34.706866017571926,8.300809945057983
13-1041.06,Coroners,6.156213180731713,0.2408408111110233,0.0021165318450263046,0.0012501293971117736,-0.000866402447914531,0.42916601481348876,-15.957320601464266,12.2135803282784
13-1041.07,Regulatory Affairs Specialists,0.7931597056434818,0.4281748731570335,0.0021165318450263046,0.0005301718913551148,-0.0015863599536711898,0.8940733883847723,-41.62262636497747,5.644941024564905
13-1041.08,Customs Brokers,4.916393472164938,0.1430164897648749,0.0021165318450263046,0.0013098132651854992,-0.0008067185798408055,0.11525011262517022,-3.58248000498718,12.749675076774654
13-1051.00,Cost Estimators,1.3240001377845996,0.2679865905714522,0.001219149266971124,0.0007897947910378469,-0.000429354475933277,0.6752927153490397,-29.51771623376112,9.291792475385888
13-1071.00,Human Resources Specialists,6.173325090574515,0.3394120345538251,0.004943300759053798,0.0011300875476470767,-0.0038132132114067217,0.39356078205771,-15.976486474941552,11.664468996949417
13-1074.00,Farm Labor Contractors,4.753634777016684,0.2844640733885865,2.5379402760859707e-06,0.0009724584334768541,0.0009699204932007681,0.06772225191677508,-1.7648287583867561,10.017253184224467
13-1075.00,Labor Relations Specialists,0.1889818000686158,0.3247890598311123,0.00034648402030043254,0.0008524333309821291,0.0005059493106816965,0.595161881631553,-24.000875649627318,8.726643236076768
13-1081.00,Logisticians,0.5238049791521895,0.2398170282377765,0.0012605287279942646,0.0009390173122872003,-0.0003215114157070643,0.573208904556522,-25.174800909749607,9.747557833506505
13-1081.01,Logistics Engineers,1.4398547868617817,0.3175010679424027,0.0012605287279942646,0.0010222638426969203,-0.0002382648852973443,0.6767089213786649,-30.312244197941776,12.628889151523362
13-1081.02,Logistics Analysts,1.3539187282032958,0.135198412700818,0.0012605287279942646,0.0010552861651868493,-0.00020524256280741527,0.47318068127471674,-19.896976850965636,11.465391705258064
13-1111.00,Management Analysts,0.9452283159824152,0.3954005003060865,0.004624237528258034,0.0006569102216656697,-0.003967327306592365,0.7778400216757325,-37.77376357058912,7.827189141382636
13-1121.00,"Meeting, Convention, and Event Planners",6.1011413009493305,0.3580724907353939,0.0006738231433008252,0.0011997892997550432,0.000525966156454218,0.3672442135774645,-14.243736313938493,12.469353846538397
13-1131.00,Fundraisers,6.0286213205005135,0.4050077186106269,0.0005612710093178822,0.0011105126184954616,0.0005492416091775794,0.31456272357554155,-11.160047963063835,12.152793645331506
13-1141.00,"Compensation, Benefits, and Job Analysis Specialists",0.2907728630487508,0.3971089606064563,0.0005508985577547483,0.0007408219610041001,0.00018992340324935182,0.6665857024479244,-28.89765888942663,7.985336831341353
13-1151.00,Training and Development Specialists,0.0824971728011075,0.3769409172603343,0.0022261046578155815,0.0009517133955893023,-0.0012743912622262793,0.5065617564732314,-21.176262953488674,10.18976225260334
13-1161.00,Market Research Analysts and Marketing Specialists,0.6830023646584095,0.4275656050272805,0.004669644590154094,0.0005290936989443564,-0.004140550891209738,0.8323698322001621,-39.16573022860779,5.419971499271866
13-1161.01,Search Marketing Strategists,0.5293278767525879,0.304169990954577,0.004669644590154094,0.0007784978488575135,-0.0038911467412965804,0.6914278460431414,-29.717551073676333,8.093908697536998
13-1199.04,Business Continuity Planners,0.8110634968504219,0.4300545958267456,0.006087966996183269,0.0005837378717471114,-0.005504229124436158,0.8691281522122273,-41.02542946931168,6.709568915755532
13-1199.05,Sustainability Specialists,0.8417859622375393,0.5293495894076662,0.006087966996183269,0.00045792329080466035,-0.005630043705378608,0.9185176818801427,-46.24665950094972,5.601187777119167
13-1199.06,Online Merchants,5.112857492262097,0.1439105460408159,0.006087966996183269,0.001174716558436185,-0.004913250437747084,0.21228873851400784,-7.984991705890989,11.541011105884731
13-1199.07,Security Management Specialists,1.2063885746747411,0.3871785918046034,0.006087966996183269,0.0007184193451659627,-0.005369547651017307,0.7530071905959647,-35.96368858739849,9.184268794481124
13-2031.00,Budget Analysts,0.4266786894064343,0.3587692731109581,0.00026102164013397237,0.000682286974584356,0.0004212653344503836,0.7066662422503874,-30.15132963871899,6.971475187530255
13-2041.00,Credit Analysts,0.6580261306930033,0.3066582110647664,0.0004038635395858545,0.0006462868786285215,0.00024242333904266706,0.7322657001657741,-32.78214033856694,6.372569856195692
13-2052.00,Personal Financial Advisors,0.0898399126609547,0.4501431593370665,0.001501743399451827,0.0009288395546985324,-0.0005729038447532945,0.5737106561992565,-23.360020182725222,10.716235160560535
13-2053.00,Insurance Underwriters,0.8503122727209378,0.2781722116789119,0.0005589537595005863,0.0006245799478534976,6.562618835291134e-05,0.7515896810238596,-33.157413884279435,6.151302810262731
13-2061.00,Financial Examiners,0.6284778747563359,0.4341738360905043,0.0003500150676410739,0.0005497221004641944,0.00019970703282312045,0.8548922090221962,-38.63004947340836,5.810493792878162
13-2071.00,Credit Counselors,6.0865882297630325,0.4088559988590053,0.0001542074580795715,0.0012582067447002823,0.001103999286620711,0.3281305811217651,-12.007691550973156,13.477491295184775
13-2072.00,Loan Officers,6.114438597915364,0.2719890356671332,0.001771537485322705,0.0010164311012832293,-0.0007551063840394757,0.4087332744015163,-16.032298829332152,10.149038533587285
13-2081.00,"Tax Examiners and Collectors, and Revenue Agents",6.221210202493147,0.2369129373023133,0.00027724238885504357,0.001001049150422937,0.0007238067615678935,0.41064681147750326,-16.408255889104577,9.900518722358886
13-2082.00,Tax Preparers,5.788776850082179,0.2092701794001317,0.00045048439900525984,0.001131660416454967,0.0006811760174497071,0.22101228959769986,-7.814570680279386,11.100571405094911
13-2099.01,Financial Quantitative Analysts,1.1046696851649505,0.5507251229516121,0.0006771335001826765,0.0004942934959452706,-0.00018284000423740598,0.9044640203569216,-47.989388475022864,7.337956057285463
13-2099.04,"Fraud Examiners, Investigators and Analysts",0.6563389181294915,0.3650524516552589,0.0006771335001826765,0.0006424427314728789,-3.469076870979762e-05,0.7881369719012693,-35.42001125370912,6.772749839346
15-1211.00,Computer Systems Analysts,1.062428753271154,0.3278357774878006,0.00275206519372705,0.0009609088958230814,-0.0017911562979039688,0.7182787017211693,-32.135416601571464,11.392829496408986
15-1211.01,Health Informatics Specialists,0.5932649110266809,0.528663008398599,0.00275206519372705,0.0007949487817630813,-0.001957116411963969,0.8382488236051509,-39.27087556929735,10.920197172502773
15-1212.00,Information Security Analysts,0.7848864317626825,0.2927734563252427,0.0009674517987210326,0.0006938149144628703,-0.0002736368842581623,0.7275705370318764,-31.688085845465356,7.238962272665784
15-1221.00,Computer and Information Research Scientists,0.6656612660243861,0.3252277791497434,0.0001942627763499718,0.0009992339169586206,0.0008049711406086488,0.6117588685622631,-28.67987956532009,11.090909485353205
15-1231.00,Computer Network Support Specialists,1.5952365890863978,0.1735673418980226,0.000875699740479055,0.0016529368063798993,0.0007772370659008443,0.4054893130348271,-17.01703612436072,16.632892146605904
15-1232.00,Computer User Support Specialists,1.6549504641582633,0.1729617565755807,0.0038052552356880307,0.0010728394627646854,-0.0027324157729233453,0.471003395077967,-20.30448877131332,12.14362020189695
15-1241.00,Computer Network Architects,1.148774053199299,0.2806013649870387,0.0009605552218838424,0.0010804032485359815,0.00011984802665213903,0.6536071354273991,-29.36095637902216,12.399184901137662
15-1241.01,Telecommunications Engineering Specialists,1.3921015985123648,0.2310772479256387,0.0009605552218838424,0.00120157214733919,0.0002410169254553476,0.5247940353780847,-23.114486945431683,13.50498621909178
15-1242.00,Database Administrators,0.9789586432515978,0.2672713687879087,0.0004200842883069257,0.0008572118718325289,0.0004371275835256032,0.7012927673476853,-30.296745933557872,9.610298921700625
15-1243.00,Database Architects,0.9008376034859592,0.2828340902470112,0.00033059430726754645,0.0007964385999798288,0.0004658442927122824,0.7419810377553568,-32.683934673245965,8.813712106713556
15-1243.01,Data Warehousing Specialists,1.3207454831560597,0.2753841897983863,0.00033059430726754645,0.0007973792289629434,0.00046678492169539696,0.6430219127913656,-29.163125538707956,9.44687218916489
15-1244.00,Network and Computer Systems Administrators,1.2597141985401508,0.1348613427142011,0.0017821857999593268,0.001234865310316427,-0.0005473204896428998,0.45325669258817486,-18.993912896964822,13.037409000949658
15-1251.00,Computer Programmers,1.094201995607587,0.2345239179873533,0.0006641127631140615,0.0008964824350364523,0.00023236967192239073,0.5917959823576118,-25.184832641726953,10.04855642008183
15-1252.00,Software Developers,1.3096121022394662,0.4522667520977108,0.009141440184002876,0.0006788437318510866,-0.00846259645215179,0.762054046012591,-38.387458333900796,9.586023191748314
15-1253.00,Software Quality Assurance Analysts and Testers,1.37375055058217,0.4887001598756539,0.0011202247688184685,0.0006521389556816598,-0.0004680858131368087,0.7806808054668624,-40.13619617429428,9.832804783615064
15-1254.00,Web Developers,0.8945441107975675,0.2361776013975826,0.0004708982664433426,0.0008722785162067887,0.00040138024976344605,0.6067489677830291,-26.936869320972953,9.486889225566992
15-1255.01,Video Game Designers,0.7953480534571382,0.3178969690076014,0.0006127470588306694,0.0006639019627542233,5.115490392355393e-05,0.8026733505125166,-35.16135921602938,6.970156198216385
15-1299.01,Web Administrators,0.9791888517383124,0.3203560554033627,0.00241198119673153,0.0008168063532939251,-0.001595174843437605,0.7130322579112756,-32.581261893277826,9.480891516214278
15-1299.03,Document Management Specialists,0.714855444433118,0.3196608858235149,0.00241198119673153,0.0006826173006251254,-0.0017293638961064046,0.7570980673917241,-33.64063118064237,7.1346193525561175
15-1299.05,Information Security Engineers,0.9608788154952153,0.4438152548427787,0.00241198119673153,0.0005806239035941582,-0.0018313572931373718,0.8649724095817546,-41.60958869333413,7.134475320896158
15-1299.08,Computer Systems Engineers/Architects,1.343506980824364,0.4266161594401031,0.00241198119673153,0.0010709319090020032,-0.0013410492877295268,0.6923360475871894,-34.950243526204204,14.116604349781365
15-1299.09,Information Technology Project Managers,0.5248482767131901,0.3776695555210021,0.00241198119673153,0.000645423059219696,-0.001766558137511834,0.8067072835085778,-35.16273964808341,6.713319698412901
15-2011.00,Actuaries,0.5250368897431925,0.384492629466713,0.00014052464963458625,0.0006696451638695344,0.0005291205142349481,0.7855851181914382,-34.57706653052343,7.166540135690054
15-2021.00,Mathematicians,0.8339749191584377,0.3340271926133421,1.2248320462849686e-05,0.0006980138469309891,0.0006857655264681394,0.7495192882517063,-33.214965111662394,7.689724526959847
15-2031.00,Operations Research Analysts,0.966633156558256,0.4528019999749144,0.0006503747820543788,0.0006581227879408637,7.748005886484897e-06,0.8137184142525083,-39.97585147120411,8.579519117160554
15-2041.00,Statisticians,1.0032591670145714,0.5002177722473157,0.0001652419810190757,0.0006174899437374293,0.00045224796271835357,0.8133232989440781,-43.15327407332769,8.66365043152443
15-2041.01,Biostatisticians,0.7771460093091981,0.5930814252354714,0.0001652419810190757,0.000601386381973016,0.0004361444009539403,0.8841745594808615,-45.807442168475326,9.38397283109279
15-2051.01,Business Intelligence Analysts,0.8724737081914924,0.405218718292031,0.0010632314578359293,0.0005587930206463707,-0.0005044384371895586,0.81409508015698,-39.173180177769446,6.095329141358276
15-2051.02,Clinical Data Managers,0.868030111631089,0.3388509464992562,0.0010632314578359293,0.0007543200873752672,-0.0003089113704606621,0.6893164870488242,-32.15703690371707,8.603204973882871
15-2099.01,Bioinformatics Technicians,0.9196315232459096,0.38306738665934,2.383456954932912e-05,0.0007323287729613168,0.0007084942034119876,0.8123981971542329,-38.02221044686851,8.792744723232158
17-1011.00,"Architects, Except Landscape and Naval",1.3095227629917172,0.320629929235699,0.0006133539575923421,0.001062900736177133,0.0004495467785847909,0.6514795748370455,-29.898936085276723,12.83365808873248
17-1012.00,Landscape Architects,1.0737768880708851,0.329320780037784,0.00011238661613885049,0.0006604308803883096,0.0005480442642494591,0.8027516848251159,-35.86607018604507,7.491595537952891
17-1021.00,Cartographers and Photogrammetrists,1.5917282660867194,0.2606115995212885,6.802783392204353e-05,0.0008244816818229891,0.0007564538479009456,0.5710247640394567,-24.408531905266674,10.077066266133535
17-1022.00,Surveyors,1.5308574747022945,0.3078978314620185,0.0002799458469752221,0.0010374530556039228,0.0007575072086287006,0.6352598083352887,-27.838717091149388,12.846275115658454
17-1022.01,Geodetic Surveyors,1.4883651229065882,0.3573584716773765,0.0002799458469752221,0.001271783071039706,0.000991837224064484,0.6242360527278638,-28.440457696439815,15.42075957478994
17-2011.00,Aerospace Engineers,1.5436722834202328,0.5583795095793345,0.00036778064957367567,0.0015822452453231749,0.0012144645957494992,0.7070595266520817,-36.25688951073743,20.6205763296137
17-2021.00,Agricultural Engineers,1.361538093601098,0.3621965296045514,1.0262106333738926e-05,0.0012605321230601024,0.0012502700167263635,0.5841863708515654,-27.435958728031473,15.131516007506491
17-2031.00,Bioengineers and Biomedical Engineers,1.3558820423754316,0.4862846771334824,0.00010659349159561078,0.0009439134298132497,0.0008373199382176389,0.801163584832435,-40.102365077092045,13.63757612700823
17-2041.00,Chemical Engineers,1.9076398293921075,0.5207460695637438,0.00011663490747055962,0.0024472269641729154,0.0023305920567023557,0.4074429699372586,-19.37312090868512,25.33152174029712
17-2051.00,Civil Engineers,1.6035525968638358,0.4921848882565109,0.0018093858990052046,0.0010796638697931648,-0.0007297220292120398,0.643244506859587,-32.132237671091595,15.6828056963563
17-2051.01,Transportation Engineers,1.4659828697278663,0.4072503461883239,0.0018093858990052046,0.0012168792752107812,-0.0005925066237944235,0.6879695392512113,-32.33881326526224,15.484622963646668
17-2051.02,Water/Wastewater Engineers,1.5200613438478066,0.5019473015815972,0.0018093858990052046,0.0010473093216085273,-0.0007620765773966773,0.6990927146651894,-35.581159426665295,15.326577643906361
17-2061.00,Computer Hardware Engineers,1.7539038176354629,0.3748968346483845,0.00045605683308970945,0.0012345083248680756,0.0007784514917783662,0.5595585643619736,-24.74286179512838,15.79266314936801
17-2071.00,Electrical Engineers,1.655539270620619,0.4334193762165559,0.0010230657943361338,0.0015185793724501375,0.0004955135781140037,0.5637950145445642,-26.241658331342684,18.541486668101328
17-2072.00,"Electronics Engineers, Except Computer",1.67270565957397,0.4867279619521855,0.000531919178298801,0.0015466310358965595,0.0010147118575977586,0.5569197401739401,-26.88751122459507,19.526156345074842
17-2072.01,Radio Frequency Identification Device Specialists,1.5518685329295363,0.341182976330826,0.000531919178298801,0.001021157782854086,0.000489238604555285,0.6041969019878577,-27.448899656939314,13.05929683031886
17-2081.00,Environmental Engineers,0.9468732027311098,0.4670046704495404,0.00022002838741371416,0.0007483631010032725,0.0005283347135895584,0.8021820211578102,-39.966523985669866,10.078117292355461
17-2111.02,Fire-Prevention and Protection Engineers,1.1959754531057096,0.4233218801041999,0.00012419355568412,0.0006939973339334571,0.0005698037782493371,0.816256009672446,-39.100258954653775,9.229396233430432
17-2112.00,Industrial Engineers,1.8208656174162603,0.3371094465014329,0.001836530825436385,0.0015859882972705283,-0.00025054252816585684,0.4612388832391379,-20.87296150375079,18.063656983356047
17-2112.01,Human Factors Engineers and Ergonomists,1.325007784823217,0.5008137656543059,0.001836530825436385,0.0009390873120259448,-0.0008974435134104403,0.753445229062839,-39.218227756241326,13.737714209695985
17-2112.02,Validation Engineers,1.5200106212893314,0.5464024557267294,0.001836530825436385,0.0015163691109780827,-0.00032016171445830243,0.6867514572406628,-36.280373929061284,19.91869992723583
17-2112.03,Manufacturing Engineers,1.926094110272866,0.4134268470547482,0.001836530825436385,0.0024456449380888534,0.0006091141126524683,0.4129270275234533,-17.954758292882822,23.740583828799817
17-2121.00,Marine Engineers and Naval Architects,1.9088901183945537,0.4282093008774029,5.495192423873102e-05,0.002429783774357408,0.0023748318501186773,0.4219505331004328,-19.753493708609028,23.856959319483543
17-2131.00,Materials Engineers,1.5021722395686654,0.4078513446586143,0.0001358901499999945,0.0014968304540387903,0.0013609403040387958,0.5607884244943415,-27.278428394163615,17.74126155381291
17-2141.00,Mechanical Engineers,1.8538302489942176,0.5225282653606597,0.0015519504788265711,0.003658547003705219,0.002106596524878648,0.40167731982931604,-19.135145252630846,29.48319073251851
17-2141.01,Fuel Cell Engineers,1.7297718532499826,0.5252063042243367,0.0015519504788265711,0.0018309280135634068,0.00027897753473683567,0.5688472516001265,-27.89236120611447,22.016508751149516
17-2141.02,Automotive Engineers,1.6010004731175405,0.4694486299662366,0.0015519504788265711,0.0013323360033430842,-0.00021961447548348692,0.6669774078694707,-32.25208495424702,17.55051826570982
17-2151.00,"Mining and Geological Engineers, Including Mining Safety Engineers",1.6904522248607043,0.4294477806129634,3.8841520747054855e-05,0.001275032117139266,0.001236190596392211,0.6230287109557056,-29.142136142222753,16.725283146293187
17-2161.00,Nuclear Engineers,1.4685742760185323,0.5105620966758823,7.012439328054933e-05,0.0010378688532131156,0.0009677444599325662,0.681292412068326,-36.15924145980636,15.253393277301132
17-2171.00,Petroleum Engineers,1.72923276965111,0.4053840922895906,0.00011249696136824554,0.0018452874181584303,0.0017327904567901848,0.5160705235761158,-24.318041144053115,20.35811922946119
17-2199.03,"Energy Engineers, Except Wind and Solar",1.3894873135869177,0.4880542968583721,0.0008330513093178711,0.0009090975675633518,7.604625824548063e-05,0.7617082843150031,-38.28017082547859,13.344025187166547
17-2199.05,Mechatronics Engineers,2.0267813589080754,0.4719527841809252,0.0008330513093178711,0.0024040383849239367,0.0015709870756060655,0.3596101794565658,-16.33339048099618,24.552081261379413
17-2199.06,Microsystems Engineers,1.787813884096223,0.5335808556591499,0.0008330513093178711,0.0021028251428138432,0.001269773833495972,0.5293711414966121,-26.183540159945984,23.725356736909735
17-2199.07,Photonics Engineers,1.578257434147083,0.4226181588002128,0.0008330513093178711,0.0013572040693422866,0.0005241527600244154,0.5948653979357523,-28.449129094721442,17.059859797962957
17-2199.08,Robotics Engineers,2.095868232356062,0.3275712721371361,0.0008330513093178711,0.0018199580276726296,0.0009869067183547586,0.305925484347771,-12.607371546449867,19.699110095071404
17-2199.09,Nanosystems Engineers,1.5127664178065594,0.4169020307389071,0.0008330513093178711,0.0010324594231007809,0.00019940811378290973,0.7123397516123718,-32.66179716096766,13.979138278583742
17-2199.10,Wind Energy Engineers,1.974818883654363,0.5461684457662558,0.0008330513093178711,0.002458972189105145,0.0016259208797872737,0.3530608981363429,-16.32592687858009,25.899002165423195
17-2199.11,Solar Energy Systems Engineers,1.650529785833319,0.4942816405648526,0.0008330513093178711,0.0010002829174551725,0.00016723160813730137,0.6333563841543662,-31.094055432298536,15.017928236376587
17-3012.00,Electrical and Electronics Drafters,2.236336977337472,0.3300899692507175,0.00011409696719447364,0.001544492934901579,0.0014303959677071055,0.25488369586875825,-10.903387277602155,18.088016306654513
17-3013.00,Mechanical Drafters,2.396148484772101,0.3362237465271034,0.00024744917691838213,0.0016582569195898018,0.0014108077426714196,0.19840233715273523,-8.107029775009323,18.926254685989438
17-3021.00,Aerospace Engineering and Operations Technologists and Technicians,2.1703845833570306,0.6663863557014298,5.8703662038162454e-05,0.002745362839139336,0.0026866591771011737,0.22994435286216353,-11.32494736096568,29.317230336073578
17-3022.00,Civil Engineering Technologists and Technicians,1.5317517142652632,0.3958329512565542,0.0003506771390174441,0.001259406570975702,0.000908729431958258,0.5668474559699478,-27.589102763929773,15.844664494949033
17-3024.00,Electro-Mechanical and Mechatronics Technologists and Technicians,2.442751846024659,0.5646596232990968,8.474513617539242e-05,0.002957916269895916,0.0028731711337205237,0.15047126293835278,-6.786989058745986,28.296355392503777
17-3024.01,Robotics Technicians,2.7066461953121466,0.4194585475323837,8.474513617539242e-05,0.0018130066311229517,0.0017282614949475593,0.08519101266455996,-2.2727320864243956,20.66419040590847
17-3025.00,Environmental Engineering Technologists and Technicians,1.5588731194994812,0.3765158373072478,7.602786305318408e-05,0.001091800367518788,0.001015772504465604,0.5659486423128973,-28.460747200927752,14.171717791282667
17-3026.00,Industrial Engineering Technologists and Technicians,2.0892098557018244,0.5018486731105022,0.0004028704325212991,0.0018303577844679638,0.0014274873519466648,0.21842131785654445,-10.664852276087055,22.22421672345174
17-3026.01,Nanotechnology Engineering Technologists and Technicians,1.944735287607553,0.4172655415788406,0.0004028704325212991,0.001541907939055981,0.0011390375065346817,0.4345810499623683,-20.22236053162621,18.981120925623102
17-3027.00,Mechanical Engineering Technologists and Technicians,2.193961889185132,0.5615216435819943,0.00021478698901744966,0.00324860139706888,0.0030338144080514304,0.20801321180070223,-10.118520279068841,29.287412169027736
17-3027.01,Automotive Engineering Technicians,2.0850590874700727,0.618359806481636,0.00021478698901744966,0.002617837621017695,0.0024030506320002454,0.270617135303518,-14.351522599161264,27.91412831737006
17-3029.01,Non-Destructive Testing Specialists,2.044067714483917,0.5824573592787442,0.00036524270929758974,0.0019314860708837312,0.0015662433615861414,0.2847951876419135,-13.902089451269802,24.063769225510292
17-3029.08,Photonics Technicians,2.507152613432312,0.4508695864259167,0.00036524270929758974,0.0023732817565186772,0.0020080390472210874,0.14106290974276528,-5.3634546816844795,24.16809182956323
19-1011.00,Animal Scientists,0.8138729509901693,0.4146177281964888,1.3572463215590192e-05,0.0005439615331820122,0.000530389069966422,0.8835232798604533,-40.71564871310078,5.802141617676247
19-1012.00,Food Scientists and Technologists,1.2882727482517005,0.3708020094651268,7.779338672350476e-05,0.0006924404099609054,0.0006146470232374007,0.7725041325100708,-36.115372045199045,8.790127644180977
19-1013.00,Soil and Plant Scientists,1.0924847344560076,0.4957819163929958,8.717273122208334e-05,0.0006045197874190954,0.000517347056197012,0.8779016870693949,-44.550272453657556,8.566993242324799
19-1021.00,Biochemists and Biophysicists,1.128975508531176,0.429268100886774,0.00018306273556637504,0.0010327788242354692,0.0008497160886690941,0.763698467572982,-36.796355236830294,13.344805635712774
19-1022.00,Microbiologists,1.1575040772205003,0.4039319241372547,0.00011884181205846046,0.0007251715507567858,0.0006063297386983253,0.8149396052868678,-38.44469585410437,9.382176899794674
19-1023.00,Zoologists and Wildlife Biologists,0.5501673696419419,0.4700420012983877,9.434517113276108e-05,0.0007626006131029966,0.0006682554419702356,0.774242355910134,-36.010451088419345,9.575194787513803
19-1029.01,Bioinformatics Scientists,0.8706274442826827,0.4135969226786506,0.0003377667471782242,0.0005932785162029238,0.00025551176902469954,0.8846570108684113,-41.40522443488518,6.812396852405946
19-1029.02,Molecular and Cellular Biologists,1.015905470440379,0.4205276361491634,0.0003377667471782242,0.0008469750452021023,0.0005092082980238781,0.7857675889905663,-37.65890030457083,10.926319380113931
19-1029.03,Geneticists,0.8537302838839473,0.4553502093483507,0.0003377667471782242,0.0005810621883199224,0.00024329544114169818,0.844992214916364,-40.51325032664872,7.068624981274302
19-1029.04,Biologists,0.7236839866466813,0.4684527396319463,0.0003377667471782242,0.0006580064417164983,0.00032023969453827406,0.8306513215161878,-39.46859824818188,8.292985355955736
19-1031.00,Conservation Scientists,0.9035882304217632,0.4659779455683766,0.0001257383888956506,0.0006500604840131434,0.0005243220951174928,0.8286312087852943,-40.86000159583911,8.493418962733557
19-1031.02,Range Managers,0.6473076953281485,0.30946250025275,0.0001257383888956506,0.0007506784103355295,0.0006249400214398789,0.768845264971115,-32.550014198018644,7.9446789775137745
19-1031.03,Park Naturalists,6.052249204376099,0.3766337605366127,0.0001257383888956506,0.001273526311360242,0.0011477879224645914,0.31433168280618307,-12.157262900438354,13.290110563376697
19-1032.00,Foresters,0.8689406725326552,0.2488042082332703,5.2138120889157444e-05,0.001054569543721354,0.0010024314228321966,0.5979989580500417,-26.08884348815674,11.507093538762547
19-1041.00,Epidemiologists,0.5225661799556947,0.5864327264000075,5.644158483556409e-05,0.0007965776573713149,0.0007401360725357508,0.7575564100644642,-36.9716155878494,11.750607622659304
19-1042.00,"Medical Scientists, Except Epidemiologists",0.8496146994362412,0.4713410797868172,0.0007537682619975333,0.000789613396143836,3.584513414630274e-05,0.7432256304031624,-37.02264928055827,10.492791756727584
19-2011.00,Astronomers,0.4633275992792994,0.4141115131403424,1.147590385708439e-05,0.0009151279826492842,0.0009036520787921998,0.6760070751764675,-29.540269921569553,10.658938145770787
19-2012.00,Physicists,1.22810472036972,0.4752983933087569,0.00010124174796995122,0.0009775368322484461,0.0008762950842784949,0.7736972860779464,-38.74876551921254,13.5802123354464
19-2021.00,Atmospheric and Space Scientists,1.0133329776473845,0.384769553041447,5.136570428339215e-05,0.000840394166531192,0.0007890284622477998,0.7272408573667438,-35.13566372718223,10.437007720757906
19-2031.00,Chemists,1.6683413495120971,0.5460358593012261,0.0004608568505683938,0.001607947950698039,0.001147091100129645,0.517355060437227,-28.688867676341467,20.86378331021207
19-2032.00,Materials Scientists,1.5736118779977464,0.4250894741679786,4.860707354851609e-05,0.0019026525451624281,0.0018540454716139121,0.539642782580851,-25.247757431363617,20.626876401983463
19-2041.00,"Environmental Scientists and Specialists, Including Health",1.0542950679760053,0.623716766888985,0.00044540851845308786,0.0006064871386514392,0.00016107862019835138,0.9110078652207934,-50.421221254308826,10.612017562893453
19-2041.01,Climate Change Policy Analysts,0.6771282988884415,0.6213864550734289,0.00044540851845308786,0.00046145966752694203,1.6051149073854172e-05,0.9051076300539749,-45.87793045765861,6.8982013123990145
19-2041.02,Environmental Restoration Planners,1.1189319953195354,0.5439415499824792,0.00044540851845308786,0.0005732049615785486,0.0001277964431254607,0.8914092450689352,-47.23343519172121,8.812674750512393
19-2041.03,Industrial Ecologists,1.265176335265836,0.6174120166919871,0.00044540851845308786,0.0007594699997065387,0.00031406148125345085,0.8531996857751434,-48.10378780811463,13.331968432022853
19-2042.00,"Geoscientists, Except Hydrologists and Geographers",1.3506938900218284,0.5115371718760439,0.00013583497738529695,0.0007416379146694076,0.0006058029372841106,0.8088076473523446,-41.73677238361504,11.484979775165867
19-2043.00,Hydrologists,1.1410992810823395,0.4830308936059596,3.393115803897548e-05,0.0006718106929488516,0.0006378795349098761,0.8386339217332546,-42.136304878666365,9.58593967795461
19-2099.01,Remote Sensing Scientists and Technologists,1.2370877403436729,0.4007760253452259,0.00011486938380023895,0.0008529995903473718,0.0007381302065471328,0.7572337857623971,-36.16973423858652,11.203793693507873
19-3011.00,Economists,0.580032420976745,0.524524060165914,9.059343333332966e-05,0.0005867006682827682,0.0004961072349494386,0.8239637448778304,-39.228392272102,7.64880970265245
19-3011.01,Environmental Economists,0.9270561047879076,0.64083335957933,9.059343333332966e-05,0.00046731841559734494,0.0003767249822640153,0.9211499031421186,-50.71710594940811,7.894336937535657
19-3022.00,Survey Researchers,0.6848541104566,0.4395401793503081,4.518637143726979e-05,0.000588076395347561,0.0005428900239102911,0.8618924383800058,-39.766093685501,6.676120526486897
19-3032.00,Industrial-Organizational Psychologists,0.3968310575696911,0.4795296602138714,5.682779313844674e-06,0.000805515184152174,0.0007998324048383293,0.7532624368554913,-32.73992248401575,10.020717350765665
19-3033.00,Clinical and Counseling Psychologists,0.2031359434429263,0.5221467755962187,0.0003957531652253189,0.0011386420972854183,0.0007428889320600994,0.5998210890702482,-25.7040118995857,13.923379253149967
19-3034.00,School Psychologists,6.277963020912134,0.589135354906944,0.000346428847685735,0.0012655373437704702,0.0009191084960847352,0.3949415352839216,-16.45530251188041,16.00807506509047
19-3039.02,Neuropsychologists,0.2852906989502082,0.5202107854464764,7.988994608201056e-05,0.0008709243775565547,0.0007910344314745442,0.6925555916356972,-30.183293587143325,11.222299064652528
19-3039.03,Clinical Neuropsychologists,0.3218332585111266,0.4802850804820089,7.988994608201056e-05,0.0007908259882499069,0.0007109360421678964,0.7214463788629744,-31.367543707489038,9.704928331374536
19-3041.00,Sociologists,0.4531100835269863,0.5724635040750629,1.59448856475836e-05,0.0006642372588726124,0.0006482923732250288,0.8191391818874884,-37.99741370821317,9.496768710195273
19-3051.00,Urban and Regional Planners,0.8300519424053363,0.5568887211911813,0.0002355318921437176,0.0005003554910435397,0.00026482359889982206,0.9141547177480218,-46.5652574393747,6.954185178743078
19-3091.00,Anthropologists and Archeologists,0.4686196354748743,0.4264746011771718,4.2593258546486294e-05,0.0007580129165500321,0.0007154196580035459,0.6969504855803746,-31.580551529348064,8.832519793100023
19-3092.00,Geographers,0.7642067367751031,0.3697509363569973,8.055201745838082e-06,0.0006600906430771134,0.0006520354413312753,0.7562106954239349,-34.3646392556719,7.291254446798574
19-3093.00,Historians,0.1639077367173792,0.3927146045375067,1.6772474868046416e-05,0.0008872388800619468,0.0008704664051939003,0.6258864312655122,-25.980612624762085,9.66853113367478
19-3094.00,Political Scientists,0.3835483073968098,0.5905063860283246,3.078631900121678e-05,0.0007973069196952991,0.0007665206006940823,0.7061087729626202,-33.97685176045754,11.59316161213301
19-3099.01,Transportation Planners,0.9927919394228174,0.458955569316046,0.0001942627763499718,0.0005685484400135372,0.0003742856636635654,0.870060063712008,-43.338480213501605,7.184926330004124
19-4012.00,Agricultural Technicians,1.7803225704159087,0.1617553154431858,7.255198832724026e-05,0.001038172345570826,0.0009656203572435858,0.41899909553618375,-18.843489007779556,11.805310519589902
19-4012.01,Precision Agriculture Technicians,1.5318208055010225,0.3506268054925698,7.255198832724026e-05,0.0008574676774322468,0.0007849156891050065,0.6717203623320444,-30.67442264826418,11.292704908688355
19-4013.00,Food Science Technicians,1.9011108844513411,0.3250528139946744,8.380720172553456e-05,0.0013716835608054796,0.0012878763590799451,0.43945907824045666,-20.157505354558356,16.506991582695814
19-4021.00,Biological Technicians,1.7018919414495826,0.2156417864294967,0.000424773960556215,0.0010976370562088239,0.0006728630956526089,0.41148999586082097,-19.969550335931554,12.798686989576954
19-4031.00,Chemical Technicians,1.7842622984144365,0.3498287985124232,0.00030830457092974794,0.0013230621508488276,0.0010147575799190796,0.4874139734686472,-23.450994619765137,16.259880158459623
19-4042.00,"Environmental Science and Protection Technicians, Including Health",1.5034477993507072,0.4375867143525518,0.00017870409900527085,0.000965550519256525,0.000786846420251254,0.6500330646612218,-31.857644533671404,13.52398684134856
19-4051.02,Nuclear Monitoring Technicians,2.00202567771759,0.3154829569701335,2.9793211936661398e-05,0.001393196859830617,0.0013634036478939557,0.3691417390909206,-15.979217684075001,16.668156371624292
19-4061.00,Social Science Research Assistants,0.4856360794651509,0.3311418940954537,0.0001704282068006427,0.0008576021367835162,0.0006871739299828735,0.6758043570451447,-29.034618711526097,9.234646847482912
19-4071.00,Forest and Conservation Technicians,0.7447357322342245,0.1626912383590358,0.00015856609464067565,0.0011212174886117937,0.000962651393971118,0.47630371602369365,-19.398072363368954,11.656767097713262
19-4092.00,Forensic Science Technicians,1.5137784942443102,0.2651779433130093,9.666242095005697e-05,0.0008920083684939806,0.0007953459475439236,0.5559820009925002,-25.095701123544874,10.834089665564678
19-4099.01,Quality Control Analysts,1.5065691812048634,0.46737013734479,0.00039851179596019494,0.000989387475362367,0.0005908756794021721,0.6822222869527901,-35.266431193533094,14.19351491197042
19-4099.03,Remote Sensing Technicians,1.5602297764154116,0.335115648673367,0.00039851179596019494,0.0013815057204312042,0.0009829939244710092,0.5622606838992936,-25.6341185345992,16.180191271735165
19-5011.00,Occupational Health and Safety Specialists,1.2065741694859482,0.3717042369895171,0.0006747610777506831,0.0008290507359054486,0.00015428965815476544,0.7120396245022059,-33.91405195271053,10.52543066576834
19-5012.00,Occupational Health and Safety Technicians,1.313215241750985,0.3403762037018598,0.00015045572028014005,0.0010080849361748282,0.0008576292158946881,0.6153540716415872,-29.111651471559664,12.469862398593204
21-1012.00,"Educational, Guidance, and Career Counselors and Advisors",5.926115011907728,0.6034747604439004,0.0018077858931789766,0.0020460738488711446,0.00023828795569216799,0.16113152321818877,-5.35356592774203,21.31171793086981
21-1013.00,Marriage and Family Therapists,0.0121368675497294,0.5622140141962602,0.0003494633414940987,0.0012188423082087705,0.0008693789667146718,0.490747955388727,-19.051419769750932,15.169801410076184
21-1015.00,Rehabilitation Counselors,0.0774601498761539,0.46980057361926,0.0004675879095614914,0.0009872006399946915,0.0005196127304332001,0.4991411169216531,-20.56176164291291,11.604243519375686
21-1021.00,"Child, Family, and School Social Workers",6.175348604150893,0.5145064070323905,0.0019429587991879032,0.0011173282887751484,-0.0008256305104127548,0.36319480345656946,-14.038611982083426,13.536800973476247
21-1022.00,Healthcare Social Workers,0.05230805682885,0.5098561860804994,0.0010208037171335355,0.0009571047016845469,-6.369901544898862e-05,0.4923704674680669,-20.174116369311914,11.83056399146231
21-1023.00,Mental Health and Substance Abuse Social Workers,6.262397122392789,0.5240263214801615,0.000632719545351172,0.0012640382623419295,0.0006313187169907575,0.4535530558802441,-17.55002160499657,14.95777873286583
21-1091.00,Health Education Specialists,0.1037697424376885,0.6062413216358226,0.000318897712951672,0.0013502612742425828,0.0010313635612909109,0.4685422329462026,-19.17897675929575,17.018309574998035
21-1092.00,Probation Officers and Correctional Treatment Specialists,6.120976480381305,0.3553834922847684,0.0004737672424076137,0.0010372270716428357,0.000563459829235222,0.4327784298213401,-16.372299938888478,10.910084689590484
21-1093.00,Social and Human Service Assistants,6.05637660699731,0.4181791141224096,0.002258270292184236,0.0011414954774096406,-0.0011167748147745955,0.3547297741452849,-13.742348107298811,12.570705451677764
21-1094.00,Community Health Workers,6.275573967599635,0.5497595362988216,0.0003230356590539861,0.0014308078318766015,0.0011077721728226155,0.43935944025085805,-17.153210707758873,16.65174180822105
21-2011.00,Clergy,5.738913691481301,0.4951489479413918,0.0003124976896467595,0.0015590347426922982,0.0012465370530455387,0.07469051608121309,-1.6749336894294937,16.938967394119267
21-2021.00,"Directors, Religious Activities and Education",6.010092296956891,0.5488029919670463,0.00012838667440113162,0.0014710111669370537,0.0013426244925359221,0.20032419802236015,-7.024786500386865,16.967489100097318
23-1011.00,Lawyers,0.0921260885418117,0.3850915918028009,0.0040349940032885084,0.0009491399858463919,-0.0030858540174421166,0.5407919989624107,-21.90979905011881,10.243008759316968
23-1012.00,Judicial Law Clerks,6.014854614946249,0.359851915368895,8.099339837596098e-05,0.0011818331991507536,0.0011008398007747926,0.34941997500519795,-12.44763504259006,12.36833254382724
23-1021.00,"Administrative Law Judges, Adjudicators, and Hearing Officers",0.2661132548725979,0.3465000042228904,8.093822576126346e-05,0.000794656231224114,0.0007137180054628506,0.6208023705542428,-26.752161611310953,8.238072773418835
23-1022.00,"Arbitrators, Mediators, and Conciliators",0.0650711527547365,0.3186721063794065,3.89518659764499e-05,0.0008805797566175471,0.0008416278906410972,0.5227173076068042,-21.671746451272423,8.925839005241436
23-1023.00,"Judges, Magistrate Judges, and Magistrates",5.909766936930342,0.337103302224663,0.00013500738816483415,0.0012107495265703508,0.0010757421384055166,0.27434393578901684,-9.263789293734721,12.477756786480462
23-2011.00,Paralegals and Legal Assistants,6.064773561734509,0.3015632959181752,0.0019580209230003263,0.0009857724970558633,-0.0009722484259444631,0.4108029681302404,-16.761901028413735,9.995148521355809
23-2093.00,"Title Examiners, Abstractors, and Searchers",0.7329065028577534,0.1204788612985485,0.000274538930734865,0.0009381943375264655,0.0006636554067916005,0.5302786677600371,-20.86167029374961,9.691389129417031
25-1011.00,"Business Teachers, Postsecondary",5.8923823890737,0.5856282482662668,0.00045782235676003014,0.0008135370134723726,0.0003557146567123424,0.20419473384024936,-7.722143783685725,11.350942597417905
25-1021.00,"Computer Science Teachers, Postsecondary",5.911966134908718,0.5449751339379635,0.0001994490021315388,0.0008515739477184415,0.0006521249455869026,0.2435688687503891,-8.91126427001158,11.19410990522679
25-1022.00,"Mathematical Science Teachers, Postsecondary",5.852219722216242,0.5750511804245356,0.0002660975206861443,0.0007477179692268419,0.00048162044854069757,0.20927815303294786,-7.483998807785387,10.313840479937747
25-1031.00,"Architecture Teachers, Postsecondary",5.92108899520546,0.5638474341829542,4.606913327243012e-05,0.0007630100971739004,0.0007169409639014703,0.2550793987802435,-9.739374387944457,10.325463185826393
25-1032.00,"Engineering Teachers, Postsecondary",5.968738693394053,0.5298823451134806,0.0002116973225943885,0.0007717369570932578,0.0005600396344988693,0.2882241834272141,-11.350567511890507,9.928623775820498
25-1041.00,"Agricultural Sciences Teachers, Postsecondary",5.941856630181804,0.5618241227808165,4.1655324096628434e-05,0.0007584069136884982,0.0007167515895918697,0.2685338399149566,-10.23409601379279,10.22636104607619
25-1042.00,"Biological Science Teachers, Postsecondary",5.933103339099668,0.5186627879520512,0.00028717345950059734,0.0010856151742523672,0.0007984417147517698,0.24034777844138303,-8.8797988456905,13.358138532020442
25-1043.00,"Forestry and Conservation Science Teachers, Postsecondary",5.984623783450736,0.5662030182107882,6.951749451887659e-06,0.0007589808687993179,0.0007520291193474302,0.2882783915866598,-11.173639037352547,10.295017897759495
25-1051.00,"Atmospheric, Earth, Marine, and Space Sciences Teachers, Postsecondary",5.955239108811932,0.5393309013782918,6.493816749898234e-05,0.0008358006062015506,0.0007708624387025683,0.2756519940551019,-10.439145036950718,10.905501525000943
25-1052.00,"Chemistry Teachers, Postsecondary",5.944003508432697,0.527228266277482,0.00011150385430369016,0.0009889000301305968,0.0008773961758269067,0.2545102835546086,-9.326571504031573,12.497515819724896
25-1053.00,"Environmental Science Teachers, Postsecondary",5.969142056625407,0.5702340282100958,3.9282901664635026e-05,0.0007572355127066291,0.000717952611041994,0.2935971509299911,-11.330321192344751,10.33611551937253
25-1054.00,"Physics Teachers, Postsecondary",5.908923026552506,0.5280658479678882,7.740717842062211e-05,0.0008901234420764566,0.0008127162636558346,0.2340896535904938,-8.395949408752498,11.413479037276486
25-1061.00,"Anthropology and Archeology Teachers, Postsecondary",6.004713877733327,0.5586778807441705,2.7751825192853115e-05,0.0008439338036048455,0.0008161819784119924,0.296992255300558,-11.89231370412305,11.28871190872192
25-1062.00,"Area, Ethnic, and Cultural Studies Teachers, Postsecondary",5.920444797844599,0.5824479222699256,6.383471520503192e-05,0.0008986646868494959,0.0008348299716444639,0.22801967558860745,-8.656668442969028,12.335226374106865
25-1063.00,"Economics Teachers, Postsecondary",5.916683199545707,0.5786751476753478,6.736576254567327e-05,0.0006842029696472296,0.0006168372071015562,0.2382842992084943,-9.269916760106621,9.41503712866847
25-1064.00,"Geography Teachers, Postsecondary",5.96477744175168,0.5462758068463008,1.9200069914737346e-05,0.0007159572488710362,0.0006967571789562989,0.2899386397910821,-11.48877627581947,9.382522476991971
25-1065.00,"Political Science Teachers, Postsecondary",5.903663173856796,0.5882701133782564,9.428999851806357e-05,0.0007044613182883891,0.0006101713197703255,0.22509369800155268,-8.748713968999262,9.879608088444282
25-1066.00,"Psychology Teachers, Postsecondary",5.943077735704581,0.5641164340180069,0.00022405598828663322,0.0008215550716869019,0.0005974990834002687,0.25788738557147056,-9.775462077432872,11.10058952242929
25-1067.00,"Sociology Teachers, Postsecondary",5.926191646558987,0.5771073256380215,7.100715511570966e-05,0.0007433456874389539,0.0006723385323232443,0.23881682342545316,-9.054374544339858,10.257706582030522
25-1071.00,"Health Specialties Teachers, Postsecondary",5.883340002691258,0.5904192194469525,0.0012433700448233357,0.0007736441181698406,-0.0004697259266534951,0.20856343677064587,-7.285044765089615,10.905472835413702
25-1072.00,"Nursing Instructors and Teachers, Postsecondary",5.947113954972658,0.5810446918596154,0.0004011049088509784,0.0009404510333505171,0.0005393461244995387,0.244467577769365,-8.923935020565231,12.784111394588336
25-1081.00,"Education Teachers, Postsecondary",5.910364129173049,0.594262171956924,0.00033578053304911346,0.000851120354321977,0.0005153398212728635,0.2154362246398285,-8.116526245114754,11.960153733465063
25-1082.00,"Library Science Teachers, Postsecondary",5.911209710624378,0.5822393224301137,2.3282843402353905e-05,0.0007959079637257103,0.0007726251203233564,0.22464016421158944,-8.423623229865338,11.060303702162052
25-1111.00,"Criminal Justice and Law Enforcement Teachers, Postsecondary",5.896528493337208,0.5890959885882595,7.387613107998075e-05,0.0007101448815139601,0.0006362687504339794,0.21428698741291094,-8.224353484383647,9.979893576854371
25-1112.00,"Law Teachers, Postsecondary",5.8692994864134285,0.58800989576215,8.038649961428825e-05,0.0007294167856762112,0.0006490302860619229,0.20035317995383636,-7.599105742495932,10.255635908183338
25-1113.00,"Social Work Teachers, Postsecondary",5.929883455337112,0.581079309446812,6.471747704019226e-05,0.0010445007825609584,0.0009797833055207662,0.2289700840934706,-8.53904583294102,13.889004642384265
25-1121.00,"Art, Drama, and Music Teachers, Postsecondary",5.832059258073668,0.5425164684969244,0.0005600020391798393,0.0008994447143820699,0.00033944267520223063,0.1873532853477375,-6.826316833973444,11.753572512107528
25-1122.00,"Communications Teachers, Postsecondary",5.883135178951345,0.5819217704670391,0.0001573522971173302,0.000710273567530788,0.0005529212704134577,0.2190986945303675,-8.368888572133187,9.870585170624036
25-1123.00,"English Language and Literature Teachers, Postsecondary",5.865889047820697,0.564077378220911,0.0003177942606577216,0.0008435291758911225,0.0005257349152334009,0.20352344574303136,-7.66796043872785,11.398545608442499
25-1124.00,"Foreign Language and Literature Teachers, Postsecondary",5.859282179447422,0.5974023376330038,0.00011486938380023895,0.0007607108736385748,0.0006458414898383359,0.18218493146650624,-6.4462152559163215,10.858719449958352
25-1125.00,"History Teachers, Postsecondary",5.928095838270006,0.5847633333396328,0.000113710758891591,0.0008343592923088499,0.0007206485334172589,0.24764468097020256,-9.65236167277479,11.591670868615635
25-1126.00,"Philosophy and Religion Teachers, Postsecondary",5.8689899254777655,0.5886999355617444,0.00011211075306536289,0.0007320567218126513,0.0006199459687472884,0.2028649419452178,-7.3797543619073025,10.305079283403197
25-1192.00,"Family and Consumer Sciences Teachers, Postsecondary",5.926277208135334,0.5798079363572899,1.4675915509540613e-05,0.000711930980402152,0.0006972550648926114,0.2583070706220354,-10.08594846991687,9.847580120032356
25-1193.00,"Recreation and Fitness Studies Teachers, Postsecondary",5.914494199195162,0.5805347889003802,7.321405970361051e-05,0.000719247068587976,0.0006460330088843655,0.23069466127341415,-8.983407089452545,9.96939449092616
25-1194.00,"Career/Technical Education Teachers, Postsecondary",6.04308646094223,0.4054629491437036,0.0006134091302070397,0.0015192680776534512,0.0009058589474464115,0.2850236006452136,-10.297888155212943,15.438567074080375
25-2011.00,"Preschool Teachers, Except Special Education",5.739984357227568,0.5132541123940154,0.002373746574746148,0.001484466938285388,-0.0008892796364607602,0.11322480531154003,-3.915243939610643,16.65783680260778
25-2012.00,"Kindergarten Teachers, Except Special Education",5.784949003258184,0.5012116584394732,0.0006542368650832053,0.0012669622145828068,0.0006127253494996015,0.1250844936532805,-4.173796398447424,14.802293761484165
25-2021.00,"Elementary School Teachers, Except Special Education",5.757909261450223,0.5329168867693564,0.007779724880653358,0.0015290759983953828,-0.006250648882257976,0.09745143151001505,-2.7384061919676603,17.217047943631616
25-2022.00,"Middle School Teachers, Except Special and Career/Technical Education",5.765944238783927,0.538765411923729,0.00345761259047895,0.0011844818413279754,-0.0022731307491509747,0.09879049286925344,-2.8271982301087943,14.617151629955787
25-2023.00,"Career/Technical Education Teachers, Middle School",5.766745044788627,0.5433738193268722,6.736576254567327e-05,0.0012788038745660786,0.0012114381120204053,0.08346581996119791,-1.9186064520606854,15.492007958805457
25-2031.00,"Secondary School Teachers, Except Special and Career/Technical Education",5.79172175996194,0.5374944424208639,0.005766476170340813,0.0012862818246455062,-0.004480194345695307,0.10743891747380506,-3.0930843457283284,15.445103783510806
25-2032.00,"Career/Technical Education Teachers, Secondary School",5.783262858560279,0.5263267266322691,0.0004969397405805726,0.0013947388040701325,0.0008977990634895599,0.09364216890664535,-2.1586929725008903,16.142036455391718
25-2051.00,"Special Education Teachers, Preschool",5.862214838327032,0.4540383675426687,0.00013710394752333995,0.0014544544445082052,0.0013173504969848653,0.19858569094591852,-6.9680379559673264,15.629359881238031
25-2057.00,"Special Education Teachers, Middle School",5.830810372798077,0.5072015708102238,0.000490208681587475,0.0013763197000374713,0.0008861110184499963,0.16319817411156126,-5.388741285407811,15.723789469690836
25-2058.00,"Special Education Teachers, Secondary School",5.860918438426841,0.5186088834086378,0.0008725549014412963,0.0013829226190172528,0.0005103677175759565,0.1558617009576091,-4.920648905325424,15.916187706382681
25-2059.01,Adapted Physical Education Specialists,6.109883127050006,0.4126090807167229,0.00024110432622816724,0.001136473052212249,0.0008953687259840819,0.3546427724176642,-13.065448297516674,12.44190294514101
25-3011.00,"Adult Basic Education, Adult Secondary Education, and English as a Second Language Instructors",5.86045338151133,0.5277754060515581,0.00020353177561915537,0.0013083655043996355,0.0011048337287804801,0.1568978560328605,-5.379930113490582,15.463191835896932
25-3021.00,Self-Enrichment Teachers,5.875576911044647,0.4953407347515682,0.0015013020185342468,0.0013901235142704045,-0.00011117850426384224,0.1944316265562382,-7.20360834068029,15.65519590400821
25-3031.00,"Substitute Teachers, Short-Term",5.480580301118097,0.5257684143635885,0.002452588241148906,0.001568746958321543,-0.0008838412828273629,0.019029139125026222,-0.13196547398612718,17.686164747273136
25-3041.00,Tutors,5.935022074877105,0.495376441070931,0.0008954515365407676,0.0013609615335877115,0.00046550999704694394,0.2193680360055681,-7.040966607635335,15.413281457201036
25-4011.00,Archivists,6.008563313959922,0.301928209060227,3.9448419508727594e-05,0.0009965703589182317,0.0009571219394095042,0.37356336994989664,-13.956023626530763,10.128624160275715
25-4012.00,Curators,6.118394411478684,0.4348177040610203,6.90209409865989e-05,0.0014961114944679688,0.00142709055348137,0.31702492291541307,-12.54548405351957,15.577437528717788
25-4013.00,Museum Technicians and Conservators,4.681259971903234,0.016486199554414,6.990370282175924e-05,0.001242111458547121,0.0011722077557253618,0.23957363752263933,-10.09358843944828,12.551151118637808
25-4022.00,Librarians and Media Collections Specialists,5.774632007685157,0.3437274147895418,0.0007379888941940423,0.001674311027632569,0.0009363221334385266,0.17806996319368537,-5.8574672722918635,16.006368405324604
25-4031.00,Library Technicians,5.172100221359254,0.343059317313056,0.0004230084368858943,0.001556974737092914,0.0011339663002070198,0.08400698816844201,-2.6467458981421816,15.357080475296717
25-9021.00,Farm and Home Management Educators,0.1526077607805149,0.4010032765778244,4.4744990519689616e-05,0.0010680459917721103,0.0010233010012524206,0.4989977282722823,-21.442196406955055,11.684544984395874
25-9031.00,Instructional Coordinators,6.0835483160202815,0.5710605151770259,0.00114356278483552,0.0016375739753887284,0.0004940111905532083,0.30523525381741823,-11.121526183924253,18.423100262528123
25-9044.00,"Teaching Assistants, Postsecondary",5.644519848963385,0.4647761726549437,0.0008052994841250181,0.0014029010787366726,0.0005976015946116545,0.12192953276430898,-3.7962883781148378,15.530121385870242
27-1011.00,Art Directors,0.1820011889384758,0.1837201786498039,0.0002824837872513081,0.001131828871795889,0.000849345084544581,0.44713654844465345,-17.06174463119637,11.272487396887096
27-1012.00,Craft Artists,3.5240191463096937,0.1341939192145186,3.21656343686548e-05,0.001105211987428658,0.0010730463530600031,0.2254245754124312,-8.91183092669504,11.932135489163041
27-1013.00,"Fine Artists, Including Painters, Sculptors, and Illustrators",5.209059347509852,0.0983128177304097,6.019332263499553e-05,0.0011621044238765217,0.0011019111012415261,0.22159836297615285,-8.295131164403253,11.490650851223066
27-1014.00,Special Effects Artists and Animators,2.3144113308496013,0.0247988849058478,0.0001651868084043782,0.0011129037877575907,0.0009477169793532125,0.21680220159471653,-7.052372296181389,11.614534327776362
27-1021.00,Commercial and Industrial Designers,1.50463158320825,0.3300994731668532,0.00016998682588306252,0.0009677266189586592,0.0007977397930755967,0.5822244672744824,-27.52417078966852,12.294823094010948
27-1022.00,Fashion Designers,1.39939816948501,0.0449945935876663,0.00011001419370685708,0.0011672606719087435,0.0010572464782018865,0.3423265956087255,-12.888759956550942,12.115021540845461
27-1023.00,Floral Designers,4.6157218764613575,0.3719687063950669,0.00023917328471375398,0.0012912643671134697,0.0010520910823997157,0.0467545444393864,-1.1811099910792016,13.646969587843834
27-1024.00,Graphic Designers,0.4251804767048106,0.034631154637203,0.001173631859845669,0.0010724328856864464,-0.00010119897415922252,0.3171879894378506,-12.935397775917036,10.984458113089024
27-1025.00,Interior Designers,1.0467051642752945,0.1793080896767041,0.000373849637190403,0.00090341191776348,0.0005295622805730771,0.5584489564364407,-23.67347927780597,9.771771377867884
27-1026.00,Merchandise Displayers and Window Trimmers,4.459459760557692,0.2186604311230837,0.0009698793937677235,0.001181852703914629,0.0002119733101469055,0.10518408991540175,-3.4316229207520377,12.033916675692355
27-1027.00,Set and Exhibit Designers,1.7179355183252558,0.0233980956700391,5.5669168229798797e-05,0.0011900976921415895,0.0011344285239117907,0.3563734610308461,-13.101824459171148,12.273146868345457
27-2011.00,Actors,5.122717041603321,0.2287977803278502,0.00034515987754769206,0.0012504936882678998,0.0009053338107202077,0.08918447925668287,-2.695636710912565,12.3112473111283
27-2012.00,Producers and Directors,6.071598669958998,0.1423700162944265,0.0008522513792326085,0.0012761369187284104,0.0004238855394958019,0.3032602111558866,-11.117872373073322,12.355469849459894
27-2012.03,Media Programming Directors,5.873963113491617,0.2381626601595345,0.0008522513792326085,0.001306106702869579,0.0004538553236369705,0.28175101570047245,-10.875439603510966,12.669339755164579
27-2012.04,Talent Directors,5.534835947671985,0.241134405517981,0.0008522513792326085,0.0011788182071673645,0.00032656682793475605,0.21654460839016976,-7.211568029036194,11.685152460135127
27-2012.05,Media Technical Directors/Managers,3.0293527335599046,0.0838094372703166,0.0008522513792326085,0.0015366558555764524,0.0006844044763438439,0.1847362695497459,-6.125436716406674,15.344559351709005
27-2021.00,Athletes and Sports Competitors,6.040647137241384,0.2391378411621631,8.237271374339901e-05,0.0011018249921589504,0.0010194522784155514,0.3441673693758106,-13.705358950497867,10.861391008855058
27-2022.00,Coaches and Scouts,6.04222512480268,0.3606320631843754,0.0013185151460413595,0.0014370993907849715,0.00011858424474361202,0.3377142840009,-12.507521138459937,14.41300100315771
27-2023.00,"Umpires, Referees, and Other Sports Officials",6.259596455131482,0.1607129332675586,8.187616021112132e-05,0.001219956999798181,0.0011380808395870597,0.2713220518454278,-10.780300206265437,11.937750519675813
27-2031.00,Dancers,5.479273099295988,0.1992401838776465,6.35036795168468e-05,0.0010588407180429685,0.0009953370385261217,0.2012497771355856,-7.402021928321048,10.42736148892649
27-2032.00,Choreographers,5.813449511695222,0.2076707178257437,2.3117325558261345e-05,0.0012192097938391675,0.0011960924682809062,0.276336700103281,-9.910375139932459,11.874615081460018
27-2041.00,Music Directors and Composers,5.86658987292504,0.0944322220200836,5.942090602923023e-05,0.0011937385363303536,0.0011343176303011233,0.26680173902889875,-9.96819290484549,11.748683219767681
27-2042.00,Musicians and Singers,5.472523339838549,0.1989977722689181,0.00019597312740559497,0.001247085679836663,0.0010511125524310682,0.1643469664040992,-5.481486836494908,12.144553943499329
27-3011.00,Broadcast Announcers and Radio Disc Jockeys,5.558211258494691,0.2543175348706386,0.00013831774504668542,0.0012008031239377308,0.0010624853788910454,0.14942563129764186,-4.672232086504736,11.942420861706296
27-3031.00,Public Relations Specialists,6.2710998978844845,0.4621162640866856,0.001520281397990194,0.0010464021704923924,-0.0004738792274978016,0.43259112140308886,-17.24183582503909,12.117095197848005
27-3041.00,Editors,5.969767289222943,0.2000043207488582,0.000528001922655277,0.0012398637683441673,0.0007118618456888903,0.32853690282778886,-11.533812100088394,12.024420229433655
27-3042.00,Technical Writers,1.0734381480031556,0.1198120056733406,0.00026466303270400877,0.001080325169952143,0.0008156621372481343,0.3887649394991336,-17.12399336783539,11.425671229677718
27-3043.00,Writers and Authors,0.1900390522769169,0.3486608822904262,0.00027282857967924186,0.0007866669898635604,0.0005138384101843186,0.5552669573216626,-22.79820977887692,8.050359369016576
27-3043.05,"Poets, Lyricists and Creative Writers",6.052417750430905,0.2458149952479385,0.00027282857967924186,0.0011368772883147593,0.0008640487086355175,0.3674324032875944,-13.611029064588466,11.213040840262169
27-3091.00,Interpreters and Translators,0.1548390567076126,0.2215219329151614,0.00028447000138041883,0.0010746215542002135,0.0007901515528197947,0.5283376765388268,-20.61470273720315,10.750581866971292
27-3092.00,Court Reporters and Simultaneous Captioners,5.133080515034269,0.2148703385186707,6.835886961022865e-05,0.00120423745782102,0.0011358785882107914,0.06600906892600453,-2.1226583966617163,11.869159087685688
27-4011.00,Audio and Video Technicians,3.843196663130671,0.0889053621652639,0.0003680013400324658,0.0013706267409221422,0.0010026254008896765,0.1616149077537051,-5.4206708284491345,13.806442340297625
27-4012.00,Broadcast Technicians,3.046009875978013,0.1651351798827433,0.0001444970778928078,0.0014637661270233038,0.001319269049130496,0.08825415436448397,-2.302740978681078,15.442531177316877
27-4014.00,Sound Engineering Technicians,3.0383057482530043,0.1945353784682389,8.055201745838081e-05,0.0013212111212473998,0.001240659103789019,0.08324673144938284,-2.2152199717596455,14.617982099044607
27-4021.00,Photographers,3.449862633132294,0.1178372279555783,0.00029589073262280567,0.0016177160978042638,0.001321825365181458,0.1466090604284947,-5.31163201933256,15.895257302304712
27-4031.00,"Camera Operators, Television, Video, and Film",3.141550516773479,0.1967375025317111,0.00013208323958586554,0.001156961834442177,0.0010248785948563115,0.13237828936333154,-4.545535669363872,13.15311671728204
27-4032.00,Film and Video Editors,3.0798956076888437,0.1093313454359881,0.00016132472537555171,0.0011946952032864297,0.001033370477910878,0.22161785586977295,-7.988636801265859,12.863755270148365
29-1011.00,Chiropractors,0.1367218351861222,0.2782746532371201,0.00022885600576531755,0.0011949433216000196,0.0009660873158347021,0.4392910698198734,-17.823554998553487,11.999854428378086
29-1021.00,"Dentists, General",5.5606003654875416,0.0524407634155847,0.0006711196851806467,0.0013000371335688775,0.0006289174483882308,0.2504981221665929,-9.683508049821944,12.803480008443858
29-1022.00,Oral and Maxillofacial Surgeons,4.9140246329995145,0.1324987402841333,2.295180771416878e-05,0.0012932430298583171,0.0012702912221441483,0.1308931272327014,-4.13289916549747,12.626692344627733
29-1023.00,Orthodontists,6.131590763971901,0.1110353343577412,3.531047340641351e-05,0.0011255214912870544,0.001090211017880641,0.34776096111519456,-13.246057322792787,11.125354658192517
29-1024.00,Prosthodontists,3.9924865388359785,0.0683108077939645,3.144839037758703e-06,0.0012293013181433612,0.0012261564791056026,0.18654811242309355,-6.564802147653371,12.55422611654949
29-1031.00,Dietitians and Nutritionists,0.3134025924497729,0.4282555782204753,0.0004075049321558909,0.0009380561300451905,0.0005305511978892995,0.6501447948630944,-27.76662679645988,10.82946693117795
29-1041.00,Optometrists,0.0114902194268436,0.2097828480743261,0.00022835945223303986,0.0010577978774747514,0.0008294384252417115,0.4042563589889747,-15.989596697966586,10.473705464060327
29-1051.00,Pharmacists,6.180296061332774,0.275812623250258,0.001830075629516775,0.0012849959997300285,-0.0005450796297867466,0.3530747837929341,-14.345899980790138,12.63548621825918
29-1071.00,Physician Assistants,0.0881991345617762,0.2818636713857794,0.0008040856866016726,0.001118148208375403,0.0003140625217737305,0.4670601588554681,-18.450306933502965,11.279531782404181
29-1071.01,Anesthesiologist Assistants,0.250080441557057,0.1235824394380656,0.0008040856866016726,0.001315474094233826,0.0005113884076321535,0.31646618962525247,-11.214294839769794,12.906840975552797
29-1081.00,Podiatrists,5.192123066899784,0.1597693086112672,5.2248466118552486e-05,0.001269969618772157,0.0012177211526536043,0.20159528594049897,-6.773373170038026,12.336429087628442
29-1122.00,Occupational Therapists,6.262543285393475,0.3373610533949416,0.0007991201512788957,0.0010726226786812116,0.00027350252740231584,0.44291316466289915,-17.83902462474703,11.09719335955006
29-1122.01,"Low Vision Therapists, Orientation and Mobility Specialists, and Vision Rehabilitation Therapists",6.235023111661424,0.3884301116530124,0.0007991201512788957,0.0013234868746288496,0.0005243667233499539,0.407601565438503,-15.893481840900876,13.749373536564956
29-1123.00,Physical Therapists,0.228202695498829,0.3181696109049729,0.0013286669071457032,0.001132854329686793,-0.00019581257745891019,0.5037240494520159,-20.52086690443101,11.71675171732807
29-1124.00,Radiation Therapists,5.816758248748575,0.0525341494046939,9.180723085667512e-05,0.0012883423058195156,0.0011965350749628405,0.2801390700560757,-9.719715435473884,12.713167140646341
29-1125.00,Recreational Therapists,0.0395191499627409,0.4710614228318798,8.57382432399478e-05,0.0010008835651650477,0.0009151453219250999,0.5517905585579537,-21.474819072132647,11.762430732806944
29-1126.00,Respiratory Therapists,0.2965759684835118,0.1229101011616137,0.0007158646757003364,0.0012851727360999581,0.0005693080603996218,0.33126481670472857,-13.181343390076298,12.690209341405158
29-1127.00,Speech-Language Pathologists,0.1069894643843621,0.4382181975184752,0.0009495206989443382,0.0013006384433054163,0.00035111774436107806,0.515499000936348,-21.393433491576317,14.113029680145228
29-1128.00,Exercise Physiologists,0.5957860001909677,0.2929144234981719,4.446912744620201e-05,0.0010252921267212521,0.0009808229992750502,0.5644197909421182,-23.761428218393835,11.023266926718367
29-1129.01,Art Therapists,0.074645471947321,0.4315322415500066,9.09796416362123e-05,0.0009132954708574851,0.0008223158292212728,0.5052522142365878,-21.170186186572288,10.317825714810425
29-1129.02,Music Therapists,0.3094107520658489,0.4176996311227449,9.09796416362123e-05,0.0008440440201797779,0.0007530643785435656,0.6560603787117001,-28.170087290150462,9.59784834844771
29-1131.00,Veterinarians,0.1976597540649229,0.2550429958291027,0.00043156019216401007,0.0013336473859039692,0.0009020871937399592,0.3946776605201191,-16.21647175446494,13.126939001996405
29-1141.00,Registered Nurses,0.1004882188156619,0.3329918539721487,0.017519456898436155,0.0010661899092608688,-0.016453266989175284,0.535376814659559,-21.262409114805674,11.026785638733847
29-1141.01,Acute Care Nurses,0.0786226912692694,0.34227406570587,0.017519456898436155,0.0016765824337760227,-0.015842874464660133,0.4582508130637544,-18.69114260394842,15.826311947172076
29-1141.02,Advanced Practice Psychiatric Nurses,0.169366683509951,0.4519280597675216,0.017519456898436155,0.0008934641993800597,-0.016625992699056093,0.6213339514637154,-25.777043269649436,10.369463514699685
29-1141.03,Critical Care Nurses,0.4234471348707064,0.271555934957323,0.017519456898436155,0.0013525221444525876,-0.016166934753983567,0.5259674389396631,-21.78849769996067,13.55490606634547
29-1141.04,Clinical Nurse Specialists,0.1701184103050311,0.5389456289248785,0.017519456898436155,0.00120377661853465,-0.016315680279901504,0.5605968239280238,-23.855039379353517,14.706081314446607
29-1151.00,Nurse Anesthetists,0.2284493288725316,0.1031430999281043,0.0002637802708688484,0.0013834181176289638,0.0011196378467601153,0.34430870661780627,-12.699751372805197,13.45278995887968
29-1161.00,Nurse Midwives,6.229022864991756,0.4006378488492135,3.840013982947469e-05,0.0013553034034483836,0.001316903263618909,0.4263664634702476,-16.564107099926918,14.1254827615112
29-1171.00,Nurse Practitioners,0.0834959969634943,0.4551202479508598,0.0015456056281363563,0.0010489222445190039,-0.0004966833836173524,0.5495866105142354,-21.448297575477092,12.052091967096683
29-1181.00,Audiologists,0.1549728961440712,0.3522797099985592,7.65795892001593e-05,0.0012348733256560885,0.0011582937364559291,0.5164084540273234,-20.536128261669468,12.768631490115904
29-1211.00,Anesthesiologists,6.282286354901725,0.2212584085719257,0.00018466274139260314,0.0011748762754737571,0.000990213534081154,0.42021264891348764,-16.403353495260458,11.583250546108307
29-1213.00,Dermatologists,0.2294548602964587,0.2965705324273471,6.642782809581541e-05,0.0011275965316481307,0.0010611687035523153,0.5149791074876762,-20.112464241737758,11.554585001182815
29-1214.00,Emergency Medicine Physicians,0.195704812271081,0.3125455353618612,0.00019365587758829908,0.0010241527513804357,0.0008304968737921366,0.532234420036111,-21.408773329640695,10.589693232846715
29-1215.00,Family Medicine Physicians,0.0778141285860616,0.4300939219788117,0.0006179884572269339,0.0009116975147082824,0.00029370905748134853,0.5161606117122044,-20.851267835261805,10.283904148972443
29-1216.00,General Internal Medicine Physicians,0.1493323034467844,0.3939957455393187,0.00037081514338203935,0.0008835581075118288,0.0005127429641297894,0.5521975532917068,-22.5050070815828,9.622851022680024
29-1217.00,Neurologists,0.2840402608892227,0.4373577655678421,5.158639474218224e-05,0.0009510976306902824,0.0008995112359481001,0.669287376919452,-28.04044099487,11.030638420227428
29-1218.00,Obstetricians and Gynecologists,0.0954733814351888,0.3877450789938165,0.00010935212233048682,0.0010533755778537198,0.000944023455523233,0.48093762247062993,-20.18121720655547,11.364377749808451
29-1221.00,"Pediatricians, General",0.0627860559219104,0.4581779477727477,0.0001923869074502561,0.0010593542642408286,0.0008669673567905725,0.4800565038670927,-19.31640847048551,12.192215357498574
29-1222.00,"Physicians, Pathologists",0.7680241604628214,0.4238476871164132,6.080022139666826e-05,0.0006715385002474474,0.0006107382788507792,0.8403901465322686,-38.89145712742334,8.031336828506568
29-1223.00,Psychiatrists,0.1549334619370951,0.4885915304064832,0.0001369936022939449,0.0011018678141837047,0.0009648742118897598,0.5268155730271463,-22.10866306106304,13.04979875756247
29-1224.00,Radiologists,0.5232934941937828,0.3615307303925723,0.00017633167657327744,0.0007268429784963216,0.0005505113019230441,0.7661743719227888,-32.454465242514466,7.810183264490275
29-1229.01,Allergists and Immunologists,0.220450367392218,0.4080123301572923,0.0017107924365407344,0.0010725128819653379,-0.0006382795545753965,0.6081180833230975,-25.013992827064218,11.87523590972962
29-1229.02,Hospitalists,6.03877224015323,0.4404958840072958,0.0017107924365407344,0.0014118925341697706,-0.0002988999023709638,0.24354704165486782,-8.771226233733826,15.06743988951511
29-1229.03,Urologists,0.2267444228357163,0.1840271819060462,0.0017107924365407344,0.00124043758784228,-0.0004703548486984545,0.40752086730045756,-15.13536576006243,12.266733725586091
29-1229.04,Physical Medicine and Rehabilitation Physicians,0.5402695001281204,0.303711600234158,0.0017107924365407344,0.0008137269215308296,-0.0008970655150099048,0.7249392317323478,-30.16588980180496,8.572996431813463
29-1229.05,Preventive Medicine Physicians,0.5311895995704654,0.5678369303658868,0.0017107924365407344,0.0008230103866479754,-0.000887782049892759,0.7782432601840579,-37.40853281229197,11.798998464331728
29-1229.06,Sports Medicine Physicians,0.273396129640054,0.3635590172937036,0.0017107924365407344,0.0009479707788665609,-0.0007628216576741735,0.6538840964281554,-26.475450764675966,10.236302765703336
29-1241.00,"Ophthalmologists, Except Pediatric",0.1725415850526838,0.3132638360908497,6.361402474624183e-05,0.0010845695037180587,0.001020955478971817,0.5298887601969654,-20.738736193003245,11.17019179210212
29-1291.00,Acupuncturists,0.0806880660084953,0.2273385976044765,5.169673997157727e-05,0.0009436586965073481,0.0008919619565357709,0.4417896257526511,-17.618298760729065,9.344247939150549
29-1292.00,Dental Hygienists,5.717136156658347,0.0770398958440665,0.0011676180448436393,0.0011124798542684262,-5.5138190575213094e-05,0.2913567836328439,-10.767375938135643,11.062571638451793
29-1299.01,Naturopathic Physicians,0.1394802592491123,0.3210113848730574,0.00017158683170929062,0.0011807796931788957,0.001009192861469605,0.5222311743269714,-20.846701133847954,12.069498374026955
29-1299.02,Orthoptists,0.4561645847794168,0.3348197412217752,0.00017158683170929062,0.0007884025981274848,0.0006168157664181943,0.6634958731668912,-27.99749398018993,8.335738818621364
29-2031.00,Cardiovascular Technologists and Technicians,1.730929964592952,0.1297034565132512,0.0003070907734064025,0.0011110002819056308,0.0008039095084992283,0.4304948788354288,-17.101306939955133,12.227881887570712
29-2032.00,Diagnostic Medical Sonographers,0.4175526746759958,0.0596759341533859,0.0004567189044660797,0.0011523256910778434,0.0006956067866117637,0.33487400029033104,-13.30000758594053,11.688932562825116
29-2033.00,Nuclear Medicine Technologists,1.5442790221877305,0.178636071280817,9.136584993909495e-05,0.0011635420564801082,0.0010721762065410132,0.46914270769128574,-18.26863647809034,12.94235194177733
29-2034.00,Radiologic Technologists and Technicians,2.8489971853004774,0.0161306000482343,0.0012202527192650744,0.0012967681035197548,7.651538425468046e-05,0.26344353943798915,-10.105511359290471,13.154717005622215
29-2035.00,Magnetic Resonance Imaging Technologists,1.7690322003941112,0.0944120905562526,0.00022808358915955224,0.0015259866260976635,0.0012979030369381112,0.27433231833877814,-10.09222392352625,15.320030134434603
29-2036.00,Medical Dosimetrists,1.503118032654405,0.1565557200873154,2.1517319732033232e-05,0.0011753191723139211,0.001153801852581888,0.45316013746814277,-17.719879387762933,12.851837947064292
29-2051.00,Dietetic Technicians,0.1042700735218774,0.3529800786959569,0.00013373841802679116,0.00105067106545655,0.000916932647429759,0.5085713140171434,-20.553070724187904,11.0294937980559
29-2052.00,Pharmacy Technicians,4.582796507956658,0.2873635158455013,0.0025394851092975014,0.0012240762294730735,-0.0013154088798244278,0.017311023438938575,0.07717324092087857,12.559149567569419
29-2053.00,Psychiatric Technicians,5.786067380679453,0.3784518144825298,0.0006396712948030596,0.0013630373532995778,0.0007233660584965182,0.16249269987729775,-4.9365033652807675,14.169342511595024
29-2055.00,Surgical Technologists,3.9795309470771087,0.2712986446147074,0.0006086642853430529,0.0012656418301052923,0.0006569775447622394,0.1130206697854218,-3.5684422033295453,13.508080121136224
29-2056.00,Veterinary Technologists and Technicians,4.790326999725889,0.1427088733057311,0.0006731058993097575,0.0016798285801606257,0.0010067226808508681,0.12011259177559025,-3.8695337286612794,15.41385423578755
29-2057.00,Ophthalmic Medical Technicians,2.2100278169309147,0.0508236325261482,0.0004049118192651074,0.0012010248920261615,0.0007961130727610541,0.28283698150676045,-10.839230172386605,12.589734658267215
29-2061.00,Licensed Practical and Licensed Vocational Nurses,5.058764592872087,0.1905167129422737,0.0034772540413112677,0.0013219182250725722,-0.0021553358162386955,0.1902350251434203,-6.4937715727552,12.811514499990842
29-2081.00,"Opticians, Dispensing",4.349077530550142,0.1698230412972297,0.0004235601630328695,0.0013320838465535757,0.0009085236835207062,0.14340249686055573,-4.788132997924528,13.28109087032974
29-2091.00,Orthotists and Prosthetists,1.630508891663729,0.0579089787251363,4.8662246163213615e-05,0.0013404063219398465,0.0012917440757766329,0.25909103673999206,-9.50846927651794,13.688023174909205
29-2092.00,Hearing Aid Specialists,0.2508924851791057,0.1341661816792186,5.655193006495913e-05,0.0010860304800081218,0.0010294785499431627,0.35909946669246046,-13.167248925591354,10.888253601501987
29-2099.01,Neurodiagnostic Technologists,1.3747132264165691,0.2514670695065764,0.0009440586100892837,0.0009254040940510557,-1.8654516038227992e-05,0.5403262524632939,-24.547709274433373,10.899409131650776
29-2099.05,Ophthalmic Medical Technologists,1.2308584984711164,0.103528731271935,0.0009440586100892837,0.0010446851869864516,0.00010062657689716788,0.405240216789138,-15.892020138867588,11.118175616489824
29-2099.08,Patient Representatives,6.211415074401345,0.5733043920986706,0.0009440586100892837,0.0012782834563647987,0.000334224846275515,0.3378320822328672,-13.18769208181871,15.847364852023684
29-9091.00,Athletic Trainers,5.994507199603037,0.2193442522506934,0.0001571316066585401,0.0012424521179197952,0.0010853205112612552,0.3494554463454497,-13.313936207495582,12.068300890302195
29-9092.00,Genetic Counselors,0.3325408093849978,0.5267750163201403,1.6827647482743938e-05,0.0006628213380661294,0.0006459936905833855,0.7295402887243738,-32.30341831715918,8.541515832296495
29-9093.00,Surgical Assistants,3.929084023874794,0.232753336409295,0.00010361417040194463,0.0014145758304080036,0.001310961660006059,0.04903306088263956,-0.8376679734010425,14.554969107311893
29-9099.01,Midwives,0.0073591000879568,0.3262840287849968,0.0002035869482338529,0.0011722474929678128,0.0009686605447339599,0.4619690217880414,-18.05632298414663,11.956846425866434
31-1131.00,Nursing Assistants,4.959392440904493,0.2328866852150191,0.007458013364352113,0.0012707615467704016,-0.006187251817581712,0.14047130726563273,-4.848970948480078,12.527913889657718
31-1132.00,Orderlies,4.356936466197263,0.3060726809782104,0.0002687458061916253,0.0011828503376652626,0.0009141045314736372,0.005594919014615323,-0.010680749417700863,12.525315062772997
31-1133.00,Psychiatric Aides,5.442298801279307,0.393791191337461,0.0001782627180876907,0.0014222623799691363,0.0012439996618814457,0.08468621164997338,-2.361006540490323,14.942341394747494
31-2011.00,Occupational Therapy Assistants,5.867035636521633,0.293127244137682,0.0002542905811408748,0.0013173102233354913,0.0010630196421946166,0.2900052643383896,-10.634624636475708,13.050210882376133
31-2012.00,Occupational Therapy Aides,5.579122882193684,0.2889777864274842,2.444146831100185e-05,0.001465528653948769,0.0014410871856377673,0.150239804084696,-5.437235325933526,14.248030244831703
31-2021.00,Physical Therapist Assistants,5.243087397748602,0.127599709920627,0.0005737951928542195,0.001293780167528933,0.0007199849746747136,0.21065465580621254,-7.387079626655731,12.546291033878138
31-2022.00,Physical Therapist Aides,4.537425852335527,0.2307665476751728,0.00023387671370279196,0.0011219831732125006,0.0008881064595097085,0.13426970792698525,-5.153794184254366,11.460164032694337
31-9011.00,Massage Therapists,5.865377904750556,0.237139340491243,0.0005111742751725331,0.001195643579732731,0.0006844693045601979,0.27679992919931656,-10.462509932833647,11.740698095665119
31-9091.00,Dental Assistants,4.506094643593131,0.2340146981239244,0.00204519365422241,0.001257142183648814,-0.000788051470573596,0.022413561790673067,-0.031531312217504825,12.688950455703795
31-9092.00,Medical Assistants,5.0356458341385135,0.2572391168880428,0.0042098911918796505,0.0013891235750174593,-0.002820767616862191,0.09441489371317767,-2.728049415748973,13.544147783215797
31-9093.00,Medical Equipment Preparers,3.3206244507918017,0.2330236295339938,0.0003684978935647435,0.0015717921143937686,0.0012032942208290251,0.031506706017195914,-0.5102828627967719,16.450359337162514
31-9094.00,Medical Transcriptionists,5.944062422160559,0.211913968199386,0.00028921484624440564,0.0009522366636185737,0.0006630218173741681,0.43830403717123373,-17.537555661134544,9.269021681350807
31-9095.00,Pharmacy Aides,4.517678948118852,0.4170498966186839,0.000241821570219235,0.001319123597947394,0.001077302027728159,0.000498922707987447,0.3062901563915684,14.370041473116046
31-9096.00,Veterinary Assistants and Laboratory Animal Caretakers,4.895229618140688,0.1741454223406031,0.0006387333603532019,0.0013468096154865418,0.0007080762551333399,0.16126490761173345,-5.765584007245789,13.053756058048272
31-9097.00,Phlebotomists,1.3334341829021903,0.0545776171599165,0.0007563062022736193,0.0011606997407756095,0.00040439353850199025,0.33530104754471735,-13.52340557428423,12.074817463308879
31-9099.01,Speech-Language Pathology Assistants,6.268553096897525,0.2609727695199347,0.0005640296400527583,0.0011622590354247514,0.0005982293953719931,0.4142696793871754,-17.072168959649215,11.556388381009139
31-9099.02,Endoscopy Technicians,3.302485376980417,0.0746696819826702,0.0005640296400527583,0.0011174615465500224,0.0005534319064972641,0.1687883146058466,-5.792264103063711,11.85380116095434
33-1011.00,First-Line Supervisors of Correctional Officers,5.635776065527407,0.2488529999316582,0.00028844242963864034,0.0012690830240605746,0.0009806405944219343,0.17491435104857253,-6.467538698760066,12.479853961658966
33-1012.00,First-Line Supervisors of Police and Detectives,5.875745284968507,0.3292717824007959,0.0007621544994315566,0.0014057801145869878,0.0006436256151554313,0.2464979262211884,-7.9443455017779465,13.996525190240847
33-1021.00,First-Line Supervisors of Firefighting and Prevention Workers,0.4974937362059881,0.0660364631158828,0.00046411203483554756,0.0015092452679107819,0.0010451332330752342,0.3089456406178638,-12.560912019296806,14.539027922178494
33-1091.00,First-Line Supervisors of Security Workers,5.779314000554585,0.1637624713190984,0.00035807026938691197,0.0014818315542961607,0.0011237612849092488,0.22102992470515628,-8.061620141823177,13.88676210222122
33-2011.00,Firefighters,3.4454849040622206,0.1068982947598956,0.0017404753032480007,0.001345111266602478,-0.0003953640366455228,0.14821126535002435,-4.688684631608411,13.903480202781283
33-2021.00,Fire Inspectors and Investigators,1.100718864459857,0.2482084237467347,7.834511287047997e-05,0.0010559169811951083,0.0009775718683246283,0.580460466486341,-25.172074344922027,11.8612425143316
33-2022.00,Forest Fire Inspectors and Prevention Specialists,1.689979610107864,0.0335684393062439,1.2524183536337291e-05,0.0011114680724751693,0.001098943888938832,0.32925374071233315,-12.019564435895948,11.604975308127171
33-3011.00,Bailiffs,5.0642597662740885,0.3922699895578678,8.772445736905856e-05,0.0012208983653049935,0.0011331739079359349,0.008253989403307032,0.037419022046378175,13.297939794497685
33-3012.00,Correctional Officers and Jailers,5.195624609733253,0.2919025570354377,0.0019388760257002867,0.0015448958070881683,-0.00039398021861211836,0.08367226479914193,-2.535210276738729,14.8518931387758
33-3021.00,Detectives and Criminal Investigators,0.3102949639951508,0.199099657426895,0.0005888573166666428,0.0011646476958351547,0.0005757903791685119,0.46645116154740995,-19.42644584943069,11.689706752795875
33-3021.02,Police Identification and Records Officers,0.441420350094098,0.1055232927788373,0.0005888573166666428,0.00105386404367484,0.00046500672700819725,0.3652270338459324,-14.258453601274462,10.708578695753419
33-3021.06,Intelligence Analysts,0.9095027065114484,0.3677490257861568,0.0005888573166666428,0.0005480497475329741,-4.0807569133668705e-05,0.8437025426212834,-38.61473762617999,5.5837093383564165
33-3031.00,Fish and Game Wardens,0.2790353255960227,0.2448863943620351,3.470357464474078e-05,0.001036979217382944,0.0010022756427382033,0.49040678955992956,-21.4674140821395,10.531973912851921
33-3041.00,Parking Enforcement Workers,4.545071777214222,0.2162613587331177,4.093808010556066e-05,0.0012840523542357056,0.0012431142741301448,0.03588541395000218,-0.74756600991027,12.829145398902757
33-3051.00,Police and Sheriff's Patrol Officers,5.903111436168631,0.2150775894009764,0.0035658612605154864,0.0011631444989942835,-0.002402716761521203,0.30882870527601763,-12.228505697186986,11.378553679495441
33-3051.04,Customs and Border Protection Officers,0.2830288516758523,0.1171656695298026,0.0035658612605154864,0.0009405697960961269,-0.0026252914644193594,0.3778797157964916,-13.90776689641322,9.411864647007189
33-3052.00,Transit and Railroad Police,0.3293608005042068,0.1270180925989579,1.3020737068614981e-05,0.0010374615356774,0.001024440798608785,0.39221099198279763,-16.357615769708953,10.461756630742844
33-9011.00,Animal Control Workers,5.655813360176913,0.248384066235094,6.400023304912448e-05,0.0011028532514818059,0.0010388530184326813,0.25430450111639535,-9.490810818010802,10.999965798544425
33-9021.00,Private Detectives and Investigators,0.6623308908559814,0.2627111469337741,0.00019089724685342302,0.0006601382390605273,0.00046924099220710435,0.7380938767293076,-31.616749304309103,6.346521509669964
33-9031.00,Gambling Surveillance Officers and Gambling Investigators,0.805585441498137,0.2154920811993843,5.88140072675575e-05,0.0007607099655355983,0.0007018959582680409,0.61617073044439,-24.792054453199892,7.831905426522783
33-9032.00,Security Guards,4.586766371653868,0.1507286371080607,0.006636934512423604,0.0014406573914553925,-0.005196277120968212,0.047264080569432085,-1.1778459885079082,13.903215711343053
33-9091.00,Crossing Guards and Flaggers,5.113158439906757,0.2034351889568687,0.0005008569962240966,0.0011916093805558231,0.0006907523843317265,0.08236300086779641,-2.839607743196758,11.732843525473463
33-9092.00,"Lifeguards, Ski Patrol, and Other Recreational Protective Service Workers",5.842537507804879,0.1103564678026104,0.0006817128272025708,0.0013249209628656907,0.0006432081356631199,0.21986268005397147,-7.564170726066634,12.792039249627404
33-9093.00,Transportation Security Screeners,4.193890399919631,0.1192133434776953,0.0002645526874746137,0.001491825458373986,0.0012272727708993723,0.05862152593015272,-1.2864004969385143,14.530086013346674
33-9099.02,Retail Loss Prevention Specialists,0.6179749362031001,0.2360998048936476,0.0004551740712545491,0.0009623980289864972,0.000507223957731948,0.5786669738981801,-24.86733719182496,10.120994049427885
35-1011.00,Chefs and Head Cooks,5.643120258091473,0.0752793309733269,0.0009510103595411713,0.0014770871890767776,0.0005260768295356063,0.19199988362768733,-6.333337798481606,14.042989329291608
35-1012.00,First-Line Supervisors of Food Preparation and Serving Workers,5.141237872013504,0.1883954965899209,0.0064912788096221485,0.001437484580351433,-0.005053794229270716,0.16615568305541523,-6.854045752260154,13.664787769009992
35-2011.00,"Cooks, Fast Food",4.239471702632358,0.4037960258659255,0.0037158204272633487,0.0012191609009051464,-0.0024966595263582023,0.010147192042446457,-0.1650736651576829,13.721997916572715
35-2012.00,"Cooks, Institution and Cafeteria",4.461263964587485,0.2084710347866305,0.0024035397866828093,0.0013141608159197159,-0.0010893789707630934,0.08110122189632211,-2.4198418879752115,13.11847468853577
35-2013.00,"Cooks, Private Household",5.010053023166474,0.337776288543529,4.082773487616561e-06,0.0012816635808274354,0.0012775808073398189,0.02795355739657736,-0.25426167173890724,13.24818217354188
35-2014.00,"Cooks, Restaurant",4.246994159081347,0.2407633179210899,0.007792304236804394,0.0013113548745655405,-0.006480949362238853,0.03854722810968725,-1.182806795958998,13.40718870923753
35-2015.00,"Cooks, Short Order",4.360362733704395,0.5062983601472341,0.0006972163319325742,0.001009594308701207,0.00031237797676863274,2.4174330522922568e-05,0.26640892615424744,12.856803605351669
35-2021.00,Food Preparation Workers,4.300785164844014,0.4442796147257701,0.004853038361408654,0.0013849690477406615,-0.003468069313667993,0.0019828139122500415,0.08484874274854692,15.412486365226608
35-3011.00,Bartenders,4.61238095375224,0.4159129284582378,0.003923545321599516,0.0013249403139773959,-0.00259860500762212,0.014892775838128681,0.03751367434429376,14.345228909441584
35-3023.00,Fast Food and Counter Workers,4.525088872822339,0.5141403711329995,0.020284653174461216,0.0011881298494164408,-0.019096523325044776,0.0012005449307461139,0.12955273148781887,14.477533692007588
35-3023.01,Baristas,4.406239392925931,0.4128264774347699,0.020284653174461216,0.0014378585118351036,-0.018846794662626114,0.001684550535107647,0.2872911768584686,15.305290300457823
35-3031.00,Waiters and Waitresses,4.741102305080213,0.4865975781686811,0.012346803580084761,0.0012676836353434674,-0.011079119944741294,0.008332090314626823,-0.042043073577451406,14.75493073670898
35-3041.00,"Food Servers, Nonrestaurant",4.475132150519918,0.4178934932457244,0.0014777433120584053,0.0012938516963800135,-0.00018389161567839178,0.05185801945633974,-1.7435609306265243,14.203213743303973
35-9011.00,Dining Room and Cafeteria Attendants and Bartender Helpers,4.391810501849145,0.5869536979096984,0.0026669890218634727,0.0012217858870504639,-0.0014452031348130088,6.424730061428519e-06,0.16045571938676667,16.099964097567756
35-9021.00,Dishwashers,4.162871592340676,0.5369042641359889,0.002559678286276794,0.0010612820852963826,-0.0014983962009804115,2.778467313436727e-05,0.11001051294689385,14.113992039815914
35-9031.00,"Hosts and Hostesses, Restaurant, Lounge, and Coffee Shop",5.042977610724176,0.5033045048558099,0.002344946469874042,0.001423329843597888,-0.0009216166262761541,0.008494699818991648,-0.06277469161534047,16.391427749133147
37-1011.00,First-Line Supervisors of Housekeeping and Janitorial Workers,5.411809011336032,0.1375097391889803,0.0009441137827039812,0.0016205664854409695,0.0006764527027369883,0.18911039843400115,-6.519715680241587,14.87045585941813
37-1012.00,"First-Line Supervisors of Landscaping, Lawn Service, and Groundskeeping Workers",4.642035987227291,0.0174013638239737,0.000695285290418161,0.00133688521375556,0.000641599923337399,0.26174966019945894,-9.596501654017384,13.322894036644755
37-2011.00,"Janitors and Cleaners, Except Maids and Housekeeping Cleaners",3.827730122652505,0.4149676535069047,0.01198625054303646,0.0010701027830580098,-0.01091614775997845,0.005772816836016765,0.01585304692105291,13.062248892681803
37-2012.00,Maids and Housekeeping Cleaners,4.23829923557428,0.4748274413627054,0.004613699558850807,0.0011309283368289389,-0.0034827712220218687,0.0008202671191115808,0.13265801213031914,13.767617640894084
37-2021.00,Pest Control Workers,3.0245185102902963,0.1259580770608387,0.0005172984354039579,0.0010832024274374202,0.0005659039920334623,0.22248496945191443,-8.820767329588161,11.983978257653597
37-3011.00,Landscaping and Groundskeeping Workers,3.974777596554689,0.3068907109981812,0.00513066695856658,0.0012024677636815325,-0.003928199194885048,0.01535477691700713,-0.3022442707240125,13.179693030862838
37-3012.00,"Pesticide Handlers, Sprayers, and Applicators, Vegetation",3.4680984931514693,0.3639512329545032,0.00012976598976856965,0.0008796724096890899,0.0007499064199205203,0.11237457104449962,-4.249808759714392,11.116759139268497
37-3013.00,Tree Trimmers and Pruners,3.6957774077819376,0.3778681500601521,0.0002773527340844386,0.0009376830955655788,0.0006603303614811401,0.06765904344829235,-2.5740209416109145,11.527044677121099
39-1013.00,First-Line Supervisors of Gambling Services Workers,4.622774044084638,0.2070811600915404,0.00013848326289077798,0.00146316631784823,0.0013246830549574521,0.10014077539686572,-3.062418467806958,14.12227136118534
39-1022.00,First-Line Supervisors of Personal Service Workers,5.795525698127262,0.2566016774455664,0.0005872573108404146,0.0014957109011163945,0.0009084535902759799,0.21636528667586227,-7.039051876594135,14.196538514126628
39-2011.00,Animal Trainers,5.90156701069796,0.1610135548787589,0.0001061521106780306,0.001030984655993984,0.0009248325453159533,0.34963418219660664,-14.010168909364594,10.080635237488293
39-2021.00,Animal Caretakers,5.01862673346326,0.2339495358381901,0.0014832054009134598,0.0014437324340540075,-3.947296685945234e-05,0.11299253574284503,-4.140657584200752,13.855281047461485
39-3011.00,Gambling Dealers,4.650421767116062,0.3123230736917528,0.0004445257566179275,0.001411411460012948,0.0009668857033950206,0.011768860163665289,-0.1152987793959784,14.134671612744807
39-3012.00,Gambling and Sports Book Writers and Runners,4.602014575635742,0.264703572303871,4.800017478684336e-05,0.0012698969848592334,0.0012218968100723901,0.025238728269646203,-0.4382510998626899,12.829707319786172
39-3021.00,Motion Picture Projectionists,3.4970080237394576,0.2807394141789517,1.4400052436053008e-05,0.0010153346614585551,0.0010009346090225021,0.03775711892296506,-1.0345134546955255,11.953513022493864
39-3031.00,"Ushers, Lobby Attendants, and Ticket Takers",5.054011878746418,0.4134412270898139,0.0006486092583840582,0.001219298861266817,0.0005706896028827588,0.015532104499007906,-0.27832261903478994,13.533674184535124
39-3091.00,Amusement and Recreation Attendants,4.629070042856103,0.3345165375583099,0.0019954831283799435,0.0012506219927318663,-0.0007448611356480773,0.012178699098385266,-0.13141941342437186,13.016799468668635
39-3092.00,Costume Attendants,4.503159059462975,0.225302151156088,3.4758747259438296e-05,0.0011116475250397809,0.0010768887777803425,0.12867830040255715,-4.534392302302342,11.374097947675935
39-3093.00,"Locker Room, Coatroom, and Dressing Room Attendants",4.712515883412708,0.3690114084947109,8.121408883475106e-05,0.0012240030123175016,0.0011427889234827506,0.04608781678346486,-1.751599386250373,12.992881977004298
39-4011.00,Embalmers,4.385732994568919,0.3253527505215872,1.8648343767762132e-05,0.0013730919781632656,0.0013544436343955035,0.023833431317861448,-0.09827001101178001,14.173048395306136
39-4021.00,Funeral Attendants,4.74705089889534,0.4803516614870506,0.00017997306914331384,0.0012846171136959633,0.0011046440445526494,0.001771836324325792,0.19913258967161596,14.811003195212027
39-4031.00,"Morticians, Undertakers, and Funeral Arrangers",5.077798604727104,0.3981359638870333,0.0001335177275680011,0.0014990487119946945,0.0013655309844266934,0.01968565298748657,0.4142309602212205,15.523474643072827
39-5011.00,Barbers,4.58172174934564,0.3675036498050313,8.822101090133625e-05,0.0011797369513727692,0.0010915159404714329,0.02117937773235193,-0.4403936989221779,12.687752246945244
39-5012.00,"Hairdressers, Hairstylists, and Cosmetologists",4.459637971188156,0.3085546212490906,0.0016267093717417123,0.0013634522319016813,-0.0002632571398400311,0.08056301845871662,-2.594815500297382,13.917261014561516
39-5091.00,"Makeup Artists, Theatrical and Performance",3.970427404679648,0.0826937669431047,2.2786289870076217e-05,0.0011146458869471503,0.0010918595970770741,0.21930957785293098,-8.087531328291375,11.55835750408999
39-5092.00,Manicurists and Pedicurists,4.338442326399598,0.3316014347642018,0.0007989546334348031,0.0012015475738896824,0.00040259294045487924,0.0017241511931629578,0.1520769477618087,12.86804453774933
39-5093.00,Shampooers,5.152885345982893,0.2658353035692578,4.060704441737553e-05,0.0010321685807457735,0.0009915615363283979,0.035011382654908746,-0.8616517563491075,10.463207627500665
39-5094.00,Skincare Specialists,5.165706022379188,0.1757071509048512,0.00036011165613072027,0.0010704455599745508,0.0007103339038438306,0.1880483078990506,-7.021936041690208,10.554159251524494
39-6011.00,Baggage Porters and Bellhops,4.771394920853203,0.4689059332876888,0.00015878678509946575,0.001267131368390201,0.0011083445832907354,0.0009557769436690681,0.29237223704213194,14.522470387932165
39-6012.00,Concierges,5.07851432215471,0.5012741564728741,0.00022631806548923156,0.0015132246067598675,0.001286906541270636,0.004048358535685969,0.2983100645545541,17.019704139688336
39-9011.00,Childcare Workers,5.4529776412010165,0.4475187049295274,0.0027445617181281875,0.00150981493702624,-0.0012347467811019476,0.07987761585558681,-2.434556772712318,16.210149507882296
39-9011.01,Nannies,5.587271933623566,0.4643145809340755,0.0027445617181281875,0.0014574350195274014,-0.0012871266986007861,0.08119955722243903,-2.152204939926946,15.9681614816071
39-9031.00,Exercise Trainers and Group Fitness Instructors,5.842361022371781,0.3026612605462651,0.0015417987177222274,0.0012202514313385266,-0.00032154728638370076,0.2658385783461552,-10.397059496152576,12.32283781640342
39-9032.00,Recreation Workers,5.85248721274598,0.37786405573806,0.0015544884191026572,0.0012146922964743198,-0.00033979612262833745,0.2423519297020536,-9.220061904279126,12.915409445331342
39-9041.00,Residential Advisors,5.653521509693115,0.4764097188630065,0.0004893810923670123,0.0020142912283261085,0.0015249101359590964,0.08311839548943015,-2.2168821639658307,19.466139919909466
41-1011.00,First-Line Supervisors of Retail Sales Workers,5.364091186133807,0.2310480671631136,0.006002173580328623,0.0014087474657278217,-0.004593426114600801,0.22041986653019724,-7.28408145888552,13.532569917414678
41-1012.00,First-Line Supervisors of Non-Retail Sales Workers,5.73969941271101,0.2262920905008001,0.001253245942854192,0.0012373569995164499,-1.588894333774205e-05,0.2663799503681814,-9.168150073112248,12.09512795923061
41-2011.00,Cashiers,4.793286710863917,0.3862466015592362,0.018199569719812497,0.001492556206933044,-0.016707013512879454,0.005750881594816354,0.04458468356195261,15.216415883805764
41-2012.00,Gambling Change Persons and Booth Cashiers,4.653960072655564,0.2935358567746577,0.0001134348958181034,0.0011354479023972998,0.0010220130065791964,0.06070046343381474,-1.984516831433202,11.748574586046686
41-2021.00,Counter and Rental Clerks,4.704861848665616,0.3881532852487574,0.002153387151644249,0.001269371087041934,-0.0008840160646023149,0.036781688896946656,-0.8385365834160425,13.560418664816826
41-2022.00,Parts Salespersons,3.818522303826764,0.3029362552520586,0.0014387362734672579,0.0016573618446731795,0.0002186255712059216,0.01164912887594839,0.21793269895615408,16.74486359687542
41-2031.00,Retail Salespersons,4.746849817376065,0.3604164479907359,0.02032967402805439,0.0013152170767874766,-0.019014456951266915,0.0029170999739466658,0.4490735518883222,13.652114077719352
41-3011.00,Advertising Sales Agents,5.808205369695782,0.3068746735633672,0.0005964159648802032,0.0011279113542324822,0.000531495389352279,0.26384723138591437,-9.225821564224791,11.54357159904705
41-3021.00,Insurance Sales Agents,6.108004625893725,0.3098010291227689,0.0025242022950262883,0.0011359550458027927,-0.0013882472492234956,0.38568004736695266,-13.972630177510277,11.526287454031058
41-3031.00,"Securities, Commodities, and Financial Services Sales Agents",6.084172168008908,0.2432289253202232,0.002646244118737205,0.0010757834619750262,-0.0015704606567621786,0.3874323741453724,-15.366818437061855,10.62620837876297
41-3041.00,Travel Agents,5.20424269779514,0.3356801690277725,0.00032138048061306043,0.0011240614926900459,0.0008026810120769854,0.011562781861898404,0.2299482963363278,11.871474199951981
41-4011.00,"Sales Representatives, Wholesale and Manufacturing, Technical and Scientific Products",0.3048302182144159,0.1529478111513962,0.001720171781039313,0.0012484498587143151,-0.0004717219223249979,0.42086281684210197,-17.428426753056616,12.381540470780433
41-4011.07,Solar Sales Representatives and Assessors,0.9849128571939244,0.1436763673789949,0.001720171781039313,0.0009793242566873079,-0.0007408475243520052,0.5272842427984287,-21.395228328653786,10.40752810014529
41-4012.00,"Sales Representatives, Wholesale and Manufacturing, Except Technical and Scientific Products",5.486633457141835,0.2466534490682615,0.00711130865359289,0.0012282414214666109,-0.005883067232126279,0.16511001643502285,-6.092109884807312,12.14726633170082
41-9011.00,Demonstrators and Product Promoters,5.318419459641471,0.2098958451514681,0.0002802217100487097,0.0012478503078667538,0.0009676285978180441,0.20821407802522726,-7.655721450041541,12.19759652111659
41-9012.00,Models,5.033961179309154,0.2507391695690128,1.7048337941534023e-05,0.001174000126388484,0.00115695178844695,0.01350433390572663,-0.29645861431543175,11.749141403159314
41-9021.00,Real Estate Brokers,6.045241728117881,0.1788953340867968,0.00028331137647177087,0.0010609985727157672,0.0007776871962439963,0.3570582548381215,-14.570757766478872,10.392511446136421
41-9022.00,Real Estate Sales Agents,5.82446655486541,0.2725368143976017,0.0010908729377993873,0.001195572001886583,0.0001046990640871956,0.26333561909255254,-9.227845896309287,11.92164906848335
41-9031.00,Sales Engineers,0.3224094560906763,0.1584294860760277,0.00032739429561509024,0.0012133336924671117,0.0008859393968520214,0.45109755211820035,-17.12583712151222,12.096679300307173
41-9041.00,Telemarketers,5.259221340240615,0.3545130715318761,0.0004500981907023772,0.001040622171769113,0.0005905239810667358,0.07318892225272527,-2.730730433901777,11.254451074708477
41-9091.00,"Door-to-Door Sales Workers, News and Street Vendors, and Related Workers",4.915646053657262,0.3635751471763864,3.4317366341858125e-05,0.0011387423533933422,0.001104424987051484,0.057731772527104076,-1.5398885549751895,12.215945424678976
43-1011.00,First-Line Supervisors of Office and Administrative Support Workers,6.10996321869771,0.2515435857689443,0.008301106089544933,0.0012755770015112594,-0.007025529088033673,0.3604125002211166,-14.405673370104546,12.443930221236371
43-2011.00,"Switchboard Operators, Including Answering Service",4.8174647457466255,0.3530335875868665,0.000241821570219235,0.0012708636662112117,0.0010290420959919767,0.0370879371927873,-1.0016674641937438,13.243181788036088
43-2021.00,Telephone Operators,4.890356699305514,0.3023456735551169,2.537940276085971e-05,0.0012291580976738427,0.001203778694912983,0.017725522968192558,-0.34530429097165016,12.532341429929733
43-3011.00,Bill and Account Collectors,5.406975462975286,0.3264307205015353,0.0010533003871903753,0.001257272228005044,0.0002039718408146686,0.06715730437802814,-1.6997101728167556,12.969468667530535
43-3021.00,Billing and Posting Clerks,4.026826114616224,0.1849339591158084,0.002373636229516753,0.0013196147740225672,-0.0010540214554941858,0.10189596724503128,-3.5260067630975285,13.525661159818595
43-3031.00,"Bookkeeping, Accounting, and Auditing Clerks",4.54504009814841,0.1511778479405798,0.008286430174035393,0.0014523243353870903,-0.006834105838648303,0.12293251375584602,-4.195271859348722,14.014047128249647
43-3041.00,Gambling Cage Workers,4.861690438120126,0.2887351941925968,6.92968040600865e-05,0.0012404550247087937,0.0011711582206487073,0.10255463189631017,-3.677387074433848,12.549271131686222
43-3051.00,Payroll and Timekeeping Clerks,5.274151694922505,0.2135095066619749,0.0008674790208891243,0.0013205910218661034,0.0004531120009769791,0.13406585014029024,-4.627043852583591,12.809012340765033
43-3061.00,Procurement Clerks,5.215295268060294,0.11938468912858,0.00033975296130733497,0.0013544691164551642,0.0010147161551478292,0.13248417101735308,-4.395521154087924,13.047106615051085
43-3071.00,Tellers,4.573435652868056,0.2665875327567485,0.0018803930541209143,0.0012177456164213958,-0.0006626474376995185,0.04215333326190975,-1.0807409295853083,12.41930429526295
43-4011.00,Brokerage Clerks,4.908201078108268,0.2750970792371245,0.00026515958623628646,0.001082541575091513,0.0008173819888552266,0.04580829992870993,-0.9743727930904775,11.042486678959554
43-4021.00,Correspondence Clerks,5.4663485387448505,0.2296950261770786,2.5655265834347313e-05,0.001122825162378997,0.0010971698965446498,0.17053761406222107,-5.87592670246689,11.13535285300642
43-4031.00,"Court, Municipal, and License Clerks",5.681347706105979,0.3045273266725986,0.0008715066217620434,0.0012964022246021193,0.00042489560284007593,0.1978528496326462,-7.165323202621091,13.042340460354918
43-4051.00,Customer Service Representatives,6.088721138398457,0.1381888294214262,0.015772250536195055,0.0011536038391785455,-0.01461864669701651,0.31082624142501236,-13.005918546494952,11.304806944283623
43-4061.00,"Eligibility Interviewers, Government Programs",6.038700799093784,0.3117310209007138,0.0008286375001420695,0.0009717959704840827,0.00014315847034201317,0.38729247810900086,-15.174536469852889,9.920133842225706
43-4071.00,File Clerks,4.482725099848927,0.198210781530517,0.00045401544634590115,0.0012820744982737933,0.0008280590519278922,0.06571001619896936,-1.9975147716902897,12.819090497545343
43-4081.00,"Hotel, Motel, and Resort Desk Clerks",4.925373585847716,0.4268922594083196,0.0014554535757206068,0.0012245000080284307,-0.00023095356769217614,0.007612341803371068,0.26351274337425534,13.68617196289295
43-4111.00,"Interviewers, Except Eligibility and Loan",6.1295452233216645,0.2700310585195086,0.0008857963289687013,0.0010641311674798705,0.00017833483851116918,0.4186666685288308,-17.751225025423313,10.622394218986782
43-4121.00,"Library Assistants, Clerical",4.988152172375825,0.3972343115616703,0.0004616844397888566,0.001293904435914248,0.0008322199961253915,0.019698107295908564,-0.310253750315932,13.938235460528661
43-4131.00,Loan Interviewers and Clerks,5.409634650229951,0.2115227211063997,0.0011251903041412455,0.0011655364586145305,4.034615447328499e-05,0.17323626237876552,-5.658213222318114,11.473132390791436
43-4141.00,New Accounts Clerks,5.091951902704687,0.3571654683049882,0.0002272008273243919,0.0011566537837412567,0.0009294529564168648,0.07127174926236447,-2.235592322612184,12.365490619384577
43-4151.00,Order Clerks,4.701598487552349,0.2259925312669029,0.0005066501207673363,0.001237450073836876,0.0007307999530695397,0.0396274334309329,-0.8327705385785582,12.359525420297384
43-4161.00,"Human Resources Assistants, Except Payroll and Timekeeping",5.8085729475482735,0.3235142317241951,0.0005596710034916541,0.0013106244623599618,0.0007509534588683077,0.20754093346799027,-7.086509738213085,13.24769807528725
43-4171.00,Receptionists and Information Clerks,5.093655813332866,0.390413167193067,0.005538337408566563,0.0012332320999776706,-0.004305105308588892,0.040572719338731605,-1.6752134879985316,13.38904861896325
43-4181.00,Reservation and Transportation Ticket Agents and Travel Clerks,5.121271906575881,0.321159829145909,0.0006580437754973342,0.0013749015411276162,0.000716857765630282,0.016121621443918852,0.047088069931039755,13.85044055792006
43-5011.00,Cargo and Freight Agents,4.09311773516914,0.3547721875193353,0.000580526251847317,0.0011637596269897092,0.0005832333751423921,0.002868604746195199,0.43802699382930205,13.01983218004089
43-5011.01,Freight Forwarders,4.438888641993858,0.1105081016375385,0.000580526251847317,0.0014106163564469995,0.0008300901045996824,0.152667497800604,-5.473675003488321,13.786082374930201
43-5021.00,Couriers and Messengers,4.441891219010132,0.4149322887684084,0.0003972979984368495,0.0010517416918251151,0.0006544436933882656,0.0005113338319867372,0.24314891307603914,12.021235923145296
43-5031.00,Public Safety Telecommunicators,5.789720986816615,0.1493534560231202,0.0005396985169711515,0.0012286356052480414,0.00068893708827689,0.2883069814170273,-10.458971892616862,11.927619657262408
43-5032.00,"Dispatchers, Except Police, Fire, and Ambulance",4.446448847548532,0.2114296468717783,0.0011370524163012124,0.0012023291229866508,6.527670668543843e-05,0.05142948926507545,-1.063452900785387,12.205555819446174
43-5041.00,"Meter Readers, Utilities",3.104791275773764,0.2179197070832658,0.000109793503248067,0.0013435080669384712,0.0012337145636904042,0.059453231512506685,-2.210481769643263,14.929407351019341
43-5051.00,Postal Service Clerks,4.4507323505314496,0.3680199875078839,0.0004310636386317324,0.0012701254028873146,0.0008390617642555823,0.005246326189645653,0.2001400382902865,13.581313727515681
43-5052.00,Postal Service Mail Carriers,4.672915709305635,0.4134104714423481,0.0018295239033697998,0.0011414663057344684,-0.0006880575976353314,0.0009016629562757013,0.13182103054798816,12.728724279586075
43-5053.00,"Postal Service Mail Sorters, Processors, and Processing Machine Operators",3.959766512864269,0.4900788470520295,0.0006429816516849109,0.0010765841511219472,0.00043360249943703627,0.00027661038449060374,0.21200995426548708,13.87343630983164
43-5061.00,"Production, Planning, and Expediting Clerks",2.7156095551757105,0.0605729559864144,0.0021736906738529364,0.0014928728781165562,-0.0006808177957363802,0.20436546031824204,-7.594977850910933,14.937353671906061
43-5071.00,"Shipping, Receiving, and Inventory Clerks",3.9142333730603713,0.2932216190184104,0.004657230751847151,0.0011653343791230833,-0.003491896372724068,0.08607664022807959,-3.0632632129364694,12.848700163841283
43-5111.00,"Weighers, Measurers, Checkers, and Samplers, Recordkeeping",3.154293253417704,0.3392472245733555,0.0002827596503247957,0.0015730725911441406,0.0012903129408193448,0.04601994076457138,-1.4459944704235208,17.57094045927864
43-6011.00,Executive Secretaries and Executive Administrative Assistants,5.565694783637274,0.3906700255461494,0.002667982128928028,0.0012909700706031997,-0.0013770120583248284,0.15707360328545905,-6.144830404005484,13.840935683997209
43-6012.00,Legal Secretaries and Administrative Assistants,5.370757751121259,0.3227338250575012,0.000842982379963425,0.0011609400893960139,0.00031795770943258885,0.11564485808186382,-4.059719577761123,12.102145612837084
43-6013.00,Medical Secretaries and Administrative Assistants,5.278200455435994,0.3091805003436909,0.0041351874715792065,0.0012277755252709484,-0.002907411946308258,0.06778816395744433,-1.9674391731729928,12.57107393847696
43-6014.00,"Secretaries and Administrative Assistants, Except Legal, Medical, and Executive",5.176540806864316,0.3161095661876546,0.00985068414593951,0.0012809680028288998,-0.008569716143110612,0.11252741062597478,-3.8987756781429823,13.063097851687408
43-9021.00,Data Entry Keyers,3.559070999987999,0.1837702736553856,0.000850927236479868,0.001195722888995924,0.0003447956525160559,0.05121444486511143,-1.5485971062314092,12.989808185201387
43-9022.00,Word Processors and Typists,4.244805834936635,0.2075704121872331,0.0002052421266747785,0.0010796262333426854,0.0008743841066679069,0.06264270379760979,-2.0749079532862074,11.259531927551828
43-9031.00,Desktop Publishers,3.5219030030561207,0.1539088428322041,2.8800104872106017e-05,0.0011810959270975715,0.0011522958222254655,0.05468352018479241,-0.8841908584030714,12.734512335475596
43-9041.00,Insurance Claims and Policy Processing Clerks,5.587803029648531,0.1443762852317255,0.0013332462341655975,0.0010268602545015636,-0.00030638597966403387,0.25312465607910206,-10.172013999641928,10.058837413382328
43-9051.00,"Mail Clerks and Mail Machine Operators, Except Postal Service",3.918283359925129,0.4757324978790291,0.00036744961388549056,0.0011502271298069106,0.0007827775159214201,0.000580456817718366,0.2652703525500981,14.429314347489104
43-9061.00,"Office Clerks, General",4.833970004448837,0.2918379813734284,0.013773126015245076,0.0013214038392753737,-0.012451722175969702,0.06927978074275536,-2.3685969926305064,13.232440868270823
43-9071.00,"Office Machine Operators, Except Computer",3.791168526348029,0.4063068619378789,0.000154262630694269,0.0011330848860483889,0.0009788222553541199,0.0011851403049454815,0.46825258108013257,13.633083410420664
43-9081.00,Proofreaders and Copy Markers,2.06173987190938,0.0306711617653763,3.0289765468939087e-05,0.0010812245211501447,0.0010509347556812057,0.2882314199500614,-10.73243296999517,11.33890334069891
43-9111.00,Statistical Assistants,0.9403176471679416,0.2021228573440778,3.97242825822152e-05,0.0008808602218139523,0.0008411359392317371,0.5143541358703563,-21.980703855657342,9.486637452265189
45-1011.00,"First-Line Supervisors of Farming, Fishing, and Forestry Workers",4.167976129773726,0.0412389389154681,0.0001497936489037698,0.001315623726136742,0.0011658300772329723,0.2352325635847562,-8.50353420750494,13.192838621393559
45-2011.00,Agricultural Inspectors,1.5499734599965538,0.3153301141024277,6.984853020706171e-05,0.001051442825299015,0.0009815942950919532,0.5924713327930093,-25.885362400126418,13.092836028785563
45-2021.00,Animal Breeders,4.487284936624251,0.1058616301804559,7.50347559886287e-06,0.0012395368427987402,0.0012320333671998773,0.178064371411477,-6.832562770098892,12.406326928644864
45-2041.00,"Graders and Sorters, Agricultural Products",3.357249232971921,0.3809174571983863,0.00012926943623629196,0.000800779779671975,0.000671510343435683,0.0029352222115521243,-0.009248214160089072,10.485220046343702
45-2091.00,Agricultural Equipment Operators,3.434567515691083,0.5403480337530548,0.0001595040290905335,0.0008478610088215465,0.0006883569797310129,0.0010467601395985154,0.2019071871855369,12.630675323787814
45-2092.00,"Farmworkers and Laborers, Crop, Nursery, and Greenhouse",3.8640695394058255,0.1975534020955021,0.0014274810600689637,0.0011038163245286293,-0.00032366473554033435,0.19042233354792482,-7.252249791333395,11.877394128119201
45-2093.00,"Farmworkers, Farm, Ranch, and Aquacultural Animals",4.062428598678826,0.2359016184573757,0.0001798075512992213,0.0011228021890532479,0.0009429946377540266,0.07948913207671,-2.9282562703055177,11.979937205272071
45-4011.00,Forest and Conservation Workers,3.369476203207403,0.2481943727501055,3.172425345107464e-05,0.0013124510489733688,0.0012807267955222941,0.036292969450013465,-0.7194874386778676,14.60466986101788
45-4021.00,Fallers,3.4117017911393184,0.4217817003356433,2.648285505481013e-05,0.0008771602880653595,0.0008506774330105494,0.012456272855211552,-0.173776568370755,11.703864307520467
45-4022.00,Logging Equipment Operators,3.377753493954348,0.5034515192464876,0.00013086944206252006,0.0007985807692640447,0.0006677113272015246,0.0021987096297344357,0.3169804765970823,11.65352856360874
45-4023.00,Log Graders and Scalers,3.083284390708338,0.28739945102967,2.0082831749897684e-05,0.0011210251809771125,0.0011009423492272148,0.12091038566935398,-5.02868312495671,13.655706429928841
47-1011.00,First-Line Supervisors of Construction Trades and Extraction Workers,2.849816621864476,0.1330941106328362,0.004289229411814686,0.0012972621960853515,-0.0029919672157293345,0.17353516622979595,-6.571392218714805,14.008191638332205
47-1011.03,Solar Energy Installation Managers,1.7082520119908997,0.3287585702688362,0.004289229411814686,0.0009523709917919818,-0.003336858420022704,0.5629636437083737,-24.4996938365336,12.447441835780737
47-2011.00,Boilermakers,2.9683767571084734,0.6503281946939057,6.140712015834099e-05,0.0015704920218998519,0.0015090849017415108,0.015923239522937546,-0.03079387708354775,21.96658874829522
47-2021.00,Brickmasons and Blockmasons,3.372026788815824,0.4709856124055753,0.00031354596932601245,0.0009602631123882461,0.0006467171430622337,0.022601118972859217,-0.379638286826239,13.228872241305494
47-2022.00,Stonemasons,3.538564863717422,0.5838879372908855,5.401398978887316e-05,0.0007362919689603341,0.0006822779791714609,0.00010214986831128838,0.5876335934075114,11.623122789057966
47-2031.00,Carpenters,3.417825903930161,0.4213977316664716,0.0038636830346527053,0.0011332079935520837,-0.0027304750411006216,0.054625306984795056,-1.4037554775593568,14.37517062668576
47-2041.00,Carpet Installers,3.778825059140436,0.4494108565455921,8.584858846934284e-05,0.0009884033056977795,0.0009025547172284367,0.0013957830806299973,0.37403775325175587,12.682457566207013
47-2042.00,"Floor Layers, Except Carpet, Wood, and Hard Tiles",3.555958621236785,0.4881015456744636,0.0001387591259642656,0.0008942960725856875,0.0007555369466214219,0.001095416008552146,0.26307724397200277,12.346412259225255
47-2043.00,Floor Sanders and Finishers,3.564828149298407,0.527496024804351,2.79725156516432e-05,0.0007142924631856944,0.0006863199475340512,0.0004166741907202941,0.24526700617857056,10.459009488679198
47-2044.00,Tile and Stone Setters,3.654513289326447,0.4325610039773322,0.00023404223154688454,0.0010027549297721837,0.0007687126982252991,0.0032682036764788897,0.36250194611288883,12.817632904007112
47-2051.00,Cement Masons and Concrete Finishers,3.475214104823016,0.5225792367734919,0.0011230937447827395,0.0010268858938005966,-9.620785098214289e-05,0.005275976084338605,0.09180965728729265,14.318979675174278
47-2053.00,Terrazzo Workers and Finishers,3.5456109355171144,0.5787125502544698,8.055201745838082e-06,0.0007593775756209968,0.0007513223738751587,0.00012266427176183597,0.260033988186213,11.858451145578819
47-2061.00,Construction Laborers,3.348319985335285,0.4844316749214282,0.005622585991209678,0.0009660493428243714,-0.0046565366483853066,0.033910025954966685,-1.0170678473370238,13.490054443292236
47-2071.00,"Paving, Surfacing, and Tamping Equipment Operators",3.4854243123092705,0.6312057091773878,0.0002376836241169209,0.0009717137570507642,0.0007340301329338433,0.00031966006352754974,0.2980601131007292,15.368065771885716
47-2072.00,Pile Driver Operators,3.318001862736014,0.6158172388086252,1.6606957023953852e-05,0.0007343145626818575,0.0007177076056579036,0.00212195930863694,0.20262418279872682,12.507999893594286
47-2073.00,Operating Engineers and Other Construction Equipment Operators,3.357563038540517,0.4755577785359526,0.002484809048132258,0.0008828680204666251,-0.0016019410276656328,0.05320722867195826,-1.7259154566730728,12.426659106622722
47-2081.00,Drywall and Ceiling Tile Installers,3.568264488560401,0.4292751206192237,0.0005012983771416768,0.0008916276384065961,0.00039032926126491934,0.0014158256970231717,0.2555220923688,11.677188346903106
47-2082.00,Tapers,3.4886787444068497,0.4628777853594569,8.584858846934284e-05,0.0009474025280070421,0.0008615539395376993,0.00941117205314996,-0.14115489449285595,12.780017187448426
47-2111.00,Electricians,2.886885330323133,0.4474482075063763,0.003931490178115959,0.0020148714788866644,-0.0019166186992292944,0.0638133653953016,-1.5005643663335726,21.78711924692667
47-2121.00,Glaziers,3.459141570859124,0.5272813678467911,0.0002945665898700652,0.0008856829145211856,0.0005911163246511205,0.023302252636567242,-0.587745428246528,12.860685293449977
47-2131.00,"Insulation Workers, Floor, Ceiling, and Wall",3.380362532957133,0.5119487952624728,0.00021246973920015377,0.0007156272264969336,0.0005031574872967798,0.007175058181751904,0.08310400819879729,10.601610396431415
47-2132.00,"Insulation Workers, Mechanical",3.1074019055715705,0.4049363283522955,0.00012606942458383573,0.0010302929915961445,0.0009042235670123089,0.019829962377066645,-0.3737292712939762,13.851437113576525
47-2141.00,"Painters, Construction and Maintenance",3.544584033614681,0.4213812134871531,0.0011912319239341781,0.0009682629429137954,-0.0002229689810203827,0.0007001316074353498,0.23080440328805563,12.502003626570037
47-2142.00,Paperhangers,3.624510453054949,0.4696717794789085,1.0096588489646362e-05,0.0008443283588243384,0.000834231770334692,0.0019141699440545152,0.13956949056268989,11.450848122196671
47-2151.00,Pipelayers,3.205312359311667,0.5134175705812841,0.00019222138960616354,0.0010319286096016455,0.000839707219995482,0.004856432697437492,0.1944194177148324,14.888845381607322
47-2152.00,"Plumbers, Pipefitters, and Steamfitters",2.9342317156063538,0.4740835716242896,0.0024064087626470805,0.0018162429594651142,-0.0005901658031819664,0.03306493027417296,-0.6624994412182655,20.94007567366963
47-2152.04,Solar Thermal Installers and Technicians,2.796486554938703,0.3910769600903968,0.0024064087626470805,0.0015711272922681475,-0.0008352814703789331,0.09433320427549567,-3.013585677688633,18.667797015693196
47-2161.00,Plasterers and Stucco Masons,3.833807975434332,0.3865766587044162,0.0001230901033901696,0.0009228906720826547,0.0007998005686924851,0.00025084067018176247,0.3416955241170665,11.233573631808007
47-2171.00,Reinforcing Iron and Rebar Workers,3.4084680712604003,0.6197274443529018,9.600034957368672e-05,0.0006101005146627425,0.0005141001650890558,0.00106503011666198,0.2500760277407302,10.433267579990712
47-2181.00,Roofers,3.504640275785644,0.3132505426614205,0.0007456027150223002,0.0011494313027430553,0.00040382858772075505,0.030656909882404958,-0.8499572460839704,13.4686420715124
47-2211.00,Sheet Metal Workers,3.20043270339548,0.5206820014799206,0.0006410506101704977,0.0011080649991374145,0.0004670143889669168,0.028614404342354693,-0.7060953926046678,15.740907086809555
47-2221.00,Structural Iron and Steel Workers,3.3741548953514,0.6351145932499556,0.00035189093654078963,0.0008392998633367557,0.00048740892679596603,0.0011130597688243115,0.561102703302281,14.099453506022076
47-2231.00,Solar Photovoltaic Installers,2.2331092218428514,0.3779364739157766,0.00013522807862362423,0.00177840447327513,0.0016431763946515058,0.2610652885350209,-11.107806345004448,20.19230970075509
47-3011.00,"Helpers--Brickmasons, Blockmasons, Stonemasons, and Tile and Marble Setters",3.535172468417534,0.58552088119731,9.081412379211975e-05,0.0008117255374123532,0.0007209114136202335,0.00017639385649371076,0.2877455520884475,12.676238782573611
47-3012.00,Helpers--Carpenters,3.571706719816616,0.5835539483476073,0.00012011078219650345,0.0007448726679917383,0.0006247618857952348,6.982405986261084e-05,0.31923025227042073,11.697637865477002
47-3013.00,Helpers--Electricians,3.333588750368504,0.5863000094560192,0.0003788703451278774,0.001001648685017055,0.0006227783398891776,0.0017503501897790585,0.2620378742937498,15.271409917640153
47-3014.00,"Helpers--Painters, Paperhangers, Plasterers, and Stucco Masons",3.74870095364888,0.5676765242762642,4.248291331709125e-05,0.0008545995172519409,0.0008121166039348496,4.770708214139164e-05,0.1731596449291646,12.734886473993559
47-3015.00,"Helpers--Pipelayers, Plumbers, Pipefitters, and Steamfitters",3.35129240715483,0.5768899960114275,0.00024993194457977063,0.0007594065976126098,0.0005094746530328392,0.0004223257222386838,0.19187350908002565,12.18370478087613
47-3016.00,Helpers--Roofers,3.681020399849548,0.42570357229587,2.5048367072674582e-05,0.0010226967036179417,0.0009976483365452672,0.012643675565612267,-0.10755684926219095,12.916423776998977
47-4011.00,Construction and Building Inspectors,1.7884647574584616,0.4178614629287113,0.000737326822817672,0.001580597408415936,0.000843270585598264,0.47484279212742436,-22.51161572180081,19.005586492236365
47-4011.01,Energy Auditors,1.6691781914212047,0.5091769413393681,0.000737326822817672,0.0014078572535730553,0.0006705304307553833,0.5978706903165941,-29.90374632767894,18.875114232066874
47-4021.00,Elevator and Escalator Installers and Repairers,3.0240153573626727,0.45241388251853,0.00013235910265935313,0.0016395698834573047,0.0015072107807979516,0.049533686072590837,-1.3192185364716855,19.41516117138049
47-4031.00,Fence Erectors,3.6137481779729153,0.4586742899414155,0.00011845560375557782,0.0008835907263211532,0.0007651351225655754,0.002877782270925272,0.2888359747540165,11.821331622665584
47-4041.00,Hazardous Materials Removal Workers,3.13716660573614,0.3172307057042746,0.00027564238302881547,0.0012403119962115432,0.0009646696131827277,0.11338116170226514,-3.7539085347741716,14.905680642566875
47-4051.00,Highway Maintenance Workers,3.52316435476747,0.4053737392215346,0.0008323340653268034,0.0009021984228248447,6.986435749804126e-05,0.0020795206153543648,0.3075280031298691,11.645233948121346
47-4061.00,Rail-Track Laying and Maintenance Equipment Operators,3.364606336744819,0.6212860752353631,0.00010355899778724711,0.0007570151530547471,0.0006534561552675,0.0006673045684725157,0.38568957066100545,12.811413117797338
47-4071.00,Septic Tank Servicers and Sewer Pipe Cleaners,3.313098082936465,0.4382413424478084,0.00015393159500608387,0.001305321034244826,0.0011513894392387422,0.006110304254318167,0.3618197428920077,16.24341301716044
47-5011.00,"Derrick Operators, Oil and Gas",3.4103496296631715,0.4835670781221073,6.35036795168468e-05,0.001128825679264621,0.0010653219997477743,0.007296163436219516,0.39491794962730786,14.984205023889338
47-5012.00,"Rotary Drill Operators, Oil and Gas",3.2134920933127407,0.4949411372501754,6.72002447015807e-05,0.0011848405337532325,0.0011176402890516518,0.01169513633384402,0.31386739869564595,16.089627205420598
47-5013.00,"Service Unit Operators, Oil and Gas",3.0213096012690674,0.4486961747104925,0.0002546216168290599,0.0013595553589065275,0.0011049337420774676,0.04697350594537976,-1.2167560706632026,17.41160255800193
47-5022.00,"Excavating and Loading Machine and Dragline Operators, Surface Mining",3.3670169265039536,0.5450156399118062,0.00018002824175801136,0.0010006719923033908,0.0008206437505453795,0.0037525292129938926,0.4660483364055898,14.58500026723485
47-5023.00,"Earth Drillers, Except Oil and Gas",3.1152775698527178,0.4924778160634918,9.936587907023552e-05,0.001186881836846854,0.0010875159577766185,0.07360844698604772,-2.7609839757953987,16.311465070700674
47-5032.00,"Explosives Workers, Ordnance Handling Experts, and Blasters",3.2908208561743395,0.4220731912131145,2.5434575375557228e-05,0.0011714686288675565,0.0011460340534919992,0.03258528825810326,-0.5146327292421435,14.996152109767504
47-5041.00,Continuous Mining Machine Operators,3.2634079648105327,0.5424261066191769,8.662100507510814e-05,0.0012825189209565641,0.001195897915881456,0.06875416563528151,-2.6512178344179866,17.407040443124426
47-5043.00,"Roof Bolters, Mining",3.316503901853712,0.5193787475714806,1.0813832480714137e-05,0.0011017755596438403,0.0010909617271631263,0.02771008272802161,-0.9029501786216564,15.37517892970536
47-5044.00,"Loading and Moving Machine Operators, Underground Mining",3.5236052218347385,0.5570823065095674,2.846906918392089e-05,0.0008893063974054663,0.0008608373282215454,0.0013383568179176472,0.2566565647351089,13.221106401515318
47-5051.00,"Rock Splitters, Quarry",3.4585474437410118,0.5501952667837108,1.991731390580512e-05,0.0007117128929403542,0.0006917955790345491,0.0019096555057523483,0.17957094930421538,10.883221597180134
47-5071.00,"Roustabouts, Oil and Gas",3.3788725570232923,0.5924742883825362,0.000241821570219235,0.0011882122978620845,0.0009463907276428495,0.002012510709372187,0.19691495260147734,17.054644668828526
47-5081.00,Helpers--Extraction Workers,3.3204837318057523,0.5533867649258887,4.060704441737553e-05,0.0010929056679500966,0.001052298623532721,0.015998872286577013,-0.2544156876051378,15.737957999115602
49-1011.00,"First-Line Supervisors of Mechanics, Installers, and Repairers",2.0449017568365395,0.1362519813270472,0.003254522195777375,0.002009289580898802,-0.0012452326148785727,0.306074540179735,-12.051833272132537,18.64622972733124
49-2011.00,"Computer, Automated Teller, and Office Machine Repairers",2.91826050944302,0.4832358895034626,0.00042802914482336876,0.002343828222482634,0.0019157990776592652,0.031954898851952164,-0.7804642322482916,23.771156275219354
49-2021.00,"Radio, Cellular, and Tower Equipment Installers and Repairers",2.923769232229722,0.4114234507747173,6.515885795777243e-05,0.0014525186896323138,0.0013873598316745414,0.0779893262499519,-2.5063365917694944,17.86130771016782
49-2022.00,"Telecommunications Equipment Installers and Repairers, Except Line Installers",2.843472636145609,0.3551505957302856,0.0008809411388753194,0.0018834169281688826,0.0010024757892935633,0.08707243695487693,-2.770674842183738,20.098753266173862
49-2091.00,Avionics Technicians,2.678021796314831,0.5035721421650403,0.00011740732407632491,0.0016312469920083225,0.0015138396679319976,0.07367351987192966,-2.9533157785565107,20.77006629532688
49-2092.00,"Electric Motor, Power Tool, and Related Repairers",3.1077466787877936,0.6021361743216234,8.833135613073129e-05,0.0019486270777441066,0.0018602957216133753,0.005187751850201589,0.6670017107171502,23.059615713041097
49-2093.00,"Electrical and Electronics Installers and Repairers, Transportation Equipment",2.895851233527545,0.4940330858328856,4.3696710840436714e-05,0.0013960513587339932,0.0013523546478935566,0.04473696219525183,-1.1406205115450527,18.530917676771953
49-2094.00,"Electrical and Electronics Repairers, Commercial and Industrial Equipment",2.4726659135801308,0.509378161344529,0.0003217666889159431,0.0031224815363861524,0.002800714847470209,0.12133960428794476,-4.527747843530602,27.947547433941725
49-2095.00,"Electrical and Electronics Repairers, Powerhouse, Substation, and Relay",2.4454841238735887,0.4346222742218568,0.0001367729118351548,0.002091101272816883,0.001954328360981728,0.11503833056821246,-5.130864380723588,22.656726994577564
49-2096.00,"Electronic Equipment Installers and Repairers, Motor Vehicles",2.8622427519881555,0.3750074055902498,4.9103627080793786e-05,0.0013657700196808937,0.0013166663926001,0.12220925584984654,-4.663934014518514,16.91527068179031
49-2097.00,Audiovisual Equipment Installers and Repairers,2.922554803835899,0.3319015689495282,0.00013638670353227219,0.0014878457289260443,0.001351459025393772,0.04110675881905095,-0.6424472638840067,17.271654519742448
49-2098.00,Security and Fire Alarm Systems Installers,2.723202184725456,0.2506971566270031,0.0004609120231830913,0.0015672852707438857,0.0011063732475607945,0.20085772719264672,-8.040162001842333,17.186972732450773
49-3011.00,Aircraft Mechanics and Service Technicians,2.884408574918517,0.5096232345364703,0.000759340696081983,0.002260256784022069,0.001500916087940086,0.06093477601011281,-1.4382945191720953,23.828176125644468
49-3021.00,Automotive Body and Related Repairers,3.324035644892596,0.5408539016210215,0.0008381271898700431,0.0009625333035354448,0.00012440611366540172,0.029346578004404884,-0.619214257006016,14.222640294555323
49-3022.00,Automotive Glass Installers and Repairers,3.340223934785441,0.4787007180172648,9.318654622411315e-05,0.000909037180082239,0.0008158506338581258,0.001343281395511084,0.36890525085684656,12.807587274774829
49-3023.00,Automotive Service Technicians and Mechanics,2.865153275244528,0.4268961375925637,0.0037328135925901854,0.0019160773349918272,-0.0018167362575983582,0.04560659021602782,-1.0551619772203564,21.05088472079783
49-3031.00,Bus and Truck Mechanics and Diesel Engine Specialists,2.9313149957486253,0.5467738933197757,0.001572585036723444,0.0020294771093370724,0.0004568920726136284,0.03438819004172939,-0.7270639312255457,23.108954209541018
49-3041.00,Farm Equipment Mechanics and Service Technicians,3.111288757319271,0.6105758668754548,0.00020320073993097023,0.0014421242063042193,0.0012389234663732491,0.015445758578107713,0.051563926183488706,20.024888091927462
49-3042.00,"Mobile Heavy Equipment Mechanics, Except Engines",2.955104014183469,0.6302735979218463,0.0009781001133576542,0.002277394256527388,0.001299294143169734,0.010221724369347108,0.5044041381577458,25.56316977436962
49-3043.00,Rail Car Repairers,3.0870139475233267,0.5460533880084104,0.00010747625343077112,0.001235016892562927,0.0011275406391321558,0.005955223692460618,0.3347589847688512,17.49689971666111
49-3051.00,Motorboat Mechanics and Service Technicians,2.876396647913266,0.6206367596011558,0.00012816598394234152,0.001268018698254329,0.0011398527143119874,0.033776844557413144,-0.8759147297868664,19.479296724656713
49-3052.00,Motorcycle Mechanics,3.044594831278679,0.5633930379727603,7.906235686154774e-05,0.00137031579931743,0.0012912534424558823,0.018227600553946174,-0.056544416792266516,18.931717312137266
49-3053.00,Outdoor Power Equipment and Other Small Engine Mechanics,3.161695720775988,0.5486691567604919,0.00019906279382865614,0.0013942154258521368,0.0011951526320234807,0.006775937654033802,0.23456892107428814,18.62327130697717
49-3091.00,Bicycle Repairers,3.6814785144439535,0.4943441876495352,7.71313153471345e-05,0.0008632307256607856,0.0007860994103136511,0.001508616796011503,0.5730676885677846,11.901681401809665
49-3092.00,Recreational Vehicle Service Technicians,2.916472643109962,0.4542351055478095,9.577965911489663e-05,0.0015308041905319524,0.0014350245314170558,0.018598835937980885,0.016315771722863026,18.93158647973154
49-3093.00,Tire Repairers and Changers,3.5471047916694025,0.5344776543140327,0.0005601123844092342,0.0009087242608245203,0.000348611876415286,0.0016934047722723111,0.26698829219313974,13.098753894816896
49-9011.00,Mechanical Door Repairers,3.538439178325852,0.543587192913913,0.00015337986885910867,0.0009606162543089233,0.0008072363854498147,0.007045353655910607,0.37138350763083305,13.817853888735701
49-9012.00,"Control and Valve Installers and Repairers, Except Mechanical Door",2.9120151106694805,0.5620591938034881,0.00026361475302475585,0.0020895505549731134,0.0018259358019483574,0.019087309779949622,-0.14762530706890353,23.692615250524156
49-9021.00,"Heating, Air Conditioning, and Refrigeration Mechanics and Installers",3.0095882452837803,0.4237366666124308,0.0021928355711529762,0.001927816845720597,-0.0002650187254323792,0.026360932451939864,-0.24633930157186612,20.810721406463077
49-9031.00,Home Appliance Repairers,3.036983551111448,0.4308058966942184,0.0001652419810190757,0.0014263131490289116,0.001261071168009836,0.04334990427099359,-0.9728558265843223,17.67738065957667
49-9041.00,Industrial Machinery Mechanics,2.900735879439153,0.5971906874854632,0.0022766979454932083,0.0021445805483871305,-0.0001321173971060778,0.016839491392781552,-0.016543886724078805,24.53968464012025
49-9043.00,"Maintenance Workers, Machinery",3.231007121953567,0.7060799786381974,0.0003202218557044125,0.0011212216867676093,0.0008009998310631968,0.001597183688059142,0.42447452335380215,18.677388006864007
49-9044.00,Millwrights,3.2270817076747464,0.7523303311703772,0.00020926972754769756,0.0016492233182385735,0.0014399535906908759,0.0016318786094994305,0.7830403670120242,23.574908157796827
49-9045.00,"Refractory Materials Repairers, Except Brickmasons",3.4579564077874845,0.6192052116753652,2.97932119366614e-06,0.0007212966710872733,0.0007183173498936071,8.133559051912841e-05,0.35743427729287164,12.090771380991368
49-9051.00,Electrical Power-Line Installers and Repairers,3.156897501473545,0.4333658901025046,0.0006630093108201111,0.0013428510635721935,0.0006798417527520824,0.017245168898378606,0.019255785906112988,16.830958373730542
49-9052.00,Telecommunications Line Installers and Repairers,3.14566337089628,0.4550064636397642,0.0005459330224319713,0.0012241151099493545,0.0006781820875173833,0.03199517767570986,-0.8861922667986373,16.12234689883338
49-9061.00,Camera and Photographic Equipment Repairers,2.771384017163172,0.5596230442891754,1.401384413317036e-05,0.0022570028312008644,0.002242988987067694,0.061552223445036566,-2.0052736919876906,24.829432261236978
49-9062.00,Medical Equipment Repairers,2.586995892309094,0.4107024051221429,0.0003553116386520359,0.002228467716058777,0.0018731560774067411,0.14213555556953839,-5.644543907260679,22.87480378988819
49-9063.00,Musical Instrument Repairers and Tuners,3.241775571550189,0.4999972584908258,3.404150326837052e-05,0.0012361580650051044,0.0012021165617367338,0.017193484210960747,-0.001540749682278686,16.52636568837361
49-9064.00,Watch and Clock Repairers,3.16987911527371,0.46398702803818,1.0372451563133968e-05,0.0009911667912803506,0.0009807943397172167,0.043424380140535346,-1.2150627120983506,13.955919700819129
49-9071.00,"Maintenance and Repair Workers, General",3.0348800996864824,0.5672453039920764,0.008293271578257886,0.002399748760987557,-0.005893522817270329,0.005261669773561333,0.56784249257624,24.888751786539647
49-9081.00,Wind Turbine Service Technicians,2.48912493512478,0.5028923929205288,5.406916240357068e-05,0.0022725545155194878,0.0022184853531159172,0.11970905731485522,-4.718488968095615,24.496327154524778
49-9091.00,"Coin, Vending, and Amusement Machine Servicers and Repairers",3.3133087349755224,0.5370422929478941,0.00019917313905805118,0.0013198113343133701,0.001120638195255319,0.007607059707456504,0.17514924153830258,17.509900602651367
49-9092.00,Commercial Divers,2.7499989476939724,0.3749029035564942,1.539315950060839e-05,0.001554296879139907,0.0015389037196392988,0.12984157148023903,-4.510187600224406,18.437898225779758
49-9094.00,Locksmiths and Safe Repairers,3.6448723286687015,0.480721429282923,8.160029713763372e-05,0.0008617025374547495,0.0007801022403171158,0.0004019147854590011,0.47943532106325676,11.76449779128432
49-9095.00,Manufactured Building and Mobile Home Installers,3.121569280422648,0.5209850314762703,1.6055230876978642e-05,0.0014009227815498476,0.001384867550672869,0.010162580790292234,0.5485840656801216,18.399149004209956
49-9096.00,Riggers,3.457517312592717,0.6518835507833514,0.0001316970312829829,0.0008824307177295065,0.0007507336864465236,0.0035604843551911257,0.31402254706641797,14.75147956932917
49-9097.00,Signal and Track Switch Repairers,2.982346949951652,0.4643639562724857,5.075880552171942e-05,0.0015104744696089031,0.0014597156640871838,0.011089851525881914,0.2256950532793986,18.78448746567379
49-9098.00,"Helpers--Installation, Maintenance, and Repair Workers",3.1928851419559177,0.6348811868823642,0.0005621537711530426,0.001661575064651674,0.0010994212934986314,0.0057875446891617575,0.09281992106785147,21.683982969655748
49-9099.01,Geothermal Technicians,2.3946232166126697,0.418207783883923,0.0009702656020706061,0.0017647127713267203,0.0007944471692561141,0.16482689032970183,-6.395611068883281,20.669086075077754
51-1011.00,First-Line Supervisors of Production and Operating Workers,2.316644019255727,0.0975587191892468,0.0037029652080388265,0.0016251006560707429,-0.0020778645519680837,0.21709848283560432,-7.931192601882639,16.135151721584528
51-2011.00,"Aircraft Structure, Surfaces, Rigging, and Systems Assemblers",3.0806254666279123,0.6373065161185901,0.00016446956441331043,0.001809628831509594,0.0016451592670962837,0.012237174513235196,0.26123900900212393,22.92370706811363
51-2021.00,"Coil Winders, Tapers, and Finishers",3.248807073786782,0.6237196122851065,6.565541149005012e-05,0.00109133491762231,0.0010256795061322598,0.004546969469119742,0.05010637399599044,16.954051536282915
51-2031.00,Engine and Other Machine Assemblers,3.0965939613546887,0.664470976946433,0.0002646078600893112,0.0013226934225758714,0.0010580855624865602,0.005325062538886437,0.24155375715543081,20.049450568404662
51-2041.00,Structural Metal Fabricators and Fitters,3.314698063948719,0.7177370040363494,0.00031895288556636953,0.0008519880858842684,0.0005330352003178988,0.0024581091616913053,0.1560419740761932,15.804211960790736
51-2051.00,Fiberglass Laminators and Fabricators,3.3291525167249287,0.5419371456828506,0.000112441788753548,0.0012208109628406918,0.001108369174087144,0.0028494115030019114,0.375258728247813,16.719104732634953
51-2061.00,Timing Device Assemblers and Adjusters,3.0412039188235576,0.5412236384070404,2.2069045879008443e-06,0.0011159322514592675,0.0011137253468713666,0.008509965940078872,0.09640395405494356,16.476491741473726
51-3011.00,Bakers,3.4804382746908686,0.3455229423341012,0.0012150664934835072,0.001058384965288105,-0.00015668152819540222,0.04980155896825023,-1.6389524279159813,12.88553632576579
51-3021.00,Butchers and Meat Cutters,4.08144033124396,0.3880380882133176,0.0007521682561713052,0.0010742545026524092,0.00032208624648110405,0.0020034698188616832,0.4543816647881691,12.475396738371554
51-3022.00,"Meat, Poultry, and Fish Cutters and Trimmers",3.68219867493684,0.4989877300298065,0.0007630372612667169,0.0008070223261756312,4.3985064908914364e-05,0.00013788519472358827,0.2586910106171023,11.25035618363209
51-3023.00,Slaughterers and Meat Packers,3.8190246715560585,0.4560634390983634,0.000393435915408023,0.0009418418479392704,0.0005484059325312474,0.0009557380907976204,0.06826134277652468,12.204305333118056
51-3091.00,"Food and Tobacco Roasting, Baking, and Drying Machine Operators and Tenders",3.2134017949755034,0.5124452744843857,0.00010797280696304881,0.0013159493261751232,0.0012079765192120743,0.025236582853151873,-0.7290645341432962,17.40757930886677
51-3092.00,Food Batchmakers,3.014554059669288,0.4058326312864462,0.0009334654680673596,0.0012202497383773706,0.000286784270310011,0.08751464495923031,-3.1756060922593132,15.807849333354579
51-3093.00,Food Cooking Machine Operators and Tenders,3.2358859975936016,0.5185100284118199,0.00016402818349573026,0.000899104469833791,0.0007350762863380608,0.02403659971790088,-0.7725314966752852,13.43241088334558
51-4021.00,"Extruding and Drawing Machine Setters, Operators, and Tenders, Metal and Plastic",3.243189048531397,0.5775973457485527,0.00034962885933819126,0.0011134756442782326,0.0007638467849400413,0.0067701714857833556,0.18731634618313625,16.471955086795646
51-4022.00,"Forging Machine Setters, Operators, and Tenders, Metal and Plastic",3.2708056508820698,0.6663747127509905,5.059328767762685e-05,0.001054183031269534,0.0010035897435919073,0.0015104703414057946,0.39403555585471994,17.23932394587909
51-4023.00,"Rolling Machine Setters, Operators, and Tenders, Metal and Plastic",3.265285045090062,0.640762785380354,0.00013655222137636474,0.0010134808475678442,0.0008769286261914794,0.006479734414471152,0.3305214498925285,16.413417511172728
51-4031.00,"Cutting, Punching, and Press Machine Setters, Operators, and Tenders, Metal and Plastic",3.349005604618105,0.6916311567964545,0.0009888587732236709,0.0010938679244815444,0.0001050091512578735,0.0007105310899770937,0.3441971858818697,17.88917824430969
51-4032.00,"Drilling and Boring Machine Tool Setters, Operators, and Tenders, Metal and Plastic",3.306937283745783,0.6685093487897463,3.1669080836377114e-05,0.0009686559729612399,0.0009369868921248628,0.0009235710841076031,0.4647158542895223,16.30410882745908
51-4033.00,"Grinding, Lapping, Polishing, and Buffing Machine Tool Setters, Operators, and Tenders, Metal and Plastic",3.275052233078879,0.6758319003425667,0.00041522909821354383,0.0012793701033359621,0.0008641410051224182,0.0016503577028047923,0.368648682127237,19.42091804681737
51-4034.00,"Lathe and Turning Machine Tool Setters, Operators, and Tenders, Metal and Plastic",3.258349891648331,0.6742340335096995,0.00010791763434835128,0.0010682961017539697,0.0009603784674056183,0.0014966101056504515,0.3098010353708992,17.543354749832435
51-4035.00,"Milling and Planing Machine Setters, Operators, and Tenders, Metal and Plastic",3.205259809582036,0.6641956807898147,7.718648796183202e-05,0.0013360772825032285,0.0012588907945413964,0.0014120502660311931,0.3471169974301587,19.855231293293496
51-4041.00,Machinists,2.85485392231244,0.5707050635346578,0.0016039782544863335,0.002170889745854265,0.0005669114913679316,0.06739691240541008,-2.258598451096775,24.376633831501056
51-4051.00,Metal-Refining Furnace Operators and Tenders,3.0978834540627376,0.5592751415921758,0.00011514524687372655,0.0012309094069202365,0.0011157641600465099,0.012218846120806093,0.07308482104699937,17.621744917971835
51-4052.00,"Pourers and Casters, Metal",3.293304223970095,0.6494538559047447,3.0124247624846522e-05,0.0010507749677514007,0.0010206507201265542,0.007030114603309648,0.11015024059818954,16.869642111699726
51-4061.00,"Model Makers, Metal and Plastic",2.8577563682249223,0.5554622717453677,1.5669022574095993e-05,0.0015058837089956707,0.0014902146864215747,0.08212274502818365,-3.87580331497132,20.299745216871415
51-4062.00,"Patternmakers, Metal and Plastic",3.1671409650525013,0.5327038664212862,1.1862112159967038e-05,0.001135555372969924,0.001123693260809957,0.004764325712241362,0.30243562399881896,16.239350186689634
51-4071.00,Foundry Mold and Coremakers,3.5041710389274723,0.695616240728035,6.499334011367986e-05,0.0007389430921094983,0.0006739497519958184,2.947887213038314e-05,0.20043956684565653,13.582258368310537
51-4072.00,"Molding, Coremaking, and Casting Machine Setters, Operators, and Tenders, Metal and Plastic",3.280948609316862,0.6770185841250673,0.0008771342284611905,0.0011310216403906592,0.0002538874119294687,0.0018820660081894254,0.30101807403577674,18.133838862637134
51-4081.00,"Multiple Machine Tool Setters, Operators, and Tenders, Metal and Plastic",3.295956132446103,0.6993890266359785,0.0007050508432196222,0.0011225015598595877,0.00041745071663996545,0.0008503185409608472,0.6354499633394233,18.410349378398866
51-4111.00,Tool and Die Makers,3.0399428884300512,0.6277261731918407,0.00032082875446608525,0.0015985339071273308,0.0012777051526612455,0.009441296762818937,0.2866488195075642,21.574121383690034
51-4121.00,"Welders, Cutters, Solderers, and Brazers",3.186192015779836,0.6198616377190169,0.0023267946796385578,0.0010498002877962899,-0.0012769943918422679,0.009433326199552857,-0.07572126488554842,16.639760551614234
51-4122.00,"Welding, Soldering, and Brazing Machine Setters, Operators, and Tenders",3.1799038415056486,0.6445263508536063,0.0001821799737312147,0.0013476441564384393,0.0011654641827072245,0.0027907838108287824,0.3076349799446376,19.68075896231296
51-4191.00,"Heat Treating Equipment Setters, Operators, and Tenders, Metal and Plastic",3.1883976319858296,0.606368560135411,8.248305897279406e-05,0.0011036992165038063,0.0010212161575310122,0.006387564490758351,0.34174466428852446,16.949181409338706
51-4192.00,"Layout Workers, Metal and Plastic",3.2262609797679134,0.5916065556658253,3.674496138854906e-05,0.0010273676501382778,0.0009906226887497287,0.0017181805592104001,0.42473911200420605,15.8770342345227
51-4193.00,"Plating Machine Setters, Operators, and Tenders, Metal and Plastic",3.1542635076745653,0.5552922113184104,0.00017638684918797499,0.001415569754003536,0.0012391829048155611,0.010669592492057019,-0.005009745216929928,18.893696794972882
51-4194.00,"Tool Grinders, Filers, and Sharpeners",3.230159538981057,0.6942168380363195,3.674496138854906e-05,0.0012176034327899756,0.0011808584714014265,0.0013074980685197461,0.4805906941878272,19.335209927871396
51-5111.00,Prepress Technicians and Workers,2.993668509377941,0.2994918008656265,0.00013015219807145228,0.0011869930944515374,0.001056840896380085,0.0933233267257405,-2.9794906180810226,14.486600343542543
51-5112.00,Printing Press Operators,3.369470434797757,0.3829213884951204,0.0008355892495939571,0.001107422659535142,0.0002718334099411849,0.02811220106352408,-0.425889920354399,13.880576188553785
51-5113.00,Print Binding and Finishing Workers,3.596543422275197,0.5538415640218661,0.00021451112594396207,0.0010331480033990159,0.0008186368774550538,0.002900292841416004,0.4494857916443413,14.656670600938483
51-6011.00,Laundry and Dry-Cleaning Workers,3.5278766049123926,0.4946390772839183,0.0010206933719041405,0.0010071313863216811,-1.3561985582459437e-05,0.014247922850438568,-0.2717749592177431,13.70205425698266
51-6021.00,"Pressers, Textile, Garment, and Related Materials",3.577073225789829,0.6201355638755092,0.00015834540418188558,0.0009104040740688544,0.0007520586698869688,0.0007616761501124942,0.06835806776400126,14.378320998183778
51-6031.00,Sewing Machine Operators,3.4849099159002117,0.6327469660035991,0.0006407195744823126,0.0009846294173033738,0.0003439098428210612,0.0012353352719500878,0.13240577268238152,15.532955851209506
51-6041.00,Shoe and Leather Workers and Repairers,3.575417579907496,0.5257453316693249,3.988980042630776e-05,0.0009735553748944013,0.0009336655744680935,0.006366031477192878,-0.01410363815877344,13.67307538028029
51-6042.00,Shoe Machine Operators and Tenders,3.4465571780675157,0.650624627713437,2.554492060495227e-05,0.001576014211788795,0.0015504692911838427,0.00460083536308606,0.11618804223229218,20.83434841357089
51-6051.00,"Sewers, Hand",3.6867278950588527,0.5379831944226834,1.8703516382459654e-05,0.0008250234083900408,0.0008063198920075811,7.457390734386311e-05,0.1978642024075269,11.969156621404398
51-6052.00,"Tailors, Dressmakers, and Custom Sewers",3.611890420382674,0.3949788788132513,8.248305897279406e-05,0.0010560719795712785,0.0009735889205984844,0.020338842072014765,-0.3213504408919903,13.057328423181108
51-6061.00,Textile Bleaching and Dyeing Machine Operators and Tenders,3.1158732429019578,0.4931561711933305,3.668978877385153e-05,0.0012736193578760787,0.0012369295691022273,0.016041198147667596,-0.19510790041961124,17.05855264307195
51-6062.00,"Textile Cutting Machine Setters, Operators, and Tenders",3.1544556589454467,0.516573955500472,5.38484719447806e-05,0.0014110359916703948,0.0013571875197256143,0.03411752870521154,-0.8962928791525633,18.337540052778998
51-6063.00,"Textile Knitting and Weaving Machine Setters, Operators, and Tenders",3.086045448713341,0.5387652738040571,8.816583828663872e-05,0.0013687755764748221,0.0012806097381881834,0.015632448414498165,-0.2970975535313327,18.47820277201537
51-6064.00,"Textile Winding, Twisting, and Drawing Out Machine Setters, Operators, and Tenders",3.2651138682261243,0.6069542862090201,0.0001299315076126622,0.0012922567126157068,0.0011623252050030446,0.003825617307319234,0.21203094210779352,18.42380884122192
51-6091.00,"Extruding and Forming Machine Setters, Operators, and Tenders, Synthetic and Glass Fibers",3.2835282234105425,0.6352432156801345,8.011063654080065e-05,0.0010227107264933174,0.0009426000899525167,0.0007606635981060318,0.48854209478311145,16.375253818707723
51-6092.00,Fabric and Apparel Patternmakers,3.111030282126808,0.3012924792367936,1.4731088124238135e-05,0.0010979798031774078,0.0010832487150531697,0.031515352561225715,-0.3000909418450147,13.523369561539766
51-6093.00,Upholsterers,3.624525234971248,0.5008647378370373,0.00014201431023141932,0.0009203685407336974,0.000778354230502278,0.0030467210280928974,0.5396903954060035,12.71589605211205
51-7011.00,Cabinetmakers and Bench Carpenters,3.307102348782502,0.5053086932426796,0.0004880569496142717,0.0009116587558677648,0.0004236018062534931,0.04389579921204798,-1.239635271985299,13.23307389492682
51-7021.00,Furniture Finishers,3.469410531362517,0.4156369371298246,7.933821993503534e-05,0.0009462646998583057,0.0008669264799232704,0.030892934416704917,-0.6031052635375879,12.335262572692836
51-7031.00,"Model Makers, Wood",3.2614351940222512,0.4889593312936494,3.2551842671537454e-06,0.0008366131010184592,0.0008333579167513055,0.006521001087953099,0.24583925418437788,12.248776556841928
51-7032.00,"Patternmakers, Wood",3.3037777795014467,0.4544870359531803,1.4344879821355488e-06,0.0010269702047829565,0.001025535716800821,0.003785542118628702,0.48037626577351994,13.914627734893093
51-7041.00,"Sawing Machine Setters, Operators, and Tenders, Wood",3.3637405755277343,0.6592945991846727,0.00024038708223709946,0.0009260801986737947,0.0006856931164366952,0.002847532195207355,0.1794178896452724,15.556603079409571
51-7042.00,"Woodworking Machine Setters, Operators, and Tenders, Except Sawing",3.290243028117704,0.6809908007631253,0.00033793226502231674,0.0010134402615824532,0.0006755079965601364,0.0022149048756098643,0.2696881507928516,17.02907379678918
51-8011.00,Nuclear Power Reactor Operators,2.331069774297026,0.2738394633318074,3.1779426065772156e-05,0.001326386084723613,0.001294606658657841,0.29830352514608255,-12.213007410288082,15.827027751678767
51-8012.00,Power Distributors and Dispatchers,2.7223824182918417,0.327756369947518,4.987604368655908e-05,0.00135550907324257,0.001305633029556011,0.05901090867393315,-1.2428826786175358,16.497936722921075
51-8013.00,Power Plant Operators,2.742613032711552,0.4175025024949873,0.00017373856368249396,0.0017455298814687385,0.0015717913177862445,0.04115966106961606,-0.8654381612747324,20.18269183716302
51-8013.03,Biomass Plant Technicians,2.702313664109812,0.4811934762300877,0.00017373856368249396,0.001740387480684464,0.00156664891700197,0.06747840448313115,-2.3747353587002036,21.080033774190866
51-8013.04,Hydroelectric Plant Technicians,2.723760806046455,0.5255705345764825,0.00017373856368249396,0.002023558808836233,0.0018498202451537392,0.038867346737560406,-0.7416151222420193,23.2702479247406
51-8021.00,Stationary Engineers and Boiler Operators,2.79268838376352,0.4462426217259054,0.00018670412813641141,0.001629111106046876,0.0014424069779104647,0.1264327560490718,-5.023942583254906,19.735419105089132
51-8031.00,Water and Wastewater Treatment Plant and System Operators,2.9016526964195006,0.4320899177936936,0.0006659886320137773,0.0010920975435706002,0.0004261089115568229,0.08101884308779138,-3.2043492104641964,15.146558766831452
51-8091.00,Chemical Plant and System Operators,2.724346358577812,0.4377538930698554,9.920036122614295e-05,0.0017426774936851372,0.0016434771324589943,0.10026280048312526,-3.504018050967477,20.45776813182419
51-8092.00,Gas Plant Operators,2.73449937910697,0.4091482761197749,8.788997521315112e-05,0.0016159474879313828,0.0015280575127182316,0.0974960668435395,-3.3308995390841707,19.28196519441793
51-8093.00,"Petroleum Pump System Operators, Refinery Operators, and Gaugers",2.8305513139690843,0.4077968142434043,0.00018405584263093042,0.0015040682707945414,0.001320012428163611,0.09148179199929764,-3.0471574378779236,18.34986657833469
51-8099.01,Biofuels Processing Technicians,2.457915426824944,0.4730198329350702,8.480030879008993e-05,0.002101669192584985,0.002016868883794895,0.1456467517894262,-5.878157300036714,23.256584136185637
51-9011.00,Chemical Equipment Operators and Tenders,2.747647531391595,0.4425404507805553,0.0006635058643523888,0.0018706451807297092,0.0012071393163773205,0.09673618679869381,-3.5851460055288857,21.222655607754128
51-9012.00,"Separating, Filtering, Clarifying, Precipitating, and Still Machine Setters, Operators, and Tenders",2.962092073224388,0.5377273899539363,0.00029335279234671974,0.0015799705023586603,0.0012866177100119406,0.048106424816316475,-1.4141660256175301,20.27456587422538
51-9021.00,"Crushing, Grinding, and Polishing Machine Setters, Operators, and Tenders",3.1303197090918298,0.5121077872140604,0.00014460742312220282,0.0013212643666261682,0.0011766569435039654,0.03112413479330516,-0.5804809309980917,17.648693448226215
51-9022.00,"Grinding and Polishing Workers, Hand",3.321062947367485,0.67257956665172,6.780714346325344e-05,0.0010953608353892088,0.0010275536919259554,0.0013607362059957445,0.33874680537889934,17.632383270373357
51-9023.00,"Mixing and Blending Machine Setters, Operators, and Tenders",3.218288642479143,0.5380485185312139,0.0005833952278115882,0.0010662013848250626,0.0004828061570134744,0.020358568234493096,-0.34121813626064923,15.522054164860055
51-9031.00,"Cutters and Trimmers, Hand",3.529336052215029,0.5946245316580184,3.983462781161024e-05,0.0008370552464417415,0.0007972206186301313,0.00027766083274687004,0.18976200545813976,13.148452466398831
51-9032.00,"Cutting and Slicing Machine Setters, Operators, and Tenders",3.3725500423699684,0.689320269043465,0.0002908700246853313,0.0013191871981384155,0.0010283171734530843,0.002683271370085457,0.3197127771377931,19.76914696872366
51-9041.00,"Extruding, Forming, Pressing, and Compacting Machine Setters, Operators, and Tenders",3.171536423402227,0.6130178404203178,0.0003149252846934505,0.0012500928449256014,0.000935167560232151,0.030334940758552285,-1.1168263796772164,18.403375534735165
51-9051.00,"Furnace, Kiln, Oven, Drier, and Kettle Operators and Tenders",3.150670977361771,0.5554658471573072,8.176581498172628e-05,0.0013938997252330144,0.001312133910251288,0.02669758753587124,-0.9761853992268742,18.743224882992468
51-9061.00,"Inspectors, Testers, Sorters, Samplers, and Weighers",2.496589610614244,0.4981065403346151,0.0032255565730611763,0.0023135174429085425,-0.0009120391301526338,0.13709015681003245,-6.036744759717951,24.60201842437346
51-9071.00,Jewelers and Precious Stone and Metal Workers,3.208424880212276,0.4025110158176829,0.00013274531096223578,0.0011637793971169949,0.001031034086154759,0.06286873104888795,-2.6100600797019418,14.906616098485765
51-9071.06,Gem and Diamond Workers,2.83758128598999,0.2763956328544929,0.00013274531096223578,0.0014261678534210594,0.0012934225424588235,0.11912121174273395,-3.7424169922528883,16.365688858964756
51-9081.00,Dental Laboratory Technicians,3.2429363311536394,0.3961857082711035,0.00018863516965082465,0.0011055678424194788,0.0009169326727686541,0.034824103033792235,-0.7406319925235664,14.237378532420268
51-9082.00,Medical Appliance Technicians,3.168011451282942,0.4544347595983258,6.924163144538899e-05,0.001237867025064271,0.001168625393618882,0.008138616102709191,0.6848345585625677,16.183979401353998
51-9083.00,Ophthalmic Laboratory Technicians,3.2941670081445227,0.4922604357269171,0.0001006348492082785,0.0010904472910621382,0.0009898124418538598,0.01589848405480954,-0.10002440062584311,14.986169678118086
51-9111.00,Packaging and Filling Machine Operators and Tenders,3.3932077128277784,0.5846436522504924,0.0020502143621598844,0.0009355580221770761,-0.0011146563399828083,0.0019067969741467456,0.2640274655207949,14.394419464295227
51-9123.00,"Painting, Coating, and Decorating Workers",3.281909287832285,0.5326194204863806,5.903469772634758e-05,0.0009183320459470397,0.000859297348220692,0.0013685042470461103,0.17716601075085123,13.72380648675242
51-9124.00,"Coating, Painting, and Spraying Machine Setters, Operators, and Tenders",3.2972091301137967,0.4947558733639008,0.000860030717904959,0.001320711609324154,0.00046068089141919507,0.017939567390258433,-0.4182500865228825,17.018318348123497
51-9141.00,Semiconductor Processing Technicians,3.02293360754757,0.5149319122291826,0.00014593156587494333,0.001636890414871054,0.0014909588489961105,0.017701048616135192,-0.17717610550605084,20.186533854709765
51-9151.00,Photographic Process Workers and Processing Machine Operators,3.1494194228568757,0.3183611139441388,3.183459868046968e-05,0.001226317829439532,0.0011944832307590623,0.061137409126607936,-1.7004691054872043,14.777674309119663
51-9161.00,Computer Numerically Controlled Tool Operators,3.2167646188045964,0.5958387717210822,0.0010354244600283785,0.001455534955627755,0.00042011049559937644,0.005804507749185909,0.6017178963218779,19.61942847867156
51-9162.00,Computer Numerically Controlled Tool Programmers,2.961157945284802,0.4221098481206284,0.00015464883899715166,0.001707675972503274,0.0015530271335061222,0.10084483626554111,-3.36854188729923,19.61188877845835
51-9191.00,Adhesive Bonding Machine Operators and Tenders,3.248400188523277,0.6120239199371903,6.90209409865989e-05,0.0012597804847545215,0.0011907595437679226,0.011093196000706322,-0.01849159025489594,18.276114472478284
51-9192.00,"Cleaning, Washing, and Metal Pickling Equipment Operators and Tenders",3.080381226301076,0.5928334129389337,8.39175469549296e-05,0.0010546155556099552,0.0009706980086550257,0.02238702566003938,-0.7381512911901023,16.54304563165591
51-9193.00,Cooling and Freezing Equipment Operators and Tenders,3.205422433471896,0.624086017838642,3.5862199553388716e-05,0.0012085879080980522,0.0011727257085446634,0.01823581711853958,-0.063704407623554,18.13727157573724
51-9194.00,Etchers and Engravers,3.2181381416295816,0.520002074060829,4.491050836378218e-05,0.0013772170800295676,0.0013323065716657854,0.008795040294494466,0.07996354638788483,17.96991022475852
51-9195.03,"Stone Cutters and Carvers, Manufacturing",3.356035809324136,0.5351191872904526,0.0002123042213560612,0.0010160428797686668,0.0008037386584126055,0.009113855696827496,0.017619591699328196,14.636210993390911
51-9195.04,"Glass Blowers, Molders, Benders, and Finishers",3.162584277063775,0.511465085533056,0.0002123042213560612,0.0010494701425341688,0.0008371659211781075,0.013781070571794495,0.014579975436557646,15.145992679211252
51-9195.05,"Potters, Manufacturing",3.6791244803238814,0.4558537646445497,0.0002123042213560612,0.0014209978592029438,0.0012086936378468826,0.012102702060997353,-0.11091322744397414,16.690960726140062
51-9196.00,"Paper Goods Machine Setters, Operators, and Tenders",3.331808480532065,0.7119160238036574,0.0005321950413722886,0.0011166899258053262,0.0005844948844330376,0.0011839421288169494,0.3835964573411045,18.50156140540189
51-9197.00,Tire Builders,3.501269023371886,0.6319147966896906,0.0001139866219650786,0.000786969027479174,0.0006729824055140954,0.0009986442342403918,0.14903137439194608,13.142622639561178
51-9198.00,Helpers--Production Workers,3.3792285630138155,0.5662343667313923,0.0010030933078156313,0.0013634953061602527,0.0003604019983446214,0.022840694343225353,-0.8275748500886744,18.10326222092716
53-1041.00,Aircraft Cargo Handling Supervisors,4.009291575485462,0.2955627055480616,4.9765698457164036e-05,0.0010644595025558353,0.0010146938040986712,0.0034545948776554735,0.7543549622451966,11.787403029116648
53-2011.00,"Airline Pilots, Copilots, and Flight Engineers",3.655371569867292,0.0554117978754344,0.0005168018818716802,0.0014252394045423836,0.0009084375226707034,0.13384248559798617,-4.408761429025868,14.201371132340672
53-2012.00,Commercial Pilots,2.6510573842396243,0.05053301888309,0.0002910355425294238,0.001318900954538851,0.0010278654120094272,0.1870384868804295,-7.191953300836748,13.570784925884084
53-2021.00,Air Traffic Controllers,5.76358859850981,0.0850016646402601,0.0001230901033901696,0.0012918762919368835,0.0011687861885467138,0.25431830020902907,-8.795497112934884,12.603268546674899
53-2022.00,Airfield Operations Specialists,5.665598351067623,0.0928995875517027,0.00010107623012585867,0.001287771720210739,0.0011866954900848802,0.20048931629286562,-6.799227849195794,12.540560376562043
53-2031.00,Flight Attendants,4.814956185632784,0.2334835913723534,0.000695285290418161,0.0014292448205084633,0.0007339595300903023,0.07089180926669988,-2.089558417961714,13.828362177918875
53-3011.00,"Ambulance Drivers and Attendants, Except Emergency Medical Technicians",4.48252829065485,0.2578167133049706,6.355885213154431e-05,0.0010570623359386993,0.000993503483807155,0.08624081031946843,-2.671891707766882,10.978529324774406
53-3031.00,Driver/Sales Workers,4.514277794359566,0.361420690700711,0.0025551541318715974,0.0010498766769274069,-0.0015052774549441906,0.04359359387390469,-1.0465445019373392,11.47093251518563
53-3032.00,Heavy and Tractor-Trailer Truck Drivers,3.5926306658876754,0.3574451841717878,0.011279489348761215,0.0011300075164262118,-0.010149481832335003,0.015866425236556393,-0.08497098041371853,13.46462809509462
53-3033.00,Light Truck Drivers,3.8316930178360993,0.3255381512068576,0.005539109825172329,0.0012625404211687253,-0.004276569404003604,0.005024314104850134,0.153882510833778,14.021408134645197
53-3051.00,"Bus Drivers, School",5.026787010720739,0.2447904386529652,0.0020498281538570014,0.0013141069862737478,-0.0007357211675832536,0.04044834058591606,-0.9615670878373316,12.907588187067347
53-3052.00,"Bus Drivers, Transit and Intercity",4.471384091391655,0.2851159887582853,0.001020638199289443,0.0011421508742611997,0.00012151267497175671,0.02961634198387853,-0.734749281869451,11.923019251076516
53-3053.00,Shuttle Drivers and Chauffeurs,4.291690275260478,0.2079696896890336,0.0011306523929963,0.0012716457271358668,0.00014099333413956677,0.05420573457119422,-1.643414273604689,12.930312419987485
53-4011.00,Locomotive Engineers,2.927168077876059,0.2645194101477032,0.00017870409900527085,0.001229531975637356,0.0010508278766320851,0.07180592729607606,-2.1227567145016266,14.600426430406666
53-4013.00,"Rail Yard Engineers, Dinkey Operators, and Hostlers",3.5039069125469617,0.4013663334141345,1.340694537149763e-05,0.0011381109475166683,0.0011247040021451708,0.0071742476033636385,0.2742730451184652,14.079491483306025
53-4031.00,Railroad Conductors and Yardmasters,3.552427937141585,0.253503462067471,0.0002564974857287756,0.0011977978642105053,0.0009413003784817296,0.04546385347881334,-0.8593324196640688,13.428146230455257
53-4041.00,Subway and Streetcar Operators,4.511027943657121,0.1709967712497547,8.198650544051637e-05,0.001158239126924619,0.0010762526214841027,0.10102974850374252,-3.1348650167382455,11.685427921721862
53-5011.00,Sailors and Marine Oilers,3.478653207317652,0.420722035899727,0.00016529715363377322,0.001408122576194978,0.0012428254225612047,0.03884327677508146,-0.7940766067767872,16.537299133447473
53-5021.00,"Captains, Mates, and Pilots of Water Vessels",3.612367660510035,0.1850796996471881,0.00019045586593584285,0.0015330310652009924,0.0013425751992651495,0.07443849471251134,-1.4719584340284315,15.54749892596007
53-5022.00,Motorboat Operators,3.875192314028448,0.2905081539381238,1.495177858302822e-05,0.0011366743499985799,0.0011217225714155517,0.06736273056917105,-1.810191158762156,12.628359483668252
53-5031.00,Ship Engineers,2.961637571526429,0.3886830890534181,4.88829366220037e-05,0.0016515679008007773,0.0016026849641787735,0.08069894016013787,-2.538979091071054,18.894880562419498
53-6011.00,Bridge and Lock Tenders,3.473723668483906,0.2863582985533034,1.9089724685342303e-05,0.0010525302394953407,0.0010334405148099985,0.07978274053924929,-2.6863976962766523,12.405569315748075
53-6021.00,Parking Attendants,4.427043964244136,0.4126520630516991,0.0006517540974218169,0.0012038214167033367,0.0005520673192815198,0.0015465538881089989,0.16796316403136555,13.425030720636347
53-6031.00,Automotive and Watercraft Service Attendants,3.831337895654452,0.3603314745358096,0.0005105122037961627,0.0011923820193510738,0.000681869815554911,0.006451430945521282,0.1777709557809608,13.696561096307658
53-6041.00,Traffic Technicians,2.0224513907891044,0.1830438487986767,4.154497886723339e-05,0.0012457138881653295,0.001204168909298096,0.3345315564223698,-14.649360912467841,14.066646688415872
53-6051.01,Aviation Inspectors,2.0077448496780117,0.4068336804180113,0.0001526626248680409,0.0014036934624942247,0.0012510308376261839,0.3580607012530299,-15.227865252457448,17.932567700314976
53-6051.07,"Transportation Vehicle, Equipment and Systems Inspectors, Except Aviation",2.052489837904246,0.4421530895297361,0.0001526626248680409,0.0014849065659185085,0.0013322439410504675,0.3536928353455551,-15.799294472946844,19.080674409778982
53-6061.00,Passenger Attendants,4.672885638289623,0.2944118616318924,0.00011139350907429511,0.0012218307570063891,0.001110437247932094,0.003033714343384247,0.26187705027122177,12.509651330574904
53-7011.00,Conveyor Operators and Tenders,3.32808040590835,0.5438030232243191,0.00013605566784408705,0.001173203278625161,0.001037147610781074,0.016834868004237304,-0.13333047526841812,16.329910118157276
53-7021.00,Crane and Tower Operators,3.374551271950058,0.5345909593160804,0.0002331594697117242,0.0010411644657364386,0.0008080049960247144,0.0024231693188589303,0.34430660840776767,14.842077300124556
53-7031.00,Dredge Operators,3.34072748070434,0.6291830619503742,5.186225781566984e-06,0.0006279094663849004,0.0006227232406033334,0.0012101836481803099,0.3918916245705134,11.028924079354935
53-7041.00,Hoist and Winch Operators,3.501813739791245,0.6940044419614506,1.2303493077547207e-05,0.0007947160570857721,0.0007824125640082249,0.00013054954756891804,0.3951636562951071,14.320256552788141
53-7051.00,Industrial Truck and Tractor Operators,3.553352192814266,0.6484807570902295,0.004297505304019314,0.000659791165355523,-0.003637714138663791,0.00012406851662143912,0.2589982542228994,11.494809552867121
53-7061.00,Cleaners of Vehicles and Equipment,3.459948454467785,0.5420865758951907,0.0020154004422857485,0.0008699246552412063,-0.0011454757870445421,0.0028826263114316115,0.011536138935419729,12.8714854532166
53-7062.00,"Laborers and Freight, Stock, and Material Movers, Hand",3.6880193394566776,0.5521289290655195,0.016597577679455276,0.0010163617728881796,-0.015581215906567096,0.0005880998494130157,0.1798158885391955,14.342427432940122
53-7062.04,Recycling and Reclamation Workers,3.4877561815268865,0.5109715846418963,0.016597577679455276,0.0008765051149075865,-0.01572107256454769,0.009633055176434199,-0.03262946454311555,12.482861253713594
53-7063.00,Machine Feeders and Offbearers,3.27081313319557,0.6186776828678227,0.0002455181354039689,0.0013434063526781054,0.0010978882172741364,0.008943066287073814,-0.13336887279732162,19.001226739327812
53-7064.00,"Packers and Packagers, Hand",3.471481183589022,0.5508831144918137,0.003559792272898759,0.0010593637487079318,-0.0025004285241908273,0.008462844124904653,-0.22463024868128956,15.042123182217502
53-7065.00,Stockers and Order Fillers,4.124346380278373,0.403295863973908,0.015849326678927494,0.00133525575097672,-0.014514070927950774,0.006052555335944668,0.14672602674115617,14.827067694427265
53-7071.00,Gas Compressor and Gas Pumping Station Operators,3.0986541445079427,0.4122499465894724,2.4275950466909286e-05,0.0012883054371231072,0.001264029486656198,0.05491813647345984,-1.6276691431672632,16.289394470646638
53-7072.00,"Pump Operators, Except Wellhead Pumpers",3.0815374494637373,0.4588735285123837,6.383471520503192e-05,0.0013069825156931144,0.0012431478004880825,0.03361098193803175,-0.6733614317332437,16.99332272859652
53-7073.00,Wellhead Pumpers,3.0982753882185143,0.4736889539875402,0.00010057967659358098,0.001311684725369664,0.001211105048776083,0.01772383855101735,-0.34391715577583576,17.17025473330269
53-7081.00,Refuse and Recyclable Material Collectors,3.6579984192894974,0.3672869718198563,0.0007472027208485283,0.0009571459484669926,0.0002099432276184643,0.04419529732492129,-1.5320068811016905,11.70726420799768
53-7121.00,"Tank Car, Truck, and Ship Loaders",3.295457758696182,0.5040579686233991,6.289678075517406e-05,0.0010284040467192705,0.0009655072659640964,0.019935205384147715,-0.27087701094477956,14.511025856870294
