onet_code,Title,OCC_CODE,L0,w1999,w2003,w2007,one_to_one_all,dW_robot,proj_robot,dW_software,proj_software,dW_clone,proj_clone,dW_llm,proj_llm,dlnw_full,dlnw_early,dlnw_late
11-1011.00,Chief Executives,11-1011,0.0038482818149380314,52.07999999999997,64.77999999999999,72.77,True,-0.006773623995667535,-8.540278454246677e-05,-0.06160494078184089,-0.0008529006132830019,-0.4120382281974911,-0.00602425313509391,-0.24805193347407042,-0.003339020422341862,0.3345227844586818,0.2182159158428698,0.11630686861581196
11-1011.03,Chief Sustainability Officers,11-1011,0.0038482818149380314,52.07999999999997,64.77999999999999,72.77,True,-0.03602855427752245,-0.00015157064029487342,-0.38033392620425405,-0.0017185219242261804,-1.6124966165100594,-0.005905969484757901,-1.3786702662861094,-0.005126606853557359,0.3345227844586818,0.2182159158428698,0.11630686861581196
11-1021.00,General and Operations Managers,11-1021,0.014860545063041025,27.230000000000004,34.99999999999999,42.64,True,-0.004235444815273355,-0.00010019957484024666,-0.04772765151280338,-0.0012455490042221785,-0.07231338689864203,-0.0018260510843033015,-0.12334476963993923,-0.0031412317291296065,0.44847347317192066,0.2510287548037451,0.19744471836817556
11-2011.00,Advertising and Promotions Managers,11-2011,0.0006484057725903024,24.3,29.010000000000005,37.619999999999976,True,-0.0032129037738200285,-3.746609275956199e-05,-0.02380557264724991,-0.000357995872971367,-0.0561074591132768,-0.0008438828103556936,-0.08908664440943277,-0.0013234707555501068,0.43705947352638086,0.17716424778681006,0.2598952257395708
11-2021.00,Marketing Managers,11-2021,0.0013065440771548727,32.18,40.01,50.19,True,-0.012946394890609924,-0.00013140048051108036,-0.16167797638400036,-0.0018114838146880351,-0.4266873101763494,-0.004789209927158695,-0.4265983305393527,-0.004519572720622755,0.4444706621026051,0.21778428130490646,0.22668638079769865
11-2022.00,Sales Managers,11-2022,0.002369581493390644,30.59,38.69,45.63,True,-0.0014817319520625469,-3.138794811977104e-05,-0.013410878131985948,-0.0002578409530949245,-0.013384368766430036,-0.0002592890668726815,-0.035659417762446896,-0.0006815125891836312,0.3998922367764992,0.23490801054960952,0.16498422622688969
11-2033.00,Fundraising Managers,11-2033,0.0004331943536361255,24.77,31.160000000000004,41.57000000000002,False,-0.002108067059099589,-4.387263044168547e-05,-0.021492926825549548,-0.000322982850746006,-0.15708541163066164,-0.0022418066582826327,-0.13348784328751165,-0.001863859684011234,0.5177455097632784,0.22950197750127943,0.28824353226199895
11-3012.00,Administrative Services Managers,11-3012,0.0023430909593414777,20.78000000000001,27.370000000000005,34.13,False,-0.0031159977095451263,-7.499414682873994e-05,-0.032174389408361,-0.0006697397095909061,-0.07321411772352579,-0.0015401973461752372,-0.11778482823952706,-0.00243430678248959,0.496185777247534,0.2754565373815061,0.22072923986602788
11-3013.00,Facilities Managers,11-3013,0.0023430909593414777,20.78000000000001,27.370000000000005,34.13,False,-0.013833160120042301,0.00011703413691788037,-0.017119947290678932,-0.00042328211260623735,-0.006385911610799313,-0.00016973561729921493,-0.026939850607183607,-0.0006560919280929933,0.496185777247534,0.2754565373815061,0.22072923986602788
11-3013.01,Security Managers,11-3013,0.0023430909593414777,20.78000000000001,27.370000000000005,34.13,False,-0.015585221848875185,-0.00012042720054441883,-0.17498078722542204,-0.0014533583546060005,-0.6106021289884825,-0.0047742285451730475,-0.5887234463460024,-0.004525473887720536,0.496185777247534,0.2754565373815061,0.22072923986602788
11-3021.00,Computer and Information Systems Managers,11-3021,0.0018099931317973035,34.97,43.15,51.96,True,-0.010552934650690432,-0.00011110198112509841,-0.128676581302759,-0.0017352122724869426,-0.28534060553240903,-0.003184548780704774,-0.3646833863789455,-0.004288019558469018,0.39598364072711423,0.21019186645415244,0.18579177427296178
11-3031.00,Financial Managers,11-3031,0.004164041246341599,30.62,37.16,45.82000000000001,True,-0.007284233194452192,-0.00012747227830348524,-0.08584123847447948,-0.0015732053035233744,-0.10012066683318183,-0.0018444721333049907,-0.19264994422118548,-0.0034852020525747334,0.40306728679581205,0.1935795237161,0.20948776307971206
11-3031.01,Treasurers and Controllers,11-3031,0.004164041246341599,30.62,37.16,45.82000000000001,True,-0.002655776328814519,-3.989569491908068e-05,-0.025729123894058396,-0.0004227594762787057,-0.06174429286307038,-0.0009738081572910906,-0.08987403828751293,-0.00142678950248165,0.40306728679581205,0.1935795237161,0.20948776307971206
11-3031.03,Investment Fund Managers,11-3031,0.004164041246341599,30.62,37.16,45.82000000000001,True,-0.019157377620693822,-0.00020536622494626798,-0.27056587544957134,-0.0030160427548971114,-0.457212578167087,-0.004212015403047297,-0.5835227902418677,-0.005639343882276056,0.40306728679581205,0.1935795237161,0.20948776307971206
11-3051.00,Industrial Production Managers,11-3051,0.0013761542396198358,28.64,33.9,38.73,True,-0.022516386067867607,-0.0001767106669954173,-0.3934931719390367,-0.004190080947984021,-0.17161863928776794,-0.0026675069219680423,-0.26088491564351196,-0.0037680938492710555,0.30181015143421597,0.16861067229395976,0.1331994791402562
11-3051.01,Quality Control Systems Managers,11-3051,0.0013761542396198358,28.64,33.9,38.73,True,-0.04909506946602095,-0.00012545404855669786,-1.0975917924865959,-0.005084405997090616,-0.18060067094989293,-0.0009062796795695077,-0.4499559974142276,-0.002102258087073033,0.30181015143421597,0.16861067229395976,0.1331994791402562
11-3051.02,Geothermal Production Managers,11-3051,0.0013761542396198358,28.64,33.9,38.73,True,-0.037242413210114345,6.490905244487492e-05,-0.5389548961412496,-0.004223837865481702,-0.02279635126242291,-0.0002269581321629446,-0.08887497420406594,-0.0008062563419471628,0.30181015143421597,0.16861067229395976,0.1331994791402562
11-3051.03,Biofuels Production Managers,11-3051,0.0013761542396198358,28.64,33.9,38.73,True,-0.04225900461942923,0.00019153666796360716,-0.4856573648901068,-0.006114141283473804,-0.009412985149121117,-0.0001282189803154024,-0.04855396707561918,-0.0005860584151715803,0.30181015143421597,0.16861067229395976,0.1331994791402562
11-3051.04,Biomass Power Plant Managers,11-3051,0.0013761542396198358,28.64,33.9,38.73,True,-0.047798574504343945,0.00032995078247016773,-0.5726925912384687,-0.008813308379191058,-0.011302790758819306,-0.0001801163914872484,-0.05433118017876749,-0.0007975242825386744,0.30181015143421597,0.16861067229395976,0.1331994791402562
11-3051.06,Hydroelectric Production Managers,11-3051,0.0013761542396198358,28.64,33.9,38.73,True,-0.04048742994258252,0.00016154945034116348,-0.3484363574554423,-0.002777324534072948,-0.08802198338373343,-0.0012178977545374376,-0.193614387707687,-0.002617372236807161,0.30181015143421597,0.16861067229395976,0.1331994791402562
11-3061.00,Purchasing Managers,11-3061,0.0008891409177816324,22.31,31.219999999999995,41.07999999999999,True,-0.006565860707003383,-0.00017789601223279367,-0.09826637968318519,-0.0031105671547642846,-0.020919643143600928,-0.0005883374408842366,-0.07287949700013063,-0.0020709093025172982,0.6104863766159161,0.33602390664284476,0.27446246997307133
11-3071.04,Supply Chain Managers,11-3071,0.0007956828292870063,24.51000000000001,30.57,36.69,True,-0.02054531373343958,-5.721158635473285e-05,-0.191695790470298,-0.0017956217991696487,-0.09632711480969847,-0.0012600240512222285,-0.19431606774771484,-0.002261425148181443,0.40342304082716884,0.22093793836272146,0.18248510246444738
11-9021.00,Construction Managers,11-9021,0.0015500507380739744,26.75,31.960000000000004,36.649999999999984,True,-0.024635283812806216,-0.00015876686914675412,-0.4484607020735067,-0.004287764807032909,-0.1986745153935275,-0.002047335136223246,-0.33634657903198234,-0.0032832410413551763,0.31487895499064456,0.1779506475560586,0.13692830743458595
11-9031.00,"Education and Childcare Administrators, Preschool and Daycare",11-9031,0.00022803773592688768,15.81,16.59,18.55,True,-0.008549289052528568,-0.00014141969316007689,-0.06517167641740072,-0.0009814898852549543,-0.5210001481882416,-0.008245806098369406,-0.29719329723133225,-0.004506412377878829,0.15982713783206348,0.048157452980972515,0.11166968485109097
11-9032.00,"Education Administrators, Kindergarten through Secondary",11-9032,0.001200259671687536,30.923076923076923,35.331730769230774,38.74038461538462,True,-0.0036367113986432564,-4.511028369748313e-05,-0.02812711224952666,-0.0003577452672623593,-0.23973257942388537,-0.003076409004354836,-0.1705912188726702,-0.0021709359819346184,0.22537985489249035,0.13327871767006894,0.09210113722242141
11-9033.00,"Education Administrators, Postsecondary",11-9033,0.000616758930210398,26.520000000000003,32.040000000000006,36.42999999999998,True,-0.0016843789401580305,-2.6576805919325163e-05,-0.012156381535593898,-0.00015709321381530015,-0.1614198329156877,-0.0020033272574978386,-0.10296810298450033,-0.001273420420157492,0.31749344570281,0.18908595688249674,0.12840748882031328
11-9041.00,Architectural and Engineering Managers,11-9041,0.001599809113465596,38.52,45.42000000000002,53.370000000000005,True,-0.03705962480529525,-0.000194790016065038,-0.5665013798419979,-0.004180541610283972,-0.49584076673817884,-0.002459598623255865,-0.7570217724870756,-0.004167956199501,0.32607120341592877,0.1647749497474882,0.16129625366844058
11-9041.01,Biofuels/Biodiesel Technology and Product Development Managers,11-9041,0.001599809113465596,38.52,45.42000000000002,53.370000000000005,True,-0.04798805928541533,-5.279102169841444e-05,-1.157436905503052,-0.0025993820390638324,-0.2138174906882996,-0.0006089145763647422,-0.5608778821373743,-0.0013628174341429665,0.32607120341592877,0.1647749497474882,0.16129625366844058
11-9051.00,Food Service Managers,11-9051,0.0018558842759408716,14.920000000000002,17.91,21.43000000000001,True,-0.002769086268902339,-8.069959124732471e-05,-0.046693315147692406,-0.0011867109590279435,-0.01103948290546291,-0.0002988744481597494,-0.03905571163848931,-0.0010012176249492874,0.3620892147098713,0.18265662129700555,0.17943259341286577
11-9071.00,Gambling Managers,11-9071,2.9584319047609228e-05,22.51,27.459999999999987,30.969999999999995,True,-0.00022043530352641684,-9.943517605406715e-06,-0.0019875932133246,-2.7827677494008455e-05,0.0008811361539705013,2.2455711798209385e-05,-0.003835207028440341,-5.738297078808816e-05,0.3190593390664702,0.19877074542118356,0.12028859364528666
11-9081.00,Lodging Managers,11-9081,0.00018156650709611152,14.489999999999998,17.160000000000004,21.27,True,0.0006996308550299821,4.677036419424721e-06,0.0011340581596939042,1.6180413724236078e-05,0.0015941999818245788,2.5446369271624475e-05,0.0003646103484563174,3.5426833466078418e-06,0.38383887287955476,0.1691223377272255,0.21471653515232925
11-9111.00,Medical and Health Services Managers,11-9111,0.0014865636917517628,25.82,31.04,37.01,True,-0.0063225906638810815,-6.117743311933672e-05,-0.0475937602814665,-0.00044966606364665017,-0.34970583635040686,-0.004096094320325946,-0.2203042440462643,-0.0022788071217119104,0.3600387609795681,0.18412730989652148,0.17591145108304662
11-9121.00,Natural Sciences Managers,11-9121,0.00023796362946355832,33.75,41.28,50.02000000000002,True,-0.036532371291841254,-0.00019153985504789044,-0.4363196911521903,-0.002467891197151816,-1.1504548729964108,-0.005952103059598522,-1.1268948709838853,-0.006139041070074381,0.3934425081309345,0.2013977038547683,0.19204480427616621
11-9121.01,Clinical Research Coordinators,11-9121,0.00023796362946355832,33.75,41.28,50.02000000000002,True,-0.01527636994241603,-0.00014424869194566952,-0.12214145626640717,-0.001155355809543734,-1.1665871829107317,-0.010575048111704883,-0.6333672909461726,-0.00560800112041347,0.3934425081309345,0.2013977038547683,0.19204480427616621
11-9121.02,Water Resource Specialists,11-9121,0.00023796362946355832,33.75,41.28,50.02000000000002,True,-0.043543181524355656,-0.00010497126584539718,-0.7546766450273413,-0.002211679799992223,-0.8361280713906972,-0.0025887104425251265,-1.070609033242649,-0.003535402770083399,0.3934425081309345,0.2013977038547683,0.19204480427616621
11-9131.00,Postmasters and Mail Superintendents,11-9131,0.00017357422918346763,21.160000000000004,24.09999999999999,27.84,True,0.0011890907134496297,5.259891364319639e-06,0.0015336603881796291,1.7070979848020593e-05,0.002374144519366951,3.350158164258448e-05,0.0015710862265321548,1.757978415001732e-05,0.2743612284761201,0.1300992335065101,0.14426199496961
11-9141.00,"Property, Real Estate, and Community Association Managers",11-9141,0.0009219479295359529,16.73,18.46,21.0,True,-0.0033452039030297358,-8.421950655256219e-05,-0.023223384421257348,-0.0007117127591344472,-0.04341392718335397,-0.0012918363867868384,-0.061050694754086615,-0.0017885698231095665,0.22731892272469034,0.09840271407597356,0.12891620864871678
11-9151.00,Social and Community Service Managers,11-9151,0.0005693853474217427,17.74,21.85,26.21999999999999,True,-0.008316048580556304,-0.00011031366281400193,-0.05785789211816447,-0.0007517554322754886,-0.8421212625908159,-0.01109058513266105,-0.3852724334275703,-0.004863178689079426,0.3907005014541203,0.20837894466016582,0.18232155679395445
11-9161.00,Emergency Management Directors,11-9161,7.341293985888215e-05,17.83999999999999,21.68,23.26000000000001,True,-0.013708442861888574,-6.94915320382554e-05,-0.1414600333263093,-0.0008380547639372124,-0.6628089727734895,-0.003754332421536814,-0.5464651505454603,-0.003135729003174602,0.26529201993865614,0.19494704941958263,0.07034497051907351
11-9171.00,Funeral Home Managers,11-9171,0.0001530134497146499,17.749999999999996,21.48,24.210000000000004,False,-0.0020525064746602637,-8.02545104632488e-05,-0.03545356104252386,-0.0008357737589129775,-0.07074057809441149,-0.001783370054682743,-0.09973363333650093,-0.002403337248744642,0.3103802550285426,0.19073675371923926,0.11964350130930335
13-1011.00,"Agents and Business Managers of Artists, Performers, and Athletes",13-1011,4.692240580971572e-05,25.0,26.27,31.940000000000005,True,-0.0010750349218598915,-3.424685017346248e-05,-0.01449250823900176,-0.00017629327388170784,-0.021460933928994078,-0.0003203189530786576,-0.02330496430312835,-0.0003267723572475934,0.244983317918666,0.04955177882924788,0.19543153908941813
13-1021.00,"Buyers and Purchasing Agents, Farm Products",13-1021,0.00013889805565925464,16.94,20.6,23.26999999999999,True,-0.005103079971004212,-1.1110953483315733e-05,-0.09181226019197514,-0.00028092617329535796,-0.006845230020052941,-4.69489116653951e-05,-0.0302906597729725,-0.0001670355944892265,0.3174872880902915,0.19561338657162697,0.1218739015186645
13-1022.00,"Wholesale and Retail Buyers, Except Farm Products",13-1022,0.0008576874369641307,16.520000000000003,20.28,22.579999999999995,True,-0.01047120181467059,-0.00024614453558232155,-0.10302201068557612,-0.0025288787772203484,-0.0572450505393719,-0.0014439021072513603,-0.11891362394413343,-0.0027854044611099645,0.3124927906286836,0.20506341063015032,0.1074293799985333
13-1023.00,"Purchasing Agents, Except Wholesale, Retail, and Farm Products",13-1023,0.0014444753250021142,19.01,22.430000000000003,25.22,True,-0.010878020960986454,-0.00015210953587064922,-0.13564609143591183,-0.002283286576060905,-0.06953500985400453,-0.0012002247737386538,-0.1704714600362146,-0.002820179109964143,0.28267217403643574,0.16543419203177923,0.11723798200465652
13-1031.00,"Claims Adjusters, Examiners, and Investigators",13-1031,0.0009975523004353986,18.690000000000005,21.180000000000003,25.75,True,-0.009355852863308645,-9.517449488335166e-05,-0.09152818954378561,-0.0009787724725455226,-0.16204748400478283,-0.002050624486416263,-0.18321665492600955,-0.002020325543481697,0.3204460056422733,0.12506871870578884,0.19537728693648448
13-1032.00,"Insurance Appraisers, Auto Damage",13-1032,0.00012446039233318827,19.22,20.990000000000013,24.760000000000005,True,-0.022219954126185004,-3.059399152783009e-05,-0.08118210443616795,-0.0012502351020538885,0.0008422105115659127,-2.2440482709372096e-05,-0.0014358573913324812,-6.0257928111663914e-05,0.25327804427424905,0.0880947302903956,0.16518331398385344
13-1041.01,Environmental Compliance Inspectors,13-1041,0.0007945871137667245,18.559999999999995,22.49,23.27,False,-0.02314970573939621,1.4021573191648337e-05,-0.2995954894648258,-0.001257062031511806,-0.33506053842615596,-0.0020569993196277512,-0.42389028571349874,-0.002261302684146369,0.22615624995614603,0.19206203861316995,0.03409421134297608
13-1041.03,Equal Opportunity Representatives and Officers,13-1041,0.0007945871137667245,18.559999999999995,22.49,23.27,False,-0.008481472100617308,-7.58712865309088e-05,-0.0832696986843671,-0.0006962823962731401,-0.3379407200680583,-0.0027769715152532373,-0.34050251435166684,-0.0027213740804921025,0.22615624995614603,0.19206203861316995,0.03409421134297608
13-1041.04,Government Property Inspectors and Investigators,13-1041,0.0007945871137667245,18.559999999999995,22.49,23.27,False,-0.021334128167024652,-2.5098690891588225e-05,-0.25304325513726816,-0.00011507991179332804,-0.20940490266484343,-0.0007818289349997376,-0.2855095193034379,-0.0007378679152408424,0.22615624995614603,0.19206203861316995,0.03409421134297608
13-1041.06,Coroners,13-1041,0.0007945871137667245,18.559999999999995,22.49,23.27,False,-0.002210583502608301,-4.0264899266577015e-05,-0.007635653924805631,-0.00012427175337679426,-0.03677581979192627,-0.0006578065274604916,-0.03438844946786147,-0.0005704879618110238,0.22615624995614603,0.19206203861316995,0.03409421134297608
13-1041.07,Regulatory Affairs Specialists,13-1041,0.0007945871137667245,18.559999999999995,22.49,23.27,False,-0.01933675644428361,-6.297541535988884e-05,-0.2136414246009047,-0.0009316198514274375,-0.5666617935783639,-0.0026673312914209423,-0.5942281344494077,-0.002581051403860859,0.22615624995614603,0.19206203861316995,0.03409421134297608
13-1041.08,Customs Brokers,13-1041,0.0007945871137667245,18.559999999999995,22.49,23.27,False,-4.296665804945669e-06,2.41184517949133e-06,6.626953231707051e-05,-4.6162312728381974e-06,0.00031746769867285816,-4.88900614654053e-06,-0.001950140101341033,-5.9379694838985396e-05,0.22615624995614603,0.19206203861316995,0.03409421134297608
13-1051.00,Cost Estimators,13-1051,0.0012987451608046316,20.36,23.22,26.41,True,-0.021257999577929818,-5.852186778966607e-05,-0.2066594153293285,-0.0010120813385744083,-0.035045778564987175,-0.00024491866741136945,-0.12475597866441304,-0.0007805891991215138,0.2601705346267189,0.13144178458742362,0.1287287500392953
13-1071.00,Human Resources Specialists,13-1071,0.0011711909834730006,16.520000000000003,19.600000000000005,23.706913570481227,False,-0.00553728758580819,-0.00014201996163552732,-0.0761835311834938,-0.0016281574542905124,-0.11812686777605708,-0.002350364818978258,-0.1623992826550228,-0.003241484988762905,0.3611949493432798,0.17095779814363965,0.19023715119964013
13-1074.00,Farm Labor Contractors,13-1074,7.257503975513723e-05,6.71,7.789999999999999,14.39,True,0.001613089303760891,-7.344359462354422e-06,0.0012385704965223916,-1.0988945096437097e-06,0.0013270262127804734,8.194669841427783e-06,0.0012571668451683456,-2.1591146053186256e-09,0.762934569915686,0.1492419088990664,0.6136926610166196
13-1111.00,Management Analysts,13-1111,0.0019374828552748003,25.91,30.089999999999996,34.21,True,-0.02501636446353542,-0.0001273925269842932,-0.3767982299910003,-0.002358473345215096,-0.5337036347650984,-0.0031850495057768463,-0.6532112667990633,-0.0038154768222072827,0.2778890044154947,0.14956389606793508,0.1283251083475596
13-1121.00,"Meeting, Convention, and Event Planners",13-1121,0.0009738977359681381,17.318303238672495,20.159079707703512,26.544459998776496,False,-0.0034579199725562173,-6.114958350600043e-05,-0.02857419339229686,-0.00040077373017316726,-0.11897307008365114,-0.002045781870695335,-0.10682525300334139,-0.0017835462372781565,0.4270571300677859,0.1518908598409836,0.2751662702268023
13-1141.00,"Compensation, Benefits, and Job Analysis Specialists",13-1141,0.0005047381317251151,18.98,22.53000000000001,25.08,True,-0.008414183143547988,-8.809453766208396e-05,-0.07749127133372276,-0.0007227998180490753,-0.3608932008318458,-0.00392642719090725,-0.31813400181735735,-0.003034503363453757,0.2786849225829382,0.1714619612623718,0.10722296132056641
13-1151.00,Training and Development Specialists,13-1151,0.0012049003491852001,18.54,21.229999999999997,23.86,True,-0.005706344001170325,-7.565931555487459e-05,-0.054914302932967604,-0.0007152704006427548,-0.1766685232906121,-0.0022989741195013893,-0.22065811798270218,-0.002814555695013925,0.2522728565320609,0.13548471557745545,0.11678814095460543
13-1161.00,Market Research Analysts and Marketing Specialists,13-1161,0.0011985194176259118,19.387325604581893,23.14190103069312,27.098800621267724,False,-0.01645306232839381,-7.271820907446331e-05,-0.1492365234403941,-0.000644857674704576,-0.6893579164542016,-0.003986517805485661,-0.6378065466685136,-0.003139275353189075,0.3348699361767169,0.1770253386233267,0.1578445975533902
13-1161.01,Search Marketing Strategists,13-1161,0.0011985194176259118,19.387325604581893,23.14190103069312,27.098800621267724,False,-0.010905461096042481,-8.721762236998662e-05,-0.105585179717856,-0.0010637051951281008,-0.17177723136631975,-0.0017436208135936792,-0.26340273689705274,-0.002622410738982852,0.3348699361767169,0.1770253386233267,0.1578445975533902
13-2022.00,Appraisers of Personal and Business Property,13-2022,0.0003385116419129491,18.12,20.97000000000001,22.18,False,-0.016065349236776445,-7.068925628313515e-05,-0.06615201979874735,-0.0004290098257084201,-0.0017877407113837357,-2.7845971129100318e-05,-0.01672992007221036,-0.00012691425607431892,0.2021746813073877,0.14607654429899597,0.056098137008391724
13-2023.00,Appraisers and Assessors of Real Estate,13-2023,0.0003385116419129491,18.12,20.97000000000001,22.18,False,-0.016502785331844468,-7.331222306993274e-05,-0.1388931883253751,-0.0007288701226604204,-0.04610201996882349,-0.0003153607634509688,-0.12533848646115667,-0.0007431240130335183,0.2021746813073877,0.14607654429899597,0.056098137008391724
13-2031.00,Budget Analysts,13-2031,0.0003979380954247045,22.41,26.209999999999997,30.5,True,-0.009286885344716821,-7.643854829165634e-05,-0.08714158410006927,-0.0007004281795400754,-0.1893997573832622,-0.0015443877945406689,-0.2593550032259903,-0.002128506079249261,0.30821939580053037,0.15663372952247911,0.15158566627805126
13-2041.00,Credit Analysts,13-2041,0.0003969068337585569,17.96,21.65,26.239999999999995,True,-0.012111475724737288,-9.91755730389515e-05,-0.12667017043865855,-0.0009713747935969978,-0.13642952939385183,-0.0010639376229265496,-0.2791129461972983,-0.0020924952882015917,0.37913790120183455,0.18685839157444528,0.19227950962738927
13-2052.00,Personal Financial Advisors,13-2052,0.0005154374715113964,25.26,28.22,32.529999999999994,True,-0.0042733506980601535,-5.858238124741648e-05,-0.03529742894750283,-0.0003815406419179784,-0.2993900546396788,-0.0032784074627954,-0.22602790138089332,-0.0023321072967199498,0.2529406235629148,0.11080882950232285,0.14213179406059195
13-2053.00,Insurance Underwriters,13-2053,0.0006056728672993113,19.68999999999999,22.74999999999999,26.21999999999999,True,-0.015270919135265472,-9.407564380937038e-05,-0.1773318692491714,-0.001403291473814841,-0.10447281613989329,-0.000883169086183997,-0.26315162644498263,-0.0021272455077119275,0.28641158568451974,0.14445425274592516,0.14195733293859458
13-2061.00,Financial Examiners,13-2061,0.0001780859989728634,24.63,28.360000000000003,32.05,True,-0.01694989082831469,-8.522438459586372e-05,-0.16853248939582513,-0.001056524480723182,-0.5955596793807107,-0.003885488254026938,-0.5752621134507622,-0.0034873123707514714,0.2633319712342326,0.14101448953148044,0.12231748170275214
13-2071.00,Credit Counselors,13-2071,0.00014386100242758996,14.95,16.09,17.569999999999997,True,-0.00042037076882468554,-2.9510840727132342e-05,-0.0058104099627355275,-8.755825553270897e-05,-0.023782673981775602,-0.0003189839808500996,-0.0330388737361326,-0.0004042924376692563,0.16148160236231002,0.07348666116759617,0.08799494119471385
13-2072.00,Loan Officers,13-2072,0.001290237252058914,18.72000000000001,22.430000000000003,25.48,True,-0.0020785542262344815,-6.190309739369061e-05,-0.016381398270124213,-0.00028065393447587684,-0.018611210214268443,-0.0003305641515484297,-0.043465591407311474,-0.0007015041968957875,0.3083013596545161,0.18080687748267055,0.12749448217184556
13-2081.00,"Tax Examiners and Collectors, and Revenue Agents",13-2081,0.0004186922364559249,17.749999999999996,20.57,22.56,True,-0.004600843294434194,-0.00011681019809932879,-0.03977943744528466,-0.0007960714319717631,-0.03740196808312234,-0.0007519832610736263,-0.07923878950130918,-0.001548841431816229,0.23979291070843356,0.14744818774344104,0.09234472296499252
13-2082.00,Tax Preparers,13-2082,0.00037447689251984665,13.039999999999996,12.76,13.710000000000004,True,-0.002461342961437952,-4.570775528066667e-05,-0.005122145968897375,-0.00013814205894615683,-0.0032122582062528967,-0.0001064487300035384,-0.011187497815582504,-0.00027347094842562097,0.05010393707571659,-0.021706278581862914,0.0718102156575795
15-1211.00,Computer Systems Analysts,15-1211,0.002759978487881644,26.910000000000014,30.85,35.13999999999999,False,-0.021304202374618754,-6.148162138052896e-05,-0.29033993497621013,-0.0016290270519327258,-0.15584496372058665,-0.0008469817960755928,-0.2859218464164569,-0.0015731870661111552,0.2668421180201359,0.1366387856125817,0.13020333240755422
15-1211.01,Health Informatics Specialists,15-1211,0.002759978487881644,26.910000000000014,30.85,35.13999999999999,False,-0.02113708189269164,-7.09438067885709e-05,-0.1990042051604009,-0.0008369461404388404,-1.164737490682658,-0.004452560497704423,-0.8472562362601683,-0.0034494547955748263,0.2668421180201359,0.1366387856125817,0.13020333240755422
15-1212.00,Information Security Analysts,15-1212,0.0006337747477018334,25.239999999999995,28.42,32.79999999999999,False,-0.01311626738410214,-6.952142334473259e-05,-0.17556185111084266,-0.0015567742158035358,-0.105513844963054,-0.0006382922476678606,-0.2208935521966398,-0.0014736662130477689,0.2619984777170856,0.11866308499594247,0.14333539272114315
15-1221.00,Computer and Information Research Scientists,15-1221,0.000169384728664743,31.379999999999995,39.22999999999999,47.10000000000001,True,-0.021882096852522542,-0.0001933578942082287,-0.32245320290485235,-0.003386906179414462,-0.2996512275529583,-0.003087068281377047,-0.48088196217712675,-0.004992190408894851,0.4061022537174859,0.22327101291657447,0.1828312408009114
15-1231.00,Computer Network Support Specialists,15-1231,0.0006337747477018334,25.239999999999995,28.42,32.79999999999999,False,-0.02606059535008145,0.00027588620467521133,-0.3182960439824084,-0.003054413074724112,-0.0372260395092067,-0.0005976430830812363,-0.10680343657524481,-0.0016016177455981128,0.2619984777170856,0.11866308499594247,0.14333539272114315
15-1232.00,Computer User Support Specialists,15-1232,0.002983182184748465,17.540000000000003,18.96000000000001,20.39,True,-0.03638915539826247,0.0004917020457541986,-0.2472589080983986,-0.004924257287592768,-0.09531116650258983,-0.0018989932149590333,-0.19033201988697052,-0.003693722253575532,0.15056059764232677,0.07784750988283928,0.07271308775948748
15-1241.00,Computer Network Architects,15-1241,0.0033937532355834774,26.589953142085484,30.254246431599054,34.37952640952499,False,-0.021934868515542844,-0.00010241217705525168,-0.35993660795071136,-0.003158097389423251,-0.1280579390617951,-0.0010545994088540175,-0.25894516965564407,-0.0020364965868733763,0.25692778167088504,0.12910310951374893,0.1278246721571361
15-1241.01,Telecommunications Engineering Specialists,15-1241,0.0033937532355834774,26.589953142085484,30.254246431599054,34.37952640952499,False,-0.01952922056456559,-0.00012392743151663728,-0.34800313503291885,-0.0035803821414780355,-0.10130186638148012,-0.0011898475339900336,-0.18937277131919222,-0.0020371594910313265,0.25692778167088504,0.12910310951374893,0.1278246721571361
15-1242.00,Database Administrators,15-1242,0.0006539488040458458,23.830000000000013,27.980000000000004,32.32999999999999,False,-0.01642561138231531,-5.095768435271209e-05,-0.1552659917000009,-0.0008123619932535215,-0.12316985952933368,-0.0008846117867169665,-0.15820167048921346,-0.0009309111403113377,0.30505030062669025,0.16054467812668394,0.14450562250000631
15-1243.00,Database Architects,15-1243,0.0006539488040458458,23.830000000000013,27.980000000000004,33.56741978090857,False,-0.014581273459820488,-5.250140598996483e-05,-0.12309702574767944,-0.0007049520874225064,-0.16972747434154836,-0.0012130006768180848,-0.2430049543187917,-0.0015663130500187432,0.3426106560667126,0.16054467812668394,0.18206597794002866
15-1243.01,Data Warehousing Specialists,15-1243,0.0006539488040458458,23.830000000000013,27.980000000000004,33.56741978090857,False,-0.02294265234793781,-8.610083227536364e-05,-0.38811390528628764,-0.003621232070287461,-0.057603222326122284,-0.0004699894487326583,-0.17925392283689676,-0.0013883792190255097,0.3426106560667126,0.16054467812668394,0.18206597794002866
15-1244.00,Network and Computer Systems Administrators,15-1244,0.0019530162341211486,23.690289795773083,27.504517121067767,31.78771274817489,False,-0.013994437988186267,-9.00849517389691e-05,-0.20085787011213824,-0.0019109115594259966,-0.07287735334238886,-0.0010058839442900927,-0.15777981464083238,-0.0021050718030259704,0.29401457262369135,0.1492849992042644,0.14472957341942694
15-1251.00,Computer Programmers,15-1251,0.0034070307295351277,24.55,29.48999999999998,32.730000000000004,True,-0.016203183173151874,-5.27869687444607e-05,-0.1693676574167187,-0.0010985913813624639,-0.0691903804449393,-0.0005620041953427546,-0.13191004613877455,-0.0009307754421092929,0.28758023427255974,0.18333936858665467,0.10424086568590507
15-1252.00,Software Developers,15-1252,0.003200971757868011,30.709433818592075,35.609545930360206,41.12389438407468,False,-0.03477407044775925,-6.468610341893118e-05,-0.6662626792327248,-0.002435870138880624,-0.2941804418644895,-0.0009357896061146335,-0.5636078809066848,-0.0020238156278940722,0.2920194265493494,0.14804384812804106,0.14397557842130837
15-1253.00,Software Quality Assurance Analysts and Testers,15-1253,0.003200971757868011,30.709433818592075,35.609545930360206,39.83504486084811,False,-0.041350265048153756,-9.603418247372716e-05,-0.8339721446339423,-0.0028615862400066614,-0.3356274547523093,-0.0016137133235256064,-0.653833902884815,-0.0027102338318775307,0.26017715110135686,0.14804384812804106,0.11213330297331581
15-1254.00,Web Developers,15-1254,0.0006337747477018334,25.239999999999995,28.42,32.79999999999999,False,-0.01601298183970988,-0.00013374793747627093,-0.2249962070240925,-0.00227655265498824,-0.17437967109544275,-0.0017997662647740364,-0.25973808985684044,-0.0027093684986788857,0.2619984777170856,0.11866308499594247,0.14333539272114315
15-1255.01,Video Game Designers,15-1255,0.0006337747477018334,25.239999999999995,28.42,33.514685635376,False,-0.013408301152046323,-5.1563025161275076e-05,-0.13311998890576265,-0.0008092799918359103,-0.14845919542161087,-0.0008129045596151341,-0.2567018628242248,-0.0014663617236278233,0.28355368227420996,0.11866308499594247,0.1648905972782675
15-1299.01,Web Administrators,15-1299,0.001279409004564364,12.7,14.410000000000004,25.883675695830416,False,-0.020912397162475456,-0.00013880902566655362,-0.3833046975364152,-0.003236162001515555,-0.22985714523440698,-0.0018405452292934704,-0.3512414536248155,-0.0027283880138618335,0.7120104945154675,0.1263204165468852,0.5856900779685823
15-1299.03,Document Management Specialists,15-1299,0.001279409004564364,12.7,14.410000000000004,25.883675695830416,False,-0.014652548841354559,-5.440315170123317e-05,-0.16424042605846478,-0.0016058937268886198,-0.2298558890816106,-0.001656997083181083,-0.32039306168495885,-0.002468258366839588,0.7120104945154675,0.1263204165468852,0.5856900779685823
15-1299.05,Information Security Engineers,15-1299,0.001279409004564364,12.7,14.410000000000004,25.883675695830416,False,-0.02559064065213625,-6.737955200144742e-05,-0.3653520729347033,-0.0011895778436242935,-0.502188422084911,-0.0016977861477115819,-0.653689978255591,-0.0022453272408571702,0.7120104945154675,0.1263204165468852,0.5856900779685823
15-1299.08,Computer Systems Engineers/Architects,15-1299,0.001279409004564364,12.7,14.410000000000004,25.883675695830416,False,-0.039002692550050386,-0.00018406147809644377,-0.9450503377091724,-0.006037716741360672,-0.34074056406758446,-0.002175053997350969,-0.5730223460711543,-0.0036022302256750434,0.7120104945154675,0.1263204165468852,0.5856900779685823
15-1299.09,Information Technology Project Managers,15-1299,0.001279409004564364,12.7,14.410000000000004,25.883675695830416,False,-0.010416459319852984,-5.855498791382835e-05,-0.08201196550050827,-0.0005493668423590467,-0.3919103748330732,-0.0032611479898836393,-0.3907735649097686,-0.002819617509931257,0.7120104945154675,0.1263204165468852,0.5856900779685823
15-2011.00,Actuaries,15-2011,8.095404079258647e-05,31.879999999999995,34.86,41.2,True,-0.010307549975043708,-5.412122634283631e-05,-0.09495983737007431,-0.0005545559204073726,-0.29520092214413635,-0.0016719667031715353,-0.3575666905897534,-0.00203335724556298,0.25645940243346654,0.08936118616986066,0.16709821626360588
15-2021.00,Mathematicians,15-2021,2.2236579676307588e-05,32.85999999999999,37.63999999999999,43.69,True,-0.018867653293128648,-9.261983247844276e-05,-0.2501382364553209,-0.0018361297391741118,-0.4513306307789448,-0.0036499665801101215,-0.2895678046666194,-0.0020443377123593306,0.2848631303542226,0.13581120210805686,0.14905192824616575
15-2031.00,Operations Research Analysts,15-2031,0.00028205006569136814,23.35,28.03000000000001,32.19,True,-0.030428962739374097,-8.693146807545154e-05,-0.4719294947217496,-0.002279228612158227,-0.675345985995393,-0.002880889049624691,-0.7413082944004352,-0.0032012721641066664,0.3210588611958105,0.18267838106179113,0.13838048013401938
15-2041.00,Statisticians,15-2041,9.423153474423679e-05,22.65000000000001,28.64,33.60999999999999,True,-0.049771196872392384,-0.0002702306936877866,-0.6368187324261235,-0.0038236631016933644,-1.1392763509437327,-0.006190859919511267,-1.3481396794380212,-0.007275391249394116,0.39466378980797057,0.23464449016340128,0.1600192996445693
15-2041.01,Biostatisticians,15-2041,9.423153474423679e-05,22.65000000000001,28.64,33.60999999999999,True,-0.04667124229711728,-0.00018142089904648267,-0.46061802941833785,-0.0016418707688232292,-2.302794260480961,-0.009580277840534435,-1.6025324082237165,-0.006005789450184734,0.39466378980797057,0.23464449016340128,0.1600192996445693
15-2099.01,Bioinformatics Technicians,15-2099,1.0054801244939084e-05,17.44,17.570000000000004,24.75845726534927,False,-0.024818154644402412,-0.0001366642848515131,-0.4008574485432609,-0.0031131002026362946,-0.44753320057595497,-0.002524766168803376,-0.4478290019374406,-0.002489587699803452,0.35040071985596866,0.007426483718172339,0.3429742361377963
17-1011.00,"Architects, Except Landscape and Naval",17-1011,0.00045788017976953365,23.67,27.860000000000003,32.51,True,-0.025658515882021823,-7.571774041637735e-05,-0.41305943925467253,-0.0029011582338563865,-0.1315021558650154,-0.0010903689821103576,-0.292954136668056,-0.002245322498179446,0.3173393107899214,0.16298354482576727,0.15435576596415412
17-1012.00,Landscape Architects,17-1012,8.939749568416992e-05,19.24,24.27,27.68,True,-0.020870170251438946,-4.9349195906114374e-05,-0.31903966622817753,-0.0021103968636354766,-0.09735740606997845,-0.0003917614055358435,-0.2252107283713937,-0.0010239916664263585,0.3637186855119081,0.2322495745009494,0.1314691110109587
17-1021.00,Cartographers and Photogrammetrists,17-1021,3.9639120292548306e-05,19.200000000000003,21.239999999999995,24.02000000000001,True,-0.023736131967427312,1.873306936371678e-05,-0.11983912265022074,-0.0006829046564770348,-0.026664215815271144,-0.00023413427351607404,-0.08457869112348253,-0.000652272515077315,0.223976537618102,0.10097591734000178,0.12300062027810021
17-1022.00,Surveyors,17-1022,0.0003232360784831378,16.610000000000003,19.64,24.82,True,-0.030586468479634896,0.00014491323519401104,-0.19480478643717766,-0.0009133760368936167,-0.09628583870278895,-0.0009080322750899579,-0.19729320622816998,-0.0016649573915663764,0.40164485615125756,0.1675633793011162,0.23408147685014136
17-1022.01,Geodetic Surveyors,17-1022,0.0003232360784831378,16.610000000000003,19.64,24.82,True,-0.03194850132549858,-0.00010867784316003999,-0.7301082503895749,-0.006367129952270888,-0.06586133489974691,-0.00043121729018181566,-0.18219344899001153,-0.0012466326589476876,0.40164485615125756,0.1675633793011162,0.23408147685014136
17-2011.00,Aerospace Engineers,17-2011,0.0004627142188296005,31.35,35.83,43.71000000000003,True,-0.056323849500009175,-0.00016885754544423992,-1.9894846316889532,-0.009336771920846927,-0.10308293795855211,-0.00029333997603628857,-0.3430651868459266,-0.0009434537492349678,0.33236264179629416,0.13357126423793275,0.1987913775583614
17-2021.00,Agricultural Engineers,17-2021,1.4566571034334826e-05,26.25,24.51,32.54999999999999,True,-0.0335707227454352,0.0001263156060753799,-0.5164006574951536,-0.002057797703016422,-0.2718152528552346,-0.001813686011741063,-0.3878738798290006,-0.0026514281336277503,0.21511137961694526,-0.06858479149761143,0.2836961711145567
17-2031.00,Bioengineers and Biomedical Engineers,17-2031,4.1572735916575055e-05,24.36,30.61,36.27000000000001,True,-0.042851183530745476,-0.00010062023660349538,-0.9499740062336955,-0.0033325231420142905,-0.29356531296493993,-0.0015529011473881234,-0.574617465047027,-0.002462300675842904,0.39804851045311507,0.22838431011562488,0.1696642003374902
17-2041.00,Chemical Engineers,17-2041,0.00018453138438628586,31.839999999999996,35.459999999999994,39.180000000000014,True,-0.054623147421396887,8.849697317627847e-05,-1.3801680455598297,-0.01113016835469248,-0.03906115292103784,-0.0002839876762319145,-0.14470894160129952,-0.0009891053595411665,0.20744305154021303,0.1076819396698796,0.09976111187033343
17-2051.00,Civil Engineers,17-2051,0.0013477300899466425,25.83,29.730000000000004,34.48,True,-0.04511933955443178,-5.68218921966629e-05,-0.9440676722917755,-0.0035784036359225945,-0.1540882453645386,-0.0008555726792448435,-0.3784856781559969,-0.0019670423371176216,0.2888428386877431,0.1406200299022573,0.14822280878548577
17-2051.01,Transportation Engineers,17-2051,0.0013477300899466425,25.83,29.730000000000004,34.48,True,-0.03532154009216655,-6.558647550739257e-05,-0.8004466030584128,-0.004787729850251546,-0.13797428884683438,-0.0009251210814701635,-0.30136704681800325,-0.0018139692779681371,0.2888428386877431,0.1406200299022573,0.14822280878548577
17-2051.02,Water/Wastewater Engineers,17-2051,0.0013477300899466425,25.83,29.730000000000004,34.48,True,-0.04598918871252015,-4.409481540597491e-05,-0.9408112796478382,-0.0035531762187435835,-0.24428759299905797,-0.001256500243366238,-0.5408741876058221,-0.002624173328199055,0.2888428386877431,0.1406200299022573,0.14822280878548577
17-2061.00,Computer Hardware Engineers,17-2061,0.0003894301866789868,31.119999999999997,36.53,44.159999999999975,True,-0.044285290887011414,0.0005036332753414565,-0.5512813652536326,-0.0033490790854714438,-0.030393930388385712,-0.00018459082128429442,-0.11408636863526325,-0.0006701807624973544,0.34996870265864866,0.16028314149700051,0.18968556116164814
17-2071.00,Electrical Engineers,17-2071,0.0009617159575367696,29.15,33.48,38.1,True,-0.038180090697072684,-5.288990392154012e-05,-0.8457453960833404,-0.004742609792546306,-0.08901852351579544,-0.0005807274617958926,-0.23567419011889684,-0.0015746074040508089,0.26775936933615396,0.13849333282477305,0.1292660365113809
17-2072.00,"Electronics Engineers, Except Computer",17-2072,0.0006885605237159245,29.96,34.31,40.07000000000001,True,-0.045182724399880025,-6.35021716864581e-05,-1.2046419796622414,-0.0065793771494692226,-0.07555099781122812,-0.000415514184657107,-0.24637471666801936,-0.001358712674785596,0.29076476599903467,0.1355736982213398,0.15519106777769487
17-2072.01,Radio Frequency Identification Device Specialists,17-2072,0.0006885605237159245,29.96,34.31,40.07000000000001,True,-0.0305531923276273,-2.907143180486133e-05,-0.35463523232906585,-0.0023795752086973846,-0.10822044485345805,-0.0009522837659395316,-0.22294663075482193,-0.0017953348194628888,0.29076476599903467,0.1355736982213398,0.15519106777769487
17-2081.00,Environmental Engineers,17-2081,0.00033161507952058706,26.39,30.189999999999998,34.779999999999994,True,-0.036411808741116006,-0.0001525366629229314,-0.6426125441532344,-0.003765761540623085,-0.6566308884447761,-0.002963964633534266,-0.8200346519480116,-0.003928216272693692,0.2760573584109043,0.13452559320351476,0.14153176520738953
17-2111.02,Fire-Prevention and Protection Engineers,17-2111,0.00026084474768120816,25.160000000000004,28.68,33.45,True,-0.02919872044335272,-5.328261745871253e-05,-0.472671216706106,-0.0013261183865961867,-0.2602004295059076,-0.0010765915414735323,-0.5048860884799744,-0.0019231761977144515,0.2847963547419976,0.13094458389917962,0.15385177084281798
17-2112.00,Industrial Engineers,17-2112,0.0010049000398067002,26.809999999999995,30.230000000000008,34.34,True,-0.03422739989651055,-3.896717801954608e-05,-0.6074785698068715,-0.006648734127357582,-0.04133000720913461,-0.0004809296795654468,-0.13567780170723565,-0.0015050319765310906,0.24753590322146168,0.12005985654349915,0.12747604667796253
17-2112.01,Human Factors Engineers and Ergonomists,17-2112,0.0010049000398067002,26.809999999999995,30.230000000000008,34.34,True,-0.05300412670882048,-0.00020942412699324244,-1.0433293968157094,-0.004920783157073892,-0.5252306750217867,-0.0028839614753419147,-0.8196504187985089,-0.004115135879094992,0.24753590322146168,0.12005985654349915,0.12747604667796253
17-2112.02,Validation Engineers,17-2112,0.0010049000398067002,26.809999999999995,30.230000000000008,34.34,True,-0.054807821022086756,-0.0001192199201378755,-1.5754815856699436,-0.007192666993676594,-0.19973732042335063,-0.0006044474213965504,-0.506018746910977,-0.0016866130295645492,0.24753590322146168,0.12005985654349915,0.12747604667796253
17-2112.03,Manufacturing Engineers,17-2112,0.0010049000398067002,26.809999999999995,30.230000000000008,34.34,True,-0.038590859995236385,-0.00010349225595542185,-0.9045471330298573,-0.009182805946227848,-0.024321749247537525,-0.0002493045340379849,-0.09397272930906923,-0.0009341320908505846,0.24753590322146168,0.12005985654349915,0.12747604667796253
17-2121.00,Marine Engineers and Naval Architects,17-2121,2.8681965089730078e-05,27.89,33.89000000000001,36.64000000000001,True,-0.05979575862434772,0.0007004732311273232,-1.0227704739315013,-0.010558811476682672,-0.05586999436803621,-0.0006506622692523742,-0.17789594705515435,-0.00195314425928899,0.2728723381665321,0.1948517839795625,0.07802055418696963
17-2131.00,Materials Engineers,17-2131,0.00014005822503367069,28.29,30.25000000000001,37.09999999999999,True,-0.05295643066235464,4.4182656773935616e-05,-1.0439616495750337,-0.008506219983783671,-0.14379560946091532,-0.0012229353846682828,-0.3400546807170284,-0.002757863054460732,0.27110858429991325,0.06698779916337516,0.20412078513653809
17-2141.00,Mechanical Engineers,17-2141,0.0013078331542375574,26.85000000000001,30.719999999999995,34.76,True,-0.055343473226640044,-0.00015382794536764174,-1.7597103400334244,-0.014847584548625078,-0.048330250387093585,-0.00042437777707367383,-0.1589982662313921,-0.001253471466239354,0.2582014794423171,0.1346480873245972,0.12355339211771987
17-2141.01,Fuel Cell Engineers,17-2141,0.0013078331542375574,26.85000000000001,30.719999999999995,34.76,True,-0.048660070692259486,-1.4330042981714488e-05,-1.3079971447009822,-0.006717902642626954,-0.06807847946241179,-0.000285340226951263,-0.22171096832027695,-0.000990521980732525,0.2582014794423171,0.1346480873245972,0.12355339211771987
17-2141.02,Automotive Engineers,17-2141,0.0013078331542375574,26.85000000000001,30.719999999999995,34.76,True,-0.04005228784173728,-4.005536986105993e-05,-0.8428334102031106,-0.003163019733980604,-0.09407143265221972,-0.0004564407497645619,-0.27527339756119495,-0.0012502935915628013,0.2582014794423171,0.1346480873245972,0.12355339211771987
17-2151.00,"Mining and Geological Engineers, Including Mining Safety Engineers",17-2151,4.6148959560105025e-05,28.03,30.06000000000001,35.74,True,-0.038412000816566816,-3.198340021272326e-05,-0.719615948915606,-0.004422986017320165,-0.04081365562147414,-0.00022888755959799223,-0.16757825431373577,-0.0008817178864880474,0.24299514455458526,0.06992001914813173,0.17307512540645353
17-2161.00,Nuclear Engineers,17-2161,6.174679226058744e-05,35.86999999999999,40.18000000000001,45.400000000000006,True,-0.05371944241617265,-0.0001283326718568528,-1.0633964736341557,-0.004755970124670716,-0.41269816058029857,-0.002588578243393295,-0.7682700480114399,-0.0044474976398352645,0.23561081350311142,0.11346806784259744,0.12214274566051397
17-2171.00,Petroleum Engineers,17-2171,6.213351538539279e-05,35.710000000000015,40.340000000000025,49.98,True,-0.04435808557470902,0.0001277113170021879,-0.9277291044109729,-0.008035874605755614,-0.09474133334324347,-0.0008393268391847742,-0.21487188347770994,-0.0018080942274736774,0.3361921638004488,0.12191277091970898,0.21427939288073983
17-3012.00,Electrical and Electronics Drafters,17-3012,0.0002571064241414231,17.930000000000003,20.06,23.68,True,-0.039893947082893975,0.00020488066655111577,-0.23988993783769125,-0.003353326203173086,-0.01039798649785467,-0.00018469120812717165,-0.04629683297294986,-0.0006991738809174202,0.2781555223987633,0.11225249491674782,0.16590302748201546
17-3013.00,Mechanical Drafters,17-3013,0.0004251376218693474,17.370000000000005,19.96,21.51,True,-0.04182388181540172,2.3485135826489843e-05,-0.3751169695199466,-0.007584493281227076,-0.005887194193027618,-0.00015121009529432217,-0.027939658532498163,-0.0005566774403296197,0.21377336302662497,0.13898569063030397,0.074787672396321
17-3021.00,Aerospace Engineering and Operations Technologists and Technicians,17-3021,0.00011131180608980639,21.39,25.330000000000005,26.41,True,-0.04779400884893813,5.259785647017529e-05,-1.3327457614787244,-0.007032926379795581,-0.029009992293917035,-0.00023586982988076463,-0.10500069035344683,-0.0008024341802430877,0.2108192032147267,0.16906594091926985,0.04175326229545684
17-3022.00,Civil Engineering Technologists and Technicians,17-3022,0.0005867878880379834,16.35,18.300000000000004,20.469999999999995,True,-0.040599410606421145,-8.146962366199168e-06,-0.9206697164660641,-0.006512311332360266,-0.13187599486860507,-0.0009477256641404095,-0.31703424128195057,-0.00233087469593853,0.22473250232993536,0.11267316250411286,0.1120593398258225
17-3024.00,Electro-Mechanical and Mechatronics Technologists and Technicians,17-3024,0.00025981348601506057,16.789999999999996,18.879999999999995,22.41,True,-0.11174596221952686,0.0019333575345197138,-0.6957125216846592,-0.009798199904094751,-0.047031428911412064,-0.0007234543072169438,-0.09897657910548766,-0.0014894485376672044,0.2887238167233863,0.11731968962790518,0.17140412709548114
17-3024.01,Robotics Technicians,17-3024,0.00025981348601506057,16.789999999999996,18.879999999999995,22.41,True,-0.10006287854615394,0.0009001696213127833,-0.1676557823532833,-0.003159116998270394,0.00032682593113685836,-5.393993978505356e-06,-0.0026958101340807264,-5.2472434756464216e-05,0.2887238167233863,0.11731968962790518,0.17140412709548114
17-3025.00,Environmental Engineering Technologists and Technicians,17-3025,0.0001201419841061952,15.58,17.880000000000003,19.56,True,-0.03975840448386729,5.230201291971009e-05,-0.7060363110550072,-0.005155273879796195,-0.11873954744874096,-0.0009996288521548701,-0.3445892267607267,-0.002764519942595001,0.22749862416406907,0.13769472930276594,0.08980389486130314
17-3026.00,Industrial Engineering Technologists and Technicians,17-3026,0.00033316197201980845,19.41,20.130000000000003,22.83,True,-0.049076142154204076,-9.863824944897562e-05,-1.1175482170573006,-0.011707102448668537,-0.023586627759472425,-0.00030730768743773504,-0.0934024519804663,-0.0011244285483335051,0.16228706336078558,0.036422842470781536,0.12586422089000404
17-3026.01,Nanotechnology Engineering Technologists and Technicians,17-3026,0.00033316197201980845,19.41,20.130000000000003,22.83,True,-0.049971212858589575,0.0004309173304063808,-0.5615830067563655,-0.004139847364192098,-0.07721991856250224,-0.00080147245536735,-0.1786773698854638,-0.0018223824271804481,0.16228706336078558,0.036422842470781536,0.12586422089000404
17-3027.00,Mechanical Engineering Technologists and Technicians,17-3027,0.0003709963843965985,18.41,20.13999999999999,22.73000000000001,True,-0.09014247758773031,0.0014705280083241441,-1.2624745827878519,-0.0139423113185558,-0.03578013554073512,-0.00047357198996656976,-0.11715168523551832,-0.0014749985111875896,0.21079164261946604,0.08981389204542944,0.12097775057403659
17-3027.01,Automotive Engineering Technicians,17-3027,0.0003709963843965985,18.41,20.13999999999999,22.73000000000001,True,-0.07573422463777779,0.000373906271372382,-1.6966629227439358,-0.01465411042922029,-0.061554000971640585,-0.000689793970615255,-0.1863647311989922,-0.0019653979646538765,0.21079164261946604,0.08981389204542944,0.12097775057403659
19-1021.00,Biochemists and Biophysicists,19-1021,7.61200017325196e-05,25.14999999999999,29.95,38.10999999999999,True,-0.030873648038985083,-5.206534349730432e-05,-0.4892591731892179,-0.0013711390568958582,-0.5258749426620054,-0.002759006602375643,-0.556399535397148,-0.0023101241488807877,0.4156188183400209,0.17467142801571045,0.24094739032431045
19-1022.00,Microbiologists,19-1022,0.0001007413740117935,22.21,25.21,29.169999999999995,True,-0.028121251437167465,-3.0033897347692096e-05,-0.3855107767940868,-0.0015597298525407595,-0.4413387351204568,-0.0024692577566658392,-0.51242643621977,-0.0023375107668183823,0.2725981459732938,0.12669810329349218,0.1459000426798016
19-1023.00,Zoologists and Wildlife Biologists,19-1023,7.167268579725808e-05,20.120000000000005,23.72,26.49,True,-0.019542715275681622,-0.00011096345907587335,-0.22276959864263837,-0.0015019991276608254,-0.9104808179213999,-0.005919133074989521,-0.6155926330190433,-0.003665820836729747,0.2750529580524397,0.1646042288979861,0.11044872915445358
19-1031.00,Conservation Scientists,19-1031,7.889151746029126e-05,21.640000000000004,24.63,27.0,True,-0.033257054037751026,-0.00016599483792951428,-0.5296588037405603,-0.002599740057503355,-0.6751874900823507,-0.003583868596922695,-0.7838843736492321,-0.003800604136696716,0.22129341202604813,0.12942175815416546,0.09187165387188267
19-1031.02,Range Managers,19-1031,7.889151746029126e-05,21.640000000000004,24.63,27.0,True,-0.011262060403468135,-5.388478508944551e-05,-0.12073206723150949,-0.0008969904858952113,-0.10987494486337529,-0.0007545878531948101,-0.20258211784243088,-0.0013535554455048008,0.22129341202604813,0.12942175815416546,0.09187165387188267
19-1031.03,Park Naturalists,19-1031,7.889151746029126e-05,21.640000000000004,24.63,27.0,True,-0.002683880671357047,-6.72160531496209e-06,-0.021061019826375323,-0.00037894253434255117,-0.1500398425776609,-0.0026685241768605915,-0.1086102698307323,-0.0018845925503805515,0.22129341202604813,0.12942175815416546,0.09187165387188267
19-1032.00,Foresters,19-1032,6.503393882143292e-05,19.73,22.75,25.21,True,-0.014656155419910718,-7.632775139027891e-05,-0.15237870415818755,-0.0013662830170358613,-0.16625915873217145,-0.0013507478909009511,-0.24215689436020604,-0.0020963146470899456,0.24510042116530428,0.1424248253624354,0.10267559580286889
19-1041.00,Epidemiologists,19-1041,1.463102488846905e-05,22.030000000000005,26.21999999999999,28.85,True,-0.03083538501997104,-0.0001720351067842743,-0.34648935528117697,-0.002249766093179543,-2.2160318350114823,-0.010096080059660577,-1.0993597894027543,-0.0054809572664472755,0.2697048321398565,0.17411731752130155,0.09558751461855497
19-1042.00,"Medical Scientists, Except Epidemiologists",19-1042,0.00013664217076455676,23.93000000000001,28.47,30.870000000000005,True,-0.03455065309590621,-0.0001846639364409583,-0.4960828364981279,-0.002798536823347567,-1.1678690084092782,-0.006305261442377046,-0.9501048490599922,-0.005572660080804203,0.2546519365937856,0.1737179993696638,0.08093393722412179
19-2011.00,Astronomers,19-2011,4.382862081127293e-06,36.96,42.45,47.60999999999999,True,-0.014147851752937896,-8.52424703515826e-05,-0.18762730296801608,-0.001351647975528922,-0.3738857282809426,-0.0027869163054050562,-0.3092486968375241,-0.0021845528432263527,0.25320657643294364,0.13849066598387294,0.1147159104490707
19-2012.00,Physicists,19-2012,6.632301590411741e-05,36.63000000000001,41.17,46.55999999999999,True,-0.04284190721572437,-0.00014876672773198746,-1.045834731150157,-0.0049389256985156536,-0.39964268540337206,-0.0011012388079715064,-0.5393442526392959,-0.0018260691159492427,0.23987422663245894,0.11684225899109002,0.12303196764136892
19-2021.00,Atmospheric and Space Scientists,19-2021,4.621341341423925e-05,25.6,31.57,37.69,True,-0.02910419538826944,-0.0001294366683075342,-0.4918110673483274,-0.0032817401830789257,-0.2610227095360082,-0.0014443266010360752,-0.49456918230945157,-0.002906261185152824,0.38680245579352723,0.20961495108438344,0.1771875047091438
19-2031.00,Chemists,19-2031,0.00047592725892711663,23.07,25.790000000000003,30.51999999999999,True,-0.06800162446444409,-0.00029190871998599163,-1.7526820932393588,-0.010493942724346577,-0.22374098097019215,-0.0020478092913698677,-0.5397047465461471,-0.004368003371898441,0.27984913423059377,0.11145374770759142,0.16839538652300234
19-2032.00,Materials Scientists,19-2032,5.285216039006441e-05,27.329999999999995,33.150000000000006,36.62,True,-0.03674968208215086,-8.033313533138091e-05,-1.0825897739030557,-0.005778775792549181,-0.08550869845000787,-0.00035919905374294156,-0.18521222522620215,-0.0008482039235516319,0.2926095393063881,0.1930577166918952,0.09955182261449291
19-2041.00,"Environmental Scientists and Specialists, Including Health",19-2041,0.00034553711201357965,20.989999999999995,23.46,28.069999999999983,True,-0.0654055871650232,-0.00016783878153598167,-0.9965074201082668,-0.0023185351409411963,-1.4509207053812956,-0.0030408850817124104,-1.6595678703267696,-0.0032351240718751628,0.29065525654124924,0.11125070939278814,0.1794045471484611
19-2041.01,Climate Change Policy Analysts,19-2041,0.00034553711201357965,20.989999999999995,23.46,28.069999999999983,True,-0.0361272409106844,-0.00011472577336920533,-0.32806767106154566,-0.0010638467743042366,-2.3121062623682627,-0.00561945832636936,-1.5395571359474387,-0.004055569652867714,0.29065525654124924,0.11125070939278814,0.1794045471484611
19-2041.02,Environmental Restoration Planners,19-2041,0.00034553711201357965,20.989999999999995,23.46,28.069999999999983,True,-0.051124282401374135,-0.00017131654821450396,-0.8918059223663602,-0.0032098443069268102,-0.7729441764128828,-0.0025560268272111076,-1.1378511421101816,-0.0037954209897154492,0.29065525654124924,0.11125070939278814,0.1794045471484611
19-2041.03,Industrial Ecologists,19-2041,0.00034553711201357965,20.989999999999995,23.46,28.069999999999983,True,-0.06869037577000749,-0.0001372033014686855,-1.3830428988969854,-0.002879061431585459,-0.8051987683648104,-0.0019472342168240246,-1.3143819924537274,-0.002965878160885174,0.29065525654124924,0.11125070939278814,0.1794045471484611
19-2042.00,"Geoscientists, Except Hydrologists and Geographers",19-2042,0.00013496637055706692,26.18,32.910000000000004,36.440000000000005,True,-0.043612410989839284,-7.300661491536076e-05,-0.8376173483641476,-0.0017995526579537842,-0.3909001755532122,-0.0017597372731892496,-0.6871172032518984,-0.002435745230787937,0.33067131191000376,0.22878080247349475,0.10189050943650901
19-2043.00,Hydrologists,19-2043,4.440870549848095e-05,25.530000000000005,27.430000000000003,32.760000000000005,True,-0.04009949419610775,-9.766918102017177e-05,-0.5726699552817966,-0.001983561147103099,-0.762686888784937,-0.003595710496536908,-0.9186083878735913,-0.004082242672512627,0.24935402773147608,0.07178307369611936,0.17757095403535672
19-3011.00,Economists,19-3011,9.339363464049187e-05,27.92,33.78000000000001,38.57,True,-0.021645565352433203,-0.000107104140095735,-0.1952758221855063,-0.000828661206270771,-1.3121944356432742,-0.007467495620790663,-0.9308851199175553,-0.004467110321906403,0.32313149432596466,0.19052563348548235,0.13260586084048231
19-3011.01,Environmental Economists,19-3011,9.339363464049187e-05,27.92,33.78000000000001,38.57,True,-0.05721496664186181,-0.0001131619990636636,-0.7682272959056097,-0.0015346491350503879,-2.1155153233218225,-0.002993075315538337,-1.8792933187949732,-0.002836656543747844,0.32313149432596466,0.19052563348548235,0.13260586084048231
19-3022.00,Survey Researchers,19-3022,0.00014173402524116053,8.360000000000001,11.830000000000002,17.7,True,-0.019171450439921047,-8.744682620881288e-05,-0.16345869095790827,-0.0008468816673716473,-1.0497035574024338,-0.007117272031442332,-0.6821867787834934,-0.00383536771062266,0.750106212483173,0.3471802508936852,0.4029259615894878
19-3032.00,Industrial-Organizational Psychologists,19-3032,1.1472786035892032e-05,33.59,30.98000000000001,38.85,True,-0.0130655458699404,-8.24031777561949e-05,-0.12730200135960096,-0.0009678928588417072,-0.6673135379021662,-0.004463097360996682,-0.4387500792072706,-0.0029348814994366083,0.1454796731894552,-0.08088656863547827,0.22636624182493348
19-3033.00,Clinical and Counseling Psychologists,19-3033,0.0005959403353250433,22.75,25.10000000000002,29.910000000000014,False,-0.008149801318695405,-7.350648016934478e-05,-0.06183242731675013,-0.0004855211507534671,-0.5202865202455753,-0.0043367337472138634,-0.3526926495939284,-0.0026695377394102757,0.2736277272448979,0.09830270074077951,0.1753250265041184
19-3034.00,School Psychologists,19-3034,0.0005959403353250433,22.75,25.10000000000002,29.910000000000014,False,-0.005369833173451591,-6.427344684695202e-05,-0.03517494737009252,-0.00034946004387219527,-0.560622511159382,-0.006059421383322219,-0.27405697179628635,-0.0027219594480080655,0.2736277272448979,0.09830270074077951,0.1753250265041184
19-3041.00,Sociologists,19-3041,8.507908745717685e-06,20.78,26.16,29.39,True,-0.016834510525579972,-7.118297685682426e-05,-0.11656928024063841,-0.00048719956956970803,-1.5769377504076376,-0.006720637444407577,-0.839004833911735,-0.0033967694074627385,0.3466634947597447,0.23024054091791646,0.11642295384182821
19-3051.00,Urban and Regional Planners,19-3051,0.0001851759229276281,21.41,24.73,27.87,True,-0.03884170716717781,-0.00013966574197797664,-0.4797960131031967,-0.0019420988703063105,-1.213157182160713,-0.0037081769776865264,-1.2552717657455512,-0.00421888626880525,0.2636927388922654,0.14415897893173346,0.11953375996053195
19-3091.00,Anthropologists and Archeologists,19-3091,2.0754141031220415e-05,16.89,19.540000000000003,25.520000000000003,True,-0.013335961031679576,-8.676959789586558e-05,-0.10718215147427781,-0.0007263577710494071,-0.9019820519170915,-0.007295657393481074,-0.5153100511925365,-0.003710419387360601,0.4127407276568804,0.145741915794928,0.2669988118619524
19-3092.00,Geographers,19-3092,4.640677497664193e-06,19.98,27.330000000000005,31.58,True,-0.018391939589233203,-3.9895239967664714e-05,-0.13141391920236148,-0.000487745031390558,-0.7612091586496984,-0.00519747095872912,-0.4556104733976525,-0.0026389879149439064,0.4577922356070885,0.31325322671956934,0.14453900888751914
19-3093.00,Historians,19-3093,9.732531974267959e-06,18.35000000000001,20.14,24.42,True,-0.00475948427621542,-7.342628739894869e-05,-0.03757789845601771,-0.00040870063617799707,-0.2995460680836469,-0.003399400932874287,-0.2287524836141304,-0.0024215467223901947,0.2857728941819788,0.09307831278983647,0.19269458139214235
19-3094.00,Political Scientists,19-3094,2.7586249569448254e-05,35.709999999999994,39.120000000000005,44.03000000000001,True,-0.025251399203132414,-0.00019296285826756897,-0.16871194828143504,-0.0011704677839062053,-2.1537409791567366,-0.016147334441987505,-1.0567067483159989,-0.007143448271334135,0.20944045816130563,0.09120308356025975,0.11823737460104589
19-4012.00,Agricultural Technicians,19-4012,9.700305047200847e-05,12.749999999999996,13.81,16.170000000000005,False,-0.02573247724723022,0.00029286099262436263,-0.2664006220283663,-0.004280650303307074,-0.0750694862638011,-0.001660727942805776,-0.16591047775537165,-0.0034648891558395406,0.23762640198458085,0.07986169581676572,0.15776470616781513
19-4012.01,Precision Agriculture Technicians,19-4012,9.700305047200847e-05,12.749999999999996,13.81,16.170000000000005,False,-0.03312399338274689,2.8608016769622394e-05,-0.3591169723423075,-0.0025297735107597053,-0.0959180068659998,-0.0008670691262220389,-0.2535163861224022,-0.0020457790587390806,0.23762640198458085,0.07986169581676572,0.15776470616781513
19-4013.00,Food Science Technicians,19-4013,9.700305047200847e-05,12.749999999999996,13.81,16.170000000000005,False,-0.03758448362295073,9.729428118725137e-06,-0.5004415224474915,-0.006310289962451516,-0.02667496351924188,-0.000352654271740208,-0.1055541241747586,-0.0012632930541961417,0.23762640198458085,0.07986169581676572,0.15776470616781513
19-4021.00,Biological Technicians,19-4021,0.0002551083546632621,14.659999999999998,15.689999999999989,18.18,True,-0.032194037562448076,-7.13250653304472e-05,-0.31914524379476944,-0.004683761793024086,-0.313296015736802,-0.006278432987632861,-0.3998047499712411,-0.007703914763016281,0.21519939229082752,0.06790087028643521,0.1472985220043923
19-4031.00,Chemical Technicians,19-4031,0.0005074451935987526,16.46,17.820000000000004,19.58,True,-0.03969105902539602,7.103586745240965e-05,-0.6491127998600678,-0.006266175961493214,-0.06219738176452495,-0.0007772460561752035,-0.20615738633726152,-0.0023775697461680028,0.17357544185344054,0.07938822679373958,0.09418721505970096
19-4042.00,"Environmental Science and Protection Technicians, Including Health",19-4042,0.0001691269132482061,15.629999999999995,16.969999999999988,18.93,True,-0.041159883133311544,-5.477502680398656e-05,-0.7495452373731996,-0.0034911381806340606,-0.2580390030916962,-0.0019421623296293155,-0.4586810100494069,-0.003270917247760685,0.19155582078784628,0.08225493481274926,0.10930088597509702
19-4051.02,Nuclear Monitoring Technicians,19-4051,1.701581749143537e-05,23.999999999999996,28.470000000000017,31.799999999999983,True,-0.047176711605697884,0.0007363603147680825,-0.4495029519707292,-0.005356726978257694,-0.012547945866770436,-0.00020201886241475936,-0.060039618153156636,-0.000810087292093184,0.28141245943818527,0.17079707094200147,0.1106153884961838
19-4071.00,Forest and Conservation Technicians,19-4071,0.00011047390598606147,13.2,12.93,16.120000000000005,True,-0.011208472829072086,-6.888145293896951e-05,-0.06390495808557423,-0.0007905570488747613,-0.057213528019825176,-0.0007101206687823283,-0.10832884210997623,-0.0013258550594113553,0.19984390748615732,-0.02066663680855907,0.2205105442947164
19-4092.00,Forensic Science Technicians,19-4092,3.4418358107676096e-05,17.4,20.180000000000003,22.92,True,-0.02651461453894224,7.894789009124992e-06,-0.2132826477194058,-0.0022666977966809823,-0.13601584512214948,-0.0017391127999980991,-0.2664138786398909,-0.0031604868559146912,0.2755396856260557,0.1482218087049798,0.12731787692107588
21-1011.00,Substance Abuse and Behavioral Disorder Counselors,21-1011,0.0003692561303349744,12.82,14.99,17.100000000000005,True,-0.004292182771428428,-6.431825573317269e-05,-0.03531195693476796,-0.00040439192333083197,-0.4032502629424164,-0.005229287282111402,-0.21204501863918573,-0.002527910944107383,0.28807201201609045,0.15637686062198242,0.13169515139410803
21-1012.00,"Educational, Guidance, and Career Counselors and Advisors",21-1012,0.001230617436984756,19.219999999999995,21.46,23.77,True,0.00018657736986755515,-1.2785113073181075e-05,-0.0018824055393257566,-3.454111421354684e-05,-0.021637501045790014,-0.00024823926120262814,-0.02086206908886788,-0.00023079656547924429,0.21247287782995627,0.11023933366040639,0.10223354416954988
21-1013.00,Marriage and Family Therapists,21-1013,0.00011943299171071873,16.14,17.710000000000004,20.960000000000008,True,-0.0035526800628377696,-3.772962126862121e-05,-0.023091051938516127,-0.00022093741489675556,-0.353763611756714,-0.0033474329925495903,-0.19346876475856636,-0.0017676212702925672,0.2613151966110392,0.09282878895293978,0.1684864076580994
21-1014.00,Mental Health Counselors,21-1014,0.0004054791963584088,12.8,15.050000000000004,17.309999999999995,True,-0.0034321257183298625,-4.382456246587186e-05,-0.02472892930776556,-0.0002850419343051802,-0.32154031408669664,-0.0036785908960013125,-0.19230253158350816,-0.0021469992396504693,0.3018391982625461,0.16193282026931355,0.13990637799323258
21-1015.00,Rehabilitation Counselors,21-1015,0.0006002587435520365,11.369999999999996,12.789999999999996,14.249999999999998,True,-0.006070486641421609,-8.950042107494904e-05,-0.05496039326832932,-0.0007096807958124505,-0.5223610704589652,-0.006671200556891897,-0.2997470111924619,-0.0036282734836062167,0.22577859895221497,0.11768530782830666,0.10809329112390831
21-1021.00,"Child, Family, and School Social Workers",21-1021,0.001692364848002343,14.419999999999998,16.25,18.57,True,-0.002334354802667561,-4.071057521356121e-05,-0.018684300123004097,-0.00022407091613471961,-0.23820271097850262,-0.0029660795245915303,-0.13803789695584007,-0.0015956168606318206,0.2529312435078115,0.11947677691894354,0.13345446658886795
21-1022.00,Healthcare Social Workers,21-1022,0.0006553667888367987,16.160000000000004,18.48,21.48,True,-0.004216411452293185,-4.904980601173878e-05,-0.027505495183657143,-0.00026705123546624527,-0.4311122995321347,-0.004133267510474379,-0.2358812884564732,-0.002198226949966469,0.28458321654771446,0.1341500131205886,0.15043320342712585
21-1023.00,Mental Health and Substance Abuse Social Workers,21-1023,0.00046877288111821767,14.079999999999998,15.88,17.62,True,-0.002589141223922734,-3.180151087201585e-05,-0.016426411614247304,-0.00015836816386383728,-0.258775763557917,-0.0025006020395706816,-0.1446727972448813,-0.001319095822836395,0.22427926977813728,0.12030510508909353,0.10397416468904375
21-1091.00,Health Education Specialists,21-1091,0.000268256940906644,15.489999999999998,17.999999999999996,20.629999999999995,False,-0.012581626021685017,-0.0001588935485223702,-0.08121115590399827,-0.0009999919424362974,-1.0241896426870578,-0.01115187092641049,-0.4485085240130772,-0.005017288438576912,0.2865516726543831,0.15017710346738733,0.13637456918699575
21-1092.00,Probation Officers and Correctional Treatment Specialists,21-1092,0.0005087342706814371,17.370000000000005,18.64,21.399999999999988,True,-0.0012531832340903985,-3.46014797029585e-05,-0.008646537730393304,-0.00011231775176767355,-0.026705942389806506,-0.00035286688056941526,-0.04083140559857055,-0.0004949852348647235,0.20864634177479147,0.07056522900443118,0.13808111277036028
21-1093.00,Social and Human Service Assistants,21-1093,0.0015631993243173563,10.3,11.47,12.8,True,-0.0010674739304693229,-3.857481158556304e-05,-0.010669126485342259,-0.00016329583275558507,-0.08299430314746298,-0.0011727518402367973,-0.07727043985495152,-0.0010572650631678559,0.21730127568998148,0.1075910359056893,0.10971023978429217
21-1094.00,Community Health Workers,21-1094,0.000268256940906644,15.489999999999998,17.999999999999996,18.56827946612897,False,-0.0031312222677830543,-4.014778391457837e-05,-0.017321367530594777,-0.00014594508543897753,-0.31412717860732653,-0.002744288601881429,-0.1484433284634493,-0.0012239154710395187,0.18126006538490724,0.15017710346738733,0.031082961917519913
21-2011.00,Clergy,21-2011,0.00016758002074898472,14.5,16.25,19.450000000000003,True,0.0005406555556565942,1.76568510140735e-06,0.0009788941300936005,1.1141825110283116e-05,0.0008496364003512402,1.1787242336804069e-05,-0.001023714606149978,-1.0771954081214788e-05,0.2936984206379267,0.1139442593492177,0.17975416128870902
21-2021.00,"Directors, Religious Activities and Education",21-2021,9.642296578480045e-05,12.77,13.45,17.0,True,-0.0007583749426944705,-2.199044114359697e-05,-0.007818791628105642,-0.00011586508928688595,-0.11266067456876681,-0.0015389420063610807,-0.06988667087170172,-0.000929587204669352,0.28611467401176816,0.0518804360034002,0.23423423800836796
23-1011.00,Lawyers,23-1011,0.0029922701781813906,42.80999999999998,43.97999999999999,51.02000000000001,True,-0.0040148252842951825,-4.503298018987912e-05,-0.030309075824951688,-0.00032695433301590957,-0.1760022560497217,-0.0019651218910031426,-0.1743573045203403,-0.0018904327556179936,0.17544599255681126,0.026963264969760647,0.1484827275870506
23-1012.00,Judicial Law Clerks,23-1012,0.00016796674387379006,12.940000000000008,15.27,18.06,False,-5.18139135717785e-05,-2.9099500730351446e-05,-0.0018827964720779765,-3.794093017595671e-05,-0.0046114194582469415,-7.113961165512868e-05,-0.009175802136600348,-0.00010202971491190898,0.33337625891608447,0.16556683015778617,0.1678094287582983
23-1021.00,"Administrative Law Judges, Adjudicators, and Hearing Officers",23-1021,0.00017563675251576282,21.230000000000004,31.809999999999995,35.66,True,-0.0068413488560400935,-8.543441119253417e-05,-0.06647973677123407,-0.0007343999008624673,-0.2730838699279229,-0.0029655536452671627,-0.2909868283487408,-0.0031058867308961066,0.5186143367198293,0.40436543004588765,0.11424890667394161
23-1022.00,"Arbitrators, Mediators, and Conciliators",23-1022,4.0348112688024785e-05,25.49,22.77,23.48,True,-0.0038835341904622078,-7.469749067144707e-05,-0.03649047925801021,-0.0005135999370776251,-0.11386140770906666,-0.0016400810103022162,-0.15379275777640433,-0.0021094194129903884,-0.08213722342812835,-0.112842338312376,0.030705114884247653
23-1023.00,"Judges, Magistrate Judges, and Magistrates",23-1023,0.00014921067232073063,32.71999999999999,46.31000000000002,51.55,True,-0.00019644861968761394,-6.362110324729022e-06,-0.0013945487245408004,-1.9230045445394796e-05,-0.016815707046320287,-0.00031769444060013915,-0.01375566862040651,-0.00022749779778674742,0.4545656987284228,0.3473714087581148,0.107194289970308
23-2011.00,Paralegals and Legal Assistants,23-2011,0.0013015166765324032,15.89762262114854,17.697332899067963,21.188308460351752,False,-0.0023892399246892575,-9.21608159379255e-05,-0.0214368204445816,-0.0004532480137273978,-0.1234701490511148,-0.0025339417768092563,-0.1226496791064962,-0.00246551608921654,0.28727996446905246,0.10724436719300989,0.18003559727604257
23-2093.00,"Title Examiners, Abstractors, and Searchers",23-2093,0.00024962977706185303,13.38,16.389999999999997,17.880000000000003,True,-0.008751475930568183,-8.99726979860329e-05,-0.022517822205497657,-0.00020226465772000784,-0.005170243257095619,-6.898946942382404e-05,-0.021288654509311156,-0.00019138947374849606,0.28992171504528574,0.20291033805565561,0.08701137698963013
25-1011.00,"Business Teachers, Postsecondary",25-1011,0.0004067682734410933,23.740384615384617,26.6875,31.20192307692307,True,-0.0020599247443560563,-4.586073728473042e-05,-0.019756469249089897,-0.0003467150285566986,-0.19271154447101987,-0.0031793240922777014,-0.1247832358642417,-0.0020619183674861975,0.27330213979301066,0.11701770078503637,0.15628443900797429
25-1021.00,"Computer Science Teachers, Postsecondary",25-1021,0.00019826005531687577,21.82211538461539,24.533653846153843,29.81730769230769,True,-0.0021357000943657708,-4.155544683880415e-05,-0.018446198512022075,-0.0003255343276570082,-0.18064175024737514,-0.0030485248711119746,-0.1182321290341928,-0.0019913633916282245,0.31216509720392827,0.11712187860750545,0.19504321859642282
25-1022.00,"Mathematical Science Teachers, Postsecondary",25-1022,0.00025040322331146373,22.163461538461537,24.475961538461544,28.15384615384616,True,-0.0003706019405252008,-1.8640055666239963e-05,-0.0048737632923375965,-8.657785186786804e-05,-0.06751118578730139,-0.0010440285446018157,-0.04595002404610066,-0.0006911792173937112,0.2392389196504534,0.09924641791164213,0.13999250173881128
25-1031.00,"Architecture Teachers, Postsecondary",25-1031,2.4041287592065887e-05,24.985576923076923,28.081730769230774,32.95192307692309,True,-0.0027732206561024795,-5.127816608397341e-05,-0.023695078421662127,-0.00040685905323458306,-0.22625413196426697,-0.003741600772029058,-0.1478173093144947,-0.002440751610478339,0.2767508874261124,0.11682047903186765,0.15993040839424477
25-1032.00,"Engineering Teachers, Postsecondary",25-1032,0.00016732220533244782,31.40384615384615,33.50961538461539,38.22596153846155,True,-0.0032935070738626363,-6.192044830057586e-05,-0.028561669695336713,-0.000489248865422137,-0.2592177445505717,-0.004302330249811278,-0.1758836322600764,-0.0028901504334404153,0.19658453181112812,0.06490204966421409,0.13168248214691403
25-1041.00,"Agricultural Sciences Teachers, Postsecondary",25-1041,5.272325268179596e-05,28.65384615384616,31.475961538461544,37.72115384615384,True,-0.002720069197861941,-5.252674983586222e-05,-0.02419725466114652,-0.0004132223756528934,-0.22856403023594443,-0.003731263285537011,-0.15034779024729522,-0.0024483339091449824,0.27493336671010216,0.09393644838169601,0.18099691832840614
25-1042.00,"Biological Science Teachers, Postsecondary",25-1042,0.0002177895731195459,24.072115384615383,26.846153846153843,34.50961538461539,True,-0.005869018068833819,4.4318419786397055e-05,-0.015242599810723748,-0.00026985007254278767,-0.1573189205856344,-0.0026712207424100585,-0.1030344277231304,-0.0017306624595943218,0.3601838593776079,0.10906843211226347,0.2511154272653444
25-1043.00,"Forestry and Conservation Science Teachers, Postsecondary",25-1043,1.1795055306563155e-05,22.29326923076923,31.00961538461538,30.66826923076922,True,-0.0030796719366653555,-5.5945125852244364e-05,-0.02694953638843984,-0.0004377048001957123,-0.24858183773523368,-0.003839029442127147,-0.16794036911132826,-0.002587851119143842,0.3189437398504942,0.33001252539835724,-0.011068785547863058
25-1051.00,"Atmospheric, Earth, Marine, and Space Sciences Teachers, Postsecondary",25-1051,5.111190632844034e-05,26.019230769230766,30.4375,35.230769230769226,True,-0.0028125324811166265,-4.142904550717209e-05,-0.019335575963938,-0.00032584549099383517,-0.21026343029850628,-0.003423836574899653,-0.12921287929152134,-0.0020931593314023854,0.3030839170632875,0.15683949125344787,0.14624442580983965
25-1052.00,"Chemistry Teachers, Postsecondary",25-1052,0.00011511458348372566,23.692307692307693,26.644230769230763,30.706730769230774,True,-0.0021159984095644197,-4.0592260042456996e-05,-0.018368313358876103,-0.00032638011900240106,-0.1829021691943006,-0.0030985752905535895,-0.11911910913374053,-0.002010302913121196,0.25933144834823363,0.11742222020956783,0.1419092281386658
25-1053.00,"Environmental Science Teachers, Postsecondary",25-1053,2.4428010716871235e-05,24.423076923076923,27.802884615384617,31.17788461538461,True,-0.0026183594445088644,-4.817802893813409e-05,-0.021707641985643053,-0.0003532132771120496,-0.2342847157062873,-0.0036004251799897757,-0.1455039245750464,-0.0022331242566163245,0.2441805561780166,0.12961131758569078,0.11456923859232582
25-1054.00,"Physics Teachers, Postsecondary",25-1054,7.238167819273455e-05,27.350961538461533,30.23076923076923,33.69711538461539,True,-0.0050506936827835235,2.918343201529502e-05,-0.01615771771939438,-0.00028979674747009194,-0.17157909532511872,-0.0029427519420297276,-0.10949131181734603,-0.0018747021089264488,0.20866055174967757,0.10010856935839518,0.10855198239128239
25-1061.00,"Anthropology and Archeology Teachers, Postsecondary",25-1061,2.4814733841676584e-05,26.355769230769223,28.706730769230766,31.024038461538463,True,-0.003293722430516664,-5.6007864673060096e-05,-0.026202489163424054,-0.0004102405491712832,-0.28123827096668064,-0.004260388523293862,-0.1734948083813931,-0.0025928952169431917,0.16307514107310883,0.08544441968426142,0.07763072138884741
25-1062.00,"Area, Ethnic, and Cultural Studies Teachers, Postsecondary",25-1062,1.9336156240267468e-05,23.87019230769231,26.471153846153843,28.4375,True,-0.0019237956754080238,-4.19703723755592e-05,-0.017507735050043806,-0.00029726462445327397,-0.18792882729895685,-0.0029705468870969477,-0.1194133076290695,-0.0018867950443268214,0.17507819993321405,0.10342510922327941,0.07165309070993464
25-1063.00,"Economics Teachers, Postsecondary",25-1063,7.154377808898963e-05,27.91826923076923,31.22596153846152,36.2019230769231,True,-0.0023975791183435697,-5.413914947010215e-05,-0.02264312728388698,-0.00039253519118045727,-0.22574296117880846,-0.0036647497114452934,-0.14542052309755538,-0.0023630828468584244,0.25983095542189005,0.11196856373264952,0.14786239168924054
25-1064.00,"Geography Teachers, Postsecondary",25-1064,2.146313342669689e-05,24.600961538461547,26.88942307692308,29.475961538461537,True,-0.0032436671097713374,-5.5717075845218935e-05,-0.029684202964276315,-0.0004500652661526331,-0.20795591540295652,-0.003316287503010543,-0.1490879514417758,-0.0023079712830940506,0.18078953895759575,0.08894748601649605,0.0918420529410997
25-1065.00,"Political Science Teachers, Postsecondary",25-1065,6.754763913266768e-05,24.365384615384603,27.567307692307708,30.336538461538456,True,-0.0021224845413402096,-4.870823624772486e-05,-0.019946468946535498,-0.0003440681840157682,-0.20604292222884704,-0.003310399552273306,-0.13181816829773682,-0.002119564299017261,0.21918941409422965,0.12346710500228664,0.09572230909194301
25-1066.00,"Psychology Teachers, Postsecondary",25-1066,0.00015913656585740126,24.495192307692307,26.043269230769244,29.13942307692308,True,-0.002254272592815125,-4.2331476052181614e-05,-0.01920684236709821,-0.0003205686606421563,-0.19019853984510957,-0.0030348160848135512,-0.12497473230432768,-0.001977298532478004,0.17361513629446002,0.06128249000107422,0.1123326462933858
25-1067.00,"Sociology Teachers, Postsecondary",25-1067,8.05028638136469e-05,22.365384615384613,25.370192307692303,27.961538461538456,True,-0.002054755682372022,-4.253869239504141e-05,-0.018290695343841652,-0.0003095515883069676,-0.19346511830190852,-0.003072864570521817,-0.12340327542770436,-0.001957118834063561,0.22331550557480018,0.12606051976711274,0.09725498580768743
25-1071.00,"Health Specialties Teachers, Postsecondary",25-1071,0.00046490564987016413,29.572115384615383,29.706730769230766,38.79807692307693,True,-0.0006849331240126695,-1.906234900226381e-05,-0.006026902262969536,-9.894615564854731e-05,-0.10377645206562394,-0.0015531363127036161,-0.060926391241728946,-0.0009002923087850216,0.27153881205562636,0.004541775852611174,0.2669970362030152
25-1072.00,"Nursing Instructors and Teachers, Postsecondary",25-1072,0.00022790882821861923,21.951923076923077,24.480769230769237,27.644230769230774,True,-0.001865969836877588,-3.496994163309256e-05,-0.01534515519908245,-0.0002492841474991323,-0.17457380752524176,-0.0026398511156447307,-0.10717466980006242,-0.001626827311699567,0.23056230670165556,0.10903313258755665,0.12152917411409891
25-1081.00,"Education Teachers, Postsecondary",25-1081,0.0002257818510321898,20.77884615384615,22.913461538461544,26.06730769230769,True,-0.0017565340917636437,-3.734961998125869e-05,-0.01561662137868455,-0.0002616369272372995,-0.17173961707399635,-0.0026756689920720924,-0.1087375424111575,-0.0016929054888956364,0.22674649299177974,0.09778912059185663,0.1289573723999231
25-1082.00,"Library Science Teachers, Postsecondary",25-1082,2.4943641549945033e-05,22.870192307692303,24.490384615384617,27.3125,True,-0.0019114586854580254,-4.250903480885335e-05,-0.016905265376401375,-0.0002966001318748558,-0.20080472931464777,-0.0032991575333208628,-0.11297469473940588,-0.0018526470352263186,0.1775100561248455,0.06844615910712104,0.10906389701772445
25-1111.00,"Criminal Justice and Law Enforcement Teachers, Postsecondary",25-1111,5.046736778709809e-05,19.278846153846157,21.903846153846157,24.54807692307693,True,-0.002055380064467872,-5.035527740665503e-05,-0.020621786424565594,-0.0003636255877205887,-0.1946126654833214,-0.0031916190296500018,-0.1276855254763724,-0.002098471127639619,0.24162507750081463,0.1276538042664579,0.11397127323435674
25-1112.00,"Law Teachers, Postsecondary",25-1112,5.3174429660735535e-05,34.65865384615384,39.77884615384616,42.177884615384585,True,-0.0018240916662207551,-4.340789573953925e-05,-0.01769094992521287,-0.0003147259421715311,-0.18135647669279942,-0.003009438626985391,-0.1160058741592459,-0.0019287045060521909,0.19634857772380476,0.13778782261677858,0.058560755107026186
25-1113.00,"Social Work Teachers, Postsecondary",25-1113,3.648088143997129e-05,21.38461538461539,24.69230769230769,27.03846153846154,True,-0.002230094135440927,-4.243764755711437e-05,-0.019461336902419236,-0.00032764255013021125,-0.18594969101667203,-0.002968130504211018,-0.12191967737985349,-0.001944851419416684,0.23458859756008232,0.14382000943937845,0.09076858812070387
25-1121.00,"Art, Drama, and Music Teachers, Postsecondary",25-1121,0.00033329087972807693,20.79326923076924,23.067307692307704,26.53365384615385,True,-0.0012151473507918463,-3.1731652719340455e-05,-0.01271974884273019,-0.00024836628800453816,-0.13424938119835575,-0.0024021817644751197,-0.08657187386141289,-0.001549117146196263,0.24378454407352113,0.10378702403366002,0.1399975200398611
25-1122.00,"Communications Teachers, Postsecondary",25-1122,0.00010286835119822293,20.682692307692303,23.572115384615387,26.30769230769231,True,-0.001981377948198045,-4.490560679321157e-05,-0.018769013199808254,-0.0003298611674879019,-0.18639916011333668,-0.003083206539623611,-0.1218443882747282,-0.002008512252070295,0.24056414947471128,0.1307672318235582,0.10979691765115307
25-1123.00,"English Language and Literature Teachers, Postsecondary",25-1123,0.00032890801764694965,20.567307692307693,22.65384615384616,25.961538461538456,True,-0.0011186492933637714,-3.4285012343605936e-05,-0.011817674243228873,-0.00021350057122375527,-0.1284290446936775,-0.002134203031534285,-0.0842693976496336,-0.0013820565824126483,0.23291334291001453,0.09662683568907182,0.1362865072209427
25-1124.00,"Foreign Language and Literature Teachers, Postsecondary",25-1124,0.00012981006222632894,20.6875,22.49038461538462,25.774038461538463,True,-0.00011871543417953697,-1.7383318681177838e-05,-0.003343576253391471,-6.246292885291532e-05,-0.05656892897075445,-0.0007952916935951177,-0.03785772544548863,-0.0005307345070754199,0.21983807098893804,0.0835582143055249,0.13627985668341314
25-1125.00,"History Teachers, Postsecondary",25-1125,0.0001092492827575112,22.75,25.08653846153846,28.44230769230769,True,-0.0019397996308199265,-4.562200620983577e-05,-0.013190441456452779,-0.0002240947244299674,-0.27862501297418973,-0.004660853926469635,-0.12173805427150573,-0.0019327331251888095,0.22331259873241294,0.09776624059839634,0.1255463581340166
25-1126.00,"Philosophy and Religion Teachers, Postsecondary",25-1126,8.623925683159291e-05,21.78846153846154,23.379807692307693,27.105769230769237,True,-0.0006512952587169563,-2.45280276031045e-05,-0.006746059162222579,-0.00011947500152303017,-0.11366377577928463,-0.0017624880154713293,-0.06619312876664638,-0.001018086682536774,0.218366049526161,0.07049218825588888,0.14787386127027213
25-1192.00,"Family and Consumer Sciences Teachers, Postsecondary",25-1192,3.2033565504709774e-05,21.82211538461538,23.408653846153843,27.96634615384616,True,-0.0024205300638685317,-5.4924641594412816e-05,-0.023037662521399653,-0.0003965238269393866,-0.2195338609997629,-0.0035273973110243797,-0.14389986511974368,-0.0023129511030568835,0.24807794145429618,0.07018185372623531,0.17789608772806087
25-1193.00,"Recreation and Fitness Studies Teachers, Postsecondary",25-1193,9.648741963893467e-05,20.125000000000007,21.379807692307693,25.081730769230774,True,-0.002472380947859696,-5.4924657175993696e-05,-0.02356457631467289,-0.0004084278945566806,-0.22688520608623838,-0.00369372700803233,-0.14795685489827146,-0.0024112261564980773,0.22017690001644752,0.060484087504751205,0.1596928125116963
25-1194.00,"Career/Technical Education Teachers, Postsecondary",25-1194,0.0008364821189539706,17.039999999999996,19.100000000000005,22.050000000000004,True,-0.001543338921216775,-1.7457617833861565e-05,-0.011805712053114353,-0.00018141873524075923,-0.03392166421851745,-0.0004586305233380187,-0.04950267902395593,-0.0006737531284991245,0.25774908049168577,0.11412481365141502,0.14362426684027074
25-2011.00,"Preschool Teachers, Except Special Education",25-2011,0.002186983724628385,8.409999999999998,9.53,11.12,True,0.00023212372585453868,-3.455461546997467e-05,-0.004349973836090426,-0.00010721995285323946,-0.047060592447180694,-0.0008580395474374222,-0.03604445343071719,-0.0006594151583557257,0.27932381483757984,0.1250232436812544,0.15430057115632545
25-2012.00,"Kindergarten Teachers, Except Special Education",25-2012,0.001019982241674109,16.78365384615385,19.307692307692307,21.692307692307708,True,0.0002899788217996432,-2.4898523562283488e-05,-0.003817430165899734,-8.841762791596823e-05,-0.035409916359863285,-0.0006246478296726926,-0.029887964949377496,-0.0005178637301133593,0.2565522860728593,0.14009815426652894,0.11645413180633035
25-2021.00,"Elementary School Teachers, Except Special Education",25-2021,0.008748579437054881,17.822115384615387,20.26923076923077,22.754807692307693,True,0.0005296248823152744,-8.428538617958202e-06,-0.0003083713538903005,-2.099404676875771e-05,-0.01668131336332985,-0.0002976635436420637,-0.011197566385733526,-0.00019162485636127523,0.24433632675551564,0.12866388707046594,0.1156724396850497
25-2022.00,"Middle School Teachers, Except Special and Career/Technical Education",25-2022,0.003673934139504953,18.07692307692308,20.40865384615385,23.028846153846157,True,0.0006028737629447832,-1.043616713154843e-05,-0.0002464286505633388,-2.2418220120800552e-05,-0.013915483563064514,-0.000241590333720285,-0.010327913994600153,-0.00017502583148501939,0.24211145402102074,0.12132286236150769,0.12078859165951306
25-2023.00,"Career/Technical Education Teachers, Middle School",25-2023,0.00011247197546422243,18.591346153846157,20.78365384615385,22.254807692307697,True,0.0008030821830402248,-7.834940068264699e-06,0.0006444287939987919,-9.065372999217554e-06,-0.009618721254047245,-0.00017867897542013202,-0.0049942404049384635,-9.802712492745297e-05,0.17986184942397365,0.1114705930603348,0.06839125636363885
25-2031.00,"Secondary School Teachers, Except Special and Career/Technical Education",25-2031,0.006103844440365232,18.932692307692303,21.43269230769231,23.759615384615387,True,0.0005034310660321773,-9.073802960490476e-06,-0.00037443307159961813,-2.1851633611384637e-05,-0.017047019930104976,-0.0002855701346257185,-0.011905636976396208,-0.00019313151145803546,0.22709712734948484,0.12402725474674359,0.10306987260274125
25-2032.00,"Career/Technical Education Teachers, Secondary School",25-2032,0.0006917832164226357,19.500000000000004,21.408653846153847,24.08173076923077,True,0.000703009899431154,-6.785913154656979e-06,0.000487395349817898,-9.229336514795978e-06,-0.012957565556553448,-0.00023371662730275208,-0.00630104901951426,-0.00011781850532107887,0.21103902808659747,0.09338076005068308,0.11765826803591439
25-2051.00,"Special Education Teachers, Preschool",25-2051,0.001312860554860027,18.466346153846157,20.63461538461538,23.24519230769231,False,-0.00011517541910001415,-2.518082897986432e-05,-0.005589728994522538,-0.00011631422488308236,-0.06138092245676543,-0.0010856232093887737,-0.043104117616066424,-0.0007454747269528439,0.23014837954149003,0.11102007540468417,0.11912830413680586
25-2056.00,"Special Education Teachers, Elementary School",25-2056,0.001312860554860027,18.466346153846157,20.63461538461538,23.24519230769231,False,-0.000459835335206266,-3.3041083191034584e-05,-0.007415642953791965,-0.0001372974960682442,-0.08780694246175005,-0.0014084924071701137,-0.0582880952199205,-0.0009148251223508145,0.23014837954149003,0.11102007540468417,0.11912830413680586
25-2057.00,"Special Education Teachers, Middle School",25-2057,0.0005597817231557432,17.250000000000004,20.197115384615376,23.528846153846157,True,0.0004242726867186953,-1.561156183649629e-05,-0.001103851210636205,-3.7139494995207805e-05,-0.02582474509508755,-0.0004238114014738911,-0.017654062825688543,-0.00028227448169002457,0.31041502082393,0.15772764799069483,0.1526873728332352
25-2058.00,"Special Education Teachers, Secondary School",25-2058,0.0007726083495069538,19.149038461538456,21.26923076923077,23.86538461538462,True,0.0003256431489109744,-1.0985314997627583e-05,-0.0009633822867349149,-2.9037309863476183e-05,-0.027425513793209576,-0.00042774993579386606,-0.017426916899476955,-0.00026160154680105954,0.22017656314285405,0.10500896002052684,0.11516760312232721
25-3011.00,"Adult Basic Education, Adult Secondary Education, and English as a Second Language Instructors",25-3011,0.0003666135223154712,14.920000000000002,18.1,21.5,True,9.797612453053698e-05,-2.6720321048412832e-05,-0.0035147723979673364,-8.53650444241115e-05,-0.07288970160311091,-0.001268956733641562,-0.03951295549884534,-0.0006808927113539179,0.36535034035800207,0.19320934349616525,0.17214099686183681
25-3021.00,Self-Enrichment Teachers,25-3021,0.0008098626771965358,12.54,14.339999999999998,16.62,True,-0.0002467726233194383,-4.7677714154897746e-05,-0.006044535406212149,-0.00013730814054443698,-0.10610594454156297,-0.001898119544357674,-0.058719571791455115,-0.001036226036663031,0.2816832542225276,0.13412929996669964,0.14755395425582796
25-4022.00,Librarians and Media Collections Specialists,25-4022,0.0009503720792091461,18.812210004559983,20.86737815386037,24.322605678833924,False,-0.0012220066747551804,-2.5351962280594145e-05,-0.001813051566407504,-3.240566111510182e-05,-0.0020634519633328783,-6.503413025754767e-05,-0.004406552898384521,-8.917694118836428e-05,0.2569000654078768,0.10368095833674751,0.1532191070711293
25-4031.00,Library Technicians,25-4031,0.0006318411320778067,10.839999999999998,11.650000000000002,13.309999999999992,True,0.0007424369776562333,-8.571133762479274e-06,0.0007698439941946876,-1.4740331191768303e-05,0.0008050620191530583,-5.4999563477677126e-06,0.00010191231828513957,-2.556516962950115e-05,0.20527263639551974,0.07206318400020972,0.13320945239531
25-9021.00,Farm and Home Management Educators,25-9021,6.142452298991632e-05,17.239999999999995,19.200000000000003,20.110000000000003,True,-0.010255861884441405,-0.00011611258879887564,-0.0805339180604307,-0.001005757406926621,-0.5974082118020402,-0.008672686090230187,-0.38887846656592673,-0.005258437149807033,0.15398493854901396,0.1076780137981892,0.04630692475082476
25-9031.00,Instructional Coordinators,25-9031,0.0004954567767297867,20.06,22.819999999999983,26.57,True,-0.0012364062398821,-1.850905438333242e-05,-0.006136904994884371,-7.301366230379133e-05,-0.16884625094936304,-0.002095340653877466,-0.070353372489472,-0.0008071135165086694,0.2810549772379325,0.12890956190013947,0.15214541533779302
25-9042.00,"Teaching Assistants, Preschool, Elementary, Middle, and Secondary School, Except Special Education",25-9042,0.007191889952005082,7.894230769230771,9.134615384615383,10.375,False,0.0010456556856036849,-1.313220256779568e-05,0.0005101269968522828,-1.675318860994189e-05,-0.0013742344581270994,-5.0287311776742554e-05,-0.0028165990838676,-7.65784390905642e-05,0.2732668558057063,0.14593887514215798,0.12732798066354833
25-9043.00,"Teaching Assistants, Special Education",25-9043,0.007191889952005082,7.894230769230771,9.134615384615383,10.375,False,0.0010036693158596774,-2.450771209926099e-05,0.0004170429049883944,-2.3990786427840274e-05,-0.0012441155969902557,-4.803331269754952e-05,-0.0022925210746590078,-7.132597065502786e-05,0.2732668558057063,0.14593887514215798,0.12732798066354833
25-9044.00,"Teaching Assistants, Postsecondary",25-9044,0.0008040618303244556,9.514423076923077,11.812499999999998,13.490384615384611,True,0.0007594937070514638,-1.7467176456834114e-05,-0.00033911883127935656,-2.346030256547305e-05,0.0007087317675370645,-1.338232123637897e-05,-0.0019230794085071088,-4.406648062204898e-05,0.3491683150598406,0.21634942691861347,0.1328188881412271
27-1011.00,Art Directors,27-1011,0.00012368694608357758,25.81,29.93000000000001,34.77000000000001,True,-0.0038824645214926273,-8.090473440276817e-05,-0.05069289944436479,-0.0011114077199365505,-0.022467483210915844,-0.00026967822708333616,-0.031028564811337606,-0.00040745681578741803,0.29799293228924784,0.14809930813408556,0.14989362415516228
27-1013.00,"Fine Artists, Including Painters, Sculptors, and Illustrators",27-1013,8.533690287371377e-05,14.509999999999993,17.03,20.23,True,-0.006569480139723846,0.00044662097255098154,-0.0027573968751202146,-0.0001650997624475917,-0.014121830732509753,-0.000746280416689327,-0.013696460732898368,-0.00068958689456794,0.33232858428355794,0.16013842777850096,0.17219015650505698
27-1014.00,Special Effects Artists and Animators,27-1014,0.0001967776166717886,17.820000000000004,22.08,26.23,True,-0.006003725141518241,9.351535499104756e-05,-0.005670645499618732,-0.0004473241783462438,0.0019388293586391004,9.695463053029106e-05,-0.00033921361952853556,-9.548920884323674e-05,0.386582371836119,0.21435079936623103,0.17223157246988796
27-1021.00,Commercial and Industrial Designers,27-1021,0.00024718053060475247,22.149999999999995,25.160000000000004,27.19,True,-0.046628419736082644,0.0006879810449424026,-0.44864146295732926,-0.003562634893225257,-0.18517123111818665,-0.0018619460229834972,-0.3276515917345167,-0.0030395975411483516,0.20501176215323502,0.12741793534109558,0.07759382681213944
27-1022.00,Fashion Designers,27-1022,6.18756999688559e-05,21.96,25.420000000000005,30.2,True,-0.018541280365547103,0.0010403737281921774,-0.02176617971436586,-8.976317698073448e-05,-0.006678780662982884,-0.00018861611015643187,-0.021319393719034557,-0.0005051792250153006,0.3186193077394939,0.14631364911997835,0.17230565861951552
27-1023.00,Floral Designers,27-1023,0.0003829203474114301,8.659999999999998,9.45,10.839999999999998,True,-8.759021359441865e-05,-6.1516600558992715e-06,0.0003599544022390951,-1.6731297167860067e-06,0.0011895544523081625,1.1345408507600387e-05,0.0009082239718678634,4.765621486044907e-06,0.2245282734371563,0.08730001893130757,0.13722825450584875
27-1024.00,Graphic Designers,27-1024,0.0007722860802362826,15.95,17.609999999999996,19.85000000000001,True,-0.006748075623447455,-0.0003290830125836858,-0.07299752174165751,-0.004237795986562624,-0.15715165157810054,-0.007532694496532109,-0.17794515245737982,-0.00924123978967497,0.21874517790234638,0.09900809327726101,0.11973708462508537
27-1025.00,Interior Designers,27-1025,0.0001913634929245137,16.029999999999994,19.29,21.140000000000004,True,-0.013166163707837726,-7.685313175533115e-05,-0.12071988882457138,-0.001095415322833626,-0.05718837472485242,-0.0005567189995948381,-0.13313720159069242,-0.001289616115859971,0.2767050138206306,0.18512486029617659,0.09158015352445403
27-1026.00,Merchandise Displayers and Window Trimmers,27-1026,0.00033213071035366086,9.36,10.590000000000002,11.939999999999998,True,-0.016292603837877617,0.0002992424141304949,0.0002918379635912002,-1.1231687327045371e-05,-0.0027351103486587588,-5.169654384063702e-05,-0.003365316654380326,-6.350898381155661e-05,0.24344881747495517,0.12346486912381449,0.11998394835114068
27-1027.00,Set and Exhibit Designers,27-1027,5.3432245077272433e-05,13.619999999999996,16.899999999999995,20.78,True,-0.010150829512548695,0.00036379141349088614,-0.015567482333639488,-4.4525226025880424e-05,-0.002377163472159895,-0.00023069488420710417,-0.012976030910531398,-0.0008556823727344228,0.4224516849497153,0.2157743212076615,0.2066773637420538
27-2011.00,Actors,27-2011,0.0005465042292040928,17.076923076923073,12.721153846153848,14.279999999999998,True,-0.00024942761479140245,8.871447463797974e-05,0.0009114598987973787,-1.2887142019585974e-05,0.0010052311120215302,3.097308372521233e-07,0.0008583838289273932,-1.23772758433352e-05,-0.1788680674993044,-0.29446175943715946,0.11559369193785507
27-2012.00,Producers and Directors,27-2012,0.0002526591082061616,18.254807692307697,23.173076923076927,29.370000000000008,True,-0.003416373503304837,-4.42600682117594e-05,-0.02330363340272866,-0.0006947320575083404,-0.02828392964472007,-0.0008724439211749579,-0.04254991734210784,-0.0012695824024306775,0.47554526468004443,0.23856264681284367,0.23698261786720076
27-2012.03,Media Programming Directors,27-2012,0.0002526591082061616,18.254807692307697,23.173076923076927,29.370000000000008,True,-0.003987395503539746,-7.834351409889839e-05,-0.036191574338014794,-0.0009147205176508825,-0.10363054265662355,-0.0030458306095836546,-0.10959905565859425,-0.003081967759550126,0.47554526468004443,0.23856264681284367,0.23698261786720076
27-2012.04,Talent Directors,27-2012,0.0002526591082061616,18.254807692307697,23.173076923076927,29.370000000000008,True,-0.0006268751988514089,-1.761479022695756e-05,0.0001166596117955403,-2.263575141200087e-06,0.002020322478318204,2.115374857777793e-05,0.0003213219339529103,-1.91024258505086e-06,0.47554526468004443,0.23856264681284367,0.23698261786720076
27-2012.05,Media Technical Directors/Managers,27-2012,0.0002526591082061616,18.254807692307697,23.173076923076927,29.370000000000008,True,-0.011662372116717265,-0.0001063514902946279,-0.052306946531775145,-0.0032428381224458847,-0.013976487750342027,-0.00043062799065755295,-0.018889343238436895,-0.0005671564574060813,0.47554526468004443,0.23856264681284367,0.23698261786720076
27-2021.00,Athletes and Sports Competitors,27-2021,6.844999309054683e-05,17.76923076923077,22.009615384615383,18.48076923076923,True,-0.003159864103500114,-0.0001116521726598632,-0.048687260153630445,-0.001182361768986477,-0.025610433034431515,-0.0006287267605616494,-0.0718194265475897,-0.0016836363536329175,0.039262337328608066,0.21401106775093703,-0.17474873042232897
27-2022.00,Coaches and Scouts,27-2022,0.00042423526791146826,13.307692307692308,12.956730769230772,13.384615384615383,True,-0.002073390841041156,-2.401755209687808e-05,-0.014306827129856323,-0.00022005590312186254,-0.03842073862650695,-0.0006069700187937296,-0.06081972167875205,-0.000937481635080535,0.005763704716750251,-0.026726833394462357,0.03249053811121261
27-2023.00,"Umpires, Referees, and Other Sports Officials",27-2023,5.252989111939329e-05,8.927884615384615,9.980769230769232,11.90865384615384,True,-0.007229502097335685,-0.0002431645565333988,-0.10363874762820557,-0.003326436387610052,-0.1860341493143953,-0.005667461449591267,-0.11804086058393229,-0.0036191570711014945,0.2880858681366534,0.11148068293307345,0.17660518520357993
27-2031.00,Dancers,27-2031,9.610069651412932e-05,9.42,9.45,10.72,True,5.828166798615834e-05,-5.2553564787749836e-05,-0.0016079061885613047,-8.99953157322319e-05,-0.006283565579282887,-0.00019508246194521446,-0.010164858416571122,-0.00030944632985252605,0.1292760670543842,0.0031796529173795385,0.12609641413700468
27-2032.00,Choreographers,27-2032,7.19949550679292e-05,12.949999999999998,14.920000000000002,17.11,True,-0.0010056358682532314,-4.279354215171756e-05,-0.0042994567930074385,-9.574415734059271e-05,-0.0015097213954187979,-6.385965529966396e-05,-0.007697460921157253,-0.00017162033874428575,0.27856729975855554,0.14160680663006842,0.13696049312848713
27-2041.00,Music Directors and Composers,27-2041,4.067038195869591e-05,14.288461538461542,15.639423076923077,19.3,True,-0.003826252440923051,-0.00016451351872911698,-0.029054006837590903,-0.0011711426194482343,-0.0007090272353672306,-8.064063885355918e-05,-0.01051744175440496,-0.000415969739098882,0.3006527697745076,0.09034252063570136,0.21031024913880625
27-2042.00,Musicians and Singers,27-2042,0.0002993236985993404,14.447115384615389,17.97115384615384,19.91999999999999,True,0.0006394545883657037,-5.289345266129558e-05,4.830799512926679e-05,-4.2387220857108595e-05,0.0007307499813030634,-1.7817123910861978e-05,-0.000545367912709712,-5.200089148481277e-05,0.3212294848884616,0.21827314104619955,0.10295634384226204
27-3031.00,Public Relations Specialists,27-3031,0.0007623601866996121,17.630000000000003,20.48,23.940000000000005,False,-0.0052072149252259566,-9.042765948817123e-05,-0.05042012530363356,-0.0007708595392078603,-0.34988351243417626,-0.004862027924782493,-0.2464461522386957,-0.003493929310702322,0.30594870372004834,0.14984680376152815,0.1561018999585202
27-3041.00,Editors,27-3041,0.0006136651452119552,18.009999999999998,19.93000000000001,23.230000000000004,True,-0.0006045753606527208,-2.0594908051129277e-05,-0.001532105571069169,-3.747051985411102e-05,-0.002006741247359403,-6.334137898179773e-05,-0.00722831103894675,-0.00013900766381198378,0.2545173875944533,0.10129897503683916,0.15321841255761415
27-3042.00,Technical Writers,27-3042,0.0003008705910985618,21.32,24.8,29.039999999999985,True,-0.0189593869915788,8.833295350314194e-06,-0.1702049507873256,-0.0018738306322214715,-0.13568476112908665,-0.0020387078327855634,-0.1739666422181457,-0.0024780334771873466,0.30902859065895116,0.15119805387329288,0.15783053678565828
27-3043.00,Writers and Authors,27-3043,0.0002943607518310051,19.62,20.350000000000005,24.36,True,-0.005494213045852199,-0.00010730389849646207,-0.058399166463886786,-0.0008102009999159793,-0.26403687163524137,-0.0035584300596149497,-0.2811203063903409,-0.003768905759065061,0.2163929887044791,0.03653145775138711,0.17986153095309199
27-3043.05,"Poets, Lyricists and Creative Writers",27-3043,0.0002943607518310051,19.62,20.350000000000005,24.36,True,-0.0013378665250639524,-5.189343279156517e-05,-0.004869734004608899,-9.995599940343895e-05,-0.009101488222299475,-0.00018694892577814163,-0.018607064788608428,-0.00032409386006821046,0.2163929887044791,0.03653145775138711,0.17986153095309199
27-3091.00,Interpreters and Translators,27-3091,8.791505703908275e-05,12.94,16.099999999999998,18.02,True,-0.006832651563185641,-7.146777617193387e-05,-0.016238090073077992,-0.00017815938988079448,-0.011036642226745887,-0.0001269741904701186,-0.0255775149925201,-0.0002557620090626929,0.3311589631074372,0.2184959829176627,0.1126629801897745
27-3092.00,Court Reporters and Simultaneous Captioners,27-3092,0.00011253642931835667,17.78,20.31,21.79,True,-0.00045143012439170587,-5.265951040822222e-05,0.00010918681343100587,-3.488653621102067e-05,0.00027168793605292414,-6.738255539546585e-06,0.00018418338772538737,-2.1240539131125065e-05,0.2033769188707697,0.1330391455065345,0.07033777336423519
27-4011.00,Audio and Video Technicians,27-4011,0.0002519501158106851,13.509999999999996,14.809999999999995,17.329999999999995,True,-0.01338852789758451,-0.00012171748801036285,-0.006716076226939327,-7.31654879914012e-05,-0.021630339023736005,-6.194094650400662e-05,-0.020036925418843443,-0.00010711524217045556,0.24900895175540727,0.09187247630759998,0.1571364754478073
27-4012.00,Broadcast Technicians,27-4012,0.00016480850502121307,11.330000000000002,13.509999999999996,15.499999999999998,True,-0.028323702303360076,-9.885996418677135e-05,-0.004838145429561212,-0.00011515175623458764,-0.014588272997488496,-0.0002661580706117242,-0.007566939334450412,-0.0001395096842231986,0.3133859488852857,0.17597607693219208,0.13740987195309362
27-4014.00,Sound Engineering Technicians,27-4014,6.045771517790295e-05,13.98,18.40999999999999,22.38,True,-0.02001278280375673,0.00013140079159236714,-0.0038306874007240496,-8.861082672066513e-05,0.001161429944572066,-1.709320645935921e-07,-0.00018353314047142534,-2.3588669553376e-05,0.4705399660781149,0.27526625843932173,0.19527370763879315
27-4021.00,Photographers,27-4021,0.00042584661426482386,10.009999999999998,12.039999999999992,13.319999999999997,True,-0.03542118245762856,-0.000638906128957985,-0.022779207635279044,-0.0007805118459697415,-0.006527942971975781,-0.00015742982895083758,-0.018046898047540318,-0.00036506262488260327,0.28568207178511384,0.18464984655354533,0.10103222523156852
27-4031.00,"Camera Operators, Television, Video, and Film",27-4031,0.00011169852921461174,11.939999999999998,16.509999999999998,20.120000000000005,True,-0.03584674230534388,-0.00021469283291111933,-0.012352205694383122,-0.0002773392432579005,0.0003149788644983874,-1.9413796446789635e-05,-0.003990812696992341,-9.895687971533224e-05,0.5218202372670828,0.3240721499675807,0.1977480872995021
27-4032.00,Film and Video Editors,27-4032,8.230757172940519e-05,18.840000000000003,19.520000000000003,23.02,True,-0.010493652207266406,-0.00021708380183272318,-0.00866689718679399,-0.00031628924805766055,0.0003761145070647683,-3.354465006162805e-05,-0.002984696470444866,-9.590914715423893e-05,0.20038113414551928,0.0354573118367294,0.16492382230878988
29-1011.00,Chiropractors,29-1011,7.437974767089553e-05,27.920000000000016,31.71999999999998,31.68,True,-0.005528836553708144,-7.798528556225175e-05,-0.04865018699284119,-0.0006230643653850118,-0.035237005842885194,-0.0003813051313048751,-0.07137251083310985,-0.0008224111594407888,0.1263422890520527,0.12760411887247436,-0.0012618298204216671
29-1031.00,Dietitians and Nutritionists,29-1031,0.00026632332528261725,17.540000000000003,20.210000000000004,23.56,True,-0.012239294062669208,-0.00011322056509102903,-0.09907768932168334,-0.0009530059303756592,-0.8160713213875971,-0.00926604455910796,-0.4474174430128881,-0.004789363194215903,0.2950663718393489,0.14169354447149285,0.15337282736785607
29-1041.00,Optometrists,29-1041,0.00013793124784724128,37.1,41.07000000000001,45.09000000000002,True,-0.00701963626979195,-0.000171190772256412,-0.07625909021073721,-0.0019702242353975765,-0.187552359449647,-0.005123086612402308,-0.22184725454061144,-0.005961187933152628,0.1950435228196037,0.10166095835507782,0.09338256446452586
29-1051.00,Pharmacists,29-1051,0.0014585907190575093,32.16,38.71999999999999,48.31000000000001,True,-0.005091519893209446,-9.260824652785491e-05,-0.04603437590677384,-0.0008776641669941217,-0.21649867272702344,-0.00471916731039752,-0.15891183653323135,-0.0032580598335698084,0.4069151342555499,0.18563281809761056,0.22128231615793936
29-1071.00,Physician Assistants,29-1071,0.00036577562221172625,25.539999999999992,31.57,37.71999999999999,True,-0.005697923136432545,-7.742359945627912e-05,-0.06292050514373049,-0.0011223154966046095,-0.04135909149809798,-0.0007302640764890313,-0.10159590393092538,-0.0017480603202589475,0.38994460716086365,0.2119614519655073,0.17798315519535635
29-1071.01,Anesthesiologist Assistants,29-1071,0.00036577562221172625,25.539999999999992,31.57,37.71999999999999,True,-0.006533137285853639,-0.00017375367561800982,-0.06133783014499722,-0.0018666914705165463,-0.009240600636048348,-0.00020860136904988117,-0.02785391978394608,-0.0006205961208363145,0.38994460716086365,0.2119614519655073,0.17798315519535635
29-1081.00,Podiatrists,29-1081,2.8810872797998527e-05,51.0,45.220000000000006,53.13000000000001,True,-0.004066002265073126,9.626978848125835e-05,-0.007101148645286437,-0.00012289782237930616,-0.00021983081509834414,1.2867072922681344e-05,-0.008352909476321939,-0.00014737158512920982,0.040916107738526275,-0.1202861658745018,0.16120227361302808
29-1122.00,Occupational Therapists,29-1122,0.0005088631783897055,23.73,25.270000000000007,30.67,True,-0.004342567474099284,-7.036367930033508e-05,-0.04926687921952869,-0.000872216792227634,-0.17474868869878366,-0.0028258386950932735,-0.17074576132743063,-0.002796831053978966,0.25654490767848825,0.06287785095243104,0.19366705672605722
29-1122.01,"Low Vision Therapists, Orientation and Mobility Specialists, and Vision Rehabilitation Therapists",29-1122,0.0005088631783897055,23.73,25.270000000000007,30.67,True,-0.002124067608867238,-4.996884839216847e-05,-0.021559182908543986,-0.00030528329794832036,-0.10799689467188373,-0.0013953082806859272,-0.11226461363752509,-0.0014602752664718006,0.25654490767848825,0.06287785095243104,0.19366705672605722
29-1123.00,Physical Therapists,29-1123,0.0008446677584290172,27.07999999999999,27.75,33.54,True,-0.009934873125593251,-1.9150105527368586e-05,-0.062290384568417935,-0.0007744258920961319,-0.30905109242735895,-0.003972298850264065,-0.1728638714651382,-0.0020824272755592755,0.21394330835098874,0.024440392148369572,0.18950291620261916
29-1124.00,Radiation Therapists,29-1124,7.953605600163351e-05,20.04,26.06,33.660000000000004,True,-0.01819425733819275,0.0008119921591887478,-0.011140477603003752,-0.0005759101751062983,-0.0068938839351150895,-0.0005318766369216629,-0.016702172344279186,-0.0011416292443246696,0.518579912545996,0.2626712954800352,0.2559086170659608
29-1125.00,Recreational Therapists,29-1125,0.00019458618563122495,13.470000000000002,15.32,17.76,True,-0.0021206230619997234,-2.6080426762350767e-05,-0.01439861049397645,-0.00010217645942276149,-0.12927104660862113,-0.000953841803183228,-0.10222776281718829,-0.0006916294085829543,0.2764837471417514,0.12869417389017235,0.14778957325157904
29-1126.00,Respiratory Therapists,29-1126,0.0005171132717188864,17.379999999999995,19.790000000000003,24.07,True,-0.011153689404471558,-0.00017925503886345975,-0.08737129009975741,-0.00260289277677736,-0.021527002198970368,-0.0005474096626406235,-0.06876086149680795,-0.001747467036183066,0.32564613195773484,0.12985663977722872,0.19578949218050612
29-1127.00,Speech-Language Pathologists,29-1127,0.0005537875147212603,22.029999999999998,24.06,29.180000000000017,True,-0.006209141464277515,-6.951320612761745e-05,-0.0728774036164011,-0.0007923595562430608,-0.15031002230120588,-0.001510256779067125,-0.19339937658695602,-0.00195902836437319,0.2810783822803886,0.08814554973228139,0.19293283254810722
29-1131.00,Veterinarians,29-1131,0.0002529813774768327,28.19,31.129999999999978,36.17,True,-0.009575426616843678,-0.00013814088505314295,-0.09055793469636565,-0.0015066504766076676,-0.0742432968331395,-0.0012707656805338754,-0.13969210488261719,-0.002384934893567415,0.2492627408379855,0.099204679327495,0.1500580615104905
29-1141.00,Registered Nurses,29-1141,0.01421484635232436,20.33,23.82,28.85,False,-0.004608768127976124,-6.84423644997765e-05,-0.04942842853476344,-0.0006761893329819082,-0.1593169926914755,-0.0020495014573842854,-0.14500263278283845,-0.0019424327034958562,0.3500123653138534,0.15842793628689877,0.1915844290269546
29-1141.01,Acute Care Nurses,29-1141,0.01421484635232436,20.33,23.82,28.85,False,-0.006213869685079065,-5.462859462707874e-05,-0.04687590072412942,-0.000639303782545849,-0.2638560703957459,-0.004001456449480356,-0.20049344374507735,-0.0028934205254341214,0.3500123653138534,0.15842793628689877,0.1915844290269546
29-1141.02,Advanced Practice Psychiatric Nurses,29-1141,0.01421484635232436,20.33,23.82,28.85,False,-0.0058054860081498535,-5.0148463568212884e-05,-0.034101717328227504,-0.00025753255779218623,-0.47336627333224923,-0.005051415978572456,-0.22329414677848528,-0.0019134377224512434,0.3500123653138534,0.15842793628689877,0.1915844290269546
29-1141.03,Critical Care Nurses,29-1141,0.01421484635232436,20.33,23.82,28.85,False,-0.011344438951663342,-8.881374332560813e-05,-0.18495006585251517,-0.003021140495761868,-0.1990714672701787,-0.0021386268386016953,-0.1501382476068766,-0.0015735221944537007,0.3500123653138534,0.15842793628689877,0.1915844290269546
29-1141.04,Clinical Nurse Specialists,29-1141,0.01421484635232436,20.33,23.82,28.85,False,-0.012370626966189032,-0.00014340599346486692,-0.11147770027979148,-0.0013309837186367642,-0.7787530160280016,-0.007961088164036427,-0.490404129502872,-0.005182498269176729,0.3500123653138534,0.15842793628689877,0.1915844290269546
29-1151.00,Nurse Anesthetists,29-1151,0.01421484635232436,20.33,23.82,28.85,False,-0.012410194360671957,-2.6990074571710973e-05,-0.03173844964538533,-0.0008997058926127642,-0.012294502002674271,-0.00022675261163077677,-0.03437004473804989,-0.0007849308157561164,0.3500123653138534,0.15842793628689877,0.1915844290269546
29-1161.00,Nurse Midwives,29-1161,0.01421484635232436,20.33,23.82,28.85,False,-0.003933431889258296,-4.650192849809023e-05,-0.01865889941257197,-0.00022360960712564942,-0.24423614764411788,-0.003918167699623952,-0.11678046848552529,-0.0017066358107886955,0.3500123653138534,0.15842793628689877,0.1915844290269546
29-1171.00,Nurse Practitioners,29-1171,0.01421484635232436,20.33,23.82,28.85,False,-0.0040570918983231456,-3.527591387025232e-05,-0.027299295989219447,-0.0002708397613460561,-0.270345930500973,-0.0027777306499068913,-0.18784195476560708,-0.001882441645360561,0.3500123653138534,0.15842793628689877,0.1915844290269546
29-1181.00,Audiologists,29-1181,8.346774110382123e-05,20.51,23.930000000000003,28.58,True,-0.005752698400160654,-5.109585782568955e-05,-0.043325371313395145,-0.0004381409344149235,-0.1266485068026677,-0.0014763431509328755,-0.1388313155642815,-0.001556902592152939,0.33179460041743214,0.15422032983599276,0.17757427058143938
29-1211.00,Anesthesiologists,29-1211,0.0001669999360617767,59.51000000000001,88.88999999999999,92.68000000000006,True,-0.003913633628927142,-8.297488232954955e-05,-0.04338273313079449,-0.0009457339444350421,-0.08990755860868287,-0.00204131664137196,-0.1344678938524471,-0.0029568884866185423,0.44300833390741534,0.40125528459682247,0.04175304931059287
29-1215.00,Family Medicine Physicians,29-1215,0.0008668398842511906,54.340000000000025,64.11,73.86000000000003,True,-0.004808116028119034,-5.1257335420934436e-05,-0.04739239316307951,-0.00045188375323466847,-0.1451349853864301,-0.0014359628093734995,-0.16996138455466395,-0.001638986961608326,0.3069108054262153,0.1653397540009638,0.1415710514252515
29-1216.00,General Internal Medicine Physicians,29-1216,0.00031414808505021214,59.26999999999999,76.99,80.41999999999997,True,-0.006864041267454719,-7.954885595348401e-05,-0.09624269045977073,-0.0013591515833262253,-0.17821688230963367,-0.0021822988116612595,-0.21788115758585486,-0.0027183701836860775,0.30515962566938093,0.26157226749021145,0.04358735817916948
29-1218.00,Obstetricians and Gynecologists,29-1218,0.00012104433806407435,65.11000000000001,86.86000000000003,88.27000000000001,True,-0.007832462823373331,-0.00011975223275136624,-0.11983384578257943,-0.0018507775167995023,-0.2268406249748344,-0.003117488221755366,-0.2684150961249975,-0.003806261493713229,0.30432215178337074,0.2882194798579052,0.01610267192546555
29-1221.00,"Pediatricians, General",29-1221,0.00012207559973022194,58.650000000000006,64.49999999999999,67.64000000000001,True,-0.004794312376797442,-3.842345261487872e-05,-0.042931250690495505,-0.0004264069269011031,-0.14552370003078718,-0.0013306272786042927,-0.17253981860760295,-0.0016200929733560633,0.14261194893089524,0.095077648702242,0.04753430022865324
29-1223.00,Psychiatrists,29-1223,0.00011517903733785988,55.69,64.41,70.97000000000001,True,-0.009076603939814283,-9.533869612881005e-05,-0.0973664662230802,-0.0010024719596082921,-0.5419968190422016,-0.006164763837910893,-0.3537619587847521,-0.0037222391444274817,0.24245665493531465,0.14546830295722213,0.09698835197809252
29-1292.00,Dental Hygienists,29-1292,0.0005804069564786952,22.69,27.1,31.119999999999997,True,-0.005506408249360354,7.415238446701331e-06,-0.010730651598080886,-0.0005195828262249747,-0.010155956905682516,-0.0005937201639539256,-0.019436572943625812,-0.0010176475985880589,0.31592640051844034,0.17760942909390476,0.13831697142453558
29-2011.00,Medical and Clinical Laboratory Technologists,29-2011,0.0009394149240063278,18.52,20.98,24.86999999999999,True,-0.03474535684714666,-1.6829931621906922e-05,-0.5492170657750115,-0.004097195015578205,-0.22402888509342184,-0.0021282793215003947,-0.438785058234666,-0.003982983401337361,0.2948110285972798,0.12471837375011807,0.17009265484716174
29-2011.01,Cytogenetic Technologists,29-2011,0.0009394149240063278,18.52,20.98,24.86999999999999,True,-0.014134953534250524,-5.2678988501948305e-05,-0.0885625726132145,-0.0009409115840127794,-0.08304685058161423,-0.001143214451095293,-0.13625161787437734,-0.0017342945686483618,0.2948110285972798,0.12471837375011807,0.17009265484716174
29-2011.02,Cytotechnologists,29-2011,0.0009394149240063278,18.52,20.98,24.86999999999999,True,-0.020654225082864082,8.087190892093716e-05,-0.11124093671079882,-0.000672227653344743,-0.034117506177759244,-0.00030917156815694967,-0.06838280566251387,-0.0004728814825642149,0.2948110285972798,0.12471837375011807,0.17009265484716174
29-2011.04,Histotechnologists,29-2011,0.0009394149240063278,18.52,20.98,24.86999999999999,True,-0.01789688569687735,-3.4588238942733114e-05,-0.04748370347699957,-0.0020106232708604543,-0.003022648234239169,-0.00020421320252641715,-0.01875279008304821,-0.0009099960419962372,0.2948110285972798,0.12471837375011807,0.17009265484716174
29-2012.00,Medical and Clinical Laboratory Technicians,29-2012,0.0009158248133932015,12.89,14.240000000000002,16.48,True,-0.039304681203902896,-4.738677685051948e-05,-1.1039043985338766,-0.010653976998295716,-0.061152819151854866,-0.0005707059851376422,-0.15000312689436884,-0.0013343708532419902,0.2456957075302295,0.09960308903273374,0.14609261849749577
29-2012.01,Histology Technicians,29-2012,0.0009158248133932015,12.89,14.240000000000002,16.48,True,-0.020071745343527656,-0.0003576935770208899,0.0009117195097241662,-2.0655297918197932e-05,0.0010740061063160822,-1.0137163314144487e-05,0.001331251818406483,-1.2753151459142418e-05,0.2456957075302295,0.09960308903273374,0.14609261849749577
29-2031.00,Cardiovascular Technologists and Technicians,29-2031,0.00026741904080289906,15.46,17.99,21.61000000000001,True,-0.016391267757609747,-4.878375079921322e-06,-0.05686381474266476,-0.0006554452444881664,-0.010260463010151287,-0.000217306017687279,-0.037889383597843565,-0.0006713237932422273,0.33490012735951913,0.15156000480316578,0.18334012255635335
29-2032.00,Diagnostic Medical Sonographers,29-2032,0.00018872088490501048,20.349999999999994,24.020000000000003,28.78,True,-0.008098820498547134,-0.00022952229208611624,-0.0352639521580467,-0.0011316591024413197,-0.04346314166392147,-0.001368071664636583,-0.08084783910746413,-0.002471947822605379,0.3465997895706181,0.16580590476323387,0.18079388480738423
29-2033.00,Nuclear Medicine Technologists,29-2033,0.00011524349119199411,19.66,24.79,31.089999999999986,True,-0.0178470016864506,-1.9717327865033626e-05,-0.07974357937469306,-0.0002193376878637678,-0.013934901444846253,-0.0002099577088059162,-0.03053899555194887,-0.00031820249790431604,0.45830010935164145,0.2318542313280787,0.22644587802356275
29-2034.00,Radiologic Technologists and Technicians,29-2034,0.0011463117957771897,16.469999999999995,19.53,24.160000000000007,False,-0.012602257606940956,-0.001285725382508349,-0.05509737967155228,-0.01405319647595493,-0.0076074122195679056,-0.001952832645969591,-0.025998056614623,-0.006166779800822634,0.38315782887706584,0.1704112006990388,0.21274662817802703
29-2035.00,Magnetic Resonance Imaging Technologists,29-2035,0.0011463117957771897,16.469999999999995,19.53,24.160000000000007,False,-0.01519337739074939,8.067243338633342e-05,-0.09371519550764398,-0.0005474118724647335,-0.026428276338845605,-0.0009080124749306089,-0.050148891366320864,-0.001606939570717648,0.38315782887706584,0.1704112006990388,0.21274662817802703
29-2051.00,Dietetic Technicians,29-2051,0.00018814080021780247,9.39,10.78,11.9,True,-0.005602252144542295,-0.00010948609196909361,-0.11742517596692208,-0.0018529239151472026,-0.09973403528908999,-0.0013242441083944846,-0.13787460000475638,-0.001893416508531118,0.23689310689731213,0.1380472722606796,0.09884583463663255
29-2052.00,Pharmacy Technicians,29-2052,0.0012660670567585797,9.11,10.94,12.85,True,-0.009118159330657228,0.00016770517504734279,0.0013249204779989816,5.58328540050783e-06,0.0015167210357705956,1.2787280299057028e-05,0.001478418974448841,7.759936653836528e-06,0.34397110006936193,0.18305308572196832,0.1609180143473936
29-2053.00,Psychiatric Technicians,29-2053,0.000351660228156331,10.56,12.389999999999995,14.27,True,0.0003256243698512378,-1.672337617107589e-05,0.0002053081554553454,-2.4686372458374483e-05,-0.014463130932271246,-0.00032964625043527523,-0.00741612826465983,-0.00017240612695756794,0.3010861532106297,0.15981641736293506,0.14126973584769464
29-2055.00,Surgical Technologists,29-2055,0.0004177254286439115,12.840000000000002,15.45,18.050000000000004,True,-0.029541361055907638,-0.0002908831940867171,-0.001173388549246786,-1.0946157857034671e-05,0.0007330514962834592,3.7100479472181957e-06,-0.0014010914672889117,-1.1773256795087614e-05,0.3405803865170749,0.18504370508193935,0.15553668143513555
29-2056.00,Veterinary Technologists and Technicians,29-2056,0.0003059624455751656,9.89,11.220000000000002,13.45,True,-0.014277501173531468,0.0005394707324784301,-0.009258435482458152,-0.0001600205940643874,-0.009650496545057459,-0.0002138447908181523,-0.02037787892219429,-0.00041283911816961257,0.3074549604132275,0.12617375445992973,0.18128120595329777
29-2061.00,Licensed Practical and Licensed Vocational Nurses,29-2061,0.004437712310995518,13.39,15.570000000000002,18.24,True,-0.003373801943762059,0.00013129249091981942,-0.0012579316733111424,-5.2569117435700715e-05,-0.020600561737387595,-0.0006445711248996471,-0.016420135901682925,-0.0005059519307807317,0.3091088249431042,0.15083782614282581,0.1582709988002784
29-2081.00,"Opticians, Dispensing",29-2081,0.00037937538543404773,11.1,12.67,15.109999999999998,True,-0.024223036968380005,0.00026969876257102235,-0.003630742632511972,-2.146125658187686e-05,-0.001703432323815124,-2.5561145687068523e-05,-0.005994933355813376,-6.97812067823555e-05,0.30841166796635955,0.13229188601475927,0.17611978195160027
29-2091.00,Orthotists and Prosthetists,29-2091,2.146313342669689e-05,17.93999999999999,23.9,29.100000000000016,True,-0.02437692888182604,0.0010341013008469313,-0.048264034786949794,-0.000279788557292314,-0.013151514469795799,-0.0007409485780262096,-0.020581698031695253,-0.0006163891302130241,0.4837053175467978,0.28684560230681555,0.19685971523998225
29-2099.01,Neurodiagnostic Technologists,29-2099,0.0002190786502022304,15.140000000000004,16.75,17.96310000832142,False,-0.021706509383161533,-4.2355259071080686e-05,-0.1896824986594166,-0.0015912161725720692,-0.2233865792547355,-0.00271127678240879,-0.27738492062667613,-0.003018257929563385,0.17097940622398156,0.10105801026177241,0.06992139596220914
29-2099.05,Ophthalmic Medical Technologists,29-2099,0.0002190786502022304,15.140000000000004,16.75,17.96310000832142,False,-0.014442567144743729,-3.48044740817442e-06,-0.046110274726067185,-0.00032043323686564885,-0.003581917357985852,-4.5717885666965e-05,-0.022932994705203977,-0.00018890624081881982,0.17097940622398156,0.10105801026177241,0.06992139596220914
29-2099.08,Patient Representatives,29-2099,0.0002190786502022304,15.140000000000004,16.75,17.96310000832142,False,-0.003101927326834057,-5.77308858425755e-05,-0.01622863392750061,-0.0002071548969434906,-0.5043630111266839,-0.006238646731819698,-0.16496395645993356,-0.0019183806978473406,0.17097940622398156,0.10105801026177241,0.06992139596220914
29-9091.00,Athletic Trainers,29-9091,0.0001074445748417529,15.134615384615389,15.793269230769226,18.442307692307693,True,-0.0015690810097485747,-3.3173127368063425e-05,-0.007556072254355307,-0.00018538557481438315,-0.06763496952491094,-0.0016166295154458731,-0.05834896089828512,-0.0013455850186132794,0.19766282646603495,0.042599321381416644,0.1550635050846183
31-1121.00,Home Health Aides,31-1121,0.00372240343781389,8.21,8.77,9.62,True,0.0013823446188771353,-1.4771772426185832e-05,0.001162711046435972,-6.636087514974472e-06,0.001120362193271374,-2.5988271107329e-06,0.000848110441205125,-1.480247767985972e-05,0.15849134121327824,0.06598388291975477,0.09250745829352347
31-1122.00,Personal Care Aides,31-1122,0.001936838316733458,7.499999999999999,7.909999999999999,8.89,True,0.0004930499826336404,-5.2727159530704136e-05,-0.0017345286182301242,-9.211907112760561e-05,-0.08157463794507087,-0.0021390335001572067,-0.026156035538984705,-0.0007194265552430707,0.17002402898354863,0.0532247612372978,0.11679926774625082
31-1131.00,Nursing Assistants,31-1131,0.008435333705962549,8.289999999999997,9.85,11.14,False,-0.00011892026400284433,-3.85215681825087e-05,-0.0006669407718285585,-4.1634988940067656e-05,-0.002578136989862408,-8.999631552152774e-05,-0.0032439519095999398,-0.00010267441186287682,0.2954922653519345,0.1724214860367943,0.12307077931514021
31-1132.00,Orderlies,31-1132,0.008435333705962549,8.289999999999997,9.85,11.14,False,-0.0029780275329579775,-9.84784629787862e-07,0.0007392481057781519,-7.661217070771033e-06,0.000329705454784776,-5.799225012361617e-07,0.0005644976850968141,-3.8569971548464105e-06,0.2954922653519345,0.1724214860367943,0.12307077931514021
31-1133.00,Psychiatric Aides,31-1133,0.00032935919462588923,10.32,11.009999999999998,12.250000000000002,True,0.0012394890411643517,-1.8195046219886924e-05,0.001048797436640876,-9.76271827382405e-06,0.0014724482619520275,-5.801723506643388e-07,0.000901476104608883,-1.2986134461200253e-05,0.17144217693731933,0.06472019068117163,0.1067219862561477
31-2011.00,Occupational Therapy Assistants,31-2011,0.00011144071379807484,15.789999999999996,17.980000000000004,21.66,True,-0.004728726957914686,0.0001738111174322489,-0.010060411230861889,-0.0002025981041348928,-0.012216620412927457,-0.0002499544722787418,-0.028846151241776894,-0.0005406767013506374,0.31609041330529397,0.12988320077592386,0.18620721252937011
31-2012.00,Occupational Therapy Aides,31-2012,5.961981507415803e-05,9.339999999999998,10.949999999999998,12.54,True,-0.0017390962593100223,-3.9509334000853604e-05,-0.007681680879205125,-0.0002015080961365026,-0.014783025834110109,-0.00036173847643622176,-0.028279710534464708,-0.0006538971093300488,0.29461728296402345,0.15903320402175858,0.13558407894226487
31-2021.00,Physical Therapist Assistants,31-2021,0.00031324573109233297,15.900000000000013,17.600000000000005,21.219999999999995,True,-0.003566460474964165,-8.099875165914745e-09,-0.013279816514622225,-0.00025477937950202964,-0.015062764580439638,-0.0006434532306471788,-0.018327300300535507,-0.0006916525654270905,0.2886250239596504,0.10157979281791985,0.18704523114173055
31-2022.00,Physical Therapist Aides,31-2022,0.0002857883892311532,9.05,10.079999999999998,11.050000000000002,True,-0.018077773916520944,0.00041954610572957,-0.00836193817742673,-9.230652668809153e-05,-0.015134624316771114,-0.00025904962927229716,-0.015402612350543987,-0.00024810338636923105,0.19966567025192727,0.10778850493138759,0.09187716532053969
31-9011.00,Massage Therapists,31-9011,0.00014121839440808673,11.009999999999998,13.779999999999998,16.759999999999998,True,-0.0009237160750492533,-8.395571167725988e-05,-0.009816254695042069,-0.00024170325633630178,-0.033236701643727995,-0.0008618194960918369,-0.02825616704947235,-0.0006679762792667701,0.42019114431934845,0.2244143148509239,0.19577682946842456
31-9091.00,Dental Assistants,31-9091,0.0011289737090150833,11.239999999999998,13.319999999999997,15.17,True,-0.0016968849714647273,3.605968849200022e-05,0.001243751335513542,-5.381217449986646e-07,0.0013537921944634804,6.517704725964155e-06,0.0014353063902549498,1.3766835117249908e-06,0.2998409488948961,0.16978782064669806,0.13005312824819804
31-9092.00,Medical Assistants,31-9092,0.0018142470861701623,10.48,11.62,13.19,True,-0.0038609641272701082,3.18970942142944e-05,-0.0018955187379215888,-1.7722173322052932e-05,0.0017590297106769052,1.830381189345261e-05,0.0005141154355217715,-2.254471478817154e-06,0.22999028783632713,0.1032590725308693,0.12673121530545783
31-9093.00,Medical Equipment Preparers,31-9093,0.00018736735396819178,9.699999999999998,11.230000000000002,13.0,True,-0.03367411368539306,-0.00040077971591113303,-0.010674295457898646,-0.00035482852742913385,0.0006142479869358196,-3.2822789167719037e-06,0.0008356391981623691,-5.69675580251851e-06,0.2928234719521998,0.14646288324101508,0.14636058871118474
31-9094.00,Medical Transcriptionists,31-9094,0.0006268781853094713,11.669999999999998,13.260000000000002,15.019999999999996,True,-0.0023232130031357236,-0.00010756321648314966,-0.01279485484414536,-0.00030946132737421294,-0.019078248203236937,-0.0004315694219019478,-0.04097911728587398,-0.0008955170775952013,0.25236120003752394,0.12773053845925197,0.12463066157827196
31-9095.00,Pharmacy Aides,31-9095,0.00031111875390590356,8.759999999999998,8.839999999999998,9.39,True,0.000991229417201468,8.287731377336768e-06,0.0011121709066809935,-1.241825873381176e-07,0.0007975020146550461,4.474219811147894e-06,0.0010764686028939575,2.2717984582673292e-06,0.06944938827187164,0.009090971701251949,0.06035841657061969
31-9096.00,Veterinary Assistants and Laboratory Animal Caretakers,31-9096,0.00034598828899251924,7.599999999999998,8.659999999999998,9.980000000000002,True,-0.005359531294149917,0.00012004337101269712,-0.011137443573254484,-0.000181364262092706,-0.0025106667919346324,-6.719149623209287e-05,-0.01083438391622338,-0.0001962738281205809,0.27243484303108767,0.13056647528205856,0.1418683677490291
33-1011.00,First-Line Supervisors of Correctional Officers,33-1011,0.00018240440719985646,18.7,21.880000000000003,26.78999999999999,True,-0.001244481501411475,-4.473439280064183e-05,-0.01134786399744656,-0.0002787673538222101,-0.03276216098489924,-0.0008727054104403209,-0.04641854746931861,-0.001173976838811992,0.35950515969597596,0.15704945369323964,0.20245570600273632
33-1012.00,First-Line Supervisors of Police and Detectives,33-1012,0.0007193050121379498,25.31,29.980000000000004,34.910000000000004,True,-0.0012437834994254633,-1.3845628297494426e-05,-0.003306104424590642,-2.7434281552362854e-05,-0.010439853956278496,-0.00019161060133541838,-0.009854170226276214,-0.0001597707620701933,0.321573746559912,0.16933091811741896,0.15224282844249304
33-1021.00,First-Line Supervisors of Firefighting and Prevention Workers,33-1021,0.0003693205841891086,23.239999999999995,27.4,31.27,True,-0.011844865283339188,-0.00035680354589258975,-0.10692588728406784,-0.004329044694539533,-0.012891194798326091,-0.0003685198881329079,-0.04890229239851876,-0.0013398201338238973,0.2967842394860396,0.1646680814103143,0.1321161580757253
33-2011.00,Firefighters,33-2011,0.0016289422555342658,15.799999999999995,17.820000000000004,20.750000000000004,True,-0.03609027799979859,4.9681613381712814e-05,-0.008951235781448123,-0.00024162421707986706,-0.0005391747177438519,-2.6514570735268552e-05,-0.005870945307917355,-0.00012000465317702321,0.2725363066437865,0.1203114820097424,0.15222482463404408
33-2021.00,Fire Inspectors and Investigators,33-2021,6.477612340489602e-05,19.26,21.99,24.44,True,-0.017228361930239897,-9.642186178833891e-05,-0.2938725732122019,-0.001978221256502573,-0.03777130256203221,-0.00023041843463640326,-0.10156882777381672,-0.0005653457003446066,0.23819072793341522,0.13255739819669055,0.10563332973672468
33-2022.00,Forest Fire Inspectors and Prevention Specialists,33-2022,1.0505978223878657e-05,12.980000000000006,18.309999999999995,15.109999999999998,True,-0.01211035634938543,0.0003808577848335186,-0.019952919024033355,-0.0003700255253913188,-4.544054918005072e-05,-1.6767800832297107e-05,-0.008938336526654142,-0.00025865274611510666,0.15194706500870359,0.3440376474104747,-0.19209058240177113
33-3011.00,Bailiffs,33-3011,8.134076391739182e-05,14.13000000000001,16.57,17.74,True,0.0012594964202620636,-2.1858533620015017e-05,0.0009565274642201099,-1.3172883438153324e-05,0.000779327815538821,-1.3366919432845852e-06,0.0009578917813017013,-9.026770727016647e-06,0.22752178018499647,0.15929363474203484,0.06822814544296163
33-3012.00,Correctional Officers and Jailers,33-3012,0.002457303188867324,13.660000000000002,15.939999999999998,17.78,True,-0.0002605290748593878,-1.5309305762197203e-05,-0.00023466701144068502,-2.3649598276203366e-05,0.0005186407672070517,-1.1469199569807154e-05,-0.0015252666610631959,-5.106310503294469e-05,0.26360237594311453,0.15435981921942465,0.10924255672368988
33-3021.00,Detectives and Criminal Investigators,33-3021,0.0005371584203546303,22.090000000000003,25.19000000000001,28.81,True,-0.006961152922046679,-0.00011012180432668808,-0.052646662942920384,-0.0008993076173235003,-0.1726412549886723,-0.0031999777740233434,-0.18323887042061165,-0.0032662882790713485,0.26559753166441125,0.13132207293249332,0.13427545873191793
33-3021.02,Police Identification and Records Officers,33-3021,0.0005371584203546303,22.090000000000003,25.19000000000001,28.81,True,-0.005587642944272556,-0.00012216184204718455,-0.019140861881046425,-0.0003676046923178601,-0.03279654919195204,-0.0006213878058609608,-0.05228809038332459,-0.0009359491595797084,0.26559753166441125,0.13132207293249332,0.13427545873191793
33-3021.06,Intelligence Analysts,33-3021,0.0005371584203546303,22.090000000000003,25.19000000000001,28.81,True,-0.016996534319905807,-3.020242398116713e-05,-0.18959377938021837,-0.0005982178077026344,-0.23370636080179089,-0.0008433593812521874,-0.31377223868582993,-0.0008903679687928992,0.26559753166441125,0.13132207293249332,0.13427545873191793
33-3031.00,Fish and Game Wardens,33-3031,5.298106809833286e-05,18.050000000000004,19.9,23.0,True,-0.009705704355149856,-0.00015890816395911221,-0.13122065539232008,-0.0023267057758654236,-0.11527401982151275,-0.00200346879281266,-0.21846997038600405,-0.0037664521240703044,0.24234853115025956,0.09757404695155669,0.14477448419870287
33-3041.00,Parking Enforcement Workers,33-3041,4.937165226681627e-05,11.709999999999994,13.550000000000004,15.13,True,-0.001829054984816825,2.641915792901922e-05,0.0009021682401893728,-1.0824232737963904e-05,0.0008551346516510017,2.410852084663677e-07,0.00103733472206971,-6.5708541484678664e-06,0.25623635019063906,0.1459433697160848,0.11029298047455427
33-3051.00,Police and Sheriff's Patrol Officers,33-3051,0.0037503119566540096,18.06,21.160000000000004,23.86,True,-0.002759263844624359,-9.122074014659841e-05,-0.02268338489988951,-0.0005328801676792974,-0.018053349889192084,-0.00047220805816502515,-0.045208463115529444,-0.0010781093350591604,0.27850386868093047,0.15841305900125935,0.12009080967967112
33-3051.04,Customs and Border Protection Officers,33-3051,0.0037503119566540096,18.06,21.160000000000004,23.86,True,-0.0042811405200784535,-0.00011551243281158146,-0.007947436156078388,-0.00015494982258296882,-0.0030621967188117303,-5.063185720894775e-05,-0.011137726411084148,-0.00012951438482464706,0.27850386868093047,0.15841305900125935,0.12009080967967112
33-3052.00,Transit and Railroad Police,33-3052,2.9584319047609228e-05,19.72,21.229999999999997,22.29,True,-0.0058276007888619745,-0.00013276948317033813,-0.04122452145333404,-0.0009403775117113516,-0.15276871327206332,-0.003608267788516101,-0.17232443326006266,-0.003983529860871687,0.12250479822328808,0.07378192654067517,0.04872287168261291
33-9011.00,Animal Control Workers,33-9011,5.349669893140666e-05,10.62,12.380000000000004,14.1,True,-0.000196035287816353,-6.826560005765799e-05,-0.005243626418282289,-0.00015849243491359498,-0.011947950502516376,-0.0003071769779789228,-0.021889284809850775,-0.0005290734977390643,0.28343578157032967,0.15334325144265737,0.1300925301276723
33-9021.00,Private Detectives and Investigators,33-9021,0.0001978088783379362,12.59999999999999,14.620000000000005,18.090000000000003,True,-0.00935612038135851,-5.5653909017794154e-05,-0.05265879013692201,-0.000302923205263197,-0.12728849340543,-0.0010095975171332473,-0.16950028387114743,-0.0011628701689078281,0.3616624854497723,0.14869364036420096,0.21296884508557135
33-9031.00,Gambling Surveillance Officers and Gambling Investigators,33-9031,8.237202558353941e-05,9.78,11.86,13.19,True,-0.012104544288562826,-7.194347528628701e-05,-0.05264105286286517,-0.0003061990207894746,-0.04983243603860033,-0.00038012249616166383,-0.0797793754310456,-0.0005390000012079493,0.2991194826824972,0.19283190952285345,0.10628757315964377
33-9032.00,Security Guards,33-9032,0.007015608660947977,8.069999999999999,9.45,10.849999999999998,False,-0.01080323257493813,0.0001263258292636743,-0.010926573281074955,0.00010758730360166474,0.0008470516256032535,1.169893818675205e-06,0.0009417285152243097,-5.98165469997993e-06,0.29601159770461116,0.15786125922379401,0.13815033848081715
33-9091.00,Crossing Guards and Flaggers,33-9091,0.00044028427759089026,7.7,9.07,10.65,True,-0.0012388472474604692,-4.128936922396809e-05,-0.0006188293842234471,-3.655695805119169e-05,-4.951631782256036e-05,-8.839770126776683e-06,-0.0007692964316672606,-3.0406126959683814e-05,0.32433956329579594,0.16375193526740706,0.16058762802838888
33-9093.00,Transportation Security Screeners,33-9093,0.007810195774714701,8.783595263202171,10.652785265248792,12.54404823682168,False,-0.009200948482169492,5.92039840111357e-06,0.0009156884104384773,-3.3146828555063004e-06,0.0013238934981457927,1.0208414066645584e-06,0.0013512895223137117,-1.7364586929098662e-06,0.3563605018984939,0.1929355781044948,0.1634249237939991
35-1011.00,Chefs and Head Cooks,35-1011,0.0007610066557627933,11.88,13.82,17.87,True,-0.007159772456080987,-0.00017611455016464458,-0.05542416417457329,-0.0020569090972692317,-0.0008382000301127802,-5.2928084693797296e-05,-0.00984640702091388,-0.0004524474075166508,0.40826701523683795,0.15126050440502503,0.2570065108318129
35-1012.00,First-Line Supervisors of Food Preparation and Serving Workers,35-1012,0.0035172468201046525,10.590000000000002,11.88,13.48,True,-0.004623320293659586,-9.793017494299147e-05,-0.0944354789927148,-0.0019567417462769605,-0.017871612724498033,-0.00038863322104219143,-0.05874916361817706,-0.0012146343869587465,0.24129694587084582,0.1149461543211836,0.12635079154966222
35-2011.00,"Cooks, Fast Food",35-2011,0.0026967492569759696,6.24,6.95,7.749999999999999,True,-0.0012467755828980706,-1.4097528934238593e-05,0.0005458630960136969,-7.373027416969582e-06,0.0003952103657210463,1.961769677052427e-07,0.0006350578678876028,-2.1953468663836694e-06,0.21671266098391917,0.10776147719536455,0.10895118378855462
35-2012.00,"Cooks, Institution and Cafeteria",35-2012,0.002827332765451909,7.890000000000001,8.8,10.26,True,-0.004541945406836622,2.2779546865404462e-05,-6.446411400335165e-05,-1.0133483638890796e-05,0.0011517642029440509,4.953990018381136e-06,0.00012662234302027848,-8.930858130453414e-06,0.2626567048848405,0.10915558662637803,0.15350111825846247
35-2014.00,"Cooks, Restaurant",35-2014,0.0042316533393284015,8.050000000000002,9.260000000000002,10.199999999999998,True,-0.0027195791205336904,-2.2815480023211722e-05,-0.01534464462781622,-0.0001512863751208622,0.000535425891460278,-2.3742400728442383e-06,-0.0005063839083650761,-1.661742407222969e-05,0.23671562885975295,0.14003195722761586,0.09668367163213709
35-2015.00,"Cooks, Short Order",35-2015,0.0010516290840540134,7.14,7.900000000000002,8.959999999999999,True,0.00031165387782201045,7.880603706533827e-07,0.0010434363974253778,2.1794369161309626e-06,0.0006126273178367759,4.011189037892564e-06,0.0009305493686038792,3.629855212815956e-06,0.227057450635346,0.10114998312148304,0.12590746751386295
35-2021.00,Food Preparation Workers,35-2021,0.00566323789350367,7.23,7.920000000000001,8.730000000000002,True,-0.00467138278188007,9.055192305134874e-06,0.0007917904716162022,-4.436986556109019e-06,0.00032465953142635814,3.890445179219249e-07,0.0005968272634091434,-1.5485751433203657e-06,0.1885263336808376,0.0911521696556612,0.0973741640251764
35-3011.00,Bartenders,35-3011,0.0023103484014412915,6.519999999999999,7.23,8.22,True,0.0014252697204033484,5.781862065746168e-06,0.0011940039686295135,6.197597706794061e-06,0.0012344782489667552,1.184581199514471e-05,0.0013134494199876603,8.70006157251729e-06,0.23169583312952735,0.1033646602321121,0.12833117289741525
35-3023.00,Fast Food and Counter Workers,35-3023,0.015204213013284713,6.327384658552232,7.068432428034873,7.661967823936743,False,0.0010752075652376417,-3.7565593687571964e-06,0.0008494995836407462,-3.0218016496545976e-06,0.0004054690442128423,1.6971826225221368e-06,0.0006852304158822913,-1.969262212521457e-07,0.19138186216168673,0.11075174901484308,0.08063011314684365
35-3023.01,Baristas,35-3023,0.015204213013284713,6.327384658552232,7.068432428034873,7.661967823936743,False,-0.003112192047864413,-2.797312314784481e-05,-0.0021961375454077094,-2.3109078034225507e-05,0.0006834481402626998,3.0079815425832982e-06,0.0010081951323944868,1.1994971132145038e-06,0.19138186216168673,0.11075174901484308,0.08063011314684365
35-3031.00,Waiters and Waitresses,35-3031,0.013148263974111207,6.07,6.78,7.619999999999999,True,0.0012416800630471658,-9.75947858333488e-06,0.0008930271435093024,-5.763623607445649e-06,0.0005392345122847062,1.6657049301581172e-06,0.0008020084311849632,-1.9525883146210343e-06,0.2274177646271478,0.1106184968808972,0.1167992677462506
35-3041.00,"Food Servers, Nonrestaurant",35-3041,0.001242992576978527,7.09,7.649999999999999,9.06,True,-0.0003080874794911385,-1.7111607883811514e-05,0.000372890604853886,-1.0800825361167705e-05,0.0004018883220744956,2.2760583498498363e-07,0.00033651278350185163,-6.4534908006292665e-06,0.2451837795108518,0.07602030729440834,0.16916347221644346
35-9011.00,Dining Room and Cafeteria Attendants and Bartender Helpers,35-9011,0.0027431560319526116,6.33,7.010000000000002,7.710000000000001,True,0.0010729508422787138,-2.1892061085700808e-07,0.0008823572989441555,1.965019117104978e-07,0.00036777089117767,2.2373253855252797e-06,0.000670868287672422,1.7834151111169753e-06,0.19721795141915344,0.1020374648904141,0.09518048652873934
35-9021.00,Dishwashers,35-9021,0.0034699376911701313,6.57,7.21,7.890000000000001,True,-4.6069703692288395e-05,-1.028866784744794e-05,0.0007814776183259697,-3.0106362865042727e-06,0.00019696047533263828,3.3086692321579176e-07,0.0004618665284026996,-7.242464039322023e-07,0.18308230236126377,0.09295511880033858,0.0901271835609252
35-9031.00,"Hosts and Hostesses, Restaurant, Lounge, and Coffee Shop",35-9031,0.002454725034701955,6.73,7.400000000000001,8.069999999999999,True,0.0010642042444681252,-1.9124273485523062e-05,0.0007774144529798168,-1.2151131529429812e-05,0.0004898919714273847,-2.2651407764300838e-06,0.0006747577334321784,-8.78255143032347e-06,0.18157833862522077,0.09490485655348779,0.08667348207173298
37-1011.00,First-Line Supervisors of Housekeeping and Janitorial Workers,37-1011,0.0013049327308015171,10.609999999999998,13.780000000000005,15.789999999999996,True,-0.011327721195859461,0.00021913496641040359,-0.07591018469026319,-0.0011391121486648628,-0.0008840478959324166,-6.13894515936435e-05,-0.006438944162447469,-0.00019327028333391717,0.3975798756416591,0.26142131295962123,0.13615856268203785
37-1012.00,"First-Line Supervisors of Landscaping, Lawn Service, and Groundskeeping Workers",37-1012,0.000588657049807876,14.310000000000002,16.229999999999997,18.620000000000005,True,-0.025326502176260018,0.005456039018059674,-0.03983745913005923,0.0008381501004770073,-0.004380568941632084,-0.0002061663962989994,-0.019406667296481193,-0.0007437263362412058,0.2632776782805615,0.12590278795814003,0.13737489032242145
37-2011.00,"Janitors and Cleaners, Except Maids and Housekeeping Cleaners",37-2011,0.013474464929884519,7.900000000000002,8.849999999999998,10.000000000000002,True,-0.03446432017848457,-0.00030823940071217137,0.0008751107162114722,-7.790223303232078e-06,0.00032720970621665115,-1.4363911909786214e-06,0.0006551749433424265,-3.986033378766681e-06,0.23572233352106986,0.11355469954686193,0.12216763397420793
37-2012.00,Maids and Housekeeping Cleaners,37-2012,0.005887666213599041,7.029999999999999,7.979999999999999,8.82,True,-0.0010016364568824253,-9.990037971072319e-06,0.00086016025188977,-2.522667726101661e-06,0.00035528093594418985,7.310866151650092e-07,0.000647064572583074,-6.086729908131868e-07,0.2268351641961266,0.12675170563914384,0.10008345855698275
37-2021.00,Pest Control Workers,37-2021,0.000259362309036121,11.16,12.01,13.96,True,-0.015358950133450167,5.330437351346186e-05,-0.048580735257658866,-0.0017585137723206588,-0.008537138338040498,-0.00024612562550936466,-0.026054586396346266,-0.0008396349584280146,0.2238601403810616,0.07340367913872736,0.15045646124233425
37-3011.00,Landscaping and Groundskeeping Workers,37-3011,0.004766104697809394,8.48,9.589999999999998,10.69,True,-0.016690755679935183,-3.633120389335321e-05,0.0006613498132970496,-8.391040363280267e-06,0.00028913459202993975,-1.3300269366691942e-06,0.0005334620648525209,-4.165040356089826e-06,0.23159827523314203,0.12301043909153497,0.10858783614160705
37-3012.00,"Pesticide Handlers, Sprayers, and Applicators, Vegetation",37-3012,0.00015107983409062316,10.81,12.250000000000002,13.73,True,-0.11404147924700349,6.47284922623471e-05,-0.006466054738179838,-9.25876706990879e-05,-0.003739603558275016,-5.423283715185997e-05,-0.01227916352359013,-0.00015733975636710685,0.23911158812876288,0.12505430533961936,0.11405728278914351
37-3013.00,Tree Trimmers and Pruners,37-3013,0.000308669507448803,10.73,12.320000000000002,14.330000000000002,True,-0.06455600029074192,-4.172448255768257e-05,-0.011189842067208475,-0.00017628313661229863,-0.00165307597446049,-2.9028775994877504e-05,-0.0077546349911217565,-0.00011388348679850229,0.2893116851974735,0.13818040146276678,0.15113128373470675
39-1013.00,First-Line Supervisors of Gambling Services Workers,39-1013,0.0002585244089323761,14.094471442650924,15.806365347787068,16.823555818611382,False,-0.04521736926910499,0.0013550604286820976,-0.0005250953065427642,-1.3312828621727452e-05,0.0010429120491087717,7.587888402335952e-06,-0.001494299334670277,-2.6717228404808408e-05,0.1769974121717537,0.11463010478726154,0.06236730738449214
39-1022.00,First-Line Supervisors of Personal Service Workers,39-1022,0.0005453440598296768,12.47,14.18,16.300000000000004,False,-0.0032799988425550857,-4.3742211663612204e-05,-0.009744401747430185,-8.215892719667305e-05,-0.0014721173235627723,-5.838717385065954e-05,-0.003933541646767178,-9.035688645944292e-05,0.2678393481207717,0.12850676141203632,0.13933258670873538
39-2011.00,Animal Trainers,39-2011,3.802777393919269e-05,11.089999999999998,10.749999999999998,12.590000000000002,True,-0.0045228785333685465,-0.00018124936880709893,-0.03326592072972129,-0.0008784467674823168,-0.007142193263408025,-0.0002296905934088836,-0.03102563417772514,-0.0008246768708695267,0.1268590466939803,-0.03113804678860399,0.15799709348258428
39-2021.00,Animal Caretakers,39-2021,0.0005463108676416902,7.499999999999999,8.26,9.08,True,-0.0028474807416499406,1.650644436589716e-05,-0.007805252972854692,-0.0001408765240980377,-0.0011512867860031407,-3.1113356349328204e-05,-0.006354449767038489,-0.0001155295499675307,0.19117117207093726,0.09652156699062209,0.09464960508031517
39-3011.00,Gambling Dealers,39-3011,0.0005632622312789913,6.199999999999999,6.829999999999999,7.510000000000001,True,-0.000529605305846957,-1.1074962397834871e-05,0.0008561738648579383,-7.248592247827055e-06,0.000631099203150615,1.1651114223177708e-06,0.0008519243645836921,-3.5934792124668633e-06,0.19168617372499774,0.09677538153165277,0.09491079219334497
39-3012.00,Gambling and Sports Book Writers and Runners,39-3012,5.407678361861469e-05,7.529999999999999,9.05,9.269999999999998,True,-0.0014591675995637048,-1.1170119859154133e-06,0.0010060924066701386,-4.875323869578156e-06,0.0009012613660631104,2.8966780021943883e-06,0.0010833924375517833,-2.3574367038789554e-06,0.2078883377659615,0.18386971590003265,0.024018621865928846
39-3021.00,Motion Picture Projectionists,39-3021,5.549476840956763e-05,7.33,8.239999999999998,8.839999999999998,True,-0.037306657190479986,-0.0003114948591403212,-0.0031645186403319167,-8.893478495396898e-05,0.00042018977640782796,-5.26481949131372e-06,0.00042844642916433365,-1.3830444284755666e-05,0.18731136075099175,0.1170248280228201,0.07028653272817165
39-3031.00,"Ushers, Lobby Attendants, and Ticket Takers",39-3031,0.0005709966937750983,6.26,7.069999999999999,7.849999999999998,True,0.0007907917353803328,-2.7529227531860527e-05,0.000736031557745297,-1.7506876680650856e-05,0.0004795168303551772,-3.0445539914786834e-06,0.0006705904184027024,-1.1157119512319337e-05,0.22633334668230964,0.12168029479647413,0.10465305188583551
39-3091.00,Amusement and Recreation Attendants,39-3091,0.0012284904597983264,6.55,7.23,8.100000000000001,True,-0.022741161522048237,0.00031515246079174403,0.0008920419704832926,-1.0240200174628128e-05,0.000522583664371479,-3.8066557561486166e-07,0.0007986888008629716,-5.783993800872708e-06,0.21239901203123268,0.09877398652351288,0.1136250255077198
39-3092.00,Costume Attendants,39-3092,3.776995852265579e-05,9.929999999999998,12.220000000000004,12.64,True,-0.0018029508155586115,-2.68428358919762e-05,-0.002568768826329956,-2.980778254190867e-05,0.00042613810194277915,-1.7072578995815711e-06,-0.0010808872158769337,-2.094224756333988e-05,0.2413059106616302,0.20751347568636858,0.03379243497526163
39-4011.00,Embalmers,39-4011,4.2990720707528006e-05,14.090000000000002,16.509999999999998,17.690000000000005,True,-0.0013977540184130044,2.6046301878956407e-05,0.0012939116063764888,7.296513763379603e-06,0.0014903725328791217,1.2122546488713515e-05,0.0014463201549690064,8.966478054671982e-06,0.22753418226110522,0.15850093202144766,0.06903325023965756
39-4021.00,Funeral Attendants,39-4021,0.00016094127377315955,7.7,8.91,10.07,True,0.0011996671829008067,-8.252418894249017e-06,0.000973211570908219,-6.8694944845654105e-06,0.0005784671059470292,1.3650856398675902e-06,0.0008637085186290426,-2.8037514503114185e-06,0.26834037787083265,0.14595391262307977,0.12238646524775287
39-4031.00,"Morticians, Undertakers, and Funeral Arrangers",39-4031,0.0001530134497146499,17.749999999999996,21.48,24.210000000000004,False,0.0010140843717819244,7.3742956920344275e-06,0.0013085336911057206,1.6389264942401353e-05,0.0019181426249993256,2.8953945441103484e-05,0.0012570517663640145,1.5255475105645834e-05,0.3103802550285426,0.19073675371923926,0.11964350130930335
39-5011.00,Barbers,39-5011,9.120220359992823e-05,8.91,9.73,11.31,True,0.0009864853661974635,-8.706858915669102e-06,0.0009747927287081705,-8.205155588652005e-06,0.0005505071617581326,4.250837837763613e-07,0.0008253135076281378,-4.20522943940999e-06,0.2385130486453111,0.08803965471519559,0.1504733939301155
39-5012.00,"Hairdressers, Hairstylists, and Cosmetologists",39-5012,0.0020286850588747286,8.33,8.990000000000002,10.679999999999998,True,0.00022777197522347867,4.533076280680903e-06,0.000760781055346746,-4.795961672417902e-07,0.0011657403844414272,8.039842251770427e-06,0.0007345882951830671,-1.5942512904777997e-07,0.24850937735329737,0.07624939230477779,0.17225998504851958
39-5091.00,"Makeup Artists, Theatrical and Performance",39-5091,7.5411009337043125e-06,10.6,14.090000000000002,16.949999999999996,True,-0.006258800764947765,-5.763246679947808e-05,-0.009739965318698383,-9.755465703178498e-05,0.0002314183788687549,-2.0565340843996443e-05,-0.005576232913191766,-6.527047745043478e-05,0.4694138327084376,0.28461132479256745,0.18480250791587016
39-5092.00,Manicurists and Pedicurists,39-5092,0.0001517243726319654,6.699999999999999,8.520000000000001,9.6,True,-0.007670833662301871,6.717520098622233e-05,0.0008759071336903736,-4.651375448545705e-06,0.0004944212692337346,3.8187201101324644e-07,0.0007568191043534608,-2.202526486159584e-06,0.3596555720768704,0.2403088144443042,0.11934675763256619
39-5093.00,Shampooers,39-5093,8.75283339142774e-05,6.29,6.9,7.930000000000001,True,0.0008099661428979144,-3.807520299526312e-05,0.0005937711479017069,-2.6056171199806775e-05,0.00033849506753355076,-5.929674058154974e-06,0.00045442531485931234,-1.748463651708097e-05,0.23169196493440758,0.09256034089086462,0.13913162404354296
39-5094.00,Skincare Specialists,39-5094,7.676454027386185e-05,8.869999999999997,11.080000000000002,13.070000000000002,True,-0.001871601674459718,2.000819480619736e-05,-0.005458654390743665,-0.00014176838007939717,-0.005360247594304434,-0.00017478565428586057,-0.01156607472943649,-0.0003143020807732338,0.38764473131464294,0.2224668849976501,0.16517784631699284
39-6011.00,Baggage Porters and Bellhops,39-6011,0.0003840160629317119,6.84,8.51,9.250000000000002,True,0.0014588875801194827,-9.587796689837348e-06,0.0010491608014407687,-5.42127427951302e-06,0.0007142625363894365,2.4798672644570514e-06,0.0009929309612535704,-1.6915446932508404e-06,0.30183581988987496,0.21845421095082362,0.08338160893905133
39-6012.00,Concierges,39-6012,0.00010596213619666572,9.439999999999998,10.48,12.279999999999998,True,0.0012653963747491408,-4.41150997730914e-06,0.0010919063616156664,9.389717908670417e-07,0.0012577072803094092,9.190232613784371e-06,0.00127645031687868,4.094292316260572e-06,0.2630159425615872,0.10451269873548696,0.15850324382610026
39-7011.00,Tour Guides and Escorts,39-7011,0.00023061589009225667,8.46,9.04,10.630000000000004,True,-0.00019376829778877333,-5.0608897232053764e-05,-0.0023126404574397427,-8.595897496886743e-05,-0.03686172010844506,-0.0008623673151475961,-0.022517640609407405,-0.00053791947780558,0.2283310187357248,0.06631000078595317,0.16202101794977164
39-7012.00,Travel Guides,39-7012,2.6941711028106007e-05,12.0,13.240000000000002,14.739999999999998,True,-0.0016533390953744906,-9.03175751077896e-06,-0.003703022091453941,-6.9787762026886715e-06,0.000799282518549944,-7.880271684667794e-06,-0.0010405573786496233,-4.200750070224332e-05,0.20565823697319008,0.09833590072086196,0.10732233625232812
39-9011.00,Childcare Workers,39-9011,0.002430619293255755,6.910000000000003,7.900000000000002,8.82,True,0.001091395542539865,-2.6423290242905696e-05,0.0006230919902084817,-2.22362685989354e-05,-0.0013066970500509954,-5.403488136804921e-05,-0.0013904152976433792,-6.099324954331992e-05,0.2440522322391212,0.13389312169339718,0.11015911054572403
39-9011.01,Nannies,39-9011,0.002430619293255755,6.910000000000003,7.900000000000002,8.82,True,0.0011560535188334452,-1.9515883452149197e-05,0.0010037402030638155,-1.3116864780653275e-05,0.000647274121142167,-1.9411770838719455e-05,0.0003111134325394843,-2.6849738922941213e-05,0.2440522322391212,0.13389312169339718,0.11015911054572403
39-9031.00,Exercise Trainers and Group Fitness Instructors,39-9031,0.0008205620169828171,10.839999999999998,11.78,13.31,True,-0.0016942811435839873,-5.164899117026102e-06,-0.01098260084446289,-0.00028826465465409937,-0.07114157726103708,-0.0016417040808991321,-0.07011504831198832,-0.0016073396030919155,0.20527263639552018,0.08316018221194055,0.12211245418357963
39-9032.00,Recreation Workers,39-9032,0.0015802795956629259,7.900000000000002,8.94,10.199999999999998,True,-0.0016343071071076279,-6.750153125971081e-05,-0.030884720323655915,-0.0006872498363068963,-0.09447127555728449,-0.0019813658413685596,-0.10945620476635662,-0.0023150144546354046,0.2555249608172492,0.12367282971244675,0.13185213110480243
39-9041.00,Residential Advisors,39-9041,0.0002788273729846569,9.21,10.06,11.080000000000002,True,0.0008838775919724074,-1.4299054575963913e-05,0.0002660369082911134,-2.2876694608881402e-05,-0.015458644795761202,-0.0003363834953090238,-0.008065125866229305,-0.0001876828229379888,0.1848518310519225,0.0882773144043778,0.09657451664754468
41-1011.00,First-Line Supervisors of Retail Sales Workers,41-1011,0.00797326402567429,12.91,14.750000000000002,16.57,True,-0.0021466765285926732,-1.0583909981717024e-05,-0.0019426531699766917,-1.1231226065915135e-05,-0.002458151106818048,-8.819037016764389e-05,-0.004014412124916811,-0.00011190438563664536,0.2495916265799205,0.1332408779272778,0.11635074865264272
41-1012.00,First-Line Supervisors of Non-Retail Sales Workers,41-1012,0.0019521138801632694,21.570000000000004,26.780000000000012,32.21999999999999,True,-0.0018359889709993538,-8.868936606381723e-06,-0.004448991782476441,-9.338702781427838e-05,-0.006304634840066066,-0.00014846381724498516,-0.014901775842638893,-0.0003289305959379126,0.4012839173477629,0.21635187986196192,0.184932037485801
41-2011.00,Cashiers,41-2011,0.02038088876192912,6.680000000000001,7.58,8.249999999999998,True,0.00103679524913138,-1.1995089973226985e-05,0.0008768017381136926,-8.747585714320328e-06,0.0005867123826900468,6.883145940139269e-07,0.0008186959634401429,-4.394833321246945e-06,0.211095212798035,0.1263952121057259,0.0847000006923091
41-2012.00,Gambling Change Persons and Booth Cashiers,41-2012,0.00026032911684813437,8.599999999999998,9.630000000000004,10.039999999999996,True,0.0007680713075080956,-2.3694246914072285e-05,0.0006885092014120985,-1.4389187088660184e-05,0.0006372079590947927,-7.283067904252632e-07,0.000671466780060365,-9.233150216763376e-06,0.15481491100412104,0.11312102255057255,0.04169388845354849
41-2021.00,Counter and Rental Clerks,41-2021,0.0025302004978931323,7.160000000000001,8.48,9.650000000000002,True,-0.001454372898062746,3.2205784596757675e-05,0.0010395107491724888,-2.732994633389295e-06,9.871139152795028e-05,-1.2448647928342943e-05,0.00016248261431086024,-1.8579340247367054e-05,0.2984479343783404,0.1692004688312574,0.129247465547083
41-2022.00,Parts Salespersons,41-2022,0.0017104763810140602,10.920000000000002,11.78,13.519999999999998,True,-0.041813033163645735,-0.0005880150642014254,-0.005255346137226493,-0.00012392801976291825,0.0011349188665502187,1.7547906641627658e-06,0.0013341077605692703,2.044645036040938e-06,0.21357410029805868,0.07580720790668138,0.1377668923913773
41-2031.00,Retail Salespersons,41-2031,0.024035100022069,7.660000000000002,8.699999999999998,9.689999999999998,True,-9.918684018267216e-05,4.600503156959058e-06,0.0012046027020027547,5.5817726637503536e-06,0.0014221331451776862,1.342040410758549e-05,0.0014184643162954023,8.387554119203545e-06,0.2350824421501745,0.12731104190803766,0.10777140024213683
41-3011.00,Advertising Sales Agents,41-3011,0.0009205943985991341,15.929999999999998,18.579999999999995,20.590000000000003,True,0.00048434460921563253,-1.793092031855094e-05,-0.0013493887251999723,-4.9559556126365666e-05,-0.01869213726985663,-0.00041263334157078677,-0.017635895437508906,-0.0003720848401608573,0.2566013971177412,0.1538816094637352,0.10271978765400602
41-3021.00,Insurance Sales Agents,41-3021,0.0015580430159866183,18.61,19.250000000000004,21.210000000000004,True,-0.0010789156218273103,-4.998099086588952e-05,-0.024178422347035967,-0.00041703025424821166,-0.011101625092766432,-0.00016706310181132235,-0.019630572543119743,-0.0002732257136265098,0.13077369792243188,0.03381199007963387,0.096961707842798
41-3031.00,"Securities, Commodities, and Financial Services Sales Agents",41-3031,0.0016091549223150588,28.630000000000003,29.1,32.89999999999999,True,-0.0033482244355096053,-7.405822322149022e-05,-0.026299485530097654,-0.000523121316661864,-0.040436115659446874,-0.0008383577370613642,-0.06074513078848591,-0.001205912506603698,0.13901753866130218,0.016283055067423113,0.12273448359387906
41-3041.00,Travel Agents,41-3041,0.0007162756809936412,11.250000000000002,13.05,14.489999999999998,True,0.0013675865696278304,-5.278875389025241e-06,0.0013122535677355706,2.5011010550641037e-06,0.0017550642418571523,1.4058237444893268e-05,0.0015457976483591457,5.531785177787597e-06,0.2530906276821616,0.14842000511827314,0.10467062256388848
41-4011.00,"Sales Representatives, Wholesale and Manufacturing, Technical and Scientific Products",41-4011,0.0022038706344115516,22.089999999999996,27.46,32.81999999999999,True,-0.012603294749745276,-0.0002487864611228151,-0.11432839239690358,-0.0029850971635438242,-0.06638877802707817,-0.001772019465461548,-0.13254916270661418,-0.003351800325030093,0.39591306822991923,0.21760538290779952,0.1783076853221197
41-4011.07,Solar Sales Representatives and Assessors,41-4011,0.0022038706344115516,22.089999999999996,27.46,32.81999999999999,True,-0.012549683355740554,-0.00010555904162851023,-0.10888416764244947,-0.0008910777192922484,-0.008829702132547915,-7.543770340250442e-05,-0.03251659553103029,-0.00022702368966320976,0.39591306822991923,0.21760538290779952,0.1783076853221197
41-4012.00,"Sales Representatives, Wholesale and Manufacturing, Except Technical and Scientific Products",41-4012,0.008481482665522653,17.91,21.09,24.400000000000013,True,-0.0006533378909604772,-5.0612945872092127e-05,-0.012844416362411864,-0.00032655569211622286,-0.01263160994420573,-0.0003245720121147041,-0.031450348523655594,-0.0007580133614283035,0.3092239162265362,0.1634397784180628,0.14578413780847344
41-9011.00,Demonstrators and Product Promoters,41-9011,0.000613342875941284,8.559999999999999,9.74,10.849999999999998,True,-0.00018295094948831423,-6.214951320940475e-05,-0.017023482690312636,-0.0004424053196510693,-0.012554571961822775,-0.00033940653643252996,-0.031163492770962482,-0.0007877606362335855,0.23706488983281782,0.1291409275007931,0.10792396233202473
41-9012.00,Models,41-9012,3.364491185806539e-05,8.370000000000001,11.669999999999998,10.83,True,0.00043152649432272175,-2.4813546873975877e-05,0.00031578456077634485,-1.6606504358421858e-05,0.00013865218260102925,-2.271855665321996e-06,0.00022143501768080102,-8.48915498296737e-06,0.25766617651151513,0.3323675617970805,-0.07470138528556536
41-9021.00,Real Estate Brokers,41-9021,0.00017247851366318582,24.22,23.91,28.299999999999983,True,-0.005303437830794971,-0.0001734328151780136,-0.0740389224412584,-0.0022407077240914784,-0.0168721538774021,-0.0005001130496701732,-0.052936567717671676,-0.001474589811840073,0.15568306652424502,-0.012881956654712923,0.16856502317895794
41-9022.00,Real Estate Sales Agents,41-9022,0.0006940391013173337,13.25,15.679999999999998,19.520000000000003,True,-0.0008486951634878099,-3.457839294410088e-05,-0.007566626765105614,-0.00014199807176775987,-0.003389950101458625,-8.820286338721786e-05,-0.013311169020890076,-0.00025087380768412724,0.38744202855271537,0.16838846249003048,0.2190535660626849
41-9031.00,Sales Engineers,41-9031,0.0006034169824046135,26.12999999999999,32.59,38.58999999999998,True,-0.00871889037161958,-8.238233725465625e-05,-0.03677764823824853,-0.000682854157046228,-0.03399892709985232,-0.0004366244154626321,-0.053846759908340765,-0.0007029118457925323,0.3899090960170062,0.2209214133169497,0.16898768270005649
41-9041.00,Telemarketers,41-9041,0.003130201426028632,8.91,9.55,10.28,True,0.0002668926415094772,-4.502669916255275e-05,-0.003953026071270092,-0.0001252458120622936,-0.03144860857972725,-0.0007300291834372307,-0.02863023678765083,-0.0006783746252873007,0.14302601854430108,0.06936691300992104,0.07365910553438004
41-9091.00,"Door-to-Door Sales Workers, News and Street Vendors, and Related Workers",41-9091,0.00023287177498695455,11.510000000000002,11.669999999999998,9.330000000000002,True,0.0012413114067338301,-5.662332173328026e-06,0.0010322198360266954,-2.1290855420201127e-06,0.0010797673524304322,6.412718195074432e-06,0.001021398207969722,-1.2484430042530292e-06,-0.2099812078745389,0.013805223564673064,-0.22378643143921195
43-1011.00,First-Line Supervisors of Office and Administrative Support Workers,43-1011,0.008460406255220761,15.929999999999998,18.99,21.47,True,-0.003684223163749319,-8.462292053211153e-05,-0.02719382593939538,-0.0005740430312512544,-0.16637182829777375,-0.003996305061651778,-0.12998040706016006,-0.002963913578116483,0.2984524879687327,0.17570840090223738,0.12274408706649531
43-2011.00,"Switchboard Operators, Including Answering Service",43-2011,0.0016021294522144281,9.11,10.27,11.28,True,0.00025367253851578354,-2.390955264788582e-05,0.00021948626793062156,-1.5808069378634248e-05,0.0005347716665157798,-5.160955188549498e-07,0.0006505488985488859,-7.353178555654138e-06,0.21365853479804597,0.11985431266860003,0.09380422212944595
43-2021.00,Telephone Operators,43-2021,0.0003275544867101309,13.660000000000002,13.48,15.18,True,0.0005668352775941963,-8.567561627764497e-06,0.0007825358417392456,-1.3418196921910652e-05,0.0005423240192702351,-1.1599438320731907e-06,0.000731125888744199,-8.19314237206243e-06,0.10550691782483979,-0.01326474865848315,0.11877166648332294
43-3011.00,Bill and Account Collectors,43-3011,0.0024691626980280212,11.32,12.98,14.420000000000003,True,0.0012738761420596988,-2.35519140567618e-05,0.0011100854122977689,-1.2870788381768374e-05,0.0013528264541913517,-2.3806400050353267e-06,0.001202809684734697,-1.2272572705427441e-05,0.24204505908176666,0.13683863850090727,0.10520642058085938
43-3021.00,Billing and Posting Clerks,43-3021,0.003554049970815295,11.000000000000002,12.64,14.410000000000004,True,-0.03276497078315975,-4.598555115541871e-06,-0.007866324076812072,-9.515088806138144e-05,-0.0005553546445408912,-1.8326875342287614e-05,-0.005033466449771954,-6.270935463143911e-05,0.27002713721306026,0.13897111592034062,0.13105602129271965
43-3031.00,"Bookkeeping, Accounting, and Auditing Clerks",43-3031,0.010440686469640689,11.53,13.349999999999998,15.17,True,-0.004993462644392755,9.865928781130187e-05,-0.0014751226686330516,-7.331650772503814e-06,0.000898536548830837,5.627519735920802e-06,2.4107545432473483e-05,-7.2893915951324075e-06,0.27436745907947335,0.14656405056529076,0.1278034085141826
43-3041.00,Gambling Cage Workers,43-3041,0.00012955224680979204,9.57,10.609999999999998,11.3,True,0.00013074308755250345,-3.1404418197089574e-05,-0.0035160011497100347,-6.376540968898098e-05,-7.994864181173965e-05,-1.0465794413009678e-05,-0.0033224011871548537,-5.8359274803124065e-05,0.1661695202534319,0.1031637471610285,0.0630057730924034
43-3051.00,Payroll and Timekeeping Clerks,43-3051,0.0012675494954036668,12.37,14.219999999999995,16.26,True,-0.0002101934493134671,-4.730694808511709e-05,-0.0009598708507345247,-4.069651554183113e-05,0.0005767382965443557,-1.1848315169431596e-05,-0.0006561566349558442,-4.1273250309469674e-05,0.27343391771526804,0.13937523797069806,0.13405867974456998
43-3061.00,Procurement Clerks,43-3061,0.000496101315271129,12.23,14.489999999999998,16.400000000000002,True,-0.0059733475776597685,2.6933834383999618e-05,-0.009148822361628249,-0.00016336822287437244,0.0002894909922332193,-9.27539863727651e-06,-0.004768392829830312,-0.00012647207658754962,0.2933893851310718,0.16956680663350987,0.12382257849756195
43-3071.00,Tellers,43-3071,0.0029206619462382667,8.599999999999998,9.939999999999998,11.02,True,0.0002508920540414132,-4.280428749651632e-06,-0.0003384046792560655,-1.2194764078037807e-05,0.001125209787381485,6.709396740015949e-06,0.0005815422303655597,-3.2078595855056673e-06,0.24794960046530656,0.14480481740902063,0.10314478305628594
43-4011.00,Brokerage Clerks,43-4011,0.00047006195820090217,13.790000000000004,16.390000000000004,17.96,True,0.0009867758068154674,8.313182977830719e-06,0.001223081789572729,3.830348033506809e-06,0.0015438520332269712,1.5032077217702475e-05,0.001418920947945082,7.263835675588298e-06,0.26420337106884295,0.17272770095052792,0.09147567011831503
43-4021.00,Correspondence Clerks,43-4021,0.00029751899068358213,11.050000000000002,12.88,14.18,True,-0.0004703637589809986,-2.6567643439838497e-05,0.00013557435401267861,-2.8796772438562237e-05,0.0005724902227232685,-1.767805695447698e-05,-0.0009164431648909944,-5.140999116339059e-05,0.24940209314021944,0.15324529271244547,0.09615680042777397
43-4031.00,"Court, Municipal, and License Clerks",43-4031,0.000605286144174506,12.11,13.2,15.54,True,-0.0013771803629230508,-6.647153771178397e-05,-0.009201628555750425,-0.00016049907954844453,-0.0013868091570793239,-5.248798835946464e-05,-0.007786692337994413,-0.00014545299443139968,0.24938578737450046,0.08618527202732418,0.16320051534717628
43-4051.00,Customer Service Representatives,43-4051,0.011534790643569156,11.3,12.74,13.96,True,-0.006349693791120673,-0.00024513730908895905,-0.06141542475114976,-0.0021030428119734553,-0.023182140466339998,-0.0008510331390897366,-0.07065531090816685,-0.0024337921967767092,0.21139337161593152,0.11994392442572233,0.0914494471902092
43-4061.00,"Eligibility Interviewers, Government Programs",43-4061,0.0006938457397549309,13.15,15.869999999999996,18.800000000000004,True,-0.001671616254927034,-6.174202485914394e-05,-0.012686808199942765,-0.0002170443386559272,-0.015605009949069359,-0.0002753719862136881,-0.03607730417043059,-0.00056753397976098,0.35743511121213034,0.18800877591454412,0.16942633529758622
43-4071.00,File Clerks,43-4071,0.0017202089129883281,8.380000000000003,9.839999999999998,11.060000000000002,True,-0.002624895508097766,7.148858164375285e-05,0.0005775395523474952,-8.512830901086983e-06,0.0007929377654906762,1.492253947037388e-06,0.0006510236654818564,-5.820533468766202e-06,0.2774870816001971,0.16060779657017,0.11687928503002709
43-4081.00,"Hotel, Motel, and Resort Desk Clerks",43-4081,0.0009799563982567552,7.540000000000002,8.39,9.11,True,0.0014208273796306814,-8.750898426523175e-07,0.0011975940484414145,4.0814915784633215e-06,0.0013770624228074924,1.2670704020033313e-05,0.0013738378577147175,7.383171564173293e-06,0.18915052925200193,0.10681833845925004,0.08233219079275189
43-4111.00,"Interviewers, Except Eligibility and Loan",43-4111,0.0010590412772794491,9.66,10.859999999999998,13.14,True,-0.005179631584705478,-0.0001270820939106755,-0.050084427427254226,-0.0010022004347003124,-0.07005969426778014,-0.0013945833439171474,-0.11432284294522135,-0.002226287657612212,0.3076673648320378,0.1170926662813625,0.19057469855067533
43-4121.00,"Library Assistants, Clerical",43-4121,0.0005739615710652727,8.49,9.579999999999998,10.71,True,0.0008292630338033177,5.0720795840995015e-06,0.0010320917954561603,-7.3992436664474e-06,0.0009232486440645262,1.941880252386447e-06,0.0010305230782067147,-5.109362830670481e-06,0.23228888413640147,0.12078859165951306,0.11150029247688842
43-4131.00,Loan Interviewers and Clerks,43-4131,0.00093715903911163,12.119999999999996,13.619999999999996,15.22999999999999,True,-0.0008063544967056881,-2.0778857892446728e-05,-0.00035437410227926315,-1.15522628586751e-05,0.0018843789061351898,2.0357786174292745e-05,7.184973062410584e-05,-9.02474936864792e-06,0.2284101862659016,0.11668232008019785,0.11172786618570374
43-4141.00,New Accounts Clerks,43-4141,0.0004498234480027555,10.630000000000004,12.470000000000006,14.240000000000002,True,0.0011697145828566617,-1.4663340126241623e-05,0.0009045507862548579,-8.027463803183964e-06,0.0010387760556522974,2.1276477687061377e-06,0.0007259207421670638,-1.0170158787864784e-05,0.292374713629973,0.15964556733808877,0.13272914629188426
43-4151.00,Order Clerks,43-4151,0.0024262364311746277,10.78,12.05,12.94,True,-0.001486228528017522,-2.6934684636806276e-06,-0.005746690480202458,1.0559634362080557e-05,0.0012945254250038853,8.768733261040743e-06,0.001163424486552864,1.7222494165422357e-06,0.18263072359190335,0.11137209445581275,0.0712586291360906
43-4161.00,"Human Resources Assistants, Except Payroll and Timekeeping",43-4161,0.0011222060543309895,12.590000000000002,14.93,16.81,True,0.000321797219160559,-3.188381936471271e-05,-0.0011293140395292754,-4.131154416004619e-05,-2.7407053237336106e-05,-3.001946628855008e-05,-0.0038198354012580647,-7.661220760885585e-05,0.2890710993642682,0.1704697634948431,0.11860133586942512
43-4171.00,Receptionists and Information Clerks,43-4171,0.006365978265129124,9.260000000000002,10.25,11.4,True,0.0003597878293578829,-3.8840050931294414e-05,-0.007210584533474905,-0.0001820000646724478,-0.04673866757379121,-0.0009928407942320283,-0.043696631599840795,-0.0009398632606884053,0.20790930674236163,0.10157365692632903,0.1063356498160326
43-4181.00,Reservation and Transportation Ticket Agents and Travel Clerks,43-4181,0.0014330669928203563,10.739999999999998,12.599999999999996,14.339999999999998,True,0.0014859801677023225,-9.647625612143742e-06,0.0012899645546153719,-1.1948245480494342e-06,0.0015533482706664753,9.542688325950041e-06,0.0014349504725383923,7.549069145998264e-07,0.28907774609075565,0.15972172487671354,0.1293560212140421
43-5011.00,Cargo and Freight Agents,43-5011,0.000339607357433231,12.37,15.38,17.820000000000004,True,-0.023648979399650893,6.787523229836222e-05,0.0012248872117746603,3.786975652595751e-06,0.0011340859413201106,5.10770001935906e-06,0.001315538850499928,5.007131782736565e-06,0.3650472356382668,0.21779377767310137,0.14725345796516542
43-5011.01,Freight Forwarders,43-5011,0.000339607357433231,12.37,15.38,17.820000000000004,True,-0.004502978307235913,3.3502503567796327e-06,-0.022172511038029415,-0.00011717403583855295,-1.6262988387596555e-05,4.470529101957886e-06,-0.0077302376269155985,-4.631768266677894e-05,0.3650472356382668,0.21779377767310137,0.14725345796516542
43-5021.00,Couriers and Messengers,43-5021,0.0008660664380015799,8.360000000000001,9.39,10.749999999999998,True,-0.0005118171379539702,7.211002680977892e-06,0.001055238124519766,-3.070660962765683e-06,0.0005908649270315808,1.971345400581785e-06,0.000916313843347923,-3.562446108940454e-07,0.2514473274770612,0.11618686612356122,0.1352604613535
43-5031.00,Public Safety Telecommunicators,43-5031,0.0005100878016182558,11.77,13.6,15.699999999999998,True,-0.004045947361872377,-0.00010894568062001909,-0.013916815815816146,-0.0003043186775027927,-0.000568061515750745,-5.532546904319599e-05,-0.009018735286038545,-0.0002467566530990911,0.2881067910820767,0.14451587146982092,0.14359091961225579
43-5032.00,"Dispatchers, Except Police, Fire, and Ambulance",43-5032,0.0011057703215267623,13.0,14.609999999999996,15.929999999999998,True,-0.003791002934318946,2.421498581270667e-05,0.0012386214815135236,4.346330374476503e-06,0.0015476562561364717,1.0653179569282229e-05,0.0013517745136119152,4.642398096639144e-06,0.2032547664604203,0.11675686830107113,0.08649789815934916
43-5041.00,"Meter Readers, Utilities",43-5041,0.00029706781370464255,12.45,13.800000000000002,15.289999999999996,True,-0.06095308520577786,-0.0007397463517975602,-0.041650191301862656,-0.0011878629131369478,-7.378133414941666e-05,-3.7721182990743306e-05,-0.003469760535343266,-0.0001469636145532475,0.20547839703025428,0.10294796925244265,0.10253042777781163
43-5051.00,Postal Service Clerks,43-5051,0.0005177578102602286,18.64,19.13,21.66,True,-0.001592104861912136,1.8512448053793443e-05,0.0011403306534303228,1.6020164205202433e-08,0.0008676507639123063,4.328702577848169e-06,0.0011188916619888085,1.952292558046761e-06,0.15015743231539957,0.025947974194716394,0.12420945812068318
43-5052.00,Postal Service Mail Carriers,43-5052,0.0022723206275020984,18.21,19.05,21.389999999999983,True,0.0010408990415711574,-1.4105588776080702e-05,0.0007827403275886694,-9.597144692436495e-06,0.000381951093319611,-1.4666566707580257e-07,0.0006289194852865691,-4.52882135787766e-06,0.1609526293547967,0.04509620783319335,0.11585642152160336
43-5053.00,"Postal Service Mail Sorters, Processors, and Processing Machine Operators",43-5053,0.001513505402779869,14.86,18.78,21.01,True,-0.049716000267917775,-0.00027462780230390837,0.001047257226778183,-1.7316581738152905e-06,0.00042821242667028924,2.7875365888064683e-07,0.000795856007536678,-4.981194382162347e-07,0.346325475567296,0.23411943449050376,0.11220604107679222
43-5061.00,"Production, Planning, and Expediting Clerks",43-5061,0.0019256877999682372,14.47,16.739999999999995,19.08,True,-0.015336764938182207,-0.0002983839134947793,-0.10957603331955765,-0.008492460384226961,-0.03835078136855375,-0.0023952040484811485,-0.03157644474646203,-0.002033808468678307,0.276563125376748,0.14572352441793646,0.13083960095881153
43-5071.00,"Shipping, Receiving, and Inventory Clerks",43-5071,0.005712093914937413,9.99,11.38,12.98,True,-0.01240292460037445,7.33574908714941e-06,-0.010120638124300438,-0.00015437004496332088,0.00020046935913149884,-1.0717654442529905e-05,-0.002226121280946575,-4.744320296089621e-05,0.26182511861548186,0.13027283603772277,0.13155228257775908
43-5111.00,"Weighers, Measurers, Checkers, and Samplers, Recordkeeping",43-5111,0.0005403811130613415,10.96,11.8,12.56,True,-0.04557225840300587,-0.00031854122946110543,-0.09902656437531479,-0.0025832367335506187,0.0002534994895751661,-2.781634963215818e-05,-0.0024428684938978384,-0.00010379730772290688,0.13626487952018307,0.07384724995174974,0.06241762956843333
43-6011.00,Executive Secretaries and Executive Administrative Assistants,43-6011,0.008483996365833888,14.21,16.390000000000004,18.58,True,-0.0009815745869132986,-6.0830975220055615e-05,-0.020579418477356233,-0.00048672892406628976,-0.13092320726976753,-0.0031564293911348316,-0.09432998873456232,-0.0021854377454404903,0.26813979127668297,0.14272545064672926,0.1254143406299537
43-6012.00,Legal Secretaries and Administrative Assistants,43-6012,0.0017537249171381251,15.039999999999996,17.149999999999995,18.660000000000004,True,0.0008219373194418211,-3.8799130925342825e-05,-0.0014320710925342952,-7.282145166438038e-05,-0.01288405140821899,-0.0003239232282364646,-0.014318059178251475,-0.0003645575684110597,0.21566887689750436,0.131284855090255,0.08438402180724935
43-6013.00,Medical Secretaries and Administrative Assistants,43-6013,0.0015981333132581061,10.949999999999998,12.500000000000002,13.919999999999998,True,0.0011026240922457197,-2.8859524634407887e-05,0.0007099656353789258,-2.1725294010430534e-05,-0.00034648947847808935,-3.367956062133923e-05,-0.0005431618257024167,-4.887798682067227e-05,0.23998719864376383,0.13238918804574595,0.10759801059801788
43-6014.00,"Secretaries and Administrative Assistants, Except Legal, Medical, and Executive",43-6014,0.010197115354867453,11.18,12.22,13.569999999999997,True,0.0007946988096570145,-2.4435801388379277e-05,-0.0015683694548062547,-5.283756154849579e-05,-0.0015019040271384784,-4.8277253017720164e-05,-0.005586759772336816,-0.0001249388726825147,0.19373500611982442,0.08894748601649605,0.10478752010332837
43-9021.00,Data Entry Keyers,43-9021,0.0033530183997706473,9.77,10.859999999999998,12.2,True,-0.008822193892242584,-0.00011630538329650462,-0.011011845585340789,-0.0002844792059200638,0.0005930973075341485,-1.6581461856717367e-05,0.00010547274832384344,-3.6486895341164445e-05,0.22211948568451945,0.10576984845109783,0.11634963723342162
43-9022.00,Word Processors and Typists,43-9022,0.0017486975165156556,11.289999999999996,13.05,14.609999999999996,True,-0.003247609968485823,-7.707279152041376e-06,-0.00033942854803237525,-1.49929133446155e-05,0.0004891351090753225,-1.926237629288001e-06,0.0001806450431459856,-8.859426654234782e-06,0.2577888476010375,0.14487075560713203,0.11291809199390546
43-9031.00,Desktop Publishers,43-9031,0.000238737075713169,14.12,15.189999999999998,17.069999999999997,True,-0.003930811826592959,-1.3905213488283341e-05,0.0012933461913846268,7.877380144232806e-06,0.0022132779785524566,1.0114019130639298e-05,0.0016678321754276906,1.1598379483374542e-05,0.18973030474125308,0.0730450845425854,0.11668522019866767
43-9041.00,Insurance Claims and Policy Processing Clerks,43-9041,0.0017315527913159517,13.93,13.710000000000004,15.410000000000002,True,-0.0026945522545593157,-0.0001496555303225545,-0.025116253268266976,-0.0007784624425828168,-0.00855265150657275,-0.0003030845761303978,-0.030811524275703002,-0.0009628837980181201,0.10097186154031013,-0.015919294217491053,0.11689115575780118
43-9051.00,"Mail Clerks and Mail Machine Operators, Except Postal Service",43-9051,0.0012790222814395588,8.759999999999998,10.470000000000002,11.73,True,-0.03228260667975339,-0.00023270531755252124,0.0006886067543657385,-8.41252564900198e-06,0.0005242724126875959,7.404503956595942e-07,0.0009202400907684469,5.871945890714158e-07,0.2919537577170841,0.1783181199341457,0.11363563778293839
43-9061.00,"Office Clerks, General",43-9061,0.01650856565939902,9.77,10.8,11.76,True,-0.002486245676302996,5.057763966645217e-05,-0.00023468049622171164,-2.839269118225588e-05,-0.00261274569988695,-6.283975817028523e-05,-0.004785574245497149,-0.00011125046430767577,0.18538747641578945,0.10022966807548261,0.08515780834030684
43-9071.00,"Office Machine Operators, Except Computer",43-9071,0.0006541421656082485,9.71,10.679999999999998,12.130000000000004,True,-0.0672712692917116,-0.0005190575084986168,0.0011494039976597769,2.0628033291848616e-06,0.0007940298680244461,2.5076391554629062e-06,0.0011987300503293328,4.682477857564675e-06,0.2225254406527255,0.09521655122881523,0.12730888942391028
43-9081.00,Proofreaders and Copy Markers,43-9081,0.00016738665918658206,9.37,11.77,13.9,True,-0.016111404983906428,0.0010037224915149853,-0.029379555299838152,-0.0009426634475561944,-0.002160294655918071,-0.00025692841702733705,-0.0056616500171452495,-0.0004701429558244323,0.39437574388631536,0.22804082502185485,0.1663349188644605
43-9111.00,Statistical Assistants,43-9111,0.00015758967335817987,11.550000000000002,14.37,15.640000000000004,True,-0.013761087605789677,-9.956002641219183e-05,-0.11343214607456155,-0.0010415291164786805,-0.14585273174972307,-0.0015170923908067791,-0.21225220916250362,-0.002234561292324279,0.30314629814936245,0.21845726312313074,0.08468903502623171
45-1011.00,"First-Line Supervisors of Farming, Fishing, and Forestry Workers",45-1011,0.00013122804701728188,14.59,16.759999999999998,18.52,True,-0.014809906333407334,9.09724454323296e-05,-0.04594671537516081,-0.00030621132197422026,-0.014939044854307353,-0.00011187084937475358,-0.03245589399574312,-0.00023088047912257304,0.23851486668333877,0.13865873251924254,0.09985613416409622
45-2011.00,Agricultural Inspectors,45-2011,6.780545454920458e-05,13.89,13.83,19.13,True,-0.026130527105586283,-4.338086890104075e-05,-0.2573911220095867,-0.001402462001230923,-0.06590623111608498,-0.0006453871505845937,-0.15412843419047706,-0.0013163394000682209,0.3200886266859091,-0.004329011089585499,0.3244176377754946
45-2021.00,Animal Breeders,45-2021,9.152447287059934e-06,10.65,12.02,12.779999999999998,True,-0.004009609759679343,-1.3634741971585658e-05,-0.011695767360141421,-0.00010177256797757844,-0.002061578806844278,-2.6848564520219705e-05,-0.010609692454728618,-0.00010866872937324665,0.18232155679395445,0.12101203695162743,0.06130951984232702
45-2041.00,"Graders and Sorters, Agricultural Products",45-2041,0.0004020631420892949,6.76,7.780000000000001,8.64,True,-0.13092084584086097,-0.0002596795080452259,0.0002205237464369385,-1.7524687281699427e-05,0.00012054241982962274,-3.299768695276416e-06,0.000249675429237675,-8.54800701373526e-06,0.24537969276109162,0.14053344813542767,0.10484624462566394
45-2091.00,Agricultural Equipment Operators,45-2091,0.00011363214483863849,7.669999999999998,8.59,10.179999999999998,True,-0.17001809523845793,-0.0001928093622750465,-0.0012639716772079583,-5.8784132389272517e-05,0.0002709030125955538,-1.6963847673482469e-06,0.0006569786191822911,-4.226509335367303e-06,0.2831083957432119,0.11328212061699938,0.1698262751262125
45-2092.00,"Farmworkers and Laborers, Crop, Nursery, and Greenhouse",45-2092,0.001386273494718909,6.419999999999999,7.43,8.19,True,-0.02015367180463492,-0.0001181004446418281,-0.00878910127047749,-0.00010381107710728849,-0.0009871831094572215,-1.6319493394357777e-05,-0.006113619237090154,-6.611661636099514e-05,0.24349578016310836,0.14610774102779822,0.09738803913531013
45-2093.00,"Farmworkers, Farm, Ranch, and Aquacultural Animals",45-2093,0.00022243025061721011,7.400000000000001,8.12,9.78,True,-0.0051633892617251875,-2.5896193088142654e-05,-0.012217816391588856,-0.0001409751262032792,-0.0006579747179303239,-1.4457010166463326e-05,-0.00559751632440929,-6.98260603384884e-05,0.27885948383660164,0.0928501539634623,0.18600932987313934
45-4011.00,Forest and Conservation Workers,45-4011,7.592664017011693e-05,8.21,9.579999999999998,9.859999999999998,True,-0.04568611958283282,-0.0001697111357388429,-0.0008008936145134954,-6.307179095134182e-05,0.0008411722591971474,-6.492568170962057e-06,0.0011487796009966619,-8.781938811948428e-06,0.183133245150207,0.15432466851843207,0.02880857663177494
45-4021.00,Fallers,45-4021,6.071553059443985e-05,13.44,13.460000000000004,14.410000000000004,True,-0.10399501194546525,-1.7279866524849726e-05,-0.0002442952374078753,-3.313384253879637e-05,0.0003188293102600219,-3.537496310814178e-06,0.0006389162119068447,-9.00913812876631e-06,0.06968707491642734,0.001486989121578297,0.06820008579484904
45-4022.00,Logging Equipment Operators,45-4022,0.00021418015728802932,11.43,12.999999999999996,14.829999999999997,True,-0.21176927673572765,0.0005334124899282913,0.0007719923043875011,-1.011996634459532e-05,0.0004611884884510997,-1.348663869458e-06,0.0009366367116342703,-1.7813166250039443e-06,0.26041067834312104,0.1287078796548169,0.13170279868830415
45-4023.00,Log Graders and Scalers,45-4023,3.544961977382369e-05,11.61,13.010000000000002,15.45,True,-0.07368046561602004,4.508679147710614e-05,-0.01649396864519219,-0.00029504035730179356,-0.007201559134906573,-0.00014022988485848262,-0.024662988183152226,-0.0004234049952770372,0.2857422076339544,0.11385149681461382,0.1718907108193406
47-1011.00,First-Line Supervisors of Construction Trades and Extraction Workers,47-1011,0.0030729664035574404,20.71,23.43,26.89999999999999,True,-0.05649171172170902,0.0010683662643254687,-0.07979207982843448,-0.0031246728339339677,-0.01034038517443302,-0.0003160290754466744,-0.028495341603809225,-0.0008812860920972618,0.26150961120030036,0.12340057711221153,0.13810903408808883
47-1011.03,Solar Energy Installation Managers,47-1011,0.0030729664035574404,20.71,23.43,26.89999999999999,True,-0.030038004023265737,-5.7110748949416306e-05,-0.42070516744834097,-0.004114503556771121,-0.025702122555611294,-0.00026116629762122894,-0.1088826491469655,-0.0009728512430584197,0.26150961120030036,0.12340057711221153,0.13810903408808883
47-2011.00,Boilermakers,47-2011,0.00018794743865539979,18.090000000000003,20.79,24.379999999999995,True,-0.3600606265456745,0.0038475559481349324,-0.09630437745530046,-0.001729424078620798,0.00036286925069140057,-6.424748320767264e-06,0.000328010634310145,-1.6423607369801976e-05,0.2984038246459213,0.1391128024627175,0.1592910221832038
47-2021.00,Brickmasons and Blockmasons,47-2021,0.0006350638247845179,19.360000000000003,19.98,21.19,True,-0.17978162653225035,0.00024773743086326384,-0.011291058800772932,-0.00025075239389152137,0.0006462789165172192,-3.7722520491623825e-06,0.0007238587675481654,-1.1332466812048766e-05,0.09032029043177658,0.031522691371976386,0.0587975990598002
47-2022.00,Stonemasons,47-2022,5.5688129971970306e-05,15.359999999999996,16.35,17.76,True,-0.17404489738406567,-0.0005425967528557766,0.0010714613574658262,4.455039455073007e-06,0.000768873031930611,3.745602593855371e-06,0.0011217960224776937,6.911677230983398e-06,0.14518200984449825,0.06246116962373671,0.08272084022076154
47-2031.00,Carpenters,47-2031,0.004969585515311142,15.349999999999998,16.469999999999995,18.110000000000003,True,-0.1585861553058703,-0.00011845810116558572,-0.007117069622734758,-0.00014737330169426168,-0.0035313838366882074,-2.017581034658902e-05,-0.0035721611066205188,-2.1857977660029455e-05,0.1653487978621162,0.0704250701563427,0.09492372770577351
47-2041.00,Carpet Installers,47-2041,0.00024331329935669898,13.23,15.82,17.329999999999995,True,-0.009891611923861458,-2.634566909427471e-05,0.001197304939619966,1.2269038137365053e-06,0.0006938467747460733,1.4039481669419284e-06,0.0011113036613597657,2.5999018733010353e-06,0.2699521256006503,0.17878798421264364,0.09116414138800666
47-2042.00,"Floor Layers, Except Carpet, Wood, and Hard Tiles",47-2042,7.289730902580835e-05,13.96,16.75,16.879999999999992,True,-0.11166018049623597,-6.99409311445701e-05,0.0010178467213882649,-7.372444400774874e-06,0.0005349651621888363,-3.2241143776793832e-06,0.0008881167917950465,-5.294200096257843e-06,0.18993339183358415,0.18220216093684893,0.0077312308967352195
47-2043.00,Floor Sanders and Finishers,47-2043,4.125046664590393e-05,11.88,13.079999999999997,15.039999999999996,True,-0.13035819568545753,-0.00020669253215353198,0.0010945088907956346,-6.725699973756833e-06,0.0003900080041266745,-1.5269129065795244e-06,0.000813829639304442,-3.420314225539026e-06,0.23585700458719483,0.09622803209455366,0.13962897249264117
47-2044.00,Tile and Stone Setters,47-2044,0.00017615238334883665,17.08,17.12,18.61000000000001,True,-0.060450976645298804,-0.00013788243851575895,0.0010525706066512046,-2.442349872364301e-06,0.0007711843407903673,7.715244721721819e-07,0.001181921497560332,2.00403633156849e-06,0.0857908822937361,0.002339182353172209,0.0834516999405639
47-2051.00,Cement Masons and Concrete Finishers,47-2051,0.000978151690340997,13.679999999999998,14.799999999999995,16.269999999999992,True,-0.19319323741588038,-0.0006364548040371906,-0.0015610520270199033,-6.0589849139870674e-05,0.00041661284138079085,-2.8305166338944455e-06,0.0007869167078979277,-6.590725507394439e-06,0.17338800903654183,0.07869226857566503,0.09469574046087681
47-2053.00,Terrazzo Workers and Finishers,47-2053,2.9455411339340775e-05,15.03,13.319999999999997,16.54,True,-0.20678763107929202,-0.0010435639044730307,0.0010911627651672498,-5.84674131246078e-06,0.0003887112981336156,-1.2995642765882045e-06,0.0008117871251973632,-2.833387957606661e-06,0.09573348583066199,-0.1207815386526403,0.2165150244833023
47-2061.00,Construction Laborers,47-2061,0.0049207294938773995,10.849999999999998,11.86,13.130000000000004,True,-0.24515190257129335,0.0002775498716460484,-0.009398685266753267,-0.00021587685180056773,0.00025345716828193305,-5.927986960326924e-06,-4.854980071756468e-05,-1.9969544422388327e-05,0.19073460832823663,0.08900631358311095,0.10172829474512568
47-2071.00,"Paving, Surfacing, and Tamping Equipment Operators",47-2071,0.0003764749619980076,12.45,14.060000000000004,15.560000000000004,True,-0.24512119231401655,-0.001450273448845355,0.0010020334036230068,-3.9537547743792435e-06,0.0003430098014604493,-2.55478932942424e-07,0.0007924323874050932,-3.2828005969804205e-08,0.22298289583952924,0.12161326347180257,0.10136963236772667
47-2072.00,Pile Driver Operators,47-2072,3.18402039423071e-05,19.93,23.160000000000004,22.86,True,-0.2460326548475281,0.0008548402802990003,-0.0022253527861308083,-7.027182905058932e-05,0.00029875450917100634,-2.070525613759118e-06,0.0007174234142045426,-5.014366739768375e-06,0.13716252414196095,0.1502005184800912,-0.013037994338130243
47-2073.00,Operating Engineers and Other Construction Equipment Operators,47-2073,0.0020905607588435843,15.309999999999995,16.84,18.329999999999988,True,-0.21678429423250742,0.0011154623063929,-0.017211793941420347,-0.0003375126521741108,-6.658324080705935e-05,-1.1555874570111798e-05,-0.002237558514606724,-5.4931259571970126e-05,0.1800328521820207,0.09525079914458834,0.08478205303743236
47-2081.00,Drywall and Ceiling Tile Installers,47-2081,0.0007624890944078805,15.339999999999998,16.190000000000005,17.56,True,-0.11095030990918951,-0.000704956259552345,-0.0006915606619105339,-4.681976259361413e-05,0.000513211802474957,-2.62948681486814e-06,0.000926473258753362,-5.087176170144226e-06,0.13515979226786046,0.053929971750434014,0.08122982051742644
47-2082.00,Tapers,47-2082,0.00023815699102596098,16.02,18.81,20.219999999999995,True,-0.13720033603014303,-0.00014965418637689557,-0.002917321314653218,-8.634574687082133e-05,0.00033817119183279115,-4.443134633950001e-06,0.000556862580580093,-1.1566843136659476e-05,0.23283427195211193,0.1605507016727259,0.07228357027938603
47-2111.00,Electricians,47-2111,0.003944060242181489,19.13,20.04,21.53,False,-0.16516295939368641,0.0018942180202077415,-0.20394768682306325,-0.004508867096170786,0.0001038621331588478,-1.1695818256643433e-05,-0.0031759454327596236,-7.188004076031632e-05,0.1181895279241103,0.046472492764502604,0.0717170351596077
47-2121.00,Glaziers,47-2121,0.00031988447806815813,13.33,15.529999999999998,16.94000000000001,True,-0.16727206698860989,-1.3977662319337699e-05,-0.0004089282132344488,-2.3808983292437087e-05,-1.8841148683956333e-05,-7.653299283692878e-06,-0.000942682351835281,-2.2106593741133934e-05,0.23966055503329153,0.15275650296997823,0.08690405206331331
47-2141.00,"Painters, Construction and Maintenance",47-2141,0.001681472146653659,12.859999999999998,14.12,15.419999999999996,True,-0.09648571219040115,-0.00027446913067790443,0.0010073634902747258,-1.1578684936043633e-05,0.0004700137644491231,-4.3149904979607614e-06,0.0008270875267697255,-8.161186118660992e-06,0.1815436493257101,0.09347051325562283,0.08807313607008727
47-2142.00,Paperhangers,47-2142,6.490503111316447e-05,15.339999999999998,15.400000000000002,16.62,True,-0.0591671772546928,-0.0001919825824546237,0.0006556586230517505,-1.4702986641422404e-05,0.0003612367649651162,-2.9864713720731185e-06,0.0006909484486388295,-6.517970877471316e-06,0.0801429934881921,0.0039037134804735807,0.07623928000771851
47-2151.00,Pipelayers,47-2151,0.00034502148118050586,12.67,13.73,15.039999999999996,True,-0.2495183697162165,0.0011842753868774405,-0.005880524580191212,-0.0001406440184477521,0.00041581163594430945,-3.4414217268993055e-06,0.0008440030705098108,-7.376232646962606e-06,0.1714763241886459,0.0803462254468319,0.09113009874181399
47-2152.00,"Plumbers, Pipefitters, and Steamfitters",47-2152,0.00266303989126377,17.41,19.69,21.200000000000003,True,-0.23253308343234277,0.002870608107097218,-0.11415250023162009,-0.0026283649098219723,0.0003573871375131332,-1.3164113218251519e-05,-0.000382899799882047,-3.8340858213275946e-05,0.19695642789786927,0.12306613887093665,0.07389028902693262
47-2152.04,Solar Thermal Installers and Technicians,47-2152,0.00266303989126377,17.41,19.69,21.200000000000003,True,-0.11569408189381301,0.0015747747549096686,-0.10565232271514659,-0.0021980274547427426,0.00014275595268410874,-1.40142452831498e-05,-0.003250218246621619,-7.207058518027423e-05,0.19695642789786927,0.12306613887093665,0.07389028902693262
47-2161.00,Plasterers and Stucco Masons,47-2161,0.0003226559937959298,14.480000000000002,15.900000000000004,17.52,True,-0.006180112489080322,-5.463512167255344e-06,0.0012016285540277043,-1.764380400051978e-06,0.000651528744106399,-1.9773326450912614e-07,0.0010599195523200947,-4.788163256980823e-07,0.19057469855067488,0.0935507222686156,0.09702397628205928
47-2171.00,Reinforcing Iron and Rebar Workers,47-2171,0.0001789238990766083,16.03,16.799999999999994,18.210000000000008,True,-0.34056363962126973,-0.00027334343215172017,0.001007493636835886,-9.096035347172498e-06,0.00039272945447266634,-2.374425157683616e-06,0.0008025159789217018,-4.8876307098547044e-06,0.1275089271180554,0.046916919787751254,0.08059200733030414
47-2181.00,Roofers,47-2181,0.0007430240304593446,12.94,14.429999999999996,15.98,False,-0.03644366870366581,7.904369175083913e-05,-0.011727573430192267,-0.00026630976354574307,0.00043915229761607675,-1.0230439178069939e-05,-0.00034742558162513494,-3.6269613238283844e-05,0.2110146512653741,0.10898608371302476,0.10202856755234935
47-2211.00,Sheet Metal Workers,47-2211,0.0014933313464358566,14.090000000000002,16.830000000000005,18.850000000000005,True,-0.21561140655110195,0.0011162990141248136,-0.057645084228678034,-0.0012617210676563462,0.00014590258539951895,-1.1985347322725288e-05,-0.0012863425747812708,-5.1249176831141855e-05,0.2910475879834311,0.17769768229212612,0.11334990569130499
47-2221.00,Structural Iron and Steel Workers,47-2221,0.0005512093605558913,17.190000000000005,19.58,20.26,True,-0.27460305347903546,-0.00021789181629258008,-3.3400893965341476e-05,-1.8830391749900705e-05,0.0006930750915441973,2.186411846323822e-06,0.0010994391643772512,5.092863102111537e-06,0.16432067942577921,0.13018081770760626,0.03413986171817296
47-2231.00,Solar Photovoltaic Installers,47-2231,0.005897849922552249,17.203613568342412,18.461342036264625,19.152226852355263,False,-0.0490688859588432,0.0005053714246828459,-0.5023082061849845,-0.007766781012335352,-0.007883654032790587,-0.0001373196949038287,-0.03435152917398387,-0.0004933345080411676,0.1072995406483579,0.07055947318547595,0.03674006746288194
47-3011.00,"Helpers--Brickmasons, Blockmasons, Stonemasons, and Tile and Marble Setters",47-3011,0.00036519553752451824,10.609999999999998,11.64,12.63,True,-0.21361655614368827,-0.0013340850558862117,0.001127420148776087,-4.249022843525409e-06,0.00041435847797009014,-9.05508326608094e-07,0.0008554613236086291,-1.7539377571366704e-06,0.17427798373650827,0.0926504896774003,0.08162749405910796
47-3012.00,Helpers--Carpenters,47-3012,0.0006761853837221534,9.61,10.369999999999996,11.7,True,-0.19363917737038774,-0.0005624284760132506,0.0011528608468198366,-1.5914531806866163e-06,0.0004397920869073064,-9.639106249112762e-08,0.0008928410791433589,1.524945387261368e-07,0.19678461882150922,0.07611279925923453,0.12067181956227468
47-3013.00,Helpers--Electricians,47-3013,0.0006475034186324232,9.89,11.269999999999998,11.960000000000004,True,-0.29508370335768475,-9.406210786281607e-05,-0.0017972648092775688,-6.381503715953313e-05,0.00035842764249235985,-1.7708210560905438e-06,0.0008063465397358666,-3.6512737235710524e-06,0.19004360288786515,0.13062018241706408,0.05942342047080107
47-3014.00,"Helpers--Painters, Paperhangers, Plasterers, and Stucco Masons",47-3014,0.00019845341687927846,8.950000000000001,9.81,10.72,True,-0.05450581412050022,-0.00028824615465662543,0.0010062648498376497,-3.975827438128392e-06,0.0002658797130111118,-4.1099561265704783e-07,0.0006277126714708492,-1.6567781107568345e-06,0.18045762335589188,0.09174874129050758,0.0887088820653843
47-3015.00,"Helpers--Pipelayers, Plumbers, Pipefitters, and Steamfitters",47-3015,0.0005247188265067249,9.62,10.77,12.19,True,-0.275690743444065,-0.0005684136353484234,0.0009425270023619984,-1.4632618155437104e-05,0.00027631630423031084,-2.923477215475094e-06,0.0006448969103756299,-7.682137099107742e-06,0.23677167881556516,0.11292022649068212,0.12385145232488304
47-3016.00,Helpers--Roofers,47-3016,0.00017621683720297086,8.409999999999998,9.96,10.970000000000002,True,-0.02427644814280812,-0.0001015703268111243,-0.0018620509350892637,-5.618554083274662e-05,0.0005186835750129529,-1.1100512267162613e-06,0.0008541611140873885,-3.2606509201526004e-06,0.2657428003022826,0.16915559761165033,0.09658720269063226
47-4011.00,Construction and Building Inspectors,47-4011,0.000431905276553441,18.55,20.5,23.239999999999995,True,-0.038878884281603285,-0.00014309802765260176,-0.8763365580903306,-0.006702110642274644,-0.07573856608889384,-0.0008591401461875701,-0.2184190668301903,-0.0023324305970632386,0.22540514293026614,0.09995509709091843,0.1254500458393477
47-4011.01,Energy Auditors,47-4011,0.000431905276553441,18.55,20.5,23.239999999999995,True,-0.043421525314487217,-6.420774657776225e-05,-1.22443690403746,-0.004919857565520467,-0.10021221304740212,-0.0005126929002868066,-0.2957729345498549,-0.0013518446736946535,0.22540514293026614,0.09995509709091843,0.1254500458393477
47-4021.00,Elevator and Escalator Installers and Repairers,47-4021,0.00016119908918969645,22.38000000000001,26.89999999999999,32.69,True,-0.20934655887452855,0.0017297296541827162,-0.08037024643893644,-0.0017110057199277934,0.00010860968014686284,-1.1071145181567732e-05,-0.001394039353138344,-4.721547258985853e-05,0.3789015178523396,0.18395858372401364,0.19494293412832597
47-4031.00,Fence Erectors,47-4031,0.00010016128932458548,9.95,10.849999999999998,12.85,True,-0.09736447861027023,-0.0004999152700962937,0.001161018279941134,-2.890352924349562e-06,0.0005897672034756208,-5.287224357585758e-07,0.001040502602614515,-4.5066046085852106e-07,0.2557712601707274,0.08659252881596702,0.16917873135476036
47-4041.00,Hazardous Materials Removal Workers,47-4041,0.0002239771431164315,14.050000000000002,15.720000000000002,17.47,True,-0.10055717682970158,0.0010903826067084116,-0.04738432226903413,-0.001205169541156563,0.00038779416908357506,-1.3901170279698514e-05,-0.0022531610878332234,-6.396244928200978e-05,0.21786272836621023,0.11231139122130562,0.10555133714490461
47-4051.00,Highway Maintenance Workers,47-4051,0.0008993890805889742,12.44,13.77,15.670000000000002,True,-0.10028098853289626,-0.0005309021970656068,-0.0009578570710695327,-5.02143770640603e-05,0.0005669418439658186,-1.822848315480077e-06,0.001010875686976791,-2.783959023586025e-06,0.23083096905689615,0.10157522542953012,0.12925574362736603
47-4061.00,Rail-Track Laying and Maintenance Equipment Operators,47-4061,5.5559222263701856e-05,17.67,17.29,20.25000000000001,True,-0.3916422579097239,-6.092288312224532e-05,0.0010720652263843213,-3.180914405704796e-06,0.00045013168291554366,-4.1091317037728105e-07,0.0009397977306248925,2.5639534375231416e-07,0.1362865072209436,-0.021739986636406083,0.15802649385734968
47-4071.00,Septic Tank Servicers and Sewer Pipe Cleaners,47-4071,8.262984100007631e-05,13.03,13.45,15.74,True,-0.16524015493857974,0.0003881557453470862,-0.006509624279790905,-0.00016423905221788998,0.0007426062146463329,-5.568422442924335e-07,0.0011745216698611633,2.984127911517451e-07,0.18895085185250338,0.03172471491109441,0.15722613694140897
47-4091.00,Segmental Pavers,47-4091,1.8627163844790996e-05,11.35,12.76,12.650000000000004,True,-0.01369291872339521,2.4834375833599363e-05,-7.073176486482977e-05,-6.334884204036257e-06,-0.003371511039323653,-2.906423542041264e-05,-0.005348579452390263,-4.363888716399268e-05,0.10843947124611786,0.11709753398923217,-0.008658062743114314
47-5011.00,"Derrick Operators, Oil and Gas",47-5011,8.843068787215655e-05,12.840000000000002,14.689999999999998,18.17,True,-0.21974489637268058,-0.0006523749872140491,0.00016564554682133254,-1.297256007579081e-05,0.0006767577569495565,2.1219975164253343e-06,0.0011154210688636217,5.931902423684012e-06,0.3472065841462646,0.13460169192397053,0.21260489222229406
47-5012.00,"Rotary Drill Operators, Oil and Gas",47-5012,6.123116142751365e-05,15.71,16.780000000000012,20.910000000000004,True,-0.24786849232852812,0.0005121287601995325,-1.3431008087630772e-05,-1.3806378395212226e-05,0.0008314287732356201,1.779434200159539e-06,0.0012368345781561972,4.668867563595675e-06,0.28593006117301245,0.06589024877153093,0.22003981240148152
47-5013.00,"Service Unit Operators, Oil and Gas",47-5013,7.495983235810356e-05,11.289999999999996,14.410000000000004,16.73,True,-0.16278676551322602,0.0013373988299947442,-0.04043991108690729,-0.0008052345354184172,0.0002895209086192311,-1.1559789943926802e-05,-0.0014514150667924008,-5.321580129213971e-05,0.3932861368371623,0.24400503184986055,0.14928110498730174
47-5022.00,"Excavating and Loading Machine and Dragline Operators, Surface Mining",47-5022,0.0004019342343810264,13.73,15.46,16.37,False,-0.2079867466249209,-0.0006835863416846152,-0.0021455160281794836,-6.297950963422659e-05,0.000646757713675946,1.5730186268139576e-06,0.0011039593095724762,4.640519979013014e-06,0.1758671716031639,0.11867282337939633,0.057194348223767566
47-5023.00,"Earth Drillers, Except Oil and Gas",47-5023,0.00012665182337375191,13.750000000000002,15.65,17.459999999999997,False,-0.2370634256262314,0.002082527804210855,-0.06732390474838137,-0.0013637255355250437,-0.001594821935403657,-4.4942510232193794e-05,-0.008949195876229199,-0.00019774736256864274,0.2388737262988756,0.1294320928735817,0.1094416334252939
47-5032.00,"Explosives Workers, Ordnance Handling Experts, and Blasters",47-5032,0.0001535935344018579,14.045179474459555,15.911572625753688,17.99466465508636,False,-0.17728216798571733,0.00011137071080451251,-0.03439548480703178,-0.0007425930874263514,0.0007789957302269579,-1.9190878319232096e-06,-0.0009625420169613944,-3.899740523441151e-05,0.24779606690288958,0.12476744357323888,0.1230286233296507
47-5041.00,Continuous Mining Machine Operators,47-5041,6.503393882143292e-05,15.729999999999997,17.169999999999998,21.09,True,-0.15534542621985933,0.0007659971250662125,-0.0654724345353544,-0.0013014768773061893,-0.0008729741542849423,-2.6701837255441806e-05,-0.005856175383401804,-0.00012613227702712603,0.293229277420497,0.08759395783919777,0.20563531958129921
47-5043.00,"Roof Bolters, Mining",47-5043,2.6877257173971782e-05,17.48,18.54,20.800000000000004,True,-0.1131279218578395,0.00020739522306471468,-0.09937311104208034,-0.002240560771694087,-0.0003490491323364924,-2.0970686057911813e-05,-0.0028630781268378764,-8.730267523971173e-05,0.17389561647988305,0.058873189910319645,0.11502242656956341
47-5044.00,"Loading and Moving Machine Operators, Underground Mining",47-5044,3.712541998131354e-05,15.72808230105488,16.9133948214589,19.216054939406547,False,-0.14006288028010966,-0.000605855154958309,0.00010587903794059069,-2.3739624189201114e-05,0.0003534964291570507,-5.91223715141355e-07,0.0007917116644936637,-9.042300057089181e-07,0.20029832821423543,0.0726581048146202,0.12764022339961523
47-5051.00,"Rock Splitters, Quarry",47-5051,1.3793124784724127e-05,11.12,12.88,13.489999999999998,True,-0.2233136303598719,-0.00013126473974099518,0.0008637039077963708,-1.2988403420174418e-05,0.00033553187162584347,-2.2247115804766883e-06,0.0007406159755451137,-5.4045207624700815e-06,0.19320338139722804,0.1469304318537712,0.04627294954345684
47-5071.00,"Roustabouts, Oil and Gas",47-5071,0.00019245920844479554,10.080000000000002,10.699999999999998,13.710000000000004,True,-0.1389701436432357,4.46379728823489e-05,-0.0037416818657558582,-0.00011078565971091353,0.00032462824018482167,-2.2098367953390857e-06,0.0007372977743227639,-5.35735051101259e-06,0.3075722309310005,0.059690478824637516,0.24788175210636298
47-5081.00,Helpers--Extraction Workers,47-5081,0.00017873053751420564,9.829999999999998,12.630000000000006,14.37,True,-0.1597501034048461,-0.00020060176754500562,-0.020961069995439865,-0.0004490477392168997,0.00035026970639326913,-4.218866209012128e-06,0.00025847182433213426,-1.6107028724147105e-05,0.3797037659318585,0.25063600220332516,0.12906776372853335
49-1011.00,"First-Line Supervisors of Mechanics, Installers, and Repairers",49-1011,0.0024890144851013626,20.540000000000003,23.37,26.63,True,-0.023234862846854897,0.0007594844569614351,-0.2053119885338144,-0.003635048850691507,-0.01766232813525374,-0.0004786274068066932,-0.05439332472469807,-0.0014040338229020966,0.2596641953254286,0.12907894405035414,0.13058525127507448
49-2011.00,"Computer, Automated Teller, and Office Machine Repairers",49-2011,0.0008384801884321316,14.260000000000002,16.240000000000002,17.84,True,-0.09975103535440766,0.000790093275853538,-0.2668981433388149,-0.006159445246915672,-0.000646522793606366,-3.745252560340316e-05,-0.004387607312713345,-0.0001320252367448287,0.22398471216571325,0.130018919747382,0.09396579241833125
49-2021.00,"Radio, Cellular, and Tower Equipment Installers and Repairers",49-2021,2.9455411339340775e-05,15.489999999999998,17.820000000000004,18.89,True,-0.11626538315083354,0.0016891690840285297,-0.04741717133075072,-0.0009424354637415069,-0.0009388771391629144,-2.0062790699773704e-05,-0.005281704071882722,-6.979709010936684e-05,0.1984380270846411,0.1401267676138862,0.058311259470754884
49-2022.00,"Telecommunications Equipment Installers and Repairers, Except Line Installers",49-2022,0.001113118060898064,20.37,23.190000000000005,25.989999999999995,True,-0.12026447404418528,0.0017949697042770683,-0.15312262221893932,-0.0037509605490116667,-0.0004998359556063672,-2.772727066873577e-05,-0.005399500737539457,-0.00012176189160078835,0.24364861841468421,0.1296579210287261,0.11399069738595813
49-2091.00,Avionics Technicians,49-2091,0.00010029019703285393,19.63,20.730000000000004,23.13,True,-0.18548156388944181,0.0026069342356704744,-0.3606647595225339,-0.006806007911341933,-0.007855387075903887,-0.00017849925901951546,-0.031171145187126312,-0.0006529590043949713,0.16407146795497818,0.054522918159318756,0.10954854979565942
49-2092.00,"Electric Motor, Power Tool, and Related Repairers",49-2092,0.0002273287435314112,13.97,15.529999999999998,16.409999999999997,True,-0.2638626121535146,0.0017180117878367925,-0.049312196549311064,-0.0011158079732794363,0.000624664190372116,9.629652789161042e-07,0.0009058408696311879,2.597221143340905e-06,0.16097873183312883,0.10586146389172502,0.055117267941403814
49-2093.00,"Electrical and Electronics Installers and Repairers, Transportation Equipment",49-2093,9.474716557731059e-05,15.230000000000004,18.89,21.12,True,-0.23577140808276392,0.0036022342851063614,-0.2573202046733942,-0.006102632443962091,-0.0005011096513609167,-3.5202950664938676e-05,-0.003011460129334323,-0.0001027913845565581,0.3269532919309901,0.21536551460634756,0.11158777732464253
49-2094.00,"Electrical and Electronics Repairers, Commercial and Industrial Equipment",49-2094,0.00046103841862211065,17.149999999999995,20.29,22.65,True,-0.06596924554907126,0.00042305127402401553,-0.3348232288669341,-0.004217566780667689,-0.04341983539855015,-0.0005028386909538676,-0.053373585356085065,-0.0006314613699098323,0.2781616783170944,0.16812998022577474,0.11003169809131963
49-2095.00,"Electrical and Electronics Repairers, Powerhouse, Substation, and Relay",49-2095,0.00013264603180823483,22.92,25.02,28.350000000000005,True,-0.09918626309529123,0.0009769852018361174,-0.8026985918445345,-0.01633032184682068,-0.022186386311067986,-0.0005280157117002107,-0.06064936672813085,-0.001369765611553181,0.2126171383272224,0.08766561319222621,0.12495152513499619
49-2096.00,"Electronic Equipment Installers and Repairers, Motor Vehicles",49-2096,9.184674214127048e-05,11.499999999999998,12.64,13.53,True,-0.14006233144196015,0.0027598907689437417,-0.2956708175504939,-0.0077539852808676014,-0.003171141913661916,-8.090994375249077e-05,-0.014634002732426411,-0.00029435042836056054,0.16256240681349254,0.09451935334950701,0.06804305346398554
49-2097.00,Audiovisual Equipment Installers and Repairers,49-2097,0.00016816010543619275,12.03,13.14,15.03,True,-0.08307263583288611,-0.00010457324802650548,-0.06535534076836473,-0.0016396317459578778,0.0008589654453715341,-3.5678900105363757e-06,0.0006407608547087458,-1.3477195130556007e-05,0.22264467377829567,0.08825748306987702,0.13438719070841865
49-2098.00,Security and Fire Alarm Systems Installers,49-2098,0.00024718053060475247,13.96,15.999999999999998,17.02,True,-0.04572685406295298,0.0007239545530492123,-0.14512344705826005,-0.0037250400109131335,-0.09480838808179345,-0.0020297000032227443,-0.06278840542631717,-0.0013230011481861243,0.19819302581100162,0.1363926249055547,0.06180040090544692
49-3011.00,Aircraft Mechanics and Service Technicians,49-3011,0.000811925200528831,18.9,20.940000000000005,23.56,True,-0.1843279800362223,0.0024478263749994566,-0.07733821540269205,-0.0013040012403144855,0.0002768360621039699,-3.025917093077532e-06,-0.0018806713340645174,-3.061526962003343e-05,0.2203884367177893,0.10249928337679437,0.11788915334099492
49-3021.00,Automotive Body and Related Repairers,49-3021,0.0011599115589995112,15.06,15.929999999999998,17.160000000000004,True,-0.23405107170117193,0.0005466225716331717,-0.011072479293304696,-0.00021165665039556117,0.0003976518927114894,-3.5562587553148546e-06,-0.0004011933404222917,-2.268990255213554e-05,0.13053887168806888,0.0561619015502095,0.07437697013785938
49-3022.00,Automotive Glass Installers and Repairers,49-3022,0.00013225930868342948,13.260000000000002,13.06,15.13,True,-0.20793628584931484,-0.00035852818964247587,0.001090733093418599,-8.30671083220864e-06,0.0005759761285087222,-2.2652225796059527e-06,0.001065990131492865,-3.435441467123616e-06,0.13192754304254795,-0.015197860909431427,0.14712540395197937
49-3023.00,Automotive Service Technicians and Mechanics,49-3023,0.0037855037610112965,13.619999999999996,14.97,16.430000000000003,True,-0.13750988101011505,0.0011144847271641171,-0.13645790072656203,-0.0030076187160790547,0.0003713797033655437,-1.1860141364380608e-05,-6.432883049919285e-05,-3.172062929800163e-05,0.1875696313278108,0.0945088977101709,0.09306073361763989
49-3031.00,Bus and Truck Mechanics and Diesel Engine Specialists,49-3031,0.0017616527411966347,14.769999999999998,16.81,18.58,True,-0.20696182888883785,0.0025942344995427873,-0.09816668743746193,-0.0020017217758884448,0.00026516652828300735,-1.0051360547655256e-05,-0.0004066859104890864,-2.9269729976530517e-05,0.22948763684240392,0.1293758508772358,0.10011178596516812
49-3041.00,Farm Equipment Mechanics and Service Technicians,49-3041,0.0002609736553894766,11.42,13.21,14.750000000000002,True,-0.21896264159093295,0.001419901168509532,-0.030644514178171753,-0.0005788896726428506,0.0004657820906178175,-1.7680256003700386e-06,0.0004853945749916941,-7.121232888403907e-06,0.2558768785579648,0.14560791430636977,0.11026896425159505
49-3042.00,"Mobile Heavy Equipment Mechanics, Except Engines",49-3042,0.0007318090598399894,15.750000000000002,17.690000000000005,19.93,True,-0.2631828489510349,0.0038036106831318,-0.1215636859758481,-0.0024463171730630716,0.0004803849982579483,-3.351954751086242e-06,0.0005510865609313924,-6.436531859323739e-06,0.23538576895306118,0.11615914290005191,0.11922662605300927
49-3043.00,Rail Car Repairers,49-3043,4.66001365390446e-05,18.090000000000003,19.040000000000003,21.62,True,-0.22511282067974656,0.0011987951320911383,-0.017950182837370533,-0.00036523189776198236,0.0005334576406185761,-2.5986363716126576e-06,0.0009672875252617836,-4.153488373120515e-06,0.1782595128038582,0.05118272995601547,0.12707678284784274
49-3051.00,Motorboat Mechanics and Service Technicians,49-3051,0.00011891736087764493,13.010000000000002,14.02,16.450000000000003,True,-0.23212267255928987,0.002485676511176972,-0.04539680074935084,-0.0006304425947324377,0.0002551801777563897,-7.755727933384622e-06,-7.726242951175215e-05,-2.288555172304863e-05,0.23460718468696706,0.07476658908203015,0.1598405956049369
49-3052.00,Motorcycle Mechanics,49-3052,7.341293985888215e-05,11.61,13.29,14.57,True,-0.26046000629180627,0.002235073049688769,-0.05775328796585163,-0.001165807816898294,0.0005464086214998813,-4.274212172657897e-06,0.0005664541052411469,-1.2225483797833215e-05,0.2270978244973132,0.13514507701535372,0.09195274748195947
49-3053.00,Outdoor Power Equipment and Other Small Engine Mechanics,49-3053,0.0001711249827263671,10.859999999999998,11.929999999999998,13.490000000000004,True,-0.2700314481240632,0.0004634156610671725,-0.05093935057999497,-0.0012359502031843118,0.0004258674773166588,-4.667623801888053e-06,0.0007458976190304696,-9.785673346468508e-06,0.21686235571387558,0.09396992160403528,0.1228924341098403
49-3091.00,Bicycle Repairers,49-3091,5.2078714140453714e-05,7.719999999999998,9.630000000000004,10.49,True,-0.1509867432405201,-0.0011360638910337462,0.0010795586898867662,6.493364393944344e-06,0.0007335236443570122,4.555034388375226e-06,0.001126407793847044,8.768367920689708e-06,0.30660805837152116,0.22106886177334983,0.08553919659817133
49-3092.00,Recreational Vehicle Service Technicians,49-3092,8.44345489158346e-05,11.86,13.11,15.27,True,-0.15364514495810347,0.0013413233287269124,-0.02362788431820141,-0.00042960506770190013,0.0007233033947642831,-4.039886792989671e-06,0.0010604478848142865,-7.171554221147289e-06,0.25271872566096176,0.1002039042060292,0.15251482145493256
49-3093.00,Tire Repairers and Changers,49-3093,0.0006437650950926382,8.370000000000001,10.019999999999998,10.52,True,-0.15572225581181978,-0.000505725864002849,0.0010403339117309076,-5.211432328709831e-06,0.00043704038254489184,-7.109641018381916e-07,0.0008934879759759684,-1.1424396727897515e-06,0.22862432280817968,0.17992921115533456,0.048695111652845124
49-9011.00,Mechanical Door Repairers,49-9011,6.200460767712434e-05,14.68,14.240000000000002,15.329999999999998,True,-0.18128940075743438,-0.0009953314717305302,-5.568213578056565e-06,-1.1946591597489965e-05,0.0006368651879151426,3.514242128462782e-06,0.0010094295458540291,7.232945640071895e-06,0.043325669697352964,-0.03043111720253977,0.07375678689989273
49-9012.00,"Control and Valve Installers and Repairers, Except Mechanical Door",49-9012,0.00020006476323263406,19.96,20.450000000000003,22.18,True,-0.20712552147257296,0.0019493628269547925,-0.05919931972710999,-0.001095544224669413,0.00048528031954575736,-6.7201595455068515e-06,0.0006933800538668013,-1.4389354419976593e-05,0.1054607110389032,0.02425261160549308,0.08120809943341012
49-9021.00,"Heating, Air Conditioning, and Refrigeration Mechanics and Installers",49-9021,0.0012107656499114145,14.5,16.900000000000002,18.440000000000005,False,-0.21924432528849358,0.0016769061876758706,-0.24159337363058572,-0.006590496204108639,-0.0015740966121209651,-6.55053195410745e-05,-0.0052325568627730815,-0.00017049109987185145,0.24037356870191928,0.15316497250249927,0.08720859619942001
49-9031.00,Home Appliance Repairers,49-9031,0.00021301998791361328,13.949999999999998,14.37,16.14,True,-0.18773685433437012,0.0021137929049373566,-0.06586646576715595,-0.0015438540231299481,0.0004745383334992325,-6.955172131420315e-06,5.4747459558328196e-05,-2.1973591321878132e-05,0.14582115457442812,0.029663191823559032,0.11615796275086909
49-9041.00,Industrial Machinery Mechanics,49-9041,0.0011348390097412977,16.56,18.48,20.36,True,-0.1920686096943658,0.0016286569437106947,-0.1928762720462099,-0.0038993520041564035,-0.00012108577419481042,-1.6147134433096572e-05,-0.001391851267432112,-4.940550081603692e-05,0.2065820427252083,0.10969891725642444,0.09688312546878386
49-9043.00,"Maintenance Workers, Machinery",49-9043,0.0006908164086106224,14.57,15.859999999999996,17.11,True,-0.29387564639333075,0.0010769953434249008,-0.011527642090399805,-0.0002640067121415559,0.00037543932534804677,-6.328708384360824e-07,0.0008202175856947035,2.419420562850569e-07,0.1606984676969887,0.08483559599958834,0.07586287169740036
49-9044.00,Millwrights,49-9044,0.000518144533385034,18.76,20.379999999999995,22.159999999999982,True,-0.30422732679714276,0.000772257296108148,-0.016292862553117217,-0.0003600200589268053,0.0005158865435362168,3.0280730181007385e-06,0.000839123319744009,6.983736376112113e-06,0.16656191830100386,0.08282708421649998,0.08373483408450388
49-9045.00,"Refractory Materials Repairers, Except Brickmasons",49-9045,2.1398679572562666e-05,14.990000000000007,17.74,19.74,True,-0.31456149294544045,-0.0008137560849075712,0.0011348580790512487,-1.6976775099545137e-06,0.0004258594716169237,-1.4440899847267961e-07,0.0008982247587486499,4.787790891784698e-07,0.2752637218908287,0.16843866476692648,0.10682505712390222
49-9051.00,Electrical Power-Line Installers and Repairers,49-9051,0.0006386732406160345,20.969999999999995,23.54,25.269999999999992,True,-0.15181792584380815,0.001331227844191645,-0.07862433999648026,-0.0019244724301377897,0.0006370511763377064,-4.419772602755259e-06,0.0004593452189808557,-1.591613525848649e-05,0.18652507648627425,0.11560825691830212,0.07091681956797213
49-9052.00,Telecommunications Line Installers and Repairers,49-9052,0.0010247518268800416,16.35,19.01,22.7,True,-0.21285691952224167,0.0016244413335172417,-0.16731579224342655,-0.004164345521932441,-0.00013161264161882873,-2.3706171581163885e-05,-0.0020508928093596205,-8.118727465430687e-05,0.32813702714409443,0.15073725915707525,0.17739976798701917
49-9061.00,Camera and Photographic Equipment Repairers,49-9061,3.435390425354187e-05,14.27,15.009999999999998,17.23,True,-0.15874376925743153,0.0014267496151427607,-0.10995121582218692,-0.0015465691111805316,-0.00015563431352733407,-1.8447237625365204e-05,-0.003466691857574782,-7.435118081539948e-05,0.18849261905109316,0.050557214156625285,0.13793540489446787
49-9062.00,Medical Equipment Repairers,49-9062,0.0001265873695196177,16.450000000000003,18.25,19.379999999999995,True,-0.10720329915307747,0.002265370273197591,-0.4584736471039076,-0.009462553221261162,-0.00534274752218298,-0.00012731863832441306,-0.023566874213781324,-0.0004837477411990043,0.163916129251239,0.10383960281711957,0.060076526434119426
49-9063.00,Musical Instrument Repairers and Tuners,49-9063,2.90042343604012e-05,11.63,13.89,15.400000000000002,True,-0.26864102588726785,0.0011646960017821536,-0.04477747051189043,-0.00101285546927525,0.0006345493102984278,-1.760266547523688e-06,0.0005872293661407925,-9.27108010860646e-06,0.2807795428890105,0.1775811902356792,0.10319835265333133
49-9064.00,Watch and Clock Repairers,49-9064,2.4943641549945033e-05,11.789999999999996,13.160000000000002,15.920000000000002,True,-0.24490156492219994,0.0011503596409572407,-0.0642043219158095,-0.0015727209079538938,0.00034726026341220595,-8.966444798573172e-06,8.492661254966348e-05,-2.4997187850122605e-05,0.3003244658669577,0.10993021134789194,0.19039425451906578
49-9071.00,"Maintenance and Repair Workers, General",49-9071,0.007745355197455671,11.989999999999998,14.330000000000002,15.659999999999997,True,-0.17816649127218978,0.0009556837857610784,-0.042383570653589414,-0.0009218094395602508,0.0006288436517134632,-9.399360188706968e-07,0.0010218251242086849,2.8906026594350024e-07,0.2670367215232341,0.1782822728006579,0.0887544487225762
49-9091.00,"Coin, Vending, and Amusement Machine Servicers and Repairers",49-9091,0.00023138933634186737,11.939999999999998,13.36,13.97,True,-0.21949320101814426,-0.0006082601159155902,-0.037308720089980714,-0.0009462277608294176,0.00043947648358233656,-3.1637519667477557e-06,0.0007958133295262045,-6.550029484720699e-06,0.15701806530441464,0.11237106014404397,0.04464700516037068
49-9092.00,Commercial Divers,49-9092,1.5468924992213973e-05,27.17,16.48,20.01,True,-0.15518303379654802,0.003056038547011164,-0.15704140151143603,-0.0032621286691432733,-0.0006446172286229445,-2.4573375319566587e-05,-0.006412359821105601,-0.00010708647898211761,-0.3058812748426143,-0.49996589895693067,0.19408462411431637
49-9094.00,Locksmiths and Safe Repairers,49-9094,7.283285517167413e-05,12.660000000000002,13.83,15.98,True,-0.15456952182086564,-0.0010410827926905647,0.0011091712829247936,3.739626243905168e-06,0.0005953880472827721,2.1281280716087574e-06,0.0010403461732471557,5.273099703459692e-06,0.2328905236220984,0.08839272896063655,0.14449779466146184
49-9095.00,Manufactured Building and Mobile Home Installers,49-9095,8.507908745717685e-05,10.07,11.230000000000002,12.83,True,-0.24484812475712406,0.0013221949495033846,-0.13838694830872564,-0.003517095416883293,0.0005810832111935488,-4.447054548575658e-06,0.00019159661406894807,-1.7303778384500335e-05,0.24222547189707422,0.10902806201988113,0.13319740987719308
49-9096.00,Riggers,49-9096,0.00010215935880274646,15.12,16.25,18.950000000000003,True,-0.17565078715377014,0.00019253745780016898,-0.03273800645088576,-0.0008034342104082367,0.0003937215184653883,-3.1760160001428777e-07,0.0007092399855418675,-9.010972115275186e-07,0.22578556077704848,0.07207453802435948,0.153711022752689
49-9097.00,Signal and Track Switch Repairers,49-9097,2.397683373793166e-05,18.910000000000004,21.01,24.580000000000016,True,-0.10946552259196085,-3.604543579657224e-05,-0.022595882846985983,-0.00043035605738961504,0.0005578545664480606,-3.3497465115657377e-06,0.0009089257323628679,-5.696226974957842e-06,0.2622422214675231,0.10530763218654293,0.15693458928098014
49-9098.00,"Helpers--Installation, Maintenance, and Repair Workers",49-9098,0.0009385125700484486,9.14,10.210000000000004,11.02,True,-0.21341776301114626,0.0004941758834335493,-0.10290960796480135,-0.002601158672929212,7.729332187290786e-05,-8.619302927035402e-06,0.0002453046978856886,-1.854756241066783e-05,0.18705141825870975,0.11070724671051613,0.07634417154819362
49-9099.01,Geothermal Technicians,49-9099,1.9207248531999018e-05,9.53,12.7,15.852154537584482,False,-0.07723021641181818,0.001028190289711092,-0.2874127218657723,-0.00440310097449996,-0.004014963301654139,-9.131887319786236e-05,-0.01891746654519465,-0.0003372041720552426,0.5088607063897594,0.28715727579843486,0.22170343059132458
51-1011.00,First-Line Supervisors of Production and Operating Workers,51-1011,0.004898815183471763,18.61,21.02,23.4,True,-0.027008922108615954,0.0017309358255340674,-0.12332084022600363,-0.003299377859454749,-0.008186489999798168,-0.0003742178860996391,-0.03236999312690566,-0.0013635044450501432,0.22903695170949634,0.12177529479464555,0.10726165691485079
51-2011.00,"Aircraft Structure, Surfaces, Rigging, and Systems Assemblers",51-2011,0.00011646811442054438,17.829999999999995,18.600000000000005,21.84,True,-0.3447405742169927,0.0025945156131449753,-0.1133471283430399,-0.0026164621701280423,0.00031961605031825417,-7.35677667067642e-06,-0.00026002045050548136,-2.44360136565201e-05,0.20286071900165537,0.042279148844106995,0.16058157015754837
51-2021.00,"Coil Winders, Tapers, and Finishers",51-2021,0.00036319746804635726,9.650000000000002,11.48,13.03,True,-0.25381352847677735,0.0011941108189972923,-0.03884263314466821,-0.0009541450756259546,0.00021135023418259716,-5.9697696592550875e-06,0.00043420617395262056,-1.4495222028617616e-05,0.30029647578585905,0.17364847554052565,0.1266480002453334
51-2022.00,Electrical and Electronic Equipment Assemblers,51-2022,0.002497135670722275,9.839999999999998,11.28,12.760000000000003,True,-0.15908578142154522,0.001184487266847218,-0.12148729209245201,-0.0027793655522469003,-0.00024335837822007337,-2.0383557749657563e-05,-0.0028203698429778755,-6.65492690385396e-05,0.25985956685248235,0.13657553500575093,0.12328403184673142
51-2023.00,Electromechanical Equipment Assemblers,51-2023,0.0004500812634192924,10.69,12.519999999999998,13.73,True,-0.2783449462391638,0.0021268819762466228,-0.025400575613312985,-0.0005156511582821636,0.00032528317599752563,-4.13579431213941e-06,0.0006997554658771592,-9.733995805127912e-06,0.25027449474292585,0.1580186406349986,0.09225585410792725
51-2031.00,Engine and Other Machine Assemblers,51-2031,0.0005515316298265624,13.23,15.579999999999991,15.140000000000004,True,-0.29908419834762684,0.0024063808322436694,-0.07620862629199233,-0.0016876180484321714,0.00032094530443559885,-6.233691143184729e-06,0.0005955753082915867,-1.3340688927402797e-05,0.13485326988243873,0.16350106231573758,-0.028647792433298847
51-2041.00,Structural Metal Fabricators and Fitters,51-2041,0.0006083799291729488,12.62,13.939999999999998,14.920000000000002,True,-0.3058012287469862,0.0004953532554003207,-0.000914832836339642,-4.310319075273071e-05,0.0002843147834454678,-2.7762106358397247e-06,0.0006316105022898982,-6.6637241577535295e-06,0.1674197376625477,0.09947954821931049,0.06794018944323721
51-2051.00,Fiberglass Laminators and Fabricators,51-2051,0.0003206579243177688,10.199999999999998,11.869999999999996,12.8,True,-0.18570685703706016,0.0004343938066967958,-0.01995936720410319,-0.0005040321340809128,0.0006705580950783947,-2.3716104701652463e-06,0.0010488238824962511,-3.6404560060937877e-06,0.22705745063534621,0.15162648833135117,0.07543096230399504
51-2061.00,Timing Device Assemblers and Adjusters,51-2061,6.619410819584896e-05,9.9,12.789999999999996,13.67,True,-0.2702628370540263,0.0027177543232452684,-0.013771167981319233,-0.00025123470155733986,0.0004530405663929295,-5.484348866492164e-06,0.0008558748929624252,-1.1953740224212298e-05,0.3226688935953139,0.25612885845020683,0.06654003514510709
51-2092.00,Team Assemblers,51-2092,0.008397177024315087,9.95,11.14,11.839999999999998,True,-0.0700290746136818,-0.00022642895552075313,-0.06813667983849779,-0.0017853067004841585,0.0005694890743007705,-1.034359394757376e-05,6.648181458361775e-05,-2.96618396338483e-05,0.17391107828535812,0.11296968332863644,0.060941394956721684
51-3011.00,Bakers,51-3011,0.0011349034635954318,8.82,10.09,10.859999999999998,True,-0.07766147237269061,-0.00026433072029965923,-0.03217272071590259,-0.0007734063646224975,0.00044142648987454227,-1.1620288534408301e-05,-0.0003995217140972411,-3.3779157055799236e-05,0.20806444448708916,0.13452296434681754,0.07354148014027162
51-3021.00,Butchers and Meat Cutters,51-3021,0.0008950706723619811,11.199999999999998,12.300000000000002,13.209999999999994,True,-0.0008443449029155812,1.2752386038016646e-05,0.0012366332079646908,4.453308693385568e-06,0.0010120301139303486,5.125631328958836e-06,0.0012751816500319163,5.61528651135892e-06,0.16506034023318472,0.09368548407732336,0.07137485615586137
51-3022.00,"Meat, Poultry, and Fish Cutters and Trimmers",51-3022,0.001030552673752122,8.08,8.690000000000001,10.12,True,-0.06754147177408354,-0.00019812750924733032,0.001113237215325058,-4.631223727895058e-06,0.00045043114799095635,-1.1787463790012795e-06,0.0008591212181135474,-2.5574054767326465e-06,0.22512179132631527,0.07278106674429674,0.15234072458201853
51-3023.00,Slaughterers and Meat Packers,51-3023,0.0007539167318080285,9.179999999999998,9.82,10.820000000000002,True,-0.012810933377506382,2.2179287490167776e-06,0.0006499163358233053,-7.755056969463854e-06,0.00016698036463449266,-1.1732146932264804e-06,0.00038361440505588505,-3.820109946665643e-06,0.1643690687859367,0.06739391773397552,0.0969751510519612
51-3091.00,"Food and Tobacco Roasting, Baking, and Drying Machine Operators and Tenders",51-3091,0.00012781199274816796,9.829999999999998,11.89,12.179999999999998,True,-0.18810386139323404,0.0004697025520453525,-0.09315481941644184,-0.002124023745719512,3.5481243773319315e-05,-1.5308174366011945e-05,-0.0012290365641611384,-5.636219668961023e-05,0.2143563281226757,0.19025877654361523,0.02409755157906046
51-3092.00,Food Batchmakers,51-3092,0.0004174031593732404,9.64,10.53,11.410000000000002,True,-0.16753824694231945,0.0015538835215664158,-0.03632323448864801,-0.000706490535347829,-0.00013584671485612591,-2.4668290998929958e-05,-0.0033890580973764037,-9.460711554761723e-05,0.1685690552515302,0.08830721752342985,0.08026183772810036
51-3093.00,Food Cooking Machine Operators and Tenders,51-3093,0.0002857883892311532,9.85,10.310000000000002,10.78,True,-0.26256155749354965,0.001150816446221537,-0.0698447142726294,-0.0015852950576388304,-4.602435911408198e-05,-1.7748474844080855e-05,-0.0014706473850886997,-6.299831159946094e-05,0.09022111029685354,0.04564284284487119,0.044578267451982345
51-4021.00,"Extruding and Drawing Machine Setters, Operators, and Tenders, Metal and Plastic",51-4021,0.0006997754943352797,11.250000000000002,12.719999999999995,13.82,True,-0.27163084967211976,0.0006292204117500706,-0.06456424571799588,-0.0015398165072750575,0.00036162754150747834,-4.804641244506188e-06,0.0005230431607858868,-1.225604600193141e-05,0.20574868968909454,0.12280742926154664,0.0829412604275479
51-4022.00,"Forging Machine Setters, Operators, and Tenders, Metal and Plastic",51-4022,0.00039297514865636917,11.910000000000002,13.099999999999998,14.54,True,-0.3244494017001085,0.0012816287135187813,-0.0066807741980557675,-0.00016967980173616156,0.0004914834638655258,-1.3320135790883052e-06,0.0009563932206577643,-1.651287427348033e-06,0.19952508873816432,0.09523384683989677,0.10429124189826755
51-4023.00,"Rolling Machine Setters, Operators, and Tenders, Metal and Plastic",51-4023,0.000306671437970642,12.949999999999998,13.879999999999995,15.670000000000002,True,-0.244132988218438,0.00025934543172082756,-0.06475771477131219,-0.0015189020365632157,0.00036046125437871977,-2.9772610324090296e-06,0.0004167214286656003,-9.050806829433845e-06,0.19065226822238301,0.06935316693311178,0.12129910128927124
51-4031.00,"Cutting, Punching, and Press Machine Setters, Operators, and Tenders, Metal and Plastic",51-4031,0.0022771546665621657,10.670000000000002,12.119999999999996,13.099999999999998,True,-0.2661464035638535,2.222435957427584e-05,-0.0008001521843986651,-4.2177085187237445e-05,0.00037957168462374196,-6.726701842969159e-07,0.00084500784482624,-6.501891165475789e-07,0.2051761648934436,0.1274209153275061,0.07775524956593749
51-4032.00,"Drilling and Boring Machine Tool Setters, Operators, and Tenders, Metal and Plastic",51-4032,0.0004843062599645659,11.89,13.29,14.54,True,-0.28704134403264814,0.00040314557818953004,-0.0032838325640669594,-9.398818604563682e-05,0.000503385507803348,1.664285477090332e-07,0.0009835824560262367,1.8597742572030648e-06,0.20120576140268298,0.11131416202246358,0.0898915993802194
51-4033.00,"Grinding, Lapping, Polishing, and Buffing Machine Tool Setters, Operators, and Tenders, Metal and Plastic",51-4033,0.0008244937020850049,11.54,12.8,13.77,True,-0.2708843098515902,-8.70228267363338e-05,-0.008722181085369872,-0.00021468210095277715,0.0004277798472593234,-1.1904255902851781e-06,0.000895384087424061,-1.4867350259683742e-06,0.1766730516606101,0.10362590984561804,0.07304714181499206
51-4034.00,"Lathe and Turning Machine Tool Setters, Operators, and Tenders, Metal and Plastic",51-4034,0.0005410256516026838,13.650000000000002,14.57,15.609999999999998,True,-0.26552469678597057,-6.662340599713068e-05,-0.009557364764850368,-0.00024197434176858503,0.0003766317920235799,-2.1685715085903467e-06,0.0008305027380045472,-4.211614452376552e-06,0.1341722128963716,0.06522509857614445,0.06894711432022715
51-4035.00,"Milling and Planing Machine Setters, Operators, and Tenders, Metal and Plastic",51-4035,0.0002309381593629278,12.7,14.48000000000001,15.359999999999996,True,-0.2508889614540953,0.0012489186563057109,-0.0007458030812584845,-3.644741780598981e-05,0.00041877651892436956,-2.1609000271679142e-06,0.0009086459658776751,-3.929579630118832e-06,0.19016473425498015,0.13116639349302517,0.05899834076195498
51-4041.00,Machinists,51-4041,0.002705772796554761,14.3,15.909999999999998,16.939999999999994,True,-0.1797493448646618,0.0023387798986124644,-0.13147277148331846,-0.002438434662387108,-0.0009356107690333798,-2.9338261108015e-05,-0.005191895262978732,-0.00010215090446306,0.16941815195804644,0.10668830508383387,0.06272984687421257
51-4051.00,Metal-Refining Furnace Operators and Tenders,51-4051,0.00012471820774972517,12.94,15.24,16.629999999999995,True,-0.26037244252412495,0.0019654834847707657,-0.042683303839006086,-0.0008935048168384114,0.0005426609968688728,-4.88686148131921e-06,0.0008108242829121084,-1.1095192138196446e-05,0.2508850041320816,0.16360026118574567,0.08728474294633592
51-4052.00,"Pourers and Casters, Metal",51-4052,0.00010054801244939083,12.339999999999998,13.64,15.199999999999998,True,-0.2660702913304868,0.0007943763038371659,-0.003764170647281205,-9.41826154152286e-05,0.00040852123039351884,-2.3787742359885974e-06,0.0008133123409587143,-5.240121225147694e-06,0.2084494093749889,0.10016063393807428,0.10828877543691462
51-4061.00,"Model Makers, Metal and Plastic",51-4061,8.069622537604957e-05,16.14999999999999,20.899999999999995,19.51,True,-0.28268697736180115,0.005684293413354986,-0.31014082387328135,-0.006411674333487086,-0.019100530242155057,-0.00032961794230567054,-0.056172685764221846,-0.0009536626478808514,0.18900710496635487,0.2578291093020999,-0.06882200433574504
51-4062.00,"Patternmakers, Metal and Plastic",51-4062,5.3754514347943564e-05,13.45,17.450000000000006,17.44,True,-0.22431242279127672,0.0016965142257407517,-0.015220180626573637,-0.0003567006975843958,0.0006207235568110971,-4.062989460490446e-06,0.0010549418347470362,-7.240659986617378e-06,0.2597873124329855,0.2603605426005884,-0.0005732301676029117
51-4071.00,Foundry Mold and Coremakers,51-4071,0.00022455722780363952,11.390000000000002,13.05,14.040000000000004,True,-0.28467352569246346,-0.000876978108885902,0.0009797457613780697,-6.762229139004682e-06,0.00026617576371584155,-1.3190084535881596e-06,0.0006270706424911588,-3.43586831659682e-06,0.20917462113857432,0.13605235630961143,0.07312226482896289
51-4072.00,"Molding, Coremaking, and Casting Machine Setters, Operators, and Tenders, Metal and Plastic",51-4072,0.001157849035667216,9.81,11.510000000000002,12.7,True,-0.28599144414178923,0.00026722919330739425,-0.009853178543184316,-0.00024624402427863673,0.0003532273005053793,-1.6404017176806263e-06,0.0008033658769762424,-2.9568796288682306e-06,0.2581997198872741,0.1598139491565198,0.09838577073075427
51-4081.00,"Multiple Machine Tool Setters, Operators, and Tenders, Metal and Plastic",51-4081,0.0006678708365388383,12.0,13.97,14.609999999999996,True,-0.26414701497926374,0.00011731496103149906,-0.0007769427462137854,-2.924027219165116e-05,0.0005578106052083504,2.4991230276080885e-06,0.0009975838827162627,6.670005176112225e-06,0.1967995759746075,0.15200552348087015,0.04479405249373736
51-4111.00,Tool and Die Makers,51-4111,0.0008530467594664665,18.600000000000005,20.67,21.68,True,-0.25918423952026953,0.0029147049917096772,-0.017356324008642055,-0.0002909637407171858,0.000626794498214244,-2.239461529556259e-06,0.0010774555423171625,-3.0351089557920325e-06,0.15322859585228965,0.10552179297452113,0.04770680287776852
51-4121.00,"Welders, Cutters, Solderers, and Brazers",51-4121,0.0026428658349197573,12.58,14.249999999999998,15.509999999999998,True,-0.32177614458463666,0.0016984040471327859,-0.009114751083841759,-0.00020131771664911287,0.0002958729046202033,-4.712193167290896e-06,0.0005918433719279926,-1.20372920078209e-05,0.20937672591615275,0.12464865544236492,0.08472807047378783
51-4122.00,"Welding, Soldering, and Brazing Machine Setters, Operators, and Tenders",51-4122,0.00044266907019385656,12.29,13.99,14.899999999999997,True,-0.3197354297788429,0.0010086235766386638,-0.02035614613410121,-0.0004849943185891569,0.0004496899040318075,-3.85682015139026e-06,0.000885827864733549,-7.269610997920089e-06,0.1925752893734698,0.1295568650994463,0.06301842427402349
51-4191.00,"Heat Treating Equipment Setters, Operators, and Tenders, Metal and Plastic",51-4191,0.00023396749050723635,12.130000000000004,13.63,15.03,True,-0.2939997273721561,0.0008211023035361581,-0.014710493398519769,-0.0003090037237343973,0.0005774400900260501,-9.385671044878487e-07,0.0010031834451677923,-9.363264600548892e-07,0.2143664808089243,0.1165915227524823,0.09777495805644199
51-4192.00,"Layout Workers, Metal and Plastic",51-4192,0.00011595248358747058,13.9,15.369999999999996,16.930000000000003,True,-0.2862232108071931,0.0004986956461213109,-0.0009640403985313154,-4.207450729576046e-05,0.0006202084140593796,-2.0877990648186283e-06,0.0011002123082832248,-2.7054185330854772e-06,0.19719835600839808,0.10052871741385827,0.09666963859453981
51-4193.00,"Plating Machine Setters, Operators, and Tenders, Metal and Plastic",51-4193,0.00037608823887320226,10.760000000000002,12.339999999999998,13.4,True,-0.2076425506377242,0.0009053156134007597,-0.057244458644980775,-0.0013015478415143089,0.00042001164450585415,-7.061104011089994e-06,0.000596269730803207,-1.6882936692780095e-05,0.21941915222322717,0.13701046374360315,0.08240868847962401
51-4194.00,"Tool Grinders, Filers, and Sharpeners",51-4194,0.00018143759938784307,13.19,14.219999999999995,14.899999999999997,True,-0.2701726567489685,0.0010855673517906614,-0.006075932398203524,-0.00014492138784538597,0.0004917457511358712,-2.3655078026697373e-07,0.0009738287732976834,1.1674799092146645e-06,0.12190224622219015,0.07519045764587151,0.046711788576318636
51-5111.00,Prepress Technicians and Workers,51-5111,0.0007048028949577492,13.9,15.22,16.339999999999996,True,-0.06942075693089014,0.0005396169859587779,-0.029129703195807877,-0.0006814440352868415,0.0005007998019254554,-2.0824577401635865e-05,-0.0016663413525552218,-7.818338680122754e-05,0.16172724929521065,0.09072151229689362,0.07100573699831703
51-5112.00,Printing Press Operators,51-5112,0.001642477564902453,12.868946311736485,14.268120365621984,15.236573548462308,False,-0.07264715002322507,0.0004030159932771232,-0.011358809990768633,-0.0002501390339287011,0.0007077235301033939,-1.2926791773913333e-06,0.0007461651520369322,-6.5400405609584904e-06,0.1688815456053372,0.10321055691888681,0.06567098868645038
51-5113.00,Print Binding and Finishing Workers,51-5113,0.0010468594988480807,10.502358506932223,12.346764778676045,13.859676224802127,False,-0.12247872046811954,-0.0005699968970978649,-0.0026331058235384043,-7.816071239886307e-05,0.0005929196371399217,2.9859340397750317e-06,0.001010276187322845,6.5948821957358955e-06,0.2773837814369329,0.16179421586726184,0.11558956556967104
51-6011.00,Laundry and Dry-Cleaning Workers,51-6011,0.001400904519607378,7.249999999999999,8.14,8.860000000000001,True,-0.09893026688702662,-0.0002449575078464596,-0.003514398006456953,-9.416235054221297e-05,0.00037259485926147666,-3.527969803960382e-06,0.0005966577414375515,-9.86704461515169e-06,0.20054529575040636,0.11578871114786571,0.08475658460254065
51-6021.00,"Pressers, Textile, Garment, and Related Materials",51-6021,0.0006014833667805867,7.490000000000001,8.269999999999998,8.869999999999997,True,-0.1255936104393334,-0.0004007311386104204,-0.0017472238918227168,-6.546073487647769e-05,0.00013575727014359865,-1.415840146965769e-06,0.00035725589791390567,-4.807040865255412e-06,0.16910599879235955,0.09906571150647148,0.07004028728588807
51-6031.00,Sewing Machine Operators,51-6031,0.0026024532683775986,7.570000000000001,8.51,9.31,True,-0.14863261515528567,-0.0004494704683525354,-0.00019801594559176999,-3.29927877800265e-05,0.00024281075762738627,-2.1215570339149743e-06,0.0005692812691041802,-5.734287958254529e-06,0.20689602383961825,0.1170488751359251,0.08984714870369315
51-6041.00,Shoe and Leather Workers and Repairers,51-6041,0.00010061246630352505,8.039999999999997,9.400000000000002,10.369999999999996,True,-0.0858045345400647,-0.000293792134234814,-0.001643366881434685,-5.9824700738204985e-05,0.00034794449450802745,-2.633149089570106e-06,0.0006471648296171222,-6.98256714034265e-06,0.254487939050561,0.15628060608508365,0.09820733296547735
51-6042.00,Shoe Machine Operators and Tenders,51-6042,7.37996629836875e-05,8.630000000000003,9.89,11.73,True,-0.08516496202548443,0.00012742208406874415,-0.06601193296785347,-0.0017062161529734835,0.00021209718625920154,-4.369705246810048e-06,0.000476568975603953,-9.61256718051543e-06,0.3069051575700472,0.13627964053928388,0.17062551703076334
51-6051.00,"Sewers, Hand",51-6051,0.00015410916523493173,8.06,8.65,10.1,True,-0.12569631372973866,-0.0011589888627740845,0.0009523788023615708,-6.1356693423834666e-06,0.00035974071181438336,-1.7214227942006827e-06,0.0007016115914991308,-3.853948260759822e-06,0.22562186732867673,0.07064576442525095,0.15497610290342578
51-6052.00,"Tailors, Dressmakers, and Custom Sewers",51-6052,0.00020825040270768062,9.29,10.509999999999998,11.58,True,-0.030713863540957252,-4.2741464648855785e-05,0.0003317770801181645,-1.732812985093454e-05,0.000673730532336092,-2.6256576485835356e-06,0.0009435052657709164,-5.4598235993151475e-06,0.22034091931910194,0.12338863206311235,0.09695228725598959
51-6061.00,Textile Bleaching and Dyeing Machine Operators and Tenders,51-6061,0.00028649738162662964,9.09,10.3,11.36,True,-0.17817283839392528,0.0014471641134805996,-0.04145511082167331,-0.0009210199915575365,0.00039864958763787494,-7.482403320861397e-06,0.0005583752328768346,-1.8968520574333605e-05,0.2229235051036178,0.12496898704620252,0.09795451805741529
51-6062.00,"Textile Cutting Machine Setters, Operators, and Tenders",51-6062,0.0002569775164331546,8.979999999999999,9.87,10.79,True,-0.19528323572338183,0.0010577980495865035,-0.052840049539190845,-0.0011575958911943234,0.00016407033808642278,-9.414629753150726e-06,-0.00037754491597511005,-3.338959170853385e-05,0.18361989695593506,0.09449997113128195,0.08911992582465311
51-6063.00,"Textile Knitting and Weaving Machine Setters, Operators, and Tenders",51-6063,0.0005120214172422826,10.000000000000002,11.369999999999996,11.78,True,-0.22229496610256352,0.002065392186894178,-0.03712573236739768,-0.0008523621100322183,0.00018365635301193927,-6.192856301805185e-06,0.000406893428886023,-1.616300821517972e-05,0.16381808522939467,0.1283932147683986,0.03542487046099607
51-6064.00,"Textile Winding, Twisting, and Drawing Out Machine Setters, Operators, and Tenders",51-6064,0.0005372873280628987,9.909999999999998,10.620000000000006,11.230000000000002,True,-0.18794820288658476,3.183563696207198e-05,-0.012514180324114978,-0.0003133130446866395,0.00035717442908632044,-2.579932832715442e-06,0.0007953468788035053,-5.328654613417284e-06,0.12504442040845554,0.06919466747189684,0.055849752936558694
51-6091.00,"Extruding and Forming Machine Setters, Operators, and Tenders, Synthetic and Glass Fibers",51-6091,0.00023080925165465936,11.970000000000002,13.550000000000004,14.339999999999998,True,-0.28080741924555735,-0.00015407768756864684,0.00035685289895775584,-1.4314919644217557e-05,0.0005728877403692115,-4.0431804003099854e-08,0.0010651585456691347,1.4464388908010406e-06,0.18064931560159225,0.12398302775582826,0.056666287845763996
51-6092.00,Fabric and Apparel Patternmakers,51-6092,0.00010905592119510852,10.630000000000004,13.720000000000002,17.180000000000003,True,-0.027967276037296145,8.742259801172531e-05,-0.006012191942701473,-0.00015030637262727586,0.0015548280539464934,-1.1094084750993555e-07,0.0014018501405766719,-2.8451420274684657e-06,0.4800657242022526,0.2551744299438825,0.22489129425837007
51-6093.00,Upholsterers,51-6093,0.0002924915900611126,10.98,12.179999999999998,13.5,True,-0.09850276985298334,-0.00041500402013945793,0.0007995539712991885,-6.031717078960206e-07,0.0008734779237338802,4.7136343837697505e-06,0.0012157037970533665,8.124038163822846e-06,0.2066142493629992,0.10371982620036624,0.10289442316263298
51-7011.00,Cabinetmakers and Bench Carpenters,51-7011,0.000882437716951673,10.46,11.81,13.45,True,-0.18922791421644145,0.0011088287537973807,-0.014693905905974304,-0.0003275039645129511,-0.0003014955525232258,-1.095755873565019e-05,-0.0025943517821164297,-3.972127720993498e-05,0.2514206474110714,0.12138817157249404,0.13003247583857735
51-7021.00,Furniture Finishers,51-7021,0.0002451824611265915,9.859999999999998,11.130000000000004,12.420000000000002,True,-0.10518009935452828,-2.7240381331854213e-05,-0.002430637395001725,-6.641549561614759e-05,0.0007878414188796075,-7.243387755174591e-07,0.0010070521552508738,-2.758271263060147e-06,0.23082190789078894,0.12115799667291016,0.10966391121787877
51-7031.00,"Model Makers, Wood",51-7031,3.1646842379904426e-05,11.839999999999998,12.24,14.449999999999998,True,-0.24901000466307116,0.0007713509978734606,-6.102097001331637e-05,-2.752120749490405e-05,0.0007021508771290294,-3.610198750568079e-06,0.0011361219039270774,-5.54911876750699e-06,0.1992107851025815,0.03322564762832059,0.1659851374742609
51-7032.00,"Patternmakers, Wood",51-7032,3.751214310611889e-05,14.480000000000002,14.249999999999998,15.629999999999995,True,-0.16227414940519044,-0.00029515858814648996,-0.0005701219726462973,-3.7418612843235753e-05,0.0008506899792692478,1.2936502632017227e-07,0.0013097646337350611,2.056846904772258e-06,0.07642375747581465,-0.01601148024291099,0.09243523771872564
51-7041.00,"Sawing Machine Setters, Operators, and Tenders, Wood",51-7041,0.0003529493052390155,9.71,10.65,11.939999999999998,True,-0.2684116988729275,8.53592398975271e-05,-0.002532107807779839,-8.081451713283618e-05,0.00030787719272010606,-1.7552970947151395e-06,0.0007230208632092209,-4.2503287470377675e-06,0.20673782566122245,0.09240360985220075,0.1143342158090217
51-7042.00,"Woodworking Machine Setters, Operators, and Tenders, Except Sawing",51-7042,0.000668064198101241,9.650000000000002,10.760000000000002,11.63,True,-0.27196887453400576,0.0004649837071704814,-0.0034088948590420684,-9.161105854696094e-05,0.0003322974012438852,-1.3896371796220486e-06,0.0007823254216292444,-2.5998930042177026e-06,0.18663005117967835,0.10887763938274375,0.0777524117969346
51-8011.00,Nuclear Power Reactor Operators,51-8011,2.0883048739488865e-05,26.73,29.71999999999999,33.85,True,-0.04732139699125019,0.00035101434169329017,-0.11828979570863904,-0.001904346871613964,-0.004937769400042332,-0.00010719979542889877,-0.029696101290613494,-0.0004998676233799719,0.23615246920745658,0.10603368969873062,0.13011877950872597
51-8012.00,Power Distributors and Dispatchers,51-8012,9.075102662098866e-05,22.6,26.449999999999992,30.44,True,-0.07397355855064743,0.0006085083877663827,-0.05584868419833222,-0.00115007243187461,0.0014743351333446717,-3.7152912934358987e-06,0.0010429827062170723,-1.2573043170066324e-05,0.29780762671524474,0.15730625202606774,0.140501374689177
51-8013.00,Power Plant Operators,51-8013,0.00022114117353452562,21.300000000000004,24.45,27.230000000000004,True,-0.13809603424096545,0.001475474669193965,-0.07443570463501666,-0.0013348948617123496,0.000669528151777804,-9.842815225280467e-06,0.0002290912323451254,-2.6765755822965876e-05,0.24561223397028886,0.13792314320550147,0.10768909076478739
51-8013.03,Biomass Plant Technicians,51-8013,0.00022114117353452562,21.300000000000004,24.45,27.230000000000004,True,-0.14849170331648848,0.0015324514766952215,-0.15907995192428936,-0.0026205486960919604,-0.0010998624627380836,-4.382691485331093e-05,-0.008236363205863318,-0.00018138475146820394,0.24561223397028886,0.13792314320550147,0.10768909076478739
51-8013.04,Hydroelectric Plant Technicians,51-8013,0.00022114117353452562,21.300000000000004,24.45,27.230000000000004,True,-0.17474457275106461,0.0021250166294874613,-0.1227858164637068,-0.0018639152927952703,0.00037652741337369387,-9.95128131315744e-06,-0.0006762317506624242,-3.307030202457745e-05,0.24561223397028886,0.13792314320550147,0.10768909076478739
51-8021.00,Stationary Engineers and Boiler Operators,51-8021,0.00036319746804635726,18.54,20.87,22.9,True,-0.1782121143000075,0.003039169811238683,-0.12317916235819851,-0.0021653307393527713,-0.007617519349513297,-0.00011682400142489798,-0.022518036545329908,-0.0003371440110301128,0.21120635042248503,0.1183821609514002,0.09282418947108484
51-8031.00,Water and Wastewater Treatment Plant and System Operators,51-8031,0.0005274258883803623,14.460000000000004,16.299999999999997,17.829999999999995,True,-0.17451128296833499,0.0032623832887371967,-0.13777628884036838,-0.002794069776490805,-0.0014953522967600854,-5.2099780401473055e-05,-0.010315419938952946,-0.00024032253732867367,0.20949621514442995,0.1197788910820976,0.08971732406233235
51-8091.00,Chemical Plant and System Operators,51-8091,0.0004145671897913345,18.879999999999995,21.180000000000003,24.45,True,-0.16424008179226252,0.0028614675119661213,-0.14239508076104307,-0.002530204081586885,-0.00032660694468032345,-2.5150287717229295e-05,-0.005891997039608979,-0.00011356491418961748,0.2585270552035266,0.11495417945590614,0.14357287574762045
51-8092.00,Gas Plant Operators,51-8092,0.00010789575182069248,20.89,23.45,26.27,True,-0.14385595335827622,0.0026605722749668444,-0.3446601546633828,-0.007906577512447622,-0.0009942293075540854,-4.8734977862047274e-05,-0.006346557022516022,-0.00016714637754533176,0.2291570281289741,0.11559991932381397,0.11355710880516012
51-8093.00,"Petroleum Pump System Operators, Refinery Operators, and Gaugers",51-8093,0.00022152789665933097,21.550000000000004,24.020000000000003,25.49,True,-0.15095288930456774,0.0015815954111593534,-0.13945917280655717,-0.0030327295989128564,-0.00019362027338067555,-2.682442732880078e-05,-0.004712207653209472,-0.00011681457079808197,0.1679104018382671,0.10851100010208059,0.05939940173618652
51-9011.00,Chemical Equipment Operators and Tenders,51-9011,0.00032923028691762076,16.58,18.620000000000005,21.180000000000003,True,-0.14955813907991125,0.0027980632206944553,-0.18554408289369834,-0.003586539756303713,-0.00086604139298162,-4.186401661843319e-05,-0.0070644659631704625,-0.0001692845739210328,0.24486019046611185,0.11603912214177248,0.12882106832433937
51-9012.00,"Separating, Filtering, Clarifying, Precipitating, and Still Machine Setters, Operators, and Tenders",51-9012,0.00021572704978725071,13.23,15.249999999999998,17.28,True,-0.25710818895475873,0.002897213985771414,-0.11361988484751423,-0.002170421706868864,0.00020626979757092686,-1.45448767754836e-05,-0.001650474706074026,-5.760147347689876e-05,0.2670627852490455,0.14209252492655633,0.12497026032248915
51-9021.00,"Crushing, Grinding, and Polishing Machine Setters, Operators, and Tenders",51-9021,0.0003202712011929635,11.709999999999996,12.960000000000004,13.790000000000004,True,-0.1783356467960463,0.0014602377270160043,-0.07624621629887801,-0.0017901700903981813,0.00044569838209138865,-7.3128234275009235e-06,0.0001944810213933318,-2.1695900272928202e-05,0.1635005141955852,0.10142451331450353,0.06207600088108167
51-9022.00,"Grinding and Polishing Workers, Hand",51-9022,0.00031911103181854743,10.15,11.1,11.95,True,-0.2880617851819089,-0.00023109101529683433,-0.011502756229098462,-0.0002989943445325295,0.00040242313969582376,-1.397630849460948e-06,0.0008564130173577608,-2.134181135239869e-06,0.16325757288972342,0.08947140283049215,0.07378617005923127
51-9023.00,"Mixing and Blending Machine Setters, Operators, and Tenders",51-9023,0.000738254445253412,12.259999999999998,13.430000000000009,14.59,True,-0.19456762948873832,0.0017136472001399502,-0.07994517653327025,-0.0019111319560864404,0.00030632415255213793,-8.74492306258393e-06,0.0001355546023966577,-2.469417555069708e-05,0.17399443202662912,0.09114908002708155,0.08284535199954757
51-9031.00,"Cutters and Trimmers, Hand",51-9031,0.0002165004960368614,9.78,10.79,11.189999999999998,True,-0.1880632659004905,-0.0006898818734023936,0.000892910472468453,-8.782523741514483e-06,0.00031782252645349277,-2.5270839262794614e-06,0.0006459085502080433,-5.4887704673500275e-06,0.13468103827710776,0.09828029522331727,0.036400743053790485
51-9032.00,"Cutting and Slicing Machine Setters, Operators, and Tenders",51-9032,0.000548244483265717,10.869999999999996,12.53,13.7,True,-0.19135186953130714,-0.0004961971517830554,-0.01553253402277068,-0.00037759690571438707,0.0003704523937082588,-4.6007242785036515e-07,0.0007685676352727081,-3.9095588595496e-07,0.23138913170096131,0.14211906777485916,0.08927006392610215
51-9041.00,"Extruding, Forming, Pressing, and Compacting Machine Setters, Operators, and Tenders",51-9041,0.00047760305913460645,11.44,13.05,13.460000000000004,True,-0.28219444148487394,0.0008992529625770195,-0.038500125025614375,-0.0007479115477519449,-0.0020111469166724815,-4.27173154382356e-05,-0.008727854634035843,-0.00016470739010414953,0.1626063382649301,0.1316721478170506,0.030934190447879484
51-9051.00,"Furnace, Kiln, Oven, Drier, and Kettle Operators and Tenders",51-9051,0.00019104122365384257,12.519999999999998,13.949999999999998,14.779999999999996,True,-0.15242019855754346,0.00011027190365882488,-0.12429166412487748,-0.0027681788263664246,-0.0005285019137647833,-2.678337263092044e-05,-0.003077424510124175,-9.811336874176144e-05,0.16594754984810312,0.10815214259542216,0.05779540725268095
51-9061.00,"Inspectors, Testers, Sorters, Samplers, and Weighers",51-9061,0.003723176884063501,11.68,13.340000000000003,14.57,True,-0.09209212778512987,0.0013200626779893778,-0.5488461179614713,-0.009279365650202459,-0.006941284056896716,-0.00013421853314770193,-0.027156555757380105,-0.00045170430279303396,0.22108664280703216,0.13288906308739667,0.08819757971963549
51-9071.00,Jewelers and Precious Stone and Metal Workers,51-9071,0.0001849181075110912,11.189999999999998,13.06,15.0,True,-0.16377779934719466,0.0011703507353214872,-0.08473319746365339,-0.001886344761163114,-0.01851322582623478,-0.0004116023222669823,-0.04757226559179445,-0.0010278333200405372,0.2930296787783764,0.1545336015244514,0.138496077253925
51-9071.06,Gem and Diamond Workers,51-9071,0.0001849181075110912,11.189999999999998,13.06,15.0,True,-0.04861569650945915,0.0007715140687002758,-0.03399382919692724,-0.0007356796332546994,0.0007597319771404439,-1.564950362598484e-05,-0.00037659943607193684,-4.4837783894026863e-05,0.2930296787783764,0.1545336015244514,0.138496077253925
51-9081.00,Dental Laboratory Technicians,51-9081,0.0002767648496523617,12.46,14.1,16.099999999999998,True,-0.14170923493505658,0.0006096542492561921,-0.02424795918940693,-0.0005350864650906439,0.00086921655659672,-4.015580227293835e-06,0.000327791857188257,-2.035083166478264e-05,0.2562957586311101,0.1236512840248154,0.1326444746062947
51-9082.00,Medical Appliance Technicians,51-9082,8.772169547668008e-05,10.970000000000002,13.409999999999997,15.689999999999996,True,-0.20981743053038426,0.0006595795801877848,-0.013368798113585698,-0.00029957228922286756,0.0011490108842605036,7.228819126437551e-06,0.001346728195041629,1.0527204683694711e-05,0.3578592924578019,0.20083642300644788,0.15702286945135402
51-9083.00,Ophthalmic Laboratory Technicians,51-9083,0.0002229458814502839,9.489999999999998,10.670000000000002,12.76,True,-0.21233856789870142,0.0004666813309405965,-0.010298441418977487,-0.00024064702363064245,0.0006229133546901778,-2.70322806441313e-06,0.0009449924498710034,-6.000973053057861e-06,0.2960766652948075,0.1171974526918258,0.17887921260298167
51-9111.00,Packaging and Filling Machine Operators and Tenders,51-9111,0.0024476995646013247,9.009999999999998,10.45,11.42,True,-0.20510662895078283,-0.0008282714701486818,-0.0009461896813642843,-4.718896255007122e-05,0.000419299924571619,-1.7504134608454498e-06,0.0008752150700135888,-3.4590767670652336e-06,0.23703113260761777,0.14826690679057375,0.08876422581704402
51-9123.00,"Painting, Coating, and Decorating Workers",51-9123,0.00022417050467883417,9.56,10.41,11.150000000000002,True,-0.2545578543083292,0.00036799728623000146,-0.0007049177776259885,-4.543187271603138e-05,0.0003404373923999572,-5.181221313955165e-06,0.0006705146833597155,-1.125648193751901e-05,0.15385177084281798,0.08517915556356748,0.0686726152792505
51-9124.00,"Coating, Painting, and Spraying Machine Setters, Operators, and Tenders",51-9124,0.0009508877100422199,11.787196881919636,13.587274820405003,14.476742077593116,False,-0.16427618838476432,0.0004160315006488109,-0.083752702542974,-0.002032289482141724,7.355147603713109e-05,-1.150807672574658e-05,-0.0004707555440550931,-3.775217684391855e-05,0.20552943458578987,0.14211974733938249,0.06340968724640739
51-9141.00,Semiconductor Processing Technicians,51-9141,0.000271415179759221,12.45,13.29,15.32,True,-0.2129001612186542,0.0016813579614807,-0.12126105608382397,-0.0029768715204696425,0.00029723838327694855,-1.2666133014291629e-05,0.0002486353353961091,-2.8655728460824555e-05,0.20743854140172857,0.06529124981443735,0.14214729158729122
51-9151.00,Photographic Process Workers and Processing Machine Operators,51-9151,0.0004926852610020151,9.02395667708154,9.33012918803808,10.157354177104686,False,-0.07955784814409819,0.0004978451110896197,-0.062126447948466106,-0.0015436107755676613,0.0007141600018756066,-1.0908450423866982e-05,-0.0015622989855142984,-6.774174567243547e-05,0.11831509870813939,0.03336596739523179,0.0849491313129076
51-9161.00,Computer Numerically Controlled Tool Operators,51-9161,0.00108392046497526,13.070000000000002,14.14,13.330879892853693,False,-0.21266507977716248,0.0005752959674894335,-0.01384603120867245,-0.0003027173469035609,0.0007232982354987726,3.0968336492600104e-06,0.0010983111478724244,6.894457510467462e-06,0.01976361284216699,0.07868813283229592,-0.05892451999012893
51-9162.00,Computer Numerically Controlled Tool Programmers,51-9162,0.0001558494192965558,17.26999999999999,18.43,12.687297013417565,False,-0.12780365971211516,0.0011392031450520646,-0.15475228409331881,-0.00353040726664803,-6.807233595870592e-05,-2.1417633568732917e-05,-0.005150880976196052,-0.00011557946232724973,-0.3083696344270228,0.06500887952314516,-0.37337851395016797
51-9191.00,Adhesive Bonding Machine Operators and Tenders,51-9191,0.00020908830281142555,10.23,11.239999999999998,12.64,True,-0.16537827451334244,0.00034586991328558323,-0.06751272453681494,-0.0015273787078691036,0.00028393603208149115,-5.439752465396876e-06,0.00031757268110079167,-1.5771197485591057e-05,0.21154180875517614,0.0941542645020097,0.11738754425316644
51-9192.00,"Cleaning, Washing, and Metal Pickling Equipment Operators and Tenders",51-9192,0.00012149551504301392,9.41,11.070000000000002,11.070000000000002,True,-0.2697803571827523,0.0019645752146024613,-0.0624094477964545,-0.001240276706173449,-1.2478949933499223e-05,-1.180333489725688e-05,-0.0007694059137675872,-4.06876339075506e-05,0.16246579312325737,0.16246579312325737,0.0
51-9193.00,Cooling and Freezing Equipment Operators and Tenders,51-9193,3.996138956321944e-05,9.36,10.310000000000002,11.38,True,-0.2949116616508856,0.0018022895409596062,-0.024468972908127357,-0.00048057582732955644,0.000514729493212168,-1.4508869947352873e-06,0.00034897931070256786,-1.0081220914578982e-05,0.1954121382086842,0.09666900753936813,0.09874313066931606
51-9194.00,Etchers and Engravers,51-9194,6.071553059443985e-05,9.500000000000002,10.69,12.76,True,-0.16663288397082535,0.0008839717999736907,-0.030986121874847183,-0.0007436308466110915,0.0004937605480969846,-5.550390099005635e-06,0.0008217486248521442,-1.1962062750587827e-05,0.2950234793101485,0.11801692643045847,0.17700655287969003
51-9195.03,"Stone Cutters and Carvers, Manufacturing",51-9195,0.00022114117353452562,10.470000000000002,11.910000000000002,12.810000000000002,True,-0.2465667677792275,0.0003270201100907096,-0.0020307186009157437,-7.466963771545646e-05,0.00047957257466993815,-3.873713931223033e-06,0.0008603457389139819,-7.700882271902907e-06,0.20171209102619736,0.1288643584847633,0.07284773254143406
51-9195.04,"Glass Blowers, Molders, Benders, and Finishers",51-9195,0.00022114117353452562,10.470000000000002,11.910000000000002,12.810000000000002,True,-0.2326226846703901,0.002067557849389895,-0.033955392691175104,-0.0007957110672504234,0.0006543910718235533,-4.37745770630328e-06,0.0009348294368801813,-9.117037551196095e-06,0.20171209102619736,0.1288643584847633,0.07284773254143406
51-9195.05,"Potters, Manufacturing",51-9195,0.00022114117353452562,10.470000000000002,11.910000000000002,12.810000000000002,True,-0.07466989714088927,-0.0007107535363600442,-0.00420234676436596,-0.00010395725025813859,0.0005863463801202469,-1.604525645824543e-06,0.0007944024436578017,-5.592314845728808e-06,0.20171209102619736,0.1288643584847633,0.07284773254143406
51-9196.00,"Paper Goods Machine Setters, Operators, and Tenders",51-9196,0.0007659051486769944,12.82,13.91,15.410000000000002,True,-0.18489745626604387,-0.00036348442155942085,-0.007628689209168254,-0.0001954781075475359,0.0004282893632315571,-5.279424528984145e-07,0.0008763749209511908,-4.173739802289899e-08,0.18401019783950057,0.08160155444282768,0.10240864339667288
51-9197.00,Tire Builders,51-9197,0.00010750902869588713,17.930000000000003,19.01,20.06,True,-0.17012513772574867,-0.0004503886416915801,0.0006353286804230095,-1.535982059640309e-05,0.00024793285834098577,-1.7278246001091274e-06,0.0005975501701138425,-4.836110161513153e-06,0.11225249491674782,0.058489868883296214,0.05376262603345161
51-9198.00,Helpers--Production Workers,51-9198,0.003764491804563539,8.370000000000001,9.42,10.14,True,-0.17074951553097467,0.00011697427566071151,-0.05895581581231592,-0.0013191323079213076,-0.0001334725439830107,-1.1210746340073828e-05,-0.001068718628559136,-4.3768970826694126e-05,0.19183411366165304,0.1181812040868877,0.07365290957476534
53-1041.00,Aircraft Cargo Handling Supervisors,53-1041,5.214316799458794e-05,17.02,17.640000000000004,18.16,True,-0.00209208620888949,-2.2131745171380508e-05,0.0012892830509225086,7.487816618717098e-06,0.00151155642859417,9.342189504654862e-06,0.0015183299671385926,9.911337907694702e-06,0.06483225002791926,0.0357799274334174,0.029052322594501856
53-1042.00,"First-Line Supervisors of Helpers, Laborers, and Material Movers, Hand",53-1042,0.0008908167179891223,15.88,18.16,19.540000000000003,True,-0.013855843149673119,0.00029673267763551093,-0.014987096291497725,-0.00016505715128987118,0.0005496029577551744,-2.7459600180977077e-05,-0.002475676221895099,-0.00012733267174745336,0.20740319079564706,0.13416091735415758,0.07324227344148948
53-1042.01,Recycling Coordinators,53-1042,0.0008908167179891223,15.88,18.16,19.540000000000003,True,-0.01896465270892871,0.001360568320098325,-0.03855838517589449,-0.002266754879207841,-0.04123377453942657,-0.0021913596038069497,-0.06275824585968659,-0.0032842245354152166,0.20740319079564706,0.13416091735415758,0.07324227344148948
53-1043.00,First-Line Supervisors of Material-Moving Machine and Vehicle Operators,53-1043,0.0011296182475564254,18.800000000000004,21.08,23.969999999999995,False,-0.021311242174948876,0.0015691147619749846,-0.08140748690307811,-0.003931829303110979,-0.00011015849812451512,-5.126221127998307e-05,-0.007162943289433692,-0.00036970298425834894,0.24294617861038903,0.11446785383725766,0.12847832477313137
53-2012.00,Commercial Pilots,53-2012,0.00012104433806407435,20.567307692307693,23.95673076923077,29.634615384615383,True,-0.012150854507208639,-0.0005021234284070945,-0.08783858731224121,-0.007553542274626425,-0.022425796815263827,-0.0021715501233998766,-0.05224961522363272,-0.004740466197679017,0.3652403067976553,0.1525465086390536,0.21269379815860168
53-2021.00,Air Traffic Controllers,53-2021,0.0001457946180516167,35.61,46.28,54.28999999999999,True,-0.0054536833017626,-2.170237936599084e-05,-0.01400901252956474,-0.0006309159910430168,-0.0008881301313458201,-7.338326836985741e-05,-0.010942573127840433,-0.00048629936239044376,0.42171355062767324,0.2620834050357894,0.15963014559188382
53-2022.00,Airfield Operations Specialists,53-2022,2.9068688214535426e-05,13.15,18.79,18.419999999999995,True,-0.0032012655930320827,-0.00011503345475315951,-0.03769962085529307,-0.0014499812455433868,0.0011639390606958053,-2.9341712381704356e-06,-0.004318782705115142,-0.0001941597339294349,0.337015272203387,0.35690305480160056,-0.019887782598213555
53-3011.00,"Ambulance Drivers and Attendants, Except Emergency Medical Technicians",53-3011,8.714161078947206e-05,8.4,9.14,10.160000000000002,True,-0.003499397133670374,5.589046763181381e-05,0.0009105453039006436,-6.321018254858258e-06,0.0008091713961746682,4.095253510970522e-07,0.0003797621385981168,-1.1290109916158117e-05,0.19022673630106812,0.08442867961679079,0.10579805668427733
53-3031.00,Driver/Sales Workers,53-3031,0.002482826915104477,9.71,9.79,10.28,True,-0.03325788976507923,0.0007102679708680339,0.0011608270384584017,-7.530669343255045e-07,0.000930973097661679,4.677828671651204e-06,0.0011228110377019818,1.00173923362921e-06,0.057043977723785666,0.008205174239185542,0.048838803484600124
53-3032.00,Heavy and Tractor-Trailer Truck Drivers,53-3032,0.010044488628277608,14.739999999999998,16.010000000000005,17.41,True,-0.03598843284152249,-6.027052686288993e-05,0.00048722619505071777,-1.1880995307682514e-05,0.0005872067157379451,-1.0017260978618236e-06,0.0009725436714660579,-1.032630291381999e-06,0.16647986701890716,0.08264864024743312,0.08383122677147403
53-3033.00,Light Truck Drivers,53-3033,0.006993565442834072,10.33,11.579999999999997,12.679999999999998,True,-0.03221548591363949,-0.00044792247658976316,0.0010093333392465482,-6.500478349454941e-06,0.000518406341572161,-1.691005910201421e-06,0.0008965882559516228,-3.446312556894315e-06,0.20497366587753252,0.11422718901330153,0.09074647686423098
53-3051.00,"Bus Drivers, School",53-3051,0.002989756477870156,9.57,10.859999999999998,12.43,False,-0.010801603392443382,0.0004522270713875547,0.0007904489378327316,-2.3189519766614176e-05,0.0006650982205248336,-6.131996954878262e-06,0.00082395601334326,-1.9387325076135026e-05,0.26147970005775667,0.12645310904092621,0.13502659101683046
53-3052.00,"Bus Drivers, Transit and Intercity",53-3052,0.0010326151970844171,11.669999999999998,14.29,15.939999999999998,True,-0.0023344730124068716,-1.6659590267657348e-05,0.0007743160614634009,-1.1279082160879804e-05,0.0004542991124315527,-8.363290684181968e-07,0.0006949842178187466,-5.945521376006566e-06,0.3118102270636043,0.20253854564331153,0.10927168142029275
53-3053.00,Shuttle Drivers and Chauffeurs,53-3053,0.0037608179348778883,9.19864133698974,10.456658635306676,11.739326350092329,False,-0.009460576033454484,-1.5463163076756767e-05,-0.0010785547338648112,-1.2516743995461372e-05,0.0006967501170442119,-7.166086331895432e-07,0.0007453393623536778,-5.905387396938114e-06,0.2438886396247706,0.1281831730858456,0.115705466538925
53-4011.00,Locomotive Engineers,53-4011,0.00012852098514364445,21.19,22.110000000000003,27.649999999999995,True,-0.04950946659847264,-9.447941510818544e-05,-0.008085448864468093,-0.00017040279788967683,0.0007602303268829133,-1.1384311367560324e-05,3.192107845966484e-06,-2.7569334029512004e-05,0.26609635568813594,0.04250062258914733,0.2235957330989886
53-4013.00,"Rail Yard Engineers, Dinkey Operators, and Hostlers",53-4013,3.267810404605202e-05,17.44,18.009999999999998,18.76,True,-0.0424426165565946,-0.0002508950758694097,-0.007421085357572483,-0.00018319921222825663,0.0006700914063110397,1.1278616604040962e-07,0.001044660285282736,9.387870641216442e-07,0.07296052509724493,0.03216074070703101,0.04079978439021392
53-4031.00,Railroad Conductors and Yardmasters,53-4031,0.00023641673696433692,19.44,21.31,28.2,True,-0.023142675838253045,-0.0002545950534021468,-0.0009572925337585445,-3.721050382825646e-05,0.0015420452722707762,1.8362486709447476e-06,0.0012312918297459545,1.4614377639964656e-06,0.37198917891177485,0.09184364707823267,0.2801455318335422
53-5011.00,Sailors and Marine Oilers,53-5011,0.0001753144832450917,11.970000000000002,14.439999999999998,15.659999999999997,True,-0.1306128018618897,-0.0003937400339461547,-0.016595471659063173,-0.0004222940055099497,0.0006254507101242449,1.988030494143746e-06,0.0005000389537212709,1.9576613269224566e-06,0.26870617099277494,0.18759861389479804,0.0811075570979769
53-5021.00,"Captains, Mates, and Pilots of Water Vessels",53-5021,0.00013316166264130863,19.0,24.50999999999999,27.500000000000004,True,-0.02066293662064157,-0.00028023395776186706,-0.008913665693966913,-0.00024271276520664785,0.0014398513311763587,1.1306779571535057e-05,0.0010567031226331298,1.2147193981487016e-05,0.3697470255060855,0.2546422183735806,0.11510480713250493
53-5022.00,Motorboat Operators,53-5022,2.5781541653689958e-05,12.74,12.51,15.659999999999997,True,-0.039576576656118086,-1.607854284080352e-05,0.0006770656209419542,1.764988787806495e-06,0.0008520744505136101,3.4227627012591986e-06,0.0007985941052707081,4.302436231516909e-06,0.20636304041863962,-0.018218325665197543,0.22458136608383716
53-5031.00,Ship Engineers,53-5031,4.382862081127293e-05,21.31,26.01,26.970000000000013,True,-0.1687095763052886,0.0020512832721944407,-0.20311864038114694,-0.005221181277990138,-0.0007530437794350793,-3.682481084306947e-05,-0.005849874629102392,-0.00015881531678325374,0.2355486910411133,0.19930463335003434,0.03624405769107897
53-6011.00,Bridge and Lock Tenders,53-6011,4.492433633155475e-05,14.3,17.969999999999995,18.86,True,-0.04989144239176183,-4.905231952600303e-05,-0.0018189708849835873,-5.5648845150312256e-05,0.00043900693420778007,-7.755869863585458e-06,0.00011666084277102656,-1.875565131559444e-05,0.2767837399394497,0.22844416352960595,0.048339576409843765
53-6021.00,Parking Attendants,53-6021,0.000704738441103615,6.89,7.999999999999998,8.659999999999998,True,-0.005049392860989023,-4.212137484328132e-05,0.0007559727815347252,-5.625269967651246e-06,0.0005012169578314423,1.2212344956533154e-06,0.0008099345631939997,-1.281112549940497e-06,0.2286436375487766,0.14937045665426862,0.07927318089450797
53-6031.00,Automotive and Watercraft Service Attendants,53-6031,0.0007028692793337224,7.109999999999999,8.109999999999998,8.789999999999997,True,-0.055509705737120565,-0.000332935997127767,0.00047015607234172365,-1.1394927585916295e-05,0.0005905338598317653,1.0423993076798878e-07,0.0009890949295937217,2.2956872196334923e-07,0.21211246788193594,0.13159562431217187,0.08051684356976407
53-6041.00,Traffic Technicians,53-6041,3.222692706711245e-05,14.56,16.150000000000002,18.690000000000005,True,-0.04833223498719506,0.0018577467040835835,-0.20127807633348715,-0.0047466846280035556,-0.04484249474707445,-0.0011683214990411775,-0.1350364383214776,-0.003373711244641234,0.24971057869893176,0.1036420069001256,0.14606857179880617
53-6051.01,Aviation Inspectors,53-6051,0.00014463444867720066,20.29000000000001,23.84,24.73,True,-0.039507694025910936,6.854681164490159e-05,-0.29174589398984074,-0.0013367092907697077,-0.05143510780733179,-0.0005477649259956058,-0.1043092463294157,-0.0010092795790840714,0.19788892769560107,0.16123668835942517,0.036652239336175896
53-6051.07,"Transportation Vehicle, Equipment and Systems Inspectors, Except Aviation",53-6051,0.00014463444867720066,20.29000000000001,23.84,24.73,True,-0.04798004789230034,0.00019775155284755918,-0.3559723263825921,-0.0015498570251332065,-0.03860642417443864,-0.00025575502213637865,-0.08020354396017225,-0.0004963569456800777,0.19788892769560107,0.16123668835942517,0.036652239336175896
53-6061.00,Passenger Attendants,53-6061,0.0001468258797177643,8.13,9.05,9.76,True,-0.005109939364675374,1.5553892628856523e-05,0.0009158529336337144,-6.390619488279498e-06,0.00087675228763017,1.9754535821187336e-06,0.0011175167807326168,-3.663592602373722e-06,0.1827314768652819,0.10720383415211554,0.07552764271316637
53-7011.00,Conveyor Operators and Tenders,53-7011,0.0003685471379394979,11.080000000000002,11.869999999999996,13.489999999999998,True,-0.17027139790981513,-0.0003121311957602006,-0.03295619191750627,-0.0007219561188794404,0.0004987778924317348,-3.516456754585221e-06,0.00012338346143288942,-1.8565510877122754e-05,0.1968069889005264,0.06887252730243842,0.12793446159808797
53-7021.00,Crane and Tower Operators,53-7021,0.0003469550968045326,15.289999999999996,17.86000000000001,19.360000000000003,True,-0.15910249260492076,-0.0005072865146517817,-0.0003049504693895199,-3.107247868927463e-05,0.0005055494333582265,-8.800856970064927e-07,0.0009946462581091405,-6.08240090465127e-07,0.23601006190746032,0.15536455550738282,0.0806455064000775
53-7031.00,Dredge Operators,53-7031,1.2310686139636955e-05,12.960000000000004,13.369999999999996,16.46,True,-0.3962976845594368,0.0009659865133897364,-0.0002471803331767679,-2.7502094832462465e-05,0.0004980959500036146,-5.520447566898417e-07,0.0009814714239079789,-3.3597052034497623e-08,0.2390655043247949,0.031145700189722625,0.20791980413507227
53-7041.00,Hoist and Winch Operators,53-7041,5.091854476603767e-05,14.18,15.400000000000002,16.719999999999995,True,-0.21664164180975864,-0.0009254338288817212,0.0010200273009196713,1.133270914796262e-06,0.00043349263831251645,1.1614169656046655e-06,0.0008742693314820111,3.232309693482736e-06,0.16477308655257383,0.08253498831560213,0.0822380982369717
53-7051.00,Industrial Truck and Tractor Operators,53-7051,0.0038073536175627985,11.49,12.679999999999998,13.470000000000002,True,-0.14260895158041714,-0.0003081018440564046,0.0010950555333460402,-3.0570590857117512e-06,0.0003406824632412394,-4.2256138623612535e-07,0.0007649393061380813,-9.194561051529039e-07,0.15898789856160844,0.09854885714841544,0.060439041413193006
53-7061.00,Cleaners of Vehicles and Equipment,53-7061,0.0019489556413106923,7.259999999999998,8.269999999999998,8.979999999999999,True,-0.24489712587458048,-0.000828676471121934,-0.005493868172223935,-0.00014806248741220868,0.00014076822372654387,-2.151355261095048e-06,0.0003511233638334263,-7.242262271163282e-06,0.21262005347740365,0.1302546801988953,0.08236537327850835
53-7062.00,"Laborers and Freight, Stock, and Material Movers, Hand",53-7062,0.013120484362979357,8.75,9.579999999999998,10.53,True,-0.07765349412863043,-0.0006976432165519717,-0.0002308861512930764,-3.280095357809159e-05,0.00032064159125745937,-1.0651919492760047e-06,0.000693476358666125,-2.955089476389178e-06,0.1851746257763609,0.0906238916132458,0.0945507341631151
53-7062.04,Recycling and Reclamation Workers,53-7062,0.013120484362979357,8.75,9.579999999999998,10.53,True,-0.1698990414960243,-0.0008404202606909477,-8.163033523628368e-06,-2.529316403316404e-05,0.00043445460715733274,-1.979596931929494e-06,0.0008097525221472536,-4.8183955760622674e-06,0.1851746257763609,0.0906238916132458,0.0945507341631151
53-7063.00,Machine Feeders and Offbearers,53-7063,0.001136965986927727,9.400000000000002,10.57,11.48,True,-0.16358386771477657,0.0004124451013082897,-0.0728960228473055,-0.001717141529472027,0.00013603648923986495,-7.759706415927307e-06,0.00016269822768279988,-2.090292225492788e-05,0.19989670161546202,0.11731011060618801,0.08258659100927401
53-7064.00,"Packers and Packagers, Hand",53-7064,0.007182286327739083,7.200000000000002,8.14,8.8,True,-0.12661205848641838,-0.0002539008749544499,-0.010322610260559672,-0.00023923183737297151,9.95149580356792e-05,-3.1232303166095883e-06,0.00016242407339136505,-1.0169193017869144e-05,0.2006706954621511,0.1227091539924392,0.0779615414697119
53-7065.00,Stockers and Order Fillers,53-7065,0.011607107867907756,8.35,9.38,9.85,True,-0.01681367559643718,-6.017732726138494e-05,0.0011060956976574987,7.549830510091778e-08,0.0007185248654045527,2.064236697857934e-06,0.001043153053525069,1.4265403539827534e-06,0.1652099163212335,0.11631822415536908,0.04889169216586442
53-7071.00,Gas Compressor and Gas Pumping Station Operators,53-7071,4.4730974769152074e-05,17.87,20.97000000000001,21.82,True,-0.18469431400328964,0.001066093731343798,-0.11454582860471821,-0.00281823211038729,-9.734928973519812e-07,-2.1063704817320303e-05,-0.0017983548960583088,-7.695684055003444e-05,0.1997036512335879,0.15996951574249252,0.03973413549109539
53-7072.00,"Pump Operators, Except Wellhead Pumpers",53-7072,8.688379537293516e-05,15.699999999999998,17.999999999999996,18.75,True,-0.20295597683821687,0.0016474148081438054,-0.11117465119752232,-0.0027508167211059247,0.0004093843316016519,-1.3033011771908291e-05,-0.00033274141992446337,-4.027687907116649e-05,0.17753304006215753,0.13671104554190228,0.040821994520255256
53-7073.00,Wellhead Pumpers,53-7073,9.481161943144481e-05,16.190000000000005,14.89,17.65,True,-0.1748418447230638,0.0014973171494709076,-0.022692498078353385,-0.0004550390662058173,0.00027580109729015184,-5.90438291727309e-06,0.0004152733926591104,-1.6637126692403035e-05,0.08634201568976163,-0.08370392099362656,0.1700459366833882
53-7081.00,Refuse and Recyclable Material Collectors,53-7081,0.0008721895541443312,11.189999999999998,11.56,14.150000000000004,True,-0.05368610357471402,-9.666888812050122e-05,-0.00022178974465295108,-2.028480671415555e-05,0.00011355115490266343,-3.1183688879250925e-06,-5.475696372108361e-05,-1.0715557567583326e-05,0.23469410176541317,0.03253034092039764,0.20216376084501553
53-7121.00,"Tank Car, Truck, and Ship Loaders",53-7121,0.00013425737816159046,12.43,15.900000000000004,15.930000000000003,True,-0.1785252199548618,0.0005824870936068751,-0.018065068586683157,-0.0003840082680156473,0.0006093251209432854,-3.3739976084244597e-06,0.00037910338863740513,-1.5470363732183817e-05,0.2480912183993378,0.24620620370356638,0.0018850146957714031
