onet_code,Title,xi,chi,L0,L_eq,dL,D_o,B_o,dW_bundle,W_o,proj,ln_w_era
11-1011.00,Chief Executives,0.0432880374740697,0.428554446147045,0.0038482818149380314,0.0038511730693871933,2.891254449161919e-06,0.0002444968221278656,3.989032933324467e-08,-0.006775328829625563,15.248349012517153,-8.540278458542941e-05,3.9527809979003132
11-1011.03,Chief Sustainability Officers,0.7319711650522066,0.5689972886910015,0.0038482818149380314,0.00384637545967856,-1.9063552594714497e-06,0.0011164418657553465,1.5515802668580976e-07,-0.036034679315101716,21.75464312986534,-0.000151570640720149,3.9527809979003132
11-1021.00,General and Operations Managers,6.009418790413957,0.2249623046912035,0.014860545063041025,0.01488599525548414,2.545019244311504e-05,0.0002203643002051821,9.151829220560577e-07,-0.0042431581507304545,5.536170837774936,-0.00010019957463942473,3.3043193066856684
11-2011.00,Advertising and Promotions Managers,6.186037763263066,0.3534879230816969,0.0006484057725903024,0.0006492071732393397,8.014006490373107e-07,0.0001759731969113154,2.9356103647483947e-08,-0.0032188487278776673,12.002034335193992,-3.746609276286641e-05,3.190476350346503
11-2021.00,Marketing Managers,0.5228602622859758,0.329644241090433,0.0013065440771548727,0.0013069944199299499,4.503427750771321e-07,0.0004796861464562547,5.378300852110518e-08,-0.012952359525623895,18.329643894732257,-0.00013140048073081363,3.471345141564237
11-2022.00,Sales Managers,5.913709870277248,0.2702259567642287,0.002369581493390644,0.002373160769133571,3.5792757429272716e-06,9.72490620577368e-05,9.343253488213871e-08,-0.0014869584042891452,8.854772035585356,-3.13879479586286e-05,3.420673158162812
11-2033.00,Fundraising Managers,6.22221580559785,0.4352335646664907,0.0004331943536361255,0.00043373823640055454,5.438827644290312e-07,0.00012092091292944003,2.603654321375797e-08,-0.002115223908180546,13.77124141521357,-4.3872630747173115e-05,3.209633243501268
11-3012.00,Administrative Services Managers,5.92454583752824,0.3144911988944552,0.0023430909593414777,0.0023467070369734043,3.6160776319266175e-06,0.00018103266475529042,1.8218909680734286e-07,-0.0031248240793941015,7.849118431044157,-7.49941470814414e-05,3.033990985671082
11-3013.00,Facilities Managers,5.98552485495477,0.161412467670889,0.0023430909593414777,0.0023461313960510414,3.0404367095636375e-06,0.0009673920571460449,1.9034242576367308e-07,-0.013842791971718673,7.037498011875722,0.00011703414276292726,3.033990985671082
11-3013.01,Security Managers,0.5435556012825746,0.4130590289308359,0.0023430909593414777,0.0023436991354232432,6.081760817655199e-07,0.0005807715910602574,1.5240576169939564e-07,-0.015593991171132688,21.257795750565226,-0.00012042720100563446,3.033990985671082
11-3021.00,Computer and Information Systems Managers,0.3670887892730913,0.3243190125393295,0.0018099931317973035,0.001811477163806074,1.4840320087705812e-06,0.00042298955946174714,8.567264823062203e-08,-0.01055978467319902,16.178073426974994,-0.00011110198073262787,3.5544905510752844
11-3031.00,Financial Managers,0.051494081126868,0.2822642132868055,0.004164041246341599,0.004169231319930801,5.190073589201975e-06,0.0003157357135415333,2.2986183559700323e-07,-0.007291401762683071,10.110921858909949,-0.00012747227859577265,3.4216533902295376
11-3031.01,Treasurers and Controllers,6.148192677012326,0.3595297959650215,0.004164041246341599,0.00416974185956773,5.700613226130441e-06,0.00013439795874751575,1.4100568618335898e-07,-0.0026604892095152786,10.339442300171374,-3.989569485702526e-05,3.4216533902295376
11-3031.03,Investment Fund Managers,0.5340934561205879,0.3991306703008781,0.004164041246341599,0.004165350242240894,1.3089958992946668e-06,0.0006368540403178156,2.393681521859265e-07,-0.01916490542600898,15.253484080040252,-0.00020536622555047352,3.4216533902295376
11-3051.00,Industrial Production Managers,1.3134581371015273,0.1989424541118191,0.0013761542396198358,0.0013765485383375132,3.942987176774621e-07,0.0008869043466167736,6.300777632725183e-08,-0.022523198556041304,14.681761792071852,-0.00017671066700191565,3.3548043420924447
11-3051.01,Quality Control Systems Managers,1.4841349685704164,0.4914131197576318,0.0013761542396198358,0.0013733864273196264,-2.7678123002093918e-06,0.0016990845827030226,7.957743721286965e-08,-0.04910409256978679,30.130554483892503,-0.0001254540476948715,3.3548043420924447
11-3051.02,Geothermal Production Managers,1.8948787588329048,0.3841222058814747,0.0013761542396198358,0.0013758744115644887,-2.7982805534711164e-07,0.0017802989774848743,8.796825947743554e-08,-0.037251770312711055,20.305273337467913,6.490905631119388e-05,3.3548043420924447
11-3051.03,Biofuels Production Managers,2.075153839565387,0.3588160067798626,0.0013761542396198358,0.0013755914152794235,-5.628243404122955e-07,0.0022504036146671256,9.147125745398184e-08,-0.04226836892526176,18.21633294583948,0.00019153667732046243,3.3548043420924447
11-3051.04,Biomass Power Plant Managers,2.180300758593517,0.3643382047763537,0.0013761542396198358,0.0013747947369991196,-1.3595026207161368e-06,0.0026550060146668126,9.288315128693349e-08,-0.04780806865030814,18.859895878014843,0.00032995079971192924,3.3548043420924447
11-3051.06,Hydroelectric Production Managers,1.8995174726333008,0.3619763582343961,0.0013761542396198358,0.0013761204992103855,-3.3740409450307846e-08,0.0020325858761518142,8.155171469989149e-08,-0.04049616748332482,20.37654203114519,0.00016154945834886665,3.3548043420924447
11-3061.00,Purchasing Managers,6.1840020285821184,0.1570309886772475,0.0008891409177816324,0.0008902126563435813,1.071738561948853e-06,0.0002995593431376286,3.9125124318008085e-08,-0.00657178428299837,12.376918028415135,-0.00017789601254143797,3.105035008444441
11-3071.04,Supply Chain Managers,1.392188541483666,0.2250395021546922,0.0007956828292870063,0.0007955952924237293,-8.753686327699333e-08,0.000936018566806861,4.483779911254615e-08,-0.020553074201754066,23.87362006453564,-5.7211584380930756e-05,3.1990811975400217
11-9021.00,Construction Managers,1.2297930293988537,0.2799142353404707,0.0015500507380739744,0.0015498613496492605,-1.8938842471388252e-07,0.0009279799042537053,7.039065942339281e-08,-0.024642245738333235,22.242203010953233,-0.00015876686906609021,3.2865344733420154
11-9031.00,"Education and Childcare Administrators, Preschool and Daycare",6.194234097715824,0.5442641815596887,0.00022803773592688768,0.0002279580719569112,-7.96639699764904e-08,0.00028182318295579223,1.0449569219463681e-08,-0.00855524343015801,31.76197462254658,-0.00014141969338389446,2.7606426512213806
11-9032.00,"Education Administrators, Kindergarten through Secondary",6.114996342299024,0.5494181131424678,0.001200259671687536,0.0012010099393672678,7.502676797317785e-07,0.00014295421292880676,1.692383845055484e-08,-0.0036389221982248135,22.5519092115502,-4.51102836822912e-05,3.4315027311574844
11-9033.00,"Education Administrators, Postsecondary",6.00315216044644,0.5891736908121812,0.000616758930210398,0.0006173686539005581,6.097236901601464e-07,9.003694696820016e-05,1.9825996177084692e-08,-0.0016886561981569275,17.954465202121614,-2.6576805931036725e-05,3.277899165317662
11-9041.00,Architectural and Engineering Managers,0.937107716436116,0.4452235315242326,0.001599809113465596,0.001597807836811104,-2.001276654492023e-06,0.0011995514578844932,7.603041739780821e-08,-0.037066975461319214,26.12208656877034,-0.00019479001602952623,3.651177586929925
11-9041.01,Biofuels/Biodiesel Technology and Product Development Managers,1.4881990235757905,0.5500656066314279,0.001599809113465596,0.0015984551334944995,-1.3539799710966197e-06,0.0016930812861807828,1.1756657243213317e-07,-0.0479984581994204,25.511723863484512,-5.2791021947821744e-05,3.651177586929925
11-9051.00,Food Service Managers,5.430672624270965,0.1948816263706342,0.0018558842759408716,0.0018588776403742804,2.9933644334087604e-06,0.00017295249540586323,1.5345813031826264e-07,-0.0027784011009568624,9.749920368494163,-8.069959141190428e-05,2.702702594775615
11-9071.00,Gambling Managers,5.220005326393096,0.2507890520677467,2.9584319047609228e-05,2.9642399603438625e-05,5.808055582939709e-08,6.192540154621396e-05,1.786926920331309e-09,-0.0002273956283685638,7.2939322339040515,-9.943517374549338e-06,3.113959654918641
11-9081.00,Lodging Managers,5.370140969998184,0.3992321234350646,0.00018156650709611152,0.00018168512249109545,1.1861539498392846e-07,9.917188575717775e-06,8.416358621692548e-09,0.0006940497814036481,15.221051895845026,4.677036695421416e-06,2.673458756332591
11-9111.00,Medical and Health Services Managers,0.1088630553768236,0.431270105092554,0.0014865636917517628,0.0014877656271679216,1.2019354161587475e-06,0.0002668384334137441,4.965944486226048e-08,-0.006327470457653889,17.563986690594064,-6.117743319389112e-05,3.2511493854184965
11-9121.00,Natural Sciences Managers,0.7306028221630059,0.525811436126145,0.00023796362946355832,0.00023741073736251243,-5.528921010458849e-07,0.001118002767078549,5.35204454319113e-09,-0.03653626709256514,48.50226934662623,-0.0001915398552117915,3.518980417318539
11-9121.01,Clinical Research Coordinators,0.3788404805495073,0.4717310291252983,0.00023796362946355832,0.00023753870679687176,-4.2492266668655134e-07,0.0005276551724188918,1.2743143062092599e-08,-0.01528343177341237,45.89692680722809,-0.0001442486924021749,3.518980417318539
11-9121.02,Water Resource Specialists,1.151171244999368,0.5199114364580348,0.00023796362946355832,0.00023749801888024632,-4.656105833119955e-07,0.0014474067926656493,1.3363056667141212e-08,-0.043551599102842536,41.21249002029158,-0.00010497126606094531,3.518980417318539
11-9131.00,Postmasters and Mail Superintendents,5.3358018701970575,0.3459666620832203,0.00017357422918346763,0.0001738177761789374,2.4354699546978373e-07,3.397199142811576e-06,1.2790721651463827e-08,0.00118120586005031,11.715254208551157,5.259891598049463e-06,3.052112606990099
11-9141.00,"Property, Real Estate, and Community Association Managers",6.016525751338974,0.1938837711119767,0.0009219479295359529,0.0009231891389071055,1.241209371152601e-06,0.00022165471449672733,8.194188395294971e-08,-0.0033548615370198433,11.207992094047151,-8.421950707582853e-05,2.8172035149987327
11-9151.00,Social and Community Service Managers,0.0112148476474859,0.5411735940745532,0.0005693853474217427,0.0005694414167860148,5.606936427215298e-08,0.0002896660448154292,1.8522326969287112e-08,-0.008320765380256221,25.852924876470222,-0.0001103136628944283,2.8758219768814333
11-9161.00,Emergency Management Directors,0.4692335569122504,0.477072923987171,7.341293985888215e-05,7.342730123211454e-05,1.436137323239427e-08,0.0005097055891713492,2.374237723873225e-09,-0.013713523564857256,25.6103990363824,-6.949153211784687e-05,2.881443127151863
11-9171.00,Funeral Home Managers,5.699652055368022,0.2931433281835096,0.0001530134497146499,0.00015318879888716433,1.753491725144335e-07,0.00013118571915238356,1.3964235378951743e-08,-0.0020620530414786247,13.184743885070823,-8.025451079337012e-05,2.8763855159214247
13-1011.00,"Agents and Business Managers of Artists, Performers, and Athletes",5.98481568121195,0.4061452098540085,4.692240580971572e-05,4.697721163375117e-05,5.480582403544562e-08,9.845927581306918e-05,3.490819111757551e-09,-0.0010827097107704577,15.805925829442794,-3.424685075391767e-05,3.2188758248682006
13-1021.00,"Buyers and Purchasing Agents, Farm Products",4.37583793939748,0.0722859425590822,0.00013889805565925464,0.00013909037253799267,1.9231687873802602e-07,0.00030263313400379776,1.4654675403078714e-08,-0.005114096167331293,10.577683767394998,-1.111095330496059e-05,2.8296776892239084
13-1022.00,"Wholesale and Retail Buyers, Except Farm Products",0.4109924160227859,0.1263459724852309,0.0008576874369641307,0.0008586227071522184,9.352701880877001e-07,0.00048348912539992637,6.061084916088493e-08,-0.010479803436367742,16.182005930095563,-0.00024614453716539583,2.804571768092832
13-1023.00,"Purchasing Agents, Except Wholesale, Retail, and Farm Products",0.5520027690977645,0.1791582034742468,0.0014444753250021142,0.001445673422511224,1.198097509109942e-06,0.00047743772267905537,9.663342154652594e-08,-0.010886511710443523,13.976900487556994,-0.00015210953637658417,2.944965156500338
13-1031.00,"Claims Adjusters, Examiners, and Investigators",0.5397846570230027,0.2613571453339793,0.0009975523004353986,0.0009983224821066262,7.701816712275215e-07,0.00043854233051782935,8.878626683422544e-08,-0.009365848126991875,16.736671753064453,-9.517449576627042e-05,2.9279886214674717
13-1032.00,"Insurance Appraisers, Auto Damage",2.33065603286353,0.2499894448419347,0.00012446039233318827,0.00012447888511393158,1.8492780743306538e-08,0.0013885165129092275,1.657888192510186e-08,-0.022232093997437377,18.546656864296846,-3.0593990846009696e-05,2.9559514035421466
13-1041.01,Environmental Compliance Inspectors,1.1179818287056449,0.3506376126116227,0.0007945871137667245,0.0007948468214178978,2.597076511732946e-07,0.0010202554656260558,6.645532356937252e-08,-0.023160660577338614,20.821865542341826,1.4021577019551186e-05,2.9210087273580543
13-1041.03,Equal Opportunity Representatives and Officers,0.3068637901177291,0.4419888130379913,0.0007945871137667245,0.0007952384419176501,6.513281509256535e-07,0.0003522231679764743,4.8838927731396345e-08,-0.008489016861611968,17.828902618520285,-7.587128713211632e-05,2.9210087273580543
13-1041.04,Government Property Inspectors and Investigators,1.1011102317235697,0.3719092536665355,0.0007945871137667245,0.0007950389245720942,4.5181080536972965e-07,0.0009155258785355651,6.69887044580296e-08,-0.021344784530535378,19.90964230552741,-2.5098691542529203e-05,2.9210087273580543
13-1041.06,Coroners,6.156213180731713,0.2408408111110233,0.0007945871137667245,0.0007954160517160589,8.289379493344384e-07,0.0001869979980547947,7.604551316012162e-08,-0.0022209567005067347,16.391179023007542,-4.026489974476786e-05,2.9210087273580543
13-1041.07,Regulatory Affairs Specialists,0.7931597056434818,0.4281748731570335,0.0007945871137667245,0.0007947018548987752,1.1474113205075555e-07,0.0007405538502495354,4.697400293594604e-08,-0.019344670563506614,24.187421007071038,-6.297541580039647e-05,2.9210087273580543
13-1041.08,Customs Brokers,4.916393472164938,0.1430164897648749,0.0007945871137667245,0.000795963032530734,1.3759187640094992e-06,8.160440564137907e-05,6.78568820957482e-08,-1.3011143384952838e-05,8.545459252049701,2.411845533561734e-06,2.9210087273580543
13-1051.00,Cost Estimators,1.3240001377845996,0.2679865905714522,0.0012987451608046316,0.0012998426222178908,1.097461413259197e-06,0.0009483844875249433,8.86829416331374e-08,-0.021266563969553526,15.7566309393912,-5.852186822579011e-05,3.013572191682322
13-1071.00,Human Resources Specialists,6.173325090574515,0.3394120345538251,0.0011711909834730006,0.0011722803858080617,1.0894023350610082e-06,0.0002261370986310357,9.550665113791035e-08,-0.005545566729156836,12.86850644951121,-0.0001420199624994317,2.804571768092832
13-1074.00,Farm Labor Contractors,4.753634777016684,0.2844640733885865,7.257503975513723e-05,7.272070635144345e-05,1.4566659630622242e-07,7.25191413521474e-06,1.011116762000234e-08,0.0016022064186199617,6.644827291300065,-7.344359721525516e-06,1.9035989509835904
13-1111.00,Management Analysts,0.9452283159824152,0.3954005003060865,0.0019374828552748003,0.0019378297288469857,3.4687357218531924e-07,0.0008919278733705396,9.74379901283487e-08,-0.025023578017772892,18.32965271414412,-0.00012739252728146186,3.2546289945740186
13-1121.00,"Meeting, Convention, and Event Planners",6.1011413009493305,0.3580724907353939,0.0009738977359681381,0.0009750233070482542,1.1255710801160715e-06,0.00019662423555253593,6.83096334490175e-08,-0.003466304439849397,12.29872169558167,-6.114958382903844e-05,2.851763932900749
13-1141.00,"Compensation, Benefits, and Job Analysis Specialists",0.2907728630487508,0.3971089606064563,0.0005047381317251151,0.0005052288882290678,4.907565039527061e-07,0.00035223040412551065,3.140960803877809e-08,-0.008421673679120474,16.59314174237119,-8.809453827864551e-05,2.9433857931817817
13-1151.00,Training and Development Specialists,0.0824971728011075,0.3769409172603343,0.0012049003491852001,0.0012063108287263796,1.4104795411794182e-06,0.000249903487623767,5.6910963767257204e-08,-0.0057126611296588956,13.750272038685878,-7.565931573443578e-05,2.919930560137709
13-1161.00,Market Research Analysts and Marketing Specialists,0.6830023646584095,0.4275656050272805,0.0011985194176259118,0.001199181320243243,6.619026173312458e-07,0.000629709084224454,6.834576289588919e-08,-0.016460556806080526,19.040572787613254,-7.271820959923635e-05,2.9646195332117493
13-1161.01,Search Marketing Strategists,0.5293278767525879,0.304169990954577,0.0011985194176259118,0.0011996322123275327,1.1127947016208607e-06,0.00047531711759910065,8.090990068681041e-08,-0.010914035814772167,15.262166848961781,-8.721762278609715e-05,2.9646195332117493
13-2022.00,Appraisers of Personal and Business Property,1.5728660933478893,0.1502626209516507,0.0003385116419129491,0.00033887627483960984,3.6463292666071966e-07,0.0008571690336553857,3.756205048730553e-08,-0.016075969464627495,15.082008084295893,-7.0689257705659e-05,2.8970163006148333
13-2023.00,Appraisers and Assessors of Real Estate,1.1189103939654526,0.2453937842554601,0.0003385116419129491,0.00033854524382377507,3.360191082595488e-08,0.0007699960273469516,3.316265678257598e-08,-0.01651195418210781,23.971192807707975,-7.33122244186256e-05,2.8970163006148333
13-2031.00,Budget Analysts,0.4266786894064343,0.3587692731109581,0.0003979380954247045,0.0003983221755690648,3.840801443603069e-07,0.00040881290183739604,2.7629395494620786e-08,-0.00929481134286288,17.28833247945995,-7.643854907948827e-05,3.1095072878128356
13-2041.00,Credit Analysts,0.6580261306930033,0.3066582110647664,0.0003969068337585569,0.00039720463235885854,2.97798600301625e-07,0.0005153581426604194,3.160682848423448e-08,-0.012119753711381456,17.92016382162894,-9.917557419192582e-05,2.8881470628740535
13-2052.00,Personal Financial Advisors,0.0898399126609547,0.4501431593370665,0.0005154374715113964,0.0005158455743615108,4.081028501144116e-07,0.00020233584020403224,3.154655796688329e-08,-0.0042805793353714715,18.448208972656474,-5.8582381757256635e-05,3.229222116922345
13-2053.00,Insurance Underwriters,0.8503122727209378,0.2781722116789119,0.0006056728672993113,0.000606176723070898,5.038557715867373e-07,0.0006522589658945884,4.808728860059889e-08,-0.015278940604469247,15.72086996677635,-9.407564471611415e-05,2.980110892651034
13-2061.00,Financial Examiners,0.6284778747563359,0.4341738360905043,0.0001780859989728634,0.00017818042666595724,9.442769309384773e-08,0.0006375743538073506,1.0212594612611518e-08,-0.016957518424928746,26.144859881016526,-8.522438497266472e-05,3.2039652121324464
13-2071.00,Credit Counselors,6.0865882297630325,0.4088559988590053,0.00014386100242758996,0.00014402861646067622,1.6761403308625873e-07,7.116392323720954e-05,1.0825773402716512e-08,-0.00042788063287651145,18.133142629342448,-2.9510841432057257e-05,2.7047112998366956
13-2072.00,Loan Officers,6.114438597915364,0.2719890356671332,0.001290237252058914,0.0012919444188181637,1.7071667592497355e-06,0.00015208176605599946,1.1640308791464473e-07,-0.002087451945218847,11.24923207879852,-6.190309832802567e-05,2.9295924710494465
13-2081.00,"Tax Examiners and Collectors, and Revenue Agents",6.221210202493147,0.2369129373023133,0.0004186922364559249,0.00041928374855017324,5.91512094248335e-07,0.00025668799584341567,4.018511509085559e-08,-0.0046098721401233176,11.456812225545162,-0.00011681019963112209,2.8763855159214247
13-2082.00,Tax Preparers,5.788776850082179,0.2092701794001317,0.00037447689251984665,0.0003751078849787029,6.309924588562528e-07,0.00021515181975494731,3.7569594033490466e-08,-0.0024698680589174803,8.90597641785076,-4.570775632396712e-05,2.5680215564985067
15-1211.00,Computer Systems Analysts,1.062428753271154,0.3278357774878006,0.002759978487881644,0.0027614857716700986,1.5072837884545255e-06,0.0008836291430919564,1.600570063710187e-07,-0.021312723091811397,16.11510885868037,-6.14816214095322e-05,3.292497964738815
15-1211.01,Health Informatics Specialists,0.5932649110266809,0.528663008398599,0.002759978487881644,0.002760731602594488,7.53114712843863e-07,0.0007466253399385116,1.144797053934737e-07,-0.02114347276950497,21.03227551193839,-7.094380697284788e-05,3.292497964738815
15-1212.00,Information Security Analysts,0.7848864317626825,0.2927734563252427,0.0006337747477018334,0.0006343578137940512,5.830660922178169e-07,0.000593948456840518,5.8290842685699824e-08,-0.013127397167048796,16.58236441848526,-6.952142375114455e-05,3.228430037673012
15-1221.00,Computer and Information Research Scientists,0.6656612660243861,0.3252277791497434,0.000169384728664743,0.00016937763159684835,-7.097067894658174e-09,0.0007754711261973646,4.616655079965366e-09,-0.021886515878427118,29.208434578703454,-0.00019335789440472976,3.4461707473048864
15-1231.00,Computer Network Support Specialists,1.5952365890863978,0.1735673418980226,0.0006337747477018334,0.0006335252772584789,-2.49470443354537e-07,0.0014991412689262802,6.775706591345069e-08,-0.026072462541541497,19.10745998137591,0.0002758862177458437,3.228430037673012
15-1232.00,Computer User Support Specialists,1.6549504641582633,0.1729617565755807,0.002983182184748465,0.0029835165865276705,3.3440177920566333e-07,0.0021474509592741427,3.578538780147135e-07,-0.036402162641338665,11.007043135734463,0.0004917020709790326,2.864483986944037
15-1241.00,Computer Network Architects,1.148774053199299,0.2806013649870387,0.0033937532355834774,0.0033948900226338477,1.136787050370295e-06,0.0008888460632212966,1.8775983304922615e-07,-0.02194294866164771,17.354252548845086,-0.00010241217666496444,3.2805334430151465
15-1241.01,Telecommunications Engineering Specialists,1.3921015985123648,0.2310772479256387,0.0033937532355834774,0.0033961019899367904,2.348754353312995e-06,0.0008492552235921587,3.218054710676509e-07,-0.01954104073855768,14.017692146182826,-0.00012392743192462207,3.2805334430151465
15-1242.00,Database Administrators,0.9789586432515978,0.2672713687879087,0.0006539488040458458,0.0006542652216786163,3.164176327705853e-07,0.0007543658050331658,4.813657976448757e-08,-0.01643558460496998,20.071352723443436,-5.0957684601871876e-05,3.1709452911106513
15-1243.00,Database Architects,0.9008376034859592,0.2828340902470112,0.0006539488040458458,0.0006543051597839484,3.563557381026797e-07,0.0006604833805231502,4.888165017550785e-08,-0.014591258258625695,18.451806634442242,-5.2501406253645285e-05,3.1709452911106513
15-1243.01,Data Warehousing Specialists,1.3207454831560597,0.2753841897983863,0.0006539488040458458,0.0006540363915133133,8.758746746753612e-08,0.0009929637614423958,5.982087146796859e-08,-0.022953969031626158,18.82196912115889,-8.610083201730364e-05,3.1709452911106513
15-1244.00,Network and Computer Systems Administrators,1.2597141985401508,0.1348613427142011,0.0019530162341211486,0.0019549849069725343,1.9686728513856975e-06,0.0006242124412157908,8.320624805533375e-08,-0.014000440770217552,13.263710108056202,-9.008495112892973e-05,3.165065250927156
15-1251.00,Computer Programmers,1.094201995607587,0.2345239179873533,0.0034070307295351277,0.003410793106997506,3.7623774623782302e-06,0.0007780959031112499,2.979242709798696e-07,-0.01621406538480733,11.160987883744337,-5.278696900869493e-05,3.2007118542405295
15-1252.00,Software Developers,1.3096121022394662,0.4522667520977108,0.003200971757868011,0.003201838200078259,8.664422102479946e-07,0.0012975044154949153,2.356159602092902e-07,-0.034784419288000905,16.949872739863725,-6.468610340590894e-05,3.4245698978969785
15-1253.00,Software Quality Assurance Analysts and Testers,1.37375055058217,0.4887001598756539,0.003200971757868011,0.003199090969665292,-1.8807882027189159e-06,0.0014805921396447944,2.681178149388375e-07,-0.0413610233735215,23.65074418750734,-9.603418306905997e-05,3.4245698978969785
15-1254.00,Web Developers,0.8945441107975675,0.2361776013975826,0.0006337747477018334,0.0006337714898648917,-3.2578369417316302e-09,0.0006783020184253444,5.7122447961625474e-08,-0.016024231822051038,22.781524990890425,-0.00013374793810882915,3.228430037673012
15-1255.01,Video Game Designers,0.7953480534571382,0.3178969690076014,0.0006337747477018334,0.000634053647558204,2.7889985637055605e-07,0.0005922553255135463,4.3756785859987145e-08,-0.013417277274785248,21.06123148561515,-5.1563025484344263e-05,3.228430037673012
15-1299.01,Web Administrators,0.9791888517383124,0.3203560554033627,0.001279409004564364,0.0012794105082121249,1.5036477607737603e-09,0.0008123967939352971,1.1213496573211821e-07,-0.020923528144309433,24.267627710952688,-0.00013880902630283937,2.5416019934645457
15-1299.03,Document Management Specialists,0.714855444433118,0.3196608858235149,0.001279409004564364,0.0012803994800459795,9.904754816154274e-07,0.0006614180779473536,9.916788287902855e-08,-0.01466135505957359,18.687800613473257,-5.4403151071725775e-05,2.5416019934645457
15-1299.05,Information Security Engineers,0.9608788154952153,0.4438152548427787,0.001279409004564364,0.0012793744079240396,-3.459664032448746e-08,0.0009583416539242396,8.997125944951183e-08,-0.025600257925962364,25.30715233979035,-6.737955254048413e-05,2.5416019934645457
15-1299.08,Computer Systems Engineers/Architects,1.343506980824364,0.4266161594401031,0.001279409004564364,0.0012774274495254774,-1.981555038886671e-06,0.0013379306345048883,7.639953714173103e-08,-0.03901179772267096,30.883389235962937,-0.00018406147795352592,2.5416019934645457
15-1299.09,Information Technology Project Managers,0.5248482767131901,0.3776695555210021,0.001279409004564364,0.0012802342288648636,8.252243004994858e-07,0.0004265422954272208,5.656815753761523e-08,-0.01042290012926083,16.889024006597925,-5.855498802927684e-05,2.5416019934645457
15-2011.00,Actuaries,0.5250368897431925,0.384492629466713,8.095404079258647e-05,8.101882242264824e-05,6.47816300617727e-08,0.0004235666811155469,3.2279764002340685e-09,-0.010313411874050226,17.816728966224975,-5.4121226516860396e-05,3.461978853922014
15-2021.00,Mathematicians,0.8339749191584377,0.3340271926133421,2.2236579676307588e-05,2.224112607961795e-05,4.546403310362612e-09,0.0007489552944168193,1.1230281589457931e-09,-0.01887464166447593,31.839039354886744,-9.26198327836974e-05,3.492256112609122
15-2031.00,Operations Research Analysts,0.966633156558256,0.4528019999749144,0.00028205006569136814,0.0002815889326365709,-4.6113305479726337e-07,0.0010869459521504947,1.4580816616453934e-08,-0.030436288403683735,33.27718251864981,-8.693146802987905e-05,3.150596984114906
15-2041.00,Statisticians,1.0032591670145714,0.5002177722473157,9.423153474423679e-05,9.366429949469204e-05,-5.672352495447486e-07,0.0014980426514512911,4.974177557879032e-09,-0.049778320767167414,50.32812825682747,-0.000270230694116256,3.1201598519290434
15-2041.01,Biostatisticians,0.7771460093091981,0.5930814252354714,9.423153474423679e-05,9.338108892929391e-05,-8.504458149428848e-07,0.001389244731497358,3.018715906001255e-09,-0.04667639266729474,58.82831158477488,-0.00018142089936281847,3.1201598519290434
15-2099.01,Bioinformatics Technicians,0.9196315232459096,0.38306738665934,1.0054801244939084e-05,1.0018156960877507e-05,-3.6644284061576666e-08,0.0009012239482380095,7.470291321149945e-10,-0.024827569671701695,34.885560045462874,-0.0001366642854685643,2.8587664184808337
17-1011.00,"Architects, Except Landscape and Naval",1.3095227629917172,0.320629929235699,0.00045788017976953365,0.00045757554742923106,-3.04632340302586e-07,0.0010421140903031118,1.979619823410108e-08,-0.025665185929520936,28.907283774480476,-7.571773979428117e-05,3.1642084235258925
17-1012.00,Landscape Architects,1.0737768880708851,0.329320780037784,8.939749568416992e-05,8.939244415982616e-05,-5.051524343762477e-09,0.0008724689010870219,5.579051518441057e-09,-0.020878956512867548,26.57150584149405,-4.934919586542346e-05,2.9569914452375605
17-1021.00,Cartographers and Photogrammetrists,1.5917282660867194,0.2606115995212885,3.9639120292548306e-05,3.963884312946497e-05,-2.771630833371154e-10,0.0012303195381687879,4.267526197583572e-09,-0.023746672338560145,28.36525292895819,1.873306993990267e-05,2.954910279033736
17-1022.00,Surveyors,1.5308574747022945,0.3078978314620185,0.0003232360784831378,0.00032265711839297843,-5.789600901593859e-07,0.0015645525290736595,3.3797379529663896e-08,-0.030599346223739315,28.467833947345618,0.00014491324007838148,2.8100049236252036
17-1022.01,Geodetic Surveyors,1.4883651229065882,0.3573584716773765,0.0003232360784831378,0.00032270273737851124,-5.333411046265762e-07,0.0012866697180832203,2.9273354691651937e-08,-0.03196052827817944,32.06492732396376,-0.00010867784304001896,2.8100049236252036
17-2011.00,Aerospace Engineers,1.5436722834202328,0.5583795095793345,0.0004627142188296005,0.0004613415820556517,-1.3726367739488095e-06,0.001816524884091134,1.996949875159153e-08,-0.0563309149694898,40.21854306604187,-0.0001688575455282373,3.4452142670789296
17-2021.00,Agricultural Engineers,1.361538093601098,0.3621965296045514,1.4566571034334826e-05,1.4545838800723053e-05,-2.073223361177209e-08,0.0015241426744882292,9.572797134804337e-10,-0.03358038816380463,44.62397424609081,0.0001263156113433506,3.2676659890376327
17-2031.00,Bioengineers and Biomedical Engineers,1.3558820423754316,0.4862846771334824,4.1572735916575055e-05,4.143948396181664e-05,-1.3325195475841472e-07,0.0014680220452886075,1.266492568599425e-09,-0.042856399422577504,48.17987082869121,-0.00010062023642133852,3.192942442841696
17-2041.00,Chemical Engineers,1.9076398293921075,0.5207460695637438,0.00018453138438628586,0.00018400235235170234,-5.290320345835171e-07,0.002301431121235941,6.373785713628035e-09,-0.054628848316451914,47.697229470791655,8.849697923263365e-05,3.460723360976182
17-2051.00,Civil Engineers,1.6035525968638358,0.4921848882565109,0.0013477300899466425,0.0013469043970653401,-8.256928813023343e-07,0.0016670384092995168,4.777435975453866e-08,-0.04512516419498402,21.767850761635913,-5.682189126039923e-05,3.251536607107749
17-2051.01,Transportation Engineers,1.4659828697278663,0.4072503461883239,0.0013477300899466425,0.0013466331296163585,-1.096960330283954e-06,0.001359907555720822,5.6837396415712344e-08,-0.035328179641416345,26.895476365706603,-6.55864747308616e-05,3.251536607107749
17-2051.02,Water/Wastewater Engineers,1.5200613438478066,0.5019473015815972,0.0013477300899466425,0.001346316262506381,-1.4138274402615125e-06,0.001677238502917116,5.499857446897965e-08,-0.04599591268647295,30.778900558138638,-4.409481441161315e-05,3.251536607107749
17-2061.00,Computer Hardware Engineers,1.7539038176354629,0.3748968346483845,0.0003894301866789868,0.0003894158039978482,-1.438268113857161e-08,0.002333931947019026,3.1689582609476344e-08,-0.044296653609761004,23.849999172426326,0.0005036332936546689,3.4378506993101907
17-2071.00,Electrical Engineers,1.655539270620619,0.4334193762165559,0.0009617159575367696,0.0009608810544476964,-8.349030890732623e-07,0.0015404093734629923,7.168397033602983e-08,-0.038190868708495924,26.904293050777763,-5.2889903129728407e-05,3.3724549127965013
17-2072.00,"Electronics Engineers, Except Computer",1.67270565957397,0.4867279619521855,0.0006885605237159245,0.0006879852497509672,-5.752739649573287e-07,0.0017176886332968067,3.9206732329523744e-08,-0.04519146282113192,30.76485473871585,-6.350217063432244e-05,3.3998631586490187
17-2072.01,Radio Frequency Identification Device Specialists,1.5518685329295363,0.341182976330826,0.0006885605237159245,0.0006883662594283983,-1.9426428752623588e-07,0.00135894861194337,5.798738769877476e-08,-0.03056455810542942,24.77121364977919,-2.907143095685372e-05,3.3998631586490187
17-2081.00,Environmental Engineers,0.9468732027311098,0.4670046704495404,0.00033161507952058706,0.00033072314120640133,-8.919383141857244e-07,0.0012157948225768407,1.862663991343097e-08,-0.03642003996089657,41.13664462716842,-0.0001525366628547442,3.2729851505152325
17-2111.02,Fire-Prevention and Protection Engineers,1.1959754531057096,0.4233218801041999,0.00026084474768120816,0.0002607234709444675,-1.212767367406815e-07,0.0011131833242258892,1.5419154157023325e-08,-0.029207628269314945,30.419684843869224,-5.328261759746366e-05,3.22525543183224
17-2112.00,Industrial Engineers,1.8208656174162603,0.3371094465014329,0.0010049000398067002,0.001004169113740299,-7.309260664012992e-07,0.001568633457040173,8.128674430507297e-08,-0.03423815342247802,26.182954597586892,-3.8967174133603595e-05,3.2887749522478678
17-2112.01,Human Factors Engineers and Ergonomists,1.325007784823217,0.5008137656543059,0.0010049000398067002,0.0010023166717502267,-2.583368056473549e-06,0.001680683388514214,4.677584274162772e-08,-0.05301154919485151,37.478853927480415,-0.0002094241268344886,3.2887749522478678
17-2112.02,Validation Engineers,1.5200106212893314,0.5464024557267294,0.0010049000398067002,0.0010025196420175835,-2.3803977891167106e-06,0.0018553639066562649,7.043400228896217e-08,-0.0548177951328059,36.49434176228133,-0.000119219919819286,3.2887749522478678
17-2112.03,Manufacturing Engineers,1.926094110272866,0.4134268470547482,0.0010049000398067002,0.0010042664908290787,-6.335489776214918e-07,0.0016024603409643884,1.894515204130257e-08,-0.03859398450248674,24.179431913550456,-0.00010349225439801896,3.2887749522478678
17-2121.00,Marine Engineers and Naval Architects,1.9088901183945537,0.4282093008774029,2.8681965089730078e-05,2.851808501014376e-05,-1.6388007958631671e-07,0.00307097738127575,1.4971809643350492e-09,-0.059803768346435436,44.10426807348187,0.0007004732682180344,3.3282682016393976
17-2131.00,Materials Engineers,1.5021722395686654,0.4078513446586143,0.00014005822503367069,0.00013955357629294194,-5.046487407287469e-07,0.0021056209542241688,6.974460301516339e-09,-0.052964286471574425,38.531047671592596,4.418266437182077e-05,3.342508385313476
17-2141.00,Mechanical Engineers,1.8538302489942176,0.5225282653606597,0.0013078331542375574,0.0013048103163623367,-3.022837875220688e-06,0.0020346435743172804,5.488026406062362e-08,-0.05535028830515402,40.19569458961193,-0.00015382794262494752,3.290265820954874
17-2141.01,Fuel Cell Engineers,1.7297718532499826,0.5252063042243367,0.0013078331542375574,0.0013062560042423873,-1.5771499951701493e-06,0.001876979420161097,8.108117712451677e-08,-0.048669578682634385,29.715817771949126,-1.433004117381673e-05,3.290265820954874
17-2141.02,Automotive Engineers,1.6010004731175405,0.4694486299662366,0.0013078331542375574,0.0013065690784159647,-1.2640758215926636e-06,0.0015373282035650436,5.944602177918473e-08,-0.04005960286954324,27.402058536648436,-4.0055369145638436e-05,3.290265820954874
17-2151.00,"Mining and Geological Engineers, Including Mining Safety Engineers",1.6904522248607043,0.4294477806129634,4.6148959560105025e-05,4.609834954933138e-05,-5.061001077364568e-08,0.0015542393422864884,1.4578785348282355e-09,-0.03841724573609811,33.430838829713814,-3.1983398517283316e-05,3.333275365176697
17-2161.00,Nuclear Engineers,1.4685742760185323,0.5105620966758823,6.174679226058744e-05,6.145765372714931e-05,-2.8913853343813566e-07,0.001830305336804863,2.9986572056222027e-09,-0.053727345049596066,64.36702393336265,-0.00012833267025471047,3.579901291544191
17-2171.00,Petroleum Engineers,1.72923276965111,0.4053840922895906,6.213351538539279e-05,6.187043574021065e-05,-2.6307964518213986e-07,0.0019399239171678535,3.6974159667585024e-09,-0.044366980594547495,42.98308235819346,0.00012771132916777848,3.5754307616063574
17-3012.00,Electrical and Electronics Drafters,2.236336977337472,0.3300899692507175,0.0002571064241414231,0.00025703606894678674,-7.035519463636239e-08,0.002356791985734707,2.960401868725827e-08,-0.03990647679191424,23.591957857538976,0.00020488067797215748,2.8864752876170416
17-3013.00,Mechanical Drafters,2.396148484772101,0.3362237465271034,0.0004251376218693474,0.0004251160933089604,-2.1528560386978833e-08,0.0024478268340041532,4.596383592942703e-08,-0.04183581218215401,20.539725194576857,2.3485142528696896e-05,2.854744580253014
17-3021.00,Aerospace Engineering and Operations Technologists and Technicians,2.1703845833570306,0.6663863557014298,0.00011131180608980639,0.00011123508635962399,-7.671973018239821e-08,0.0020936221578156085,1.1185189002269158e-08,-0.04780681817877146,55.55071678078236,5.2597860083728696e-05,3.062923523094314
17-3022.00,Civil Engineering Technologists and Technicians,1.5317517142652632,0.3958329512565542,0.0005867878880379834,0.0005865125669717942,-2.753210661891447e-07,0.0016892395236263096,5.3333265575965034e-08,-0.04060966835416253,27.625422317526585,-8.146959597546606e-06,2.7942278973432626
17-3024.00,Electro-Mechanical and Mechatronics Technologists and Technicians,2.442751846024659,0.5646596232990968,0.00025981348601506057,0.00025717397957570394,-2.639506439356624e-06,0.0071202247565790265,2.5459362863959977e-08,-0.11175767734270378,39.11840908958215,0.0019333576171868248,2.8207834710894493
17-3024.01,Robotics Technicians,2.7066461953121466,0.4194585475323837,0.00025981348601506057,0.00025879687848817873,-1.0166075268818343e-06,0.006954114150351255,2.052244203841484e-08,-0.10007240179558308,20.081592663798165,0.0009001696639221667,2.8207834710894493
17-3025.00,Environmental Engineering Technologists and Technicians,1.5588731194994812,0.3765158373072478,0.0001201419841061952,0.0001200149625414504,-1.2702156474480252e-07,0.0017244693542081252,1.0117466462065947e-08,-0.03976997306208384,34.98813536611191,5.230201895174199e-05,2.7459880404426023
17-3026.00,Industrial Engineering Technologists and Technicians,2.0892098557018244,0.5018486731105022,0.00033316197201980845,0.00033254264487887514,-6.193271409333091e-07,0.002149229120018837,2.5700474362074293e-08,-0.049086894289284734,32.904301634113274,-9.863824752094147e-05,2.9657883971809187
17-3026.01,Nanotechnology Engineering Technologists and Technicians,1.944735287607553,0.4172655415788406,0.00033316197201980845,0.00033303034087904233,-1.316311407661172e-07,0.0026165670498052114,3.284445779300767e-08,-0.04998389772826112,29.556199453812045,0.0004309173483920494,2.9657883971809187
17-3027.00,Mechanical Engineering Technologists and Technicians,2.193961889185132,0.5615216435819943,0.0003709963843965985,0.000369657084313111,-1.3393000834875136e-06,0.00515662201562967,3.781937445586888e-08,-0.09015571328590133,46.82615475254777,0.0014705280699249946,2.9128939952449864
17-3027.01,Automotive Engineering Technicians,2.0850590874700727,0.618359806481636,0.0003709963843965985,0.00037003652677614085,-9.598576204576442e-07,0.0034386946431121442,3.924112301357394e-08,-0.07574688744023182,45.57307406067641,0.0003739062882748052,2.9128939952449864
19-1021.00,Biochemists and Biophysicists,1.128975508531176,0.429268100886774,7.61200017325196e-05,7.598580027296481e-05,-1.342014595547903e-07,0.001142791276665306,2.5861610522636385e-09,-0.030879338007779644,43.57916436920247,-5.20653433269769e-05,3.224857896545748
19-1022.00,Microbiologists,1.1575040772205003,0.4039319241372547,0.0001007413740117935,0.00010055291963756091,-1.8845437423259425e-07,0.0011038171487259003,5.184018418002604e-09,-0.028129192513853422,34.92208116310141,-3.0033896969754377e-05,3.100542637906336
19-1023.00,Zoologists and Wildlife Biologists,0.5501673696419419,0.4700420012983877,7.167268579725808e-05,7.1556286152409e-05,-1.1639964484908471e-07,0.000708684331106295,4.290763902563693e-09,-0.019550784388813205,53.367230179723514,-0.00011096345955730665,3.0017143452315387
19-1031.00,Conservation Scientists,0.9035882304217632,0.4659779455683766,7.889151746029126e-05,7.850262704431197e-05,-3.8889041597929487e-07,0.0011080833739798852,5.515567373467925e-09,-0.03326605105454906,39.799317397903025,-0.00016599483874845698,3.074543453978281
19-1031.02,Range Managers,0.6473076953281485,0.30946250025275,7.889151746029126e-05,7.893163056460619e-05,4.011310431492848e-08,0.0005185246769170875,5.795412169202516e-09,-0.011271799111051358,21.730478197529347,-5.388478531213476e-05,3.074543453978281
19-1031.03,Park Naturalists,6.052249204376099,0.3766337605366127,7.889151746029126e-05,7.899401191699943e-05,1.0249445670816918e-07,0.00021158323499155082,6.735463296640594e-09,-0.002693032122611679,14.298008872132037,-6.721603620634002e-06,3.074543453978281
19-1032.00,Foresters,0.8689406725326552,0.2488042082332703,6.503393882143292e-05,6.498931624565247e-05,-4.462257578045426e-08,0.0006564611195778144,4.006294420940373e-09,-0.014664883286512413,26.485743851692117,-7.632775131167321e-05,2.982140320034524
19-1041.00,Epidemiologists,0.5225661799556947,0.5864327264000075,1.463102488846905e-05,1.4526918528508024e-05,-1.0410635996102608e-07,0.0009493762033656912,3.733198104663637e-10,-0.030839533816410535,72.48318740614226,-0.0001720351070438053,3.092405160814252
19-1042.00,"Medical Scientists, Except Epidemiologists",0.8496146994362412,0.4713410797868172,0.00013664217076455676,0.00013633180063092728,-3.103701336294772e-07,0.0011117884587191977,5.557960492103108e-09,-0.03455710780543891,35.20733555201908,-0.00018466393663985728,3.1751329019202825
19-2011.00,Astronomers,0.4633275992792994,0.4141115131403424,4.382862081127293e-06,4.3850888318838395e-06,2.2267507565465388e-09,0.0005581160403296717,1.8250460774174844e-10,-0.014154029207492397,18.887516694053918,-8.52424706275787e-05,3.6098362467734835
19-2012.00,Physicists,1.22810472036972,0.4752983933087569,6.632301590411741e-05,6.611694461903912e-05,-2.06071285078295e-07,0.001394558008299296,1.2254690260521345e-09,-0.042845222693924295,48.844254424693105,-0.00014876672782372663,3.6008675767907232
19-2021.00,Atmospheric and Space Scientists,1.0133329776473845,0.384769553041447,4.621341341423925e-05,4.609764599303577e-05,-1.157674212034769e-07,0.0010577701506671064,2.5880292547497393e-09,-0.02911195567314473,41.230811077929665,-0.00012943666848586836,3.242592351485517
19-2031.00,Chemists,1.6683413495120971,0.5460358593012261,0.00047592725892711663,0.00047434991939264805,-1.5773395344685767e-06,0.002212961693231263,3.494694738129689e-08,-0.06801240679941355,39.27925298104378,-0.0002919087181614028,3.138533072185662
19-2032.00,Materials Scientists,1.5736118779977464,0.4250894741679786,5.285216039006441e-05,5.2503851163343436e-05,-3.483092267209749e-07,0.001423340315008139,3.599083996864527e-09,-0.03675958201454335,52.64945548031165,-8.033313494173974e-05,3.3079849999399764
19-2041.00,"Environmental Scientists and Specialists, Including Health",1.0542950679760053,0.623716766888985,0.00034553711201357965,0.00034384819877308285,-1.6889132404968032e-06,0.0019052110703580924,1.488269001686212e-08,-0.06541246307889254,71.84004434359224,-0.00016783878201027721,3.0440461338325413
19-2041.01,Climate Change Policy Analysts,0.6771282988884415,0.6213864550734289,0.00034553711201357965,0.00034499102147705045,-5.46090536529206e-07,0.0011248793521331855,1.4471997954368676e-08,-0.03613290283268927,38.83798803130022,-0.00011472577402589347,3.0440461338325413
19-2041.02,Environmental Restoration Planners,1.1189319953195354,0.5439415499824792,0.00034553711201357965,0.00034422599466585915,-1.3111173477205044e-06,0.001587269126255538,1.8235525083373952e-08,-0.05113223250306055,46.58666890857154,-0.00017131654871223672,3.0440461338325413
19-2041.03,Industrial Ecologists,1.265176335265836,0.6174120166919871,0.00034553711201357965,0.00034265986312997097,-2.8772488836086886e-06,0.0020614199166097955,1.366592000366691e-08,-0.06869651319884633,67.66046721622976,-0.00013720330165934574,3.0440461338325413
19-2042.00,"Geoscientists, Except Hydrologists and Geographers",1.3506938900218284,0.5115371718760439,0.00013496637055706692,0.0001344184254306675,-5.479451263994183e-07,0.001524477429149209,8.587933424084273e-09,-0.043621290599335776,54.98547932753835,-7.300661520745799e-05,3.264995760481754
19-2043.00,Hydrologists,1.1410992810823395,0.4830308936059596,4.440870549848095e-05,4.428843133558974e-05,-1.20274162891207e-07,0.0013827323659814682,2.6840407020111027e-09,-0.04010853742613245,52.82045706419173,-9.76691809725511e-05,3.2398542312533927
19-3011.00,Economists,0.580032420976745,0.524524060165914,9.339363464049187e-05,9.316882446155023e-05,-2.248101789416383e-07,0.0007412652835362244,4.505152166305708e-09,-0.021651928905573388,42.364022957320785,-0.00010710414071084617,3.329343277894172
19-3011.01,Environmental Economists,0.9270561047879076,0.64083335957933,9.339363464049187e-05,9.273269278799087e-05,-6.609418525010036e-07,0.001701532400150436,3.441697837511239e-09,-0.057220427712152744,73.74109305661267,-0.00011316199963529583,3.329343277894172
19-3022.00,Survey Researchers,0.6848541104566,0.4395401793503081,0.00014173402524116053,0.00014159366598579806,-1.4035925536247384e-07,0.0007024311258804186,7.061801025187899e-09,-0.019178447174251413,33.20617428406623,-8.744682649053115e-05,2.1234584270966104
19-3032.00,Industrial-Organizational Psychologists,0.3968310575696911,0.4795296602138714,1.1472786035892032e-05,1.1470980067043555e-05,-1.8059688484764762e-09,0.00047068701649748476,2.8710220587254906e-10,-0.013069552870381305,32.99949998894437,-8.240317784875514e-05,3.5142284036242013
19-3033.00,Clinical and Counseling Psychologists,0.2031359434429263,0.5221467755962187,0.0005959403353250433,0.0005960276421232133,8.73067981699456e-08,0.000321374516245364,3.075188521548636e-08,-0.00815620642035833,28.845563988442056,-7.35064806934789e-05,3.1245651453969594
19-3034.00,School Psychologists,6.277963020912134,0.589135354906944,0.0005959403353250433,0.0005962678524782549,3.2751715321158344e-07,0.00022106810129024802,2.8817789633432357e-08,-0.005375743536967314,28.05559192247417,-6.427344727017557e-05,3.1245651453969594
19-3041.00,Sociologists,0.4531100835269863,0.5724635040750629,8.507908745717685e-06,8.504907815046032e-06,-3.000930671653504e-09,0.0005954768025910104,3.5539164271272353e-10,-0.016840212244045034,59.000477851768856,-7.118297730121178e-05,3.0339909856710814
19-3051.00,Urban and Regional Planners,0.8300519424053363,0.5568887211911813,0.0001851759229276281,0.0001846334500603125,-5.424728673156123e-07,0.0012136256223679697,7.40199892224854e-09,-0.03884774843968646,46.4784547375657,-0.00013966574238825804,3.0638581026015914
19-3091.00,Anthropologists and Archeologists,0.4686196354748743,0.4264746011771718,2.0754141031220415e-05,2.0743285244849606e-05,-1.0855786370809524e-08,0.0005231085873827513,1.2040250221460926e-09,-0.013343443704723268,31.77493133541807,-8.676959825903317e-05,2.826721730819709
19-3092.00,Geographers,0.7642067367751031,0.3697509363569973,4.640677497664193e-06,4.637201734104046e-06,-3.475763560146605e-09,0.0007794042488047572,2.8023986236198813e-10,-0.018399706233512628,35.41352859164383,-3.989524013449031e-05,2.9947317732204075
19-3093.00,Historians,0.1639077367173792,0.3927146045375067,9.732531974267959e-06,9.741759915236669e-06,9.227940968710053e-09,0.0002260894543171805,7.107037834090209e-10,-0.004766929698404576,24.65571130647505,-7.342628836836898e-05,2.90962957450058
19-3094.00,Political Scientists,0.3835483073968098,0.5905063860283246,2.7586249569448254e-05,2.748093110451892e-05,-1.0531846492933377e-07,0.0007871413661707394,1.255086021398257e-09,-0.025257248465367074,51.871821471190515,-0.00019296285891385253,3.575430761606357
19-4012.00,Agricultural Technicians,1.7803225704159087,0.1617553154431858,9.700305047200847e-05,9.694838015107148e-05,-5.467032093699165e-08,0.0015298855076280545,1.296777165893502e-08,-0.025745678981227687,22.940117248265736,0.00029286101312566305,2.545531271604435
19-4012.01,Precision Agriculture Technicians,1.5318208055010225,0.3506268054925698,9.700305047200847e-05,9.697100404993129e-05,-3.204642207717647e-08,0.0015056643028131145,1.0020191943007666e-08,-0.03313638622197365,31.073846690312585,2.860801885825971e-05,2.545531271604435
19-4013.00,Food Science Technicians,1.9011108844513411,0.3250528139946744,9.700305047200847e-05,9.688527750827992e-05,-1.1777296372854514e-07,0.0018495916266305463,1.1849033702478906e-08,-0.03759630674245394,31.084114957687675,9.729431872796654e-06,2.545531271604435
19-4021.00,Biological Technicians,1.7018919414495826,0.2156417864294967,0.0002551083546632621,0.00025495323540706747,-1.5511925619465577e-07,0.0015437696397648522,3.0827928326135815e-08,-0.032207685876167194,29.6477740342528,-7.13250614202892e-05,2.6851226964585053
19-4031.00,Chemical Technicians,1.7842622984144365,0.3498287985124232,0.0005074451935987526,0.0005068949973650872,-5.501962336653711e-07,0.0018883764617059077,5.3020875755914746e-08,-0.039703962898507174,28.517404530667605,7.103587684235277e-05,2.800933195248924
19-4042.00,"Environmental Science and Protection Technicians, Including Health",1.5034477993507072,0.4375867143525518,0.0001691269132482061,0.00016885766306911796,-2.692501790881464e-07,0.0016094466930242396,1.5670581583489287e-08,-0.04117175638854082,34.28692255522181,-5.477502581935533e-05,2.749192144433385
19-4051.02,Nuclear Monitoring Technicians,2.00202567771759,0.3154829569701335,1.701581749143537e-05,1.6959554109044088e-05,-5.626338239128278e-08,0.0028426262934988927,2.151923768700249e-09,-0.04719071479354625,32.82409943770377,0.0007363603501169824,3.1780538303479453
19-4071.00,Forest and Conservation Technicians,0.7447357322342245,0.1626912383590358,0.00011047390598606147,0.00011054906065984527,7.515467378380611e-08,0.0006396269087352966,1.2227959336945164e-08,-0.011220530628089732,18.50566517727536,-6.888145327531769e-05,2.580216829592325
19-4092.00,Forensic Science Technicians,1.5137784942443102,0.2651779433130093,3.4418358107676096e-05,3.4368414646161055e-05,-4.9943461515041074e-08,0.0013133817506737976,3.862839911535815e-09,-0.026527597897055027,25.976739906129446,7.894792009450586e-06,2.856470206220483
21-1011.00,Substance Abuse and Behavioral Disorder Counselors,6.24806534534648,0.5043792722959608,0.0003692561303349744,0.00036944908982306174,1.929594880873309e-07,0.00019385685649938526,2.1022699247054102e-08,-0.004299159468880981,22.563916711188853,-6.431825610757267e-05,2.551006451492524
21-1012.00,"Educational, Guidance, and Career Counselors and Advisors",5.926115011907728,0.6034747604439004,0.001230617436984756,0.0012318490631011837,1.2316261164277767e-06,3.3477200501899844e-05,6.751629067839557e-08,0.00018051326395480852,19.8835596406807,-1.2785113343014131e-05,2.955951403542146
21-1013.00,Marriage and Family Therapists,0.0121368675497294,0.5622140141962602,0.00011943299171071873,0.0001194593580339436,2.636632322486289e-08,0.00016306164598330305,4.866402143216363e-09,-0.003558071411969448,32.03840163822088,-3.772962147227188e-05,2.7813006628418027
21-1014.00,Mental Health Counselors,6.271433229279202,0.4996863773860428,0.0004054791963584088,0.0004056422204458125,1.6302408740369399e-07,0.00015971095184024998,1.717261360678739e-08,-0.0034377376139478654,24.562913694938246,-4.3824562607474815e-05,2.5494451709255714
21-1015.00,Rehabilitation Counselors,0.0774601498761539,0.46980057361926,0.0006002587435520365,0.0006007337275637492,4.74984011712698e-07,0.00024428620712157306,3.4277884340066815e-08,-0.006077374441358042,18.118441863612404,-8.95004215388516e-05,2.4309783077624445
21-1021.00,"Child, Family, and School Social Workers",6.175348604150893,0.5145064070323905,0.001692364848002343,0.0016941795646209451,1.8147166186020715e-06,0.00012893803898797639,9.478151363796969e-08,-0.002341206495592593,14.919962748962973,-4.071057549889777e-05,2.668616131856803
21-1022.00,Healthcare Social Workers,0.05230805682885,0.5098561860804994,0.0006553667888367987,0.000655835957326093,4.6916848929425166e-07,0.00019398483672442718,3.271895109556424e-08,-0.004222819897867859,21.672328971311202,-4.904980629920932e-05,2.7825390530929495
21-1023.00,Mental Health and Substance Abuse Social Workers,6.262397122392789,0.5240263214801615,0.00046877288111821767,0.00046913049509360674,3.576139753890678e-07,0.00013691230278585798,2.1754781878324463e-08,-0.0025952077697821837,25.17075422064755,-3.180151105298203e-05,2.644755350729896
21-1091.00,Health Education Specialists,0.1037697424376885,0.6062413216358226,0.000268256940906644,0.00026801039085408543,-2.465500525585928e-07,0.0003969171073375827,1.3161325569225578e-08,-0.01258768034062756,41.086476313856295,-0.00015889354905311126,2.740194654428777
21-1092.00,Probation Officers and Correctional Treatment Specialists,6.120976480381305,0.3553834922847684,0.0005087342706814371,0.0005094669086320293,7.326379505922338e-07,0.00012015236591908271,4.332265182742111e-08,-0.0012622320172012297,12.380113874401983,-3.4601480298756804e-05,2.854744580253014
21-1093.00,Social and Human Service Assistants,6.05637660699731,0.4181791141224096,0.0015631993243173563,0.0015653493286213306,2.150004303974303e-06,9.810763441185294e-05,1.205093526720791e-07,-0.001075783631272322,11.532622262119942,-3.857481207107121e-05,2.33214389523559
21-1094.00,Community Health Workers,6.275573967599635,0.5497595362988216,0.000268256940906644,0.0002684067763986371,1.4983549199309608e-07,0.00016610519558106994,1.6323372878094955e-08,-0.0031383079362434707,32.31518308939677,-4.0147784453854556e-05,2.740194654428777
21-2011.00,Clergy,5.738913691481301,0.4951489479413918,0.00016758002074898472,0.0001677757948609082,1.9577411192349598e-07,1.0704248883964906e-05,6.4978740378635995e-09,0.0005358771872734981,13.47462880414549,1.7656852473634612e-06,2.6741486494265287
21-2021.00,"Directors, Religious Activities and Education",6.010092296956891,0.5488029919670463,9.642296578480045e-05,9.652259838437458e-05,9.963259957413762e-08,6.547731498105279e-05,4.652766727167343e-09,-0.000764292189115338,18.896988364851993,-2.1990441256818178e-05,2.547098670044448
23-1011.00,Lawyers,0.0921260885418117,0.3850915918028009,0.0029922701781813906,0.0029961462807983133,3.876102616922651e-06,0.00019374579845004124,1.2938391845606036e-07,-0.0040206348326345875,11.578284415314648,-4.5032980294392656e-05,3.7567717201568542
23-1012.00,Judicial Law Clerks,6.014854614946249,0.359851915368895,0.00016796674387379006,0.00016809852507719946,1.317812034093912e-07,6.410182685678626e-05,1.4352810127063474e-08,-5.9799895767841766e-05,20.41892839971307,-2.9099501622530626e-05,2.560323289072755
23-1021.00,"Administrative Law Judges, Adjudicators, and Hearing Officers",0.2661132548725979,0.3465000042228904,0.00017563675251576282,0.00017576682378864835,1.3007127288552954e-07,0.00029942115915368385,1.0783339741004715e-08,-0.006848881543322512,19.46208001130465,-8.543441166979649e-05,3.055415275715165
23-1022.00,"Arbitrators, Mediators, and Conciliators",0.0650711527547365,0.3186721063794065,4.0348112688024785e-05,4.0399368185300875e-05,5.125549727609004e-08,0.00020356812203567077,3.0516161759705073e-09,-0.0038916898952581725,14.808862360827595,-7.469749139610207e-05,3.238286218388024
23-1023.00,"Judges, Magistrate Judges, and Magistrates",5.909766936930342,0.337103302224663,0.00014921067232073063,0.00014942648629040606,2.1581396967543156e-07,5.041225704952409e-05,6.49421876074612e-09,-0.00020193965414806627,10.44706450877536,-6.362110162594951e-06,3.487986511734546
23-2011.00,Paralegals and Legal Assistants,6.064773561734509,0.3015632959181752,0.0013015166765324032,0.001303253681521053,1.7370049886498203e-06,0.00014150935687663006,1.1356374615417469e-07,-0.0023965623290670797,11.578690072389081,-9.216081745350458e-05,2.7661695773643724
23-2093.00,"Title Examiners, Abstractors, and Searchers",0.7329065028577534,0.1204788612985485,0.00024962977706185303,0.0002497984685367662,1.6869147491317855e-07,0.0004784490246029563,2.2815728507454054e-08,-0.008759116325008625,16.700378942613824,-8.997269979775753e-05,2.5937610547000824
25-1011.00,"Business Teachers, Postsecondary",5.8923823890737,0.5856282482662668,0.0004067682734410933,0.0004071478873264632,3.7961388536989675e-07,9.769826594739898e-05,1.773694278998683e-08,-0.002065165243007117,16.67118044680314,-4.586073736488956e-05,3.167177590203807
25-1021.00,"Computer Science Teachers, Postsecondary",5.911966134908718,0.5449751339379635,0.00019826005531687577,0.00019847745104358135,2.173957267055833e-07,9.651963923886939e-05,6.153385347468579e-09,-0.002139879135406768,14.07464776903761,-4.155544677654343e-05,3.082923922755148
25-1022.00,"Mathematical Science Teachers, Postsecondary",5.852219722216242,0.5750511804245356,0.00025040322331146373,0.0002507037146518875,3.0049134042375815e-07,5.1203121392490594e-05,1.2543826771174381e-08,-0.00037631884813026757,16.12356279048601,-1.864005577845735e-05,3.098445056289376
25-1031.00,"Architecture Teachers, Postsecondary",5.92108899520546,0.5638474341829542,2.4041287592065887e-05,2.4065611278228333e-05,2.4323686162446175e-08,0.00011759975231099007,7.752315464777173e-10,-0.002777500801192212,15.469742761228908,-5.127816605692412e-05,3.218298735307124
25-1032.00,"Engineering Teachers, Postsecondary",5.968738693394053,0.5298823451134806,0.00016732220533244782,0.00016748915233189213,1.6694699944431448e-07,0.000138874743939568,6.339074236849601e-09,-0.0032984755040005444,14.882513021771896,-6.192044830654657e-05,3.4469303743890376
25-1041.00,"Agricultural Sciences Teachers, Postsecondary",5.941856630181804,0.5618241227808165,5.272325268179596e-05,5.2778258628665307e-05,5.5005946869345144e-08,0.00011942982526866697,2.0426639501488446e-09,-0.0027250663758338423,14.321784335058002,-5.252674985164417e-05,3.3552876803580776
25-1042.00,"Biological Science Teachers, Postsecondary",5.933103339099668,0.5186627879520512,0.0002177895731195459,0.00021797906263033902,1.8948951079311412e-07,0.0003645266478224668,9.395022306429607e-09,-0.005874493728107321,19.28337337067786,4.431842213739553e-05,3.181054132628627
25-1043.00,"Forestry and Conservation Science Teachers, Postsecondary",5.984623783450736,0.5662030182107882,1.1795055306563155e-05,1.1806212409404771e-05,1.1157102841615773e-08,0.000132120555594523,4.5810140536919904e-10,-0.0030847053669264108,17.346821227456424,-5.594512589705562e-05,3.104284804690143
25-1051.00,"Atmospheric, Earth, Marine, and Space Sciences Teachers, Postsecondary",5.955239108811932,0.5393309013782918,5.111190632844034e-05,5.1131798894965503e-05,1.9892566525160367e-08,0.00013121699162101273,1.63013009040066e-09,-0.002816783281790354,17.242343587554437,-4.1429045428438246e-05,3.2588359095893606
25-1052.00,"Chemistry Teachers, Postsecondary",5.944003508432697,0.527228266277482,0.00011511458348372566,0.00011521469676822771,1.0011328450204788e-07,0.00010434252684136238,4.4263235606484226e-09,-0.0021210333195610326,17.603992604303155,-4.05922599759981e-05,3.1651504255120377
25-1053.00,"Environmental Science Teachers, Postsecondary",5.969142056625407,0.5702340282100958,2.4428010716871235e-05,2.4452393477811452e-05,2.4382760940217017e-08,0.0001178478468051034,9.206001219289904e-10,-0.002623208870412618,15.600708609036495,-4.8178028971892524e-05,3.1955284608712096
25-1054.00,"Physics Teachers, Postsecondary",5.908923026552506,0.5280658479678882,7.238167819273455e-05,7.245792099323922e-05,7.624280050466778e-08,0.00031026371860790237,2.4940445436845108e-09,-0.0050553133097943894,13.842605757989206,2.9183434110924245e-05,3.3087516850493293
25-1061.00,"Anthropology and Archeology Teachers, Postsecondary",6.004713877733327,0.5586778807441705,2.4814733841676584e-05,2.4834300777713567e-05,1.956693603698327e-08,0.00013930540567055422,8.591473938294871e-10,-0.003298248208536015,18.474573287759,-5.600786471358176e-05,3.271687197161413
25-1062.00,"Area, Ethnic, and Cultural Studies Teachers, Postsecondary",5.920444797844599,0.5824479222699256,1.9336156240267468e-05,1.9355457641070568e-05,1.9301400803099853e-08,9.616047405426348e-05,8.470898022068626e-10,-0.0019290765774224185,15.919197005518004,-4.1970372470066915e-05,3.172630496777955
25-1063.00,"Economics Teachers, Postsecondary",5.916683199545707,0.5786751476753478,7.154377808898963e-05,7.162041028993462e-05,7.663220094498654e-08,0.00011274785201871442,3.6062538408166152e-09,-0.002403404174481731,14.307196122820699,-5.413914965552692e-05,3.329281285670732
25-1064.00,"Geography Teachers, Postsecondary",5.96477744175168,0.5462758068463008,2.146313342669689e-05,2.1479089438865214e-05,1.595601216832369e-08,0.0001445798852892044,8.843669133239947e-10,-0.0032488135863740298,15.495406164432309,-5.571707594144594e-05,3.202785529103774
25-1065.00,"Political Science Teachers, Postsecondary",5.903663173856796,0.5882701133782564,6.754763913266768e-05,6.761896154774606e-05,7.132241507837951e-08,0.00010361065710500355,3.310206904885827e-09,-0.0021281373743044377,14.90879481178838,-4.8708236420288195e-05,3.193163461739711
25-1066.00,"Psychology Teachers, Postsecondary",5.943077735704581,0.5641164340180069,0.00015913656585740126,0.00015929588915613557,1.5932329873431057e-07,0.00010300974468835673,5.452822655403367e-09,-0.002258708733347648,15.32587530951843,-4.233147605322415e-05,3.198476865955507
25-1067.00,"Sociology Teachers, Postsecondary",5.926191646558987,0.5771073256380215,8.05028638136469e-05,8.05925688383393e-05,8.970502469240007e-08,9.889407119180263e-05,3.265644607259587e-09,-0.0020597619253917795,14.162220154462256,-4.253869245311762e-05,3.107514433937237
25-1071.00,"Health Specialties Teachers, Postsecondary",5.883340002691258,0.5904192194469525,0.00046490564987016413,0.00046550009566467723,5.944457945130949e-07,5.7939649138932774e-05,1.876637493410377e-08,-0.0006900010638872967,14.628422535377043,-1.9062349003254547e-05,3.3868318695070503
25-1072.00,"Nursing Instructors and Teachers, Postsecondary",5.947113954972658,0.5810446918596154,0.00022790882821861923,0.000228105734687903,1.9690646928377238e-07,9.127294187736513e-05,7.641835641629542e-09,-0.001870430803471777,17.868770592434846,-3.4969941611427254e-05,3.0888547473884227
25-1081.00,"Education Teachers, Postsecondary",5.910364129173049,0.594262171956924,0.0002257818510321898,0.00022604279154827823,2.609405160884323e-07,8.923907829824307e-05,9.095029761879427e-09,-0.0017614589506443536,15.568349678084324,-3.7349620043869314e-05,3.033935457365513
25-1082.00,"Library Science Teachers, Postsecondary",5.911209710624378,0.5822393224301137,2.4943641549945033e-05,2.496995860128818e-05,2.6317051343145947e-08,9.62715294139108e-05,1.1232043184151679e-09,-0.0019168437320742078,15.140053203207405,-4.250903490292121e-05,3.1298344167309633
25-1111.00,"Criminal Justice and Law Enforcement Teachers, Postsecondary",5.896528493337208,0.5890959885882595,5.046736778709809e-05,5.052105720317399e-05,5.368941607589812e-08,0.00010080499615525181,2.6382324846990085e-09,-0.00206124606474433,14.608211886444579,-5.0355277630301386e-05,2.959008440599297
25-1112.00,"Law Teachers, Postsecondary",5.8692994864134285,0.58800989576215,5.3174429660735535e-05,5.323428005675835e-05,5.985039602281325e-08,9.165582047321276e-05,2.4481250525829765e-09,-0.0018294952755628703,13.72918070264043,-4.3407895839899e-05,3.5455474447032604
25-1113.00,"Social Work Teachers, Postsecondary",5.929883455337112,0.581079309446812,3.648088143997129e-05,3.6518148915524977e-05,3.726747555368883e-08,9.974115104551153e-05,1.2153975988434185e-09,-0.0022344097982695127,20.022063621248396,-4.243764755453128e-05,3.0626717562291006
25-1121.00,"Art, Drama, and Music Teachers, Postsecondary",5.832059258073668,0.5425164684969244,0.00033329087972807693,0.00033366771360083625,3.768338727593197e-07,8.142338525625216e-05,1.7477539037443242e-08,-0.0012211856037896286,15.353098570926734,-3.173165266700433e-05,3.0346293396646624
25-1122.00,"Communications Teachers, Postsecondary",5.883135178951345,0.5819217704670391,0.00010286835119822293,0.00010298147052691807,1.1311932869513585e-07,9.70884760199146e-05,4.630543931749053e-09,-0.001986729303059779,14.03718875577402,-4.490560688372427e-05,3.029297230126357
25-1123.00,"English Language and Literature Teachers, Postsecondary",5.865889047820697,0.564077378220911,0.00032890801764694965,0.0003293035687630169,3.9555111606726394e-07,7.481529038632934e-05,1.7549728773508463e-08,-0.0011246243653571723,13.647111897013007,-3.4285012520361404e-05,3.023702809941033
25-1124.00,"Foreign Language and Literature Teachers, Postsecondary",5.859282179447422,0.5974023376330038,0.00012981006222632894,0.00012997108983378025,1.6102760745130562e-07,4.36593925748027e-05,7.0365918677112225e-09,-0.00012468945213942918,14.470585815282753,-1.7383318883012697e-05,3.0295296531372817
25-1125.00,"History Teachers, Postsecondary",5.928095838270006,0.5847633333396328,0.0001092492827575112,0.00010933357841724729,8.429565973609515e-08,0.00010126777779600687,5.448824681338786e-09,-0.0019455403209601768,20.903134816312132,-4.5622006401693755e-05,3.1245651453969594
25-1126.00,"Philosophy and Religion Teachers, Postsecondary",5.8689899254777655,0.5886999355617444,8.623925683159291e-05,8.634788825790467e-05,1.0863142631175595e-07,5.9948346059221605e-05,4.3784850823683875e-09,-0.0006570497609681846,13.673687829540755,-2.452802775523719e-05,3.081380542446579
25-1192.00,"Family and Consumer Sciences Teachers, Postsecondary",5.926277208135334,0.5798079363572899,3.2033565504709774e-05,3.206474267885426e-05,3.117717414448287e-08,0.00011511715714560607,1.6874325784185574e-09,-0.0024265762863462854,15.67848017562268,-5.492464181213273e-05,3.0829239227551475
25-1193.00,"Recreation and Fitness Studies Teachers, Postsecondary",5.914494199195162,0.5805347889003802,9.648741963893467e-05,9.658803120421585e-05,1.0061156528118006e-07,0.00011455713618416808,4.789656064652239e-09,-0.002478216034441068,14.50486960847494,-5.4924657332847304e-05,3.0019628233046274
25-1194.00,"Career/Technical Education Teachers, Postsecondary",6.04308646094223,0.4054629491437036,0.0008364821189539706,0.0008375120474029801,1.0299284490094531e-06,0.00014290840961661856,6.319902151562583e-08,-0.0015517743787954205,14.864424827896567,-1.745761783651465e-05,2.8355635214011694
25-2011.00,"Preschool Teachers, Except Special Education",5.739984357227568,0.5132541123940154,0.002186983724628385,0.0021900840089326837,3.1002843042986575e-06,3.7688061653089334e-05,1.8888384049473952e-07,0.0002245850640766843,10.466986870189887,-3.455461627102622e-05,2.1294214739848565
25-2012.00,"Kindergarten Teachers, Except Special Education",5.784949003258184,0.5012116584394732,0.001019982241674109,0.001021417632735154,1.435391061045026e-06,3.665243241781242e-05,8.01778807015569e-08,0.00028238309662716654,10.633729976036408,-2.4898524052137295e-05,2.8204054274037182
25-2021.00,"Elementary School Teachers, Except Special Education",5.757909261450223,0.5329168867693564,0.008748579437054881,0.008762006886702737,1.3427449647855291e-05,2.1481196248030166e-05,5.173542346742178e-07,0.0005231363815183941,8.497437901101366,-8.428538693400662e-06,2.8804401234494144
25-2022.00,"Middle School Teachers, Except Special and Career/Technical Education",5.765944238783927,0.538765411923729,0.003673934139504953,0.0036796312755351555,5.697136030202547e-06,2.05342085665942e-05,2.369104781313803e-07,0.0005960985328461745,8.486689156102178,-1.0436167319509217e-05,2.894636156682622
25-2023.00,"Career/Technical Education Teachers, Middle School",5.766745044788627,0.5433738193268722,0.00011247197546422243,0.00011263902263495995,1.6704717073751758e-07,1.4165653128554497e-05,7.362623251221568e-09,0.0007960495540427835,8.726718849391762,-7.834940236306005e-06,2.922696211905979
25-2031.00,"Secondary School Teachers, Except Special and Career/Technical Education",5.79172175996194,0.5374944424208639,0.006103844440365232,0.0061130874396235785,9.242999258346658e-06,2.2665370900424042e-05,3.5953973801321033e-07,0.0004969591068529509,8.685216876773456,-9.073803067970395e-06,2.9408901794977527
25-2032.00,"Career/Technical Education Teachers, Secondary School",5.783262858560279,0.5263267266322691,0.0006917832164226357,0.0006928188348988237,1.03561847618794e-06,1.6937183400924466e-05,4.180981505816884e-08,0.000696217042002487,9.402008214905628,-6.785913239859481e-06,2.9704144655697013
25-2051.00,"Special Education Teachers, Preschool",5.862214838327032,0.4540383675426687,0.001312860554860027,0.0013145562255075884,1.6956706475614817e-06,5.286800884007524e-05,9.262010921651e-08,-0.00012277706180542527,12.44649546405121,-2.5180829217215545e-05,2.915949948644587
25-2056.00,"Special Education Teachers, Elementary School",5.964718734460243,0.4649199159644549,0.001312860554860027,0.001314785942959126,1.925388099099142e-06,6.908967206796041e-05,9.927928663329448e-08,-0.0004678159679945503,11.17439510887009,-3.304108364499993e-05,2.915949948644587
25-2057.00,"Special Education Teachers, Middle School",5.830810372798077,0.5072015708102238,0.0005597817231557432,0.0005605364888791506,7.547657234074781e-07,2.958915911275812e-05,3.782878548948566e-08,0.0004172975233988893,11.963496887806908,-1.5611562141192773e-05,2.847812143477369
25-2058.00,"Special Education Teachers, Secondary School",5.860918438426841,0.5186088834086378,0.0007726083495069538,0.0007736909010689433,1.0825515619894551e-06,3.0608948402242525e-05,4.459514427944627e-08,0.00031913138542330466,10.533926574477896,-1.098531511024265e-05,2.952252503480326
25-3011.00,"Adult Basic Education, Adult Secondary Education, and English as a Second Language Instructors",5.86045338151133,0.5277754060515581,0.0003666135223154712,0.00036710395861035367,4.904362948824552e-07,4.000796768779424e-05,2.6326499937471314e-08,9.094014698029867e-05,15.525229263155074,-2.6720321563483508e-05,2.702702594775615
25-3021.00,Self-Enrichment Teachers,5.875576911044647,0.4953407347515682,0.0008098626771965358,0.0008108579451118431,9.952679153072894e-07,5.296255119466403e-05,6.814263827400877e-08,-0.00025387253105040746,14.248076291071962,-4.767771528043183e-05,2.5289235352047745
25-4022.00,Librarians and Media Collections Specialists,5.774632007685157,0.3437274147895418,0.0009503720792091461,0.000951502044129978,1.1299649208319253e-06,0.00013798636884433487,8.910866528349106e-08,-0.0012309526645319713,13.977744929399766,-2.5351962896404424e-05,2.934506127350281
25-4031.00,Library Technicians,5.172100221359254,0.343059317313056,0.0006318411320778067,0.0006326011605922951,7.600285144884452e-07,5.559704882801344e-05,7.681182743753893e-08,0.000733116062426173,12.42730877869871,-8.57113399649517e-06,2.3832429960115
25-9021.00,Farm and Home Management Educators,0.1526077607805149,0.4010032765778244,6.142452298991632e-05,6.13672302214368e-05,-5.7292768479520056e-08,0.00040205585157766246,2.539349021489229e-09,-0.010261773762430086,24.031842123167912,-0.00011611258888264633,2.847232265235547
25-9031.00,Instructional Coordinators,6.0835483160202815,0.5710605151770259,0.0004954567767297867,0.0004958311755229327,3.743987931460009e-07,8.123159262757411e-05,1.842013264733966e-08,-0.0012413347145828239,24.775041044200854,-1.850905441234971e-05,2.9987277825337895
25-9042.00,"Teaching Assistants, Preschool, Elementary, Middle, and Secondary School, Except Special Education",5.494719668077533,0.4815853905551077,0.007191889952005082,0.007204161007408477,1.2271055403394876e-05,1.3781005594714061e-05,6.86865028377398e-07,0.0010373852461868732,6.832584527967382,-1.3132202992067703e-05,2.0661322103110558
25-9043.00,"Teaching Assistants, Special Education",5.509078908913577,0.4802461973443068,0.007191889952005082,0.007204355543678355,1.2465591673272575e-05,1.0424716251931748e-05,7.076805966882692e-07,0.0009959732289422458,6.663301371508662,-2.4507713004311887e-05,2.0661322103110558
25-9044.00,"Teaching Assistants, Postsecondary",5.644519848963385,0.4647761726549437,0.0008040618303244556,0.0008050992236181013,1.0373932936457624e-06,2.4983864567988684e-05,7.22863981173967e-08,0.0007513150670283775,13.55052268582877,-1.746717698720086e-05,2.2528088659012475
27-1011.00,Art Directors,0.1820011889384758,0.1837201786498039,0.00012368694608357758,0.0001238106053786316,1.2365929505402844e-07,0.00022501611403839442,8.624840558249847e-09,-0.003890985883789704,14.272855004821064,-8.090473479477092e-05,3.2507620137305224
27-1013.00,"Fine Artists, Including Painters, Sculptors, and Illustrators",5.209059347509852,0.0983128177304097,8.533690287371377e-05,8.544289054658266e-05,1.0598767286889199e-07,0.0006471574448452615,1.128531005767617e-08,-0.0065797697863335825,13.147272954194243,0.00044662099515887436,2.674838066896096
27-1014.00,Special Effects Artists and Animators,2.3144113308496013,0.0247988849058478,0.0001967776166717886,0.00019705478804968193,2.771713778933465e-07,0.0004756138908035046,2.20815725955406e-08,-0.006015175380222401,11.05065403018967,9.35153634733972e-05,2.8803214220426634
27-1021.00,Commercial and Industrial Designers,1.50463158320825,0.3300994731668532,0.00024718053060475247,0.000246982665575472,-1.9786502928047667e-07,0.0025191695751899993,1.78003012324622e-08,-0.04663844644250011,24.264950775589508,0.000687981074291629,3.0978374964911444
27-1022.00,Fashion Designers,1.39939816948501,0.0449945935876663,6.18756999688559e-05,6.183033684374396e-05,-4.536312511193327e-08,0.0013751440004749536,5.307372713583353e-09,-0.018551239813930125,21.254985850826802,0.0010403737744265353,3.08922261664133
27-1023.00,Floral Designers,4.6157218764613575,0.3719687063950669,0.0003829203474114301,0.0003835603386548758,6.399912434457014e-07,9.189066419496594e-05,4.555700897453494e-08,-9.682476010531172e-05,8.327693409975906,-6.151659959367776e-06,2.1587147225743437
27-1024.00,Graphic Designers,0.4251804767048106,0.034631154637203,0.0007722860802362826,0.000773374808610592,1.0887283743093263e-06,0.00035672316461194526,8.194719929712978e-08,-0.006758479493616377,13.245634879433723,-0.0003290830137566513,2.7694588292308535
27-1025.00,Interior Designers,1.0467051642752945,0.1793080896767041,0.0001913634929245137,0.00019134926532968476,-1.4227594828945984e-08,0.0006377697854502326,1.6139527180230866e-08,-0.013176418523094273,26.64786809564732,-7.685313219611833e-05,2.774461966621461
27-1026.00,Merchandise Displayers and Window Trimmers,4.459459760557692,0.2186604311230837,0.00033213071035366086,0.00033235720079458097,2.264904409201153e-07,0.001527709585902756,4.4851175140417676e-08,-0.01630326632487942,11.800996785652108,0.00029924242783915003,2.2364452904895007
27-1027.00,Set and Exhibit Designers,1.7179355183252558,0.0233980956700391,5.3432245077272433e-05,5.3445957183794446e-05,1.3712106522012057e-08,0.0006489182137170299,4.935894628344217e-09,-0.010161594429060216,21.25618759810748,0.0003637914256699843,2.611539300721366
27-2011.00,Actors,5.122717041603321,0.2287977803278502,0.0005465042292040928,0.000547406534436756,9.023052326631456e-07,0.00015238746909344297,5.923933547423714e-08,-0.000257685654669547,8.163355333836696,8.871447966310415e-05,2.8377280244107426
27-2012.00,Producers and Directors,6.071598669958998,0.1423700162944265,0.0002526591082061616,0.00025302505495363565,3.659467474740382e-07,0.0002365001857728732,1.5309873482782425e-08,-0.003424134118786275,11.92347255784837,-4.4260066930951565e-05,2.9044284805304845
27-2012.03,Media Programming Directors,5.873963113491617,0.2381626601595345,0.0002526591082061616,0.00025300787740010935,3.487691939477438e-07,0.00021740189294494562,1.4815731121369533e-08,-0.003994681540011416,13.054345679180896,-7.834351338525841e-05,2.9044284805304845
27-2012.04,Talent Directors,5.534835947671985,0.241134405517981,0.0002526591082061616,0.0002529623904044395,3.032821982778752e-07,0.0001072085714224765,2.247487506072739e-08,-0.0006357019971097498,10.650217382236955,-1.7614790510669197e-05,2.9044284805304845
27-2012.05,Media Technical Directors/Managers,3.0293527335599046,0.0838094372703166,0.0002526591082061616,0.0002531583242683457,4.99216062184091e-07,0.0008675981905767728,2.2219682977739396e-08,-0.011672855520355642,11.422529974016523,-0.00010635148480113335,2.9044284805304845
27-2021.00,Athletes and Sports Competitors,6.040647137241384,0.2391378411621631,6.844999309054683e-05,6.852132900426807e-05,7.133591372124326e-08,0.0001979835555862548,7.499478606282692e-09,-0.003169219046597723,14.075797776108333,-0.00011165217396063703,2.877468353060257
27-2022.00,Coaches and Scouts,6.04222512480268,0.3606320631843754,0.00042423526791146826,0.00042474012306317266,5.048551517044066e-07,0.0001300908674745249,1.6596429559319472e-08,-0.002078756436330452,15.376799571339932,-2.4017551918607453e-05,2.588342237036242
27-2023.00,"Umpires, Referees, and Other Sports Officials",6.259596455131482,0.1607129332675586,5.252989111939329e-05,5.256201510320515e-05,3.212398381186027e-08,0.0003563720064169331,5.0362742380521355e-09,-0.007237169472095301,21.776141229726427,-0.00024316455962567518,2.189179481651388
27-2031.00,Dancers,5.479273099295988,0.1992401838776465,9.610069651412932e-05,9.627320563721581e-05,1.7250912308648778e-07,5.463229431178899e-05,8.619174777407976e-09,5.1852606341072746e-05,7.311761869296358,-5.2553566336170976e-05,2.2428350885882717
27-2032.00,Choreographers,5.813449511695222,0.2076707178257437,7.19949550679292e-05,7.20917151911774e-05,9.676012324819246e-08,0.00012022514931251024,6.649188220221874e-09,-0.0010146213745164292,11.063670917099904,-4.2793542880371796e-05,2.5610957881455465
27-2041.00,Music Directors and Composers,5.86658987292504,0.0944322220200836,4.067038195869591e-05,4.073075874210118e-05,6.037678340527355e-08,0.00025370505343536286,4.019174378554524e-09,-0.003836417626071534,11.573960262460131,-0.00016451352034370798,2.659452326136332
27-2042.00,Musicians and Singers,5.472523339838549,0.1989977722689181,0.0002993236985993404,0.00029985640319650476,5.327045971643333e-07,4.433719306646234e-05,3.5504047031042894e-08,0.0006301932121961079,8.529866645493856,-5.289345451304918e-05,2.67049476726799
27-3031.00,Public Relations Specialists,6.2710998978844845,0.4621162640866856,0.0007623601866996121,0.0007628244860248565,4.6429932524442823e-07,0.0002101078252807959,4.355249626498048e-08,-0.005214084193564153,21.800586921323053,-9.042765987239171e-05,2.869601996409779
27-3041.00,Editors,5.969767289222943,0.2000043207488582,0.0006136651452119552,0.00061454162724801,8.764820360547586e-07,0.00011520543699540765,5.7248777619769247e-08,-0.0006145518449781786,11.422699736586116,-2.0594908296558093e-05,2.8909271591878647
27-3042.00,Technical Writers,1.0734381480031556,0.1198120056733406,0.0003008705910985618,0.00030094065898800937,7.006788944755385e-08,0.0010533266809958947,3.0131998237181534e-08,-0.018968255003733617,17.821344778531895,8.833300372097219e-06,3.0596455992976437
27-3043.00,Writers and Authors,0.1900390522769169,0.3486608822904262,0.0002943607518310051,0.0002947012388587787,3.4048702777361977e-07,0.00023805288533614081,2.2665979316766482e-08,-0.005501340050972092,14.458825922752547,-0.00010730389978310357,2.976549454137217
27-3043.05,"Poets, Lyricists and Creative Writers",6.052417750430905,0.2458149952479385,0.0002943607518310051,0.0002947418538985807,3.8110206757561863e-07,0.00012863154526867156,2.7623332544391164e-08,-0.0013461334431970398,13.457802385872514,-5.189343413730837e-05,2.976549454137217
27-3091.00,Interpreters and Translators,0.1548390567076126,0.2215219329151614,8.791505703908275e-05,8.796033410678766e-05,4.527706770491029e-08,0.0004015362851943652,8.419104955162848e-09,-0.0068412669504838725,19.765917875728217,-7.14677777849687e-05,2.5603232890727545
27-3092.00,Court Reporters and Simultaneous Captioners,5.133080515034269,0.2148703385186707,0.00011253642931835667,0.00011271156397630135,1.7513465794468405e-07,7.303203327950316e-05,9.492876154615023e-09,-0.00045683672968792235,9.954475465802325,-5.2659512372240845e-05,2.8780742300857587
27-4011.00,Audio and Video Technicians,3.843196663130671,0.0889053621652639,0.0002519501158106851,0.0002521711474663382,2.2103165565309823e-07,0.0011842463526585143,3.154759278873018e-08,-0.013400456187327277,13.1990875432338,-0.00012171749100503611,2.6034301519721073
27-4012.00,Broadcast Technicians,3.046009875978013,0.1651351798827433,0.00016480850502121307,0.00016464287988848995,-1.656251327231161e-07,0.0021334991892472295,1.9337704544300105e-08,-0.0283358240880736,14.877256979091449,-9.885996166270888e-05,2.427454075039915
27-4014.00,Sound Engineering Technicians,3.0383057482530043,0.1945353784682389,6.045771517790295e-05,6.0518211810514995e-05,6.0496632612045e-08,0.001646121411165754,8.480289445284855e-09,-0.020026300758750722,16.016884385021992,0.0001314008030583252,2.637627736805664
27-4021.00,Photographers,3.449862633132294,0.1178372279555783,0.00042584661426482386,0.00042562202630386226,-2.2458796096160505e-07,0.0027968712425629747,6.124633688334838e-08,-0.035434519679849445,15.927232731965333,-0.0006389061494517618,2.303584593327129
27-4031.00,"Camera Operators, Television, Video, and Film",3.141550516773479,0.1967375025317111,0.00011169852921461174,0.00011175354279631809,5.5013581706355526e-08,0.002725188400823904,1.675482107364229e-08,-0.03586055873269613,14.791062804909535,-0.0002146928349756403,2.479894107964456
27-4032.00,Film and Video Editors,3.0798956076888437,0.1093313454359881,8.230757172940519e-05,8.236279798079454e-05,5.522625138935347e-08,0.0007727717840617768,1.167655794026797e-08,-0.010506213013195886,15.65177084661834,-0.00021708380544379366,2.935982269148217
29-1011.00,Chiropractors,0.1367218351861222,0.2782746532371201,7.437974767089553e-05,7.44522023423711e-05,7.245467147556765e-08,0.0002931272317150013,5.701175022288614e-09,-0.0055380662793160645,21.079303384772487,-7.798528604687315e-05,3.3293432778941723
29-1031.00,Dietitians and Nutritionists,0.3134025924497729,0.4282555782204753,0.00026632332528261725,0.00026626134513316765,-6.198014944959777e-08,0.0004478521253420274,9.21777600198941e-09,-0.012244512348581626,29.942622827942202,-0.00011322056518024985,2.864483986944037
29-1041.00,Optometrists,0.0114902194268436,0.2097828480743261,0.00013793124784724128,0.00013800357021318137,7.232236594008953e-08,0.0003030331815909765,9.150634695673324e-09,-0.007028117023803506,21.3392582113945,-0.0001711907723209322,3.6136169696133895
29-1051.00,Pharmacists,6.180296061332774,0.275812623250258,0.0014585907190575093,0.0014602983609028437,1.7076418453343574e-06,0.000244303509952668,7.318134155065839e-08,-0.005098182490292681,13.378280277417428,-9.26082465112001e-05,3.4707234443107655
29-1071.00,Physician Assistants,0.0881991345617762,0.2818636713857794,0.00036577562221172625,0.0003662097696329594,4.3414742123315574e-07,0.00027263844863402084,1.8334218259918764e-08,-0.005704697102972076,14.467741324111723,-7.742359955668003e-05,3.240245850604393
29-1071.01,Anesthesiologist Assistants,0.250080441557057,0.1235824394380656,0.00036577562221172625,0.0003663440087444892,5.683865327629355e-07,0.0003746797024880631,3.3339416871606186e-08,-0.00654378246831238,13.263737623145868,-0.0001737536768195756,3.240245850604393
29-1081.00,Podiatrists,5.192123066899784,0.1597693086112672,2.8810872797998527e-05,2.886839888667284e-05,5.7526088674312404e-08,0.00033467526985530476,1.2117526169728823e-09,-0.004071515123335573,13.253740478174057,9.626979362914028e-05,3.9318256327243257
29-1122.00,Occupational Therapists,6.262543285393475,0.3373610533949416,0.0005088631783897055,0.0005093752631773163,5.120847876107816e-07,0.00021469604359515047,3.0428870559896003e-08,-0.004350214674762774,18.25922313767281,-7.036367932316069e-05,3.166740070447672
29-1122.01,"Low Vision Therapists, Orientation and Mobility Specialists, and Vision Rehabilitation Therapists",6.235023111661424,0.3884301116530124,0.0005088631783897055,0.0005094085789503721,5.454005606665745e-07,0.00014095859871562634,4.1228586056735423e-08,-0.002132962717922948,17.226013375194178,-4.9968848995934515e-05,3.166740070447672
29-1123.00,Physical Therapists,0.228202695498829,0.3181696109049729,0.0008446677584290172,0.0008451565312858958,4.887728568786325e-07,0.0005500105092560047,6.085406609969935e-08,-0.009944010901021727,20.51795629935687,-1.915010404581789e-05,3.298795448044074
29-1124.00,Radiation Therapists,5.816758248748575,0.0525341494046939,7.953605600163351e-05,7.953936244356762e-05,3.306441934104124e-09,0.001360853032925448,8.035177683815564e-09,-0.018205237814358777,15.844674393302382,0.0008119921983066739,2.997730276216664
29-1125.00,Recreational Therapists,0.0395191499627409,0.4710614228318798,0.00019458618563122495,0.00019476684931486567,1.806636836407206e-07,0.00013698788192100832,1.192524604706541e-08,-0.0021281094802659403,20.162633573110927,-2.6080427135177445e-05,2.6004649904222727
29-1126.00,Respiratory Therapists,0.2965759684835118,0.1229101011616137,0.0005171132717188864,0.0005177031300153523,5.898582964659676e-07,0.0006704379357468358,4.7645838445634486e-08,-0.011164508229192354,12.408561369812585,-0.0001792550398012038,2.8553201198372458
29-1127.00,Speech-Language Pathologists,0.1069894643843621,0.4382181975184752,0.0005537875147212603,0.0005543157565599209,5.282418386606076e-07,0.00027476812652523375,3.135485386118728e-08,-0.006216502240722228,17.779820015822715,-6.951320647407354e-05,3.0924051608142515
29-1131.00,Veterinarians,0.1976597540649229,0.2550429958291027,0.0002529813774768327,0.00025318310625296436,2.017287761316394e-07,0.00044569676216665215,1.5837589225541932e-08,-0.009583664390619442,16.999572110834407,-0.0001381408857062138,3.338967305126021
29-1141.00,Registered Nurses,0.1004882188156619,0.3329918539721487,0.01421484635232436,0.014235914490458926,2.1068138134565373e-05,0.0002339414567381742,9.831311711879209e-07,-0.004617504877680316,8.126956868411439,-6.844236472679201e-05,3.012097627640255
29-1141.01,Acute Care Nurses,0.0786226912692694,0.34227406570587,0.01421484635232436,0.014233940341147213,1.9093988822853e-05,0.0003158986296374899,8.035241640890208e-07,-0.0062214279905106005,9.344418855925563,-5.462859405801165e-05,3.012097627640255
29-1141.02,Advanced Practice Psychiatric Nurses,0.169366683509951,0.4519280597675216,0.01421484635232436,0.014233531707803483,1.8685355479122756e-05,0.0002626608263728817,7.362470646670794e-07,-0.005812218413916501,9.396670016126233,-5.014846384012778e-05,3.012097627640255
29-1141.03,Critical Care Nurses,0.4234471348707064,0.271555934957323,0.01421484635232436,0.014233035552179446,1.8189199855085658e-05,0.0005491904558292123,9.80867155332304e-07,-0.011353577725484055,9.214489878034065,-8.881374291703139e-05,3.012097627640255
29-1141.04,Clinical Nurse Specialists,0.1701184103050311,0.5389456289248785,0.01421484635232436,0.014226906526193753,1.2060173869392343e-05,0.00040985491508954886,6.154174940907357e-07,-0.012376697350453656,12.478979842203103,-0.00014340599372754718,3.012097627640255
29-1151.00,Nurse Anesthetists,0.2284493288725316,0.1031430999281043,0.01421484635232436,0.014236573923598575,2.1727571274214597e-05,0.0008691561089433986,8.69535987741669e-07,-0.012418241783572872,5.910948246298395,-2.6990070041955238e-05,3.012097627640255
29-1161.00,Nurse Midwives,6.229022864991756,0.4006378488492135,0.01421484635232436,0.01423591343863503,2.106708631067003e-05,0.00021298574192650955,9.020643675236917e-07,-0.003941249808091383,7.906193751357163,-4.650192871560938e-05,3.012097627640255
29-1171.00,Nurse Practitioners,0.0834959969634943,0.4551202479508598,0.01421484635232436,0.014234254914527022,1.9408562202661434e-05,0.00019610759609485712,6.180323235473643e-07,-0.004063188599874063,9.360660054442222,-3.5275913896845364e-05,3.012097627640255
29-1181.00,Audiologists,0.1549728961440712,0.3522797099985592,8.346774110382123e-05,8.353003898762274e-05,6.229788380150182e-08,0.0002772606319816005,3.959733244176408e-09,-0.005759291015242928,23.576515661794925,-5.109585786148324e-05,3.0209125720842893
29-1211.00,Anesthesiologists,6.282286354901725,0.2212584085719257,0.0001669999360617767,0.00016719609609640863,1.9616003463191834e-07,0.00019434298844924418,8.679112728493218e-09,-0.0039206920732806965,16.7438034761717,-8.297488215639182e-05,4.086144365656761
29-1215.00,Family Medicine Physicians,0.0778141285860616,0.4300939219788117,0.0008668398842511906,0.0008679992174921449,1.159333240954288e-06,0.00022501062585618208,4.19436056501666e-08,-0.004814659126006448,12.979080826358343,-5.125733561672884e-05,3.995260603998202
29-1216.00,General Internal Medicine Physicians,0.1493323034467844,0.3939957455393187,0.00031414808505021214,0.0003143585233745633,2.10438324351153e-07,0.00029424257309104246,1.5870131987996807e-08,-0.006870960447543604,18.031185860902294,-7.954885589662029e-05,4.082103275799747
29-1218.00,Obstetricians and Gynecologists,0.0954733814351888,0.3877450789938165,0.00012104433806407435,0.00012111629620215156,7.195813807721286e-08,0.00029582726026562294,5.032808250403079e-09,-0.007838296532808344,18.425476272297317,-0.00011975223290791077,4.176078147248771
29-1221.00,"Pediatricians, General",0.0627860559219104,0.4581779477727477,0.00012207559973022194,0.0001221941585752617,1.1855884503975773e-07,0.00023249244486859142,5.719097621686e-09,-0.004800567267210908,14.642009034531098,-3.842345256937212e-05,4.0715875750994845
29-1223.00,Psychiatrists,0.1549334619370951,0.4885915304064832,0.00011517903733785988,0.00011513942700884262,-3.961032901726941e-08,0.00033458996477546383,3.835362667019313e-09,-0.009081441048009682,35.475550964037396,-9.533869630872108e-05,4.019800597601577
29-1292.00,Dental Hygienists,5.717136156658347,0.0770398958440665,0.0005804069564786952,0.0005814258556917175,1.0188992130222762e-06,0.0004450559486388723,7.839786576774275e-08,-0.005518250178380334,10.795266574403678,7.415243914093251e-06,3.1219242987917504
29-2011.00,Medical and Clinical Laboratory Technologists,1.5023170918275777,0.3591581470494813,0.0009394149240063278,0.0009393870339427378,-2.7890063589988343e-08,0.0014804744097412408,8.136187546444063e-08,-0.034756549893898134,20.301247751127665,-1.6829926609593313e-05,2.918851229218033
29-2011.01,Cytogenetic Technologists,1.2511483520261015,0.1653806316260279,0.0009394149240063278,0.0009401278675124631,7.129435061353512e-07,0.0007427292536166405,1.0713862283179495e-07,-0.014147670675155589,15.830093108901412,-5.267898867691388e-05,2.918851229218033
29-2011.02,Cytotechnologists,1.285945152485701,0.2077579001789034,0.0009394149240063278,0.0009403022408575087,8.873168511809061e-07,0.0011470821366779025,1.1273201288120225e-07,-0.02066602257578925,13.439334360837533,8.08719118345327e-05,2.918851229218033
29-2011.04,Histotechnologists,2.331214456695181,0.0794906113623001,0.0009394149240063278,0.0009402401670068603,8.252430005325443e-07,0.0011396425852926643,1.2706730135499888e-07,-0.017910290149858444,12.847838560789738,-3.45882350027634e-05,2.918851229218033
29-2012.00,Medical and Clinical Laboratory Technicians,1.7784846155365464,0.3884129768765028,0.0009158248133932015,0.0009153291496080738,-4.956637851277626e-07,0.0017089327923702124,1.054600684816237e-07,-0.03931698471126445,24.334874581639856,-4.73867750574071e-05,2.556451816951096
29-2012.01,Histology Technicians,3.363480777125064,0.2058481752767267,0.0009158248133932015,0.0009172423821572428,1.4175687640412661e-06,0.001520617416402601,1.4056900954851762e-07,-0.020083845198072395,5.763624610637896,-0.0003576935877911314,2.556451816951096
29-2031.00,Cardiovascular Technologists and Technicians,1.730929964592952,0.1297034565132512,0.00026741904080289906,0.00026765340058484564,2.343597819465834e-07,0.0009562707327499269,3.3867916786486975e-08,-0.016404584846826567,16.50896072553526,-4.878373604592443e-06,2.738256043159276
29-2032.00,Diagnostic Medical Sonographers,0.4175526746759958,0.0596759341533859,0.00018872088490501048,0.00018905153276155523,3.306478565447428e-07,0.0005375853717821382,2.2198732050525303e-08,-0.008110839048388857,15.532638976718587,-0.00022952229428112493,3.0130809118886037
29-2033.00,Nuclear Medicine Technologists,1.5442790221877305,0.178636071280817,0.00011524349119199411,0.00011525776978860004,1.4278596605925742e-08,0.0009533559102255189,1.403020279838165e-08,-0.017860256761969312,27.289637032421666,-1.9717328391961073e-05,2.9785861147190205
29-2034.00,Radiologic Technologists and Technicians,2.8489971853004774,0.0161306000482343,0.0011463117957771897,0.0011475205587561138,1.2087629789241192e-06,0.0008446879225599334,1.6242266199068737e-07,-0.012614745221449706,12.212180208738934,-0.001285725396515518,2.8015405441895487
29-2035.00,Magnetic Resonance Imaging Technologists,1.7690322003941112,0.0944120905562526,0.0011463117957771897,0.001147336936740519,1.0251409633293181e-06,0.0009054380594578452,1.5207711137698908e-07,-0.015206799225226142,13.07540369939489,8.067243788044504e-05,2.8015405441895487
29-2051.00,Dietetic Technicians,0.1042700735218774,0.3529800786959569,0.00018814080021780247,0.00018836948660577615,2.2868638797367865e-07,0.0002615886929273038,1.7154884093352222e-08,-0.005611741102743763,14.557736803738491,-0.00010948609304728354,2.2396452932201716
29-2052.00,Pharmacy Technicians,4.582796507956658,0.2873635158455013,0.0012660670567585797,0.0012681388295290676,2.071772770487982e-06,0.0009438768543739029,1.628521781901602e-07,-0.009128660543001415,6.438858355648036,0.00016770518247921954,2.209372711271867
29-2053.00,Psychiatric Technicians,5.786067380679453,0.3784518144825298,0.000351660228156331,0.0003521130593816822,4.5283122535120634e-07,6.176498084265495e-05,3.3082091210984926e-08,0.00031648454155575956,12.513054605207829,-1.672337663265195e-05,2.3570732782781154
29-2055.00,Surgical Technologists,3.9795309470771087,0.2712986446147074,0.0004177254286439115,0.0004176659608967953,-5.9467747116220566e-08,0.002296334726661027,4.75629828333097e-08,-0.029552268668168683,10.19025476225576,-0.0002908832044339372,2.552565298261815
29-2056.00,Veterinary Technologists and Technicians,4.790326999725889,0.1427088733057311,0.0003059624455751656,0.00030564131276379777,-3.2113281136781887e-07,0.0010990702166565373,3.385990917670935e-08,-0.014288682028784291,16.06500939373678,0.0005394707518009804,2.2915241456346207
29-2061.00,Licensed Practical and Licensed Vocational Nurses,5.058764592872087,0.1905167129422737,0.004437712310995518,0.00444563045453931,7.918143543791424e-06,0.00037194766420916106,4.1189303712464955e-07,-0.0033834800702275286,6.4327468316129695,0.00013129249755354982,2.5945081597030812
29-2081.00,"Opticians, Dispensing",4.349077530550142,0.1698230412972297,0.00037937538543404773,0.0003796706258447322,2.952404106844526e-07,0.0021123156987659683,4.6958260945465885e-08,-0.024234788112246327,8.689380850038246,0.000269698775276641,2.4069451083182885
29-2091.00,Orthotists and Prosthetists,1.630508891663729,0.0579089787251363,2.146313342669689e-05,2.1460554640496093e-05,-2.578786200798164e-09,0.0016378170342911352,1.5907962616228715e-09,-0.02438644761575336,16.69783797246021,0.0010341013397123506,2.8870328566306496
29-2099.01,Neurodiagnostic Technologists,1.3747132264165691,0.2514670695065764,0.0002190786502022304,0.00021916314464667027,8.449444443986713e-08,0.0010448289781594276,2.5214957161827134e-08,-0.02171858958015433,20.822853683342064,-4.235525842824485e-05,2.717340248009303
29-2099.05,Ophthalmic Medical Technologists,1.2308584984711164,0.103528731271935,0.0002190786502022304,0.00021897591603915124,-1.0273416307915971e-07,0.0008551196111727782,2.782695818548415e-08,-0.014454701728571983,21.69612007543284,-3.480446354170734e-06,2.717340248009303
29-2099.08,Patient Representatives,6.211415074401345,0.5733043920986706,0.0002190786502022304,0.00021916356284291271,8.491264068231376e-08,0.00014663514537868673,1.2973265047934728e-08,-0.0031082973959506268,32.448744559631265,-5.773088650585979e-05,2.717340248009303
29-9091.00,Athletic Trainers,5.994507199603037,0.2193442522506934,0.0001074445748417529,0.0001075491218935443,1.0454705179139656e-07,0.00015622649626293887,9.349978475951758e-09,-0.0015790037560978528,21.02590949105448,-3.317312721531118e-05,2.716984529835976
31-1121.00,Home Health Aides,5.211584596228508,0.341144085690406,0.00372240343781389,0.003729426956372534,7.02351855864404e-06,9.047810335816106e-06,4.478059095289203e-07,0.0013726569707289023,5.599868180456409,-1.4771772979324452e-05,2.105352923464337
31-1122.00,Personal Care Aides,5.566215462093154,0.3856309474224317,0.001936838316733458,0.001939991354206256,3.153037472797965e-06,3.069997177874659e-05,2.0594771200494482e-07,0.0004849819492244063,7.7879845063440065,-5.272716093669629e-05,2.0149030205422647
31-1131.00,Nursing Assistants,4.959392440904493,0.2328866852150191,0.008435333705962549,0.008451865926866312,1.653222090376369e-05,8.875957909681509e-05,1.0847583327459176e-06,-0.00012825165166297295,5.378015844501068,-3.852156932254023e-05,2.1150499691472033
31-1132.00,Orderlies,4.356936466197263,0.3060726809782104,0.008435333705962549,0.008453425356610759,1.809165064821025e-05,0.00035346720692357414,8.8331692062806e-07,-0.0029845676094891823,3.8646369545797232,-9.84784663688848e-07,2.1150499691472033
31-1133.00,Psychiatric Aides,5.442298801279307,0.393791191337461,0.00032935919462588923,0.00032975341767206123,3.942230461719963e-07,1.2335109584542004e-05,3.647831373773347e-08,0.0012302133603515804,14.008389547196613,-1.8195046892824694e-05,2.334083760053417
31-2011.00,Occupational Therapy Assistants,5.867035636521633,0.293127244137682,0.00011144071379807484,0.00011156171279117814,1.2099899310330693e-07,0.000448719265855725,1.1855748361520997e-08,-0.0047388803836369685,13.951491479269015,0.00017381112783924717,2.7593768282675506
31-2012.00,Occupational Therapy Aides,5.579122882193684,0.2889777864274842,5.961981507415803e-05,5.967484073465157e-05,5.502566049354473e-08,0.0001819493404746908,7.051897924277422e-09,-0.0017490771599912563,17.771104138325963,-3.9509334860299825e-05,2.234306252240751
31-2021.00,Physical Therapist Assistants,5.243087397748602,0.127599709920627,0.00031324573109233297,0.0003137304333255656,4.847022332326407e-07,0.0003080770139166513,3.636088786071172e-08,-0.0035781200401597962,12.796953837689697,-8.098132374056923e-09,2.7663191092261865
31-2022.00,Physical Therapist Aides,4.537425852335527,0.2307665476751728,0.0002857883892311532,0.0002860915091912135,3.031199600602775e-07,0.0017194525730515324,4.136592337303941e-08,-0.01808881642155898,9.300078278497558,0.0004195461271377078,2.2027647577118348
31-9011.00,Massage Therapists,5.865377904750556,0.237139340491243,0.00014121839440808673,0.0001413315064337997,1.1311202571296936e-07,9.013255030102434e-05,1.3381670184600552e-08,-0.0009310716985168287,14.930938819729837,-8.395571370397058e-05,2.3988039507345884
31-9091.00,Dental Assistants,4.506094643593131,0.2340146981239244,0.0011289737090150833,0.0011313464922654876,2.372783250404256e-06,0.0003198070862654175,1.6485492875736242e-07,-0.0017086913396095324,6.190701320502647,3.6059690116762376e-05,2.419478844465545
31-9092.00,Medical Assistants,5.0356458341385135,0.2572391168880428,0.0018142470861701623,0.0018173269239938083,3.0798378236459797e-06,0.0003418868554387383,2.0937482618220866e-07,-0.00387156373762812,7.403228630834134,3.189709528122972e-05,2.349468678892896
31-9093.00,Medical Equipment Preparers,3.3206244507918017,0.2330236295339938,0.00018736735396819178,0.00018710634417760252,-2.610097905892544e-07,0.002553602530282273,2.7211263629526724e-08,-0.033685815602836865,15.084637868310603,-0.00040077972383241814,2.272125885509337
31-9094.00,Medical Transcriptionists,5.944062422160559,0.211913968199386,0.0006268781853094713,0.0006277796966760315,9.015113665601909e-07,0.00014975685839644024,5.136418466066966e-08,-0.002329135077471194,11.857162307767657,-0.00010756321901505579,2.4570214462984645
31-9095.00,Pharmacy Aides,4.517678948118852,0.4170498966186839,0.00031111875390590356,0.00031160882642776325,4.900725218596829e-07,6.154674289884117e-05,4.468672433428326e-08,0.0009813888814653032,9.246841708318938,8.287731806927165e-06,2.1701959049483
31-9096.00,Veterinary Assistants and Laboratory Animal Caretakers,4.895229618140688,0.1741454223406031,0.00034598828899251924,0.0003464021360519682,4.138470594489477e-07,0.0004973074464113082,4.863042555994279e-08,-0.005371193707261196,10.770170918898614,0.00012004337731507788,2.028148247292285
33-1011.00,First-Line Supervisors of Correctional Officers,5.635776065527407,0.2488529999316582,0.00018240440719985646,0.00018265237132422235,2.4796412436588677e-07,0.0001190189670057224,1.55668730795916e-08,-0.0012537431770426551,10.92342039747501,-4.4734392914707445e-05,2.928523523860541
33-1012.00,First-Line Supervisors of Police and Detectives,5.875745284968507,0.3292717824007959,0.0007193050121379498,0.0007203371648919876,1.032152754037812e-06,0.00011459992224933001,4.052128836955954e-08,-0.0012508415077688133,11.902142124090515,-1.3845628223185336e-05,3.2311995745570328
33-1021.00,First-Line Supervisors of Firefighting and Prevention Workers,0.4974937362059881,0.0660364631158828,0.0003693205841891086,0.0003694432989948864,1.2271480577779725e-07,0.0006709458129435498,3.781416774733507e-08,-0.011856618667492597,17.40648172969983,-0.00035680354954447025,3.1458749319837103
33-2011.00,Firefighters,3.4454849040622206,0.1068982947598956,0.0016289422555342658,0.0016298008110504955,8.585555162296532e-07,0.0032492548659812373,2.03590423911671e-07,-0.03610280862815763,8.866399350486757,4.968161918649579e-05,2.760009940032921
33-2021.00,Fire Inspectors and Investigators,1.100718864459857,0.2482084237467347,6.477612340489602e-05,6.480931015861084e-05,3.3186753714819226e-08,0.0007756297198628129,6.72146964658047e-09,-0.017240040179860326,22.066859915245065,-9.642186292939334e-05,2.9580304063699794
33-2022.00,Forest Fire Inspectors and Prevention Specialists,1.689979610107864,0.0335684393062439,1.0505978223878657e-05,1.0517020437130254e-05,1.1042213251596849e-08,0.0008129829125958589,1.3523991575402767e-09,-0.012123547276722444,20.53557372527793,0.0003808577991314914,2.5634097112759444
33-3011.00,Bailiffs,5.0642597662740885,0.3922699895578678,8.134076391739182e-05,8.145171322449939e-05,1.1094930710757011e-07,1.6410701212035488e-06,9.529571588261373e-09,0.0012513994816648992,10.409383282011184,-2.185853451455858e-05,2.648300196696437
33-3012.00,Correctional Officers and Jailers,5.195624609733253,0.2919025570354377,0.002457303188867324,0.0024614730316491707,4.1698427818465285e-06,0.00011330854768155467,3.0292325758584613e-07,-0.00027113399315089183,8.16241687843836,-1.5309306196111027e-05,2.614471854142644
33-3021.00,Detectives and Criminal Investigators,0.3102949639951508,0.199099657426895,0.0005371584203546303,0.000537816951279469,6.585309248387673e-07,0.0003714394992819758,5.5371934924221306e-08,-0.006972352722173843,15.976780922666377,-0.00011012180506327093,3.095125017432026
33-3021.02,Police Identification and Records Officers,0.441420350094098,0.1055232927788373,0.0005371584203546303,0.0005377970651882602,6.386448336299227e-07,0.00036132072100345913,6.499948823317306e-08,-0.005598635150650703,13.109658654621029,-0.00012216184406564775,3.095125017432026
33-3021.06,Intelligence Analysts,0.9095027065114484,0.3677490257861568,0.0005371584203546303,0.000537289557683365,1.3113732873475809e-07,0.0007299065147287327,3.6870414000050324e-08,-0.01700458310424382,26.89124060576392,-3.0202424322911727e-05,3.095125017432026
33-3031.00,Fish and Game Wardens,0.2790353255960227,0.2448863943620351,5.298106809833286e-05,5.303050379974627e-05,4.9435701413410226e-08,0.00043814540318235163,5.065377015299485e-09,-0.009716450905801822,23.44202423328718,-0.00015890816414562212,2.89314568477889
33-3041.00,Parking Enforcement Workers,4.545071777214222,0.2162613587331177,4.937165226681627e-05,4.944060853959327e-05,6.895627277700141e-08,0.00029055119506530305,7.087149165210925e-09,-0.0018394572793857416,11.441374459988609,2.641915920515117e-05,2.4604431776096254
33-3051.00,Police and Sheriff's Patrol Officers,5.903111436168631,0.2150775894009764,0.0037503119566540096,0.0037562415754975494,5.929618843539784e-06,0.00019474887677014432,3.993645363065458e-07,-0.0027699284501943823,8.547200899607695,-9.122074110565427e-05,2.8936995479888394
33-3051.04,Customs and Border Protection Officers,0.2830288516758523,0.1171656695298026,0.0037503119566540096,0.0037568499784614373,6.5380218074277685e-06,0.00031284714476839264,4.350178894224964e-07,-0.004292516834574892,6.792872334176657,-0.00011551243494690015,2.8936995479888394
33-3052.00,Transit and Railroad Police,0.3293608005042068,0.1270180925989579,2.9584319047609228e-05,2.954940992587742e-05,-3.490912173180748e-08,0.0003262390824217762,3.48334740942678e-09,-0.0058387720807554855,27.68750270087197,-0.0001327694843335157,2.9816333491744893
33-9011.00,Animal Control Workers,5.655813360176913,0.248384066235094,5.349669893140666e-05,5.3580727400918225e-05,8.40284695115666e-08,7.221828116148493e-05,5.906000889391124e-09,-0.00020463980487882586,13.647360234678613,-6.826560186615771e-05,2.362739015813793
33-9021.00,Private Detectives and Investigators,0.6623308908559814,0.2627111469337741,0.0001978088783379362,0.00019792363026877106,1.1475193083485013e-07,0.0004645579620152703,1.810872005210301e-08,-0.00936522090990886,19.50583584059588,-5.565391007132124e-05,2.5336968139574316
33-9031.00,Gambling Surveillance Officers and Gambling Investigators,0.805585441498137,0.2154920811993843,8.237202558353941e-05,8.241740428596398e-05,4.537870242456643e-08,0.0006297486956507337,8.16103741823447e-09,-0.012113199471100806,20.397304790281026,-7.194347696076983e-05,2.280339484046726
33-9032.00,Security Guards,4.586766371653868,0.1507286371080607,0.007015608660947977,0.00702757531565659,1.1966654708612384e-05,0.0007243443103021963,9.131609580748782e-07,-0.010812692622367141,4.689002842229074,0.00012632583192055316,2.0881534822818573
33-9091.00,Crossing Guards and Flaggers,5.113158439906757,0.2034351889568687,0.00044028427759089026,0.0004410345857034792,7.503081125889276e-07,0.00011172930517040482,2.888385425110858e-08,-0.0012429860401995166,10.197278452574354,-4.1289370632994257e-05,2.0412203288596382
33-9093.00,Transportation Security Screeners,4.193890399919631,0.1192133434776953,0.007810195774714701,0.007824017675790098,1.3821901075397255e-05,0.0008119155906824231,1.1703872163091023e-06,-0.009213322508833447,5.127822058709128,5.920398911951456e-06,2.1728858071120563
35-1011.00,Chefs and Head Cooks,5.643120258091473,0.0752793309733269,0.0007610066557627933,0.0007620796768172131,1.073021054419799e-06,0.0004218472355435412,5.72621643049382e-08,-0.007168965132368889,10.838180548749323,-0.00017611455079134014,2.474856313934499
35-1012.00,First-Line Supervisors of Food Preparation and Serving Workers,5.141237872013504,0.1883954965899209,0.0035172468201046525,0.0035227880046185592,5.541184513906724e-06,0.0002464506297338897,3.4096693554980254e-07,-0.00463346263060966,8.192094543359756,-9.793017510051883e-05,2.359910159613315
35-2011.00,"Cooks, Fast Food",4.239471702632358,0.4037960258659255,0.0026967492569759696,0.0027027435732374003,5.994316261430724e-06,0.00020722993569555876,3.279586470040661e-07,-0.0012544537143967505,5.892935540625964,-1.4097529234494694e-05,1.8309801823813363
35-2012.00,"Cooks, Institution and Cafeteria",4.461263964587485,0.2084710347866305,0.002827332765451909,0.002832800301368621,5.467535916711935e-06,0.00045448231117462305,4.0921516585990763e-07,-0.0045536429143498815,6.302843429746327,2.277954790182408e-05,2.065596134857783
35-2014.00,"Cooks, Restaurant",4.246994159081347,0.2407633179210899,0.0042316533393284015,0.00424042474759485,8.771408266448726e-06,0.00028363435797153187,6.127285847996796e-07,-0.0027299430353020697,5.4850928878671805,-2.2815480300429678e-05,2.0856720914304723
35-2015.00,"Cooks, Short Order",4.360362733704395,0.5062983601472341,0.0010516290840540134,0.0010536227462018784,1.993662147865014e-06,0.00011719601998288119,1.500401167237552e-07,0.0003022802948202967,7.343254191319675,7.880603958183462e-07,1.965712776351493
35-2021.00,Food Preparation Workers,4.300785164844014,0.4442796147257701,0.00566323789350367,0.0056747671969593185,1.1529303455648336e-05,0.0005684916232073687,6.746807317302559e-07,-0.00467866650186054,5.697456993335021,9.05519298553236e-06,1.9782390361706734
35-3011.00,Bartenders,4.61238095375224,0.4159129284582378,0.0023103484014412915,0.002314773953169552,4.425551728260476e-06,1.3048926616598265e-05,2.966924556023802e-07,0.0014154254320520102,6.4377320779527585,5.781862317069469e-06,1.8748743759385613
35-3023.00,Fast Food and Counter Workers,4.525088872822339,0.5141403711329995,0.015204213013284713,0.01523806032044226,3.3847307157547704e-05,1.5541228559347883e-05,1.8894522279967692e-06,0.0010675151978945762,3.852453004089967,-3.7565595173747013e-06,1.8448869846739595
35-3023.01,Baristas,4.406239392925931,0.4128264774347699,0.015204213013284713,0.01523554613782831,3.1333124543597365e-05,0.0002809387474103662,2.2824013007469247e-06,-0.0031224153949640132,3.858752111786896,-2.7973123692039475e-05,1.8448869846739595
35-3031.00,Waiters and Waitresses,4.741102305080213,0.4865975781686811,0.013148263974111207,0.013175907037301753,2.7643063190545616e-05,1.3364787985783033e-06,1.6258233032860844e-06,0.0012337320224573775,4.290444789272133,-9.759478979864078e-06,1.803358605071407
35-3041.00,"Food Servers, Nonrestaurant",4.475132150519918,0.4178934932457244,0.001242992576978527,0.001245395152305837,2.4025753273099713e-06,0.00011696525408761148,1.6472585615455714e-07,-0.0003165657112652856,6.914320420052477,-1.711160831334678e-05,1.958685340544036
35-9011.00,Dining Room and Cafeteria Attendants and Bartender Helpers,4.391810501849145,0.5869536979096984,0.0027431560319526116,0.0027490120063754023,5.855974422790643e-06,2.168630855185643e-05,3.6231884466773515e-07,0.0010649048899598428,6.7665417194024755,-2.1892061921628047e-07,1.8453002361560848
35-9021.00,Dishwashers,4.162871592340676,0.5369042641359889,0.0034699376911701313,0.003478154015147358,8.216323977226683e-06,0.00011424040977438664,4.006514118255805e-07,-5.28352073502561e-05,5.061069023632954,-1.0288668278017961e-05,1.8825138324965192
35-9031.00,"Hosts and Hostesses, Restaurant, Lounge, and Coffee Shop",5.042977610724176,0.5033045048558099,0.002454725034701955,0.0024590043852250583,4.279350523103426e-06,9.065215374648667e-07,2.565207733530632e-07,0.0010573833101306753,7.942216513497721,-1.91242742647207e-05,1.9065751436566365
37-1011.00,First-Line Supervisors of Housekeeping and Janitorial Workers,5.411809011336032,0.1375097391889803,0.0013049327308015171,0.001305822501586976,8.897707854589078e-07,0.000762025743767703,1.614585371009388e-07,-0.011339572918785434,11.442300022493676,0.00021913497467078506,2.3617969526258915
37-1012.00,"First-Line Supervisors of Landscaping, Lawn Service, and Groundskeeping Workers",4.642035987227291,0.0174013638239737,0.000588657049807876,0.0005890146035617664,3.5755375389049e-07,0.001925858461970405,5.977683944993681e-08,-0.02533792947696711,12.864016656840992,0.005456039245656418,2.6609585935683597
37-2011.00,"Janitors and Cleaners, Except Maids and Housekeeping Cleaners",3.827730122652505,0.4149676535069047,0.013474464929884519,0.013491132473299746,1.666754341522747e-05,0.0030536908291241985,1.686247944884367e-06,-0.034472284848988864,3.82701856406582,-0.0003082394129366665,2.066862759472976
37-2012.00,Maids and Housekeeping Cleaners,4.23829923557428,0.4748274413627054,0.005887666213599041,0.005900807872404601,1.3141658805559953e-05,0.00021722175634686573,7.307905838333896e-07,-0.0010092925866358987,4.639720389275312,-9.99003838594002e-06,1.9501867058225735
37-2021.00,Pest Control Workers,3.0245185102902963,0.1259580770608387,0.000259362309036121,0.000259834916297533,4.726072614120048e-07,0.00121530882060938,3.87385808853754e-08,-0.015372664984440551,13.72028452794846,5.330438406857969e-05,2.412335956953165
37-3011.00,Landscaping and Groundskeeping Workers,3.974777596554689,0.3068907109981812,0.004766104697809394,0.004774588665070335,8.483967260941583e-06,0.0016496384202107472,5.240748896046211e-07,-0.016697785624246942,5.30626870780092,-3.6331205280736306e-05,2.1377104498038118
37-3012.00,"Pesticide Handlers, Sprayers, and Applicators, Vegetation",3.4680984931514693,0.3639512329545032,0.00015107983409062316,0.0001503045503084238,-7.752837821993507e-07,0.01033510228532954,2.3850689261872256e-08,-0.11405362452891842,11.395040355427312,6.472849844011363e-05,2.3804716316511167
37-3013.00,Tree Trimmers and Pruners,3.6957774077819376,0.3778681500601521,0.000308669507448803,0.00030834305335347494,-3.2645409532805437e-07,0.0062237033689287475,4.759421388432401e-08,-0.06456756860843382,8.291308275365095,-4.172448335811656e-05,2.373043556642607
39-1013.00,First-Line Supervisors of Gambling Services Workers,4.622774044084638,0.2070811600915404,0.0002585244089323761,0.0002583550231958953,-1.693857364807932e-07,0.00395803284116446,3.0428784521084635e-08,-0.04522843599082046,10.762891090261785,0.0013550604909868052,2.6457826242283904
39-1022.00,First-Line Supervisors of Personal Service Workers,5.795525698127262,0.2566016774455664,0.0005453440598296768,0.0005458035087235341,4.5944889385726977e-07,0.0002422058652460967,5.4838943466245524e-08,-0.0032901772932676663,11.236200271650986,-4.3742212437032906e-05,2.523325759691945
39-2011.00,Animal Trainers,5.90156701069796,0.1610135548787589,3.802777393919269e-05,3.808285013251142e-05,5.507619331872923e-08,0.0002667900713570407,4.565278984973192e-09,-0.004533438858683841,11.829908152928757,-0.00018124937137099738,2.4060438013622756
39-2021.00,Animal Caretakers,5.01862673346326,0.2339495358381901,0.0005463108676416902,0.00054698744624851,6.765786068198103e-07,0.0002798959040999849,6.310019321108467e-08,-0.0028554410290049514,11.396324468891851,1.6506445624572915e-05,2.0149030205422647
39-3011.00,Gambling Dealers,4.650421767116062,0.3123230736917528,0.0005632622312789913,0.0005640006105524314,7.383792734400388e-07,0.00012218160612729382,6.659519242128036e-08,-0.000537577746336945,10.07982139597284,-1.1074962861585674e-05,1.8245492920510458
39-3012.00,Gambling and Sports Book Writers and Runners,4.602014575635742,0.264703572303871,5.407678361861469e-05,5.4185974124838e-05,1.0919050622331327e-07,0.0001997193839544044,7.249525813933743e-09,-0.0014687484268881173,8.04711048720201,-1.1170121458322352e-06,2.018895041811802
39-3021.00,Motion Picture Projectionists,3.4970080237394576,0.2807394141789517,5.549476840956763e-05,5.5557279019223955e-05,6.251060965632314e-08,0.0030096796506965933,7.246106330109853e-09,-0.0373160796715946,11.61922284790447,-0.0003114948671477777,1.9919755158985601
39-3031.00,"Ushers, Lobby Attendants, and Ticket Takers",5.054011878746418,0.4134412270898139,0.0005709966937750983,0.0005718845443356206,8.878505605222761e-07,1.8681809657911865e-05,5.958889988135685e-08,0.0007840369540094076,10.14144773680863,-2.75292286388842e-05,1.8341801851120072
39-3091.00,Amusement and Recreation Attendants,4.629070042856103,0.3345165375583099,0.0012284904597983264,0.0012278789213797927,-6.115384185336869e-07,0.0017552155222265054,1.5688561208900944e-07,-0.022749512438364032,7.193292792574233,0.00031515247220437534,1.8794650496471605
39-3092.00,Costume Attendants,4.503159059462975,0.225302151156088,3.776995852265579e-05,3.7820017339589366e-05,5.0058816933577115e-08,0.00018064486008796725,5.026976642551095e-09,-0.00181258785175587,10.16043505684587,-2.684283647624632e-05,2.295560478057081
39-4011.00,Embalmers,4.385732994568919,0.3253527505215872,4.2990720707528006e-05,4.306434044032085e-05,7.361973279284531e-08,0.0002933552899516539,5.417400068493532e-09,-0.0014084658160022964,12.191902518341037,2.6046303080820943e-05,2.645465325910589
39-4021.00,Funeral Attendants,4.74705089889534,0.4803516614870506,0.00016094127377315955,0.00016099169703634155,5.042326318199157e-08,1.858914314675537e-05,2.1544541466625783e-08,0.0011909593996710138,11.73259930655275,-8.252419218060761e-06,2.0412203288596382
39-4031.00,"Morticians, Undertakers, and Funeral Arrangers",5.077798604727104,0.3981359638870333,0.0001530134497146499,0.00015325850674046648,2.450570258165862e-07,2.8680669564492304e-06,9.444763540247843e-09,0.0010073932686458012,11.48048944885163,7.374296012466236e-06,2.8763855159214247
39-5011.00,Barbers,4.58172174934564,0.3675036498050313,9.120220359992823e-05,9.139718713415495e-05,1.9498353422672322e-07,4.0783511256736876e-05,1.2328860864854248e-08,0.000977647001357978,8.116788928153857,-8.706859258695057e-06,2.187174241482718
39-5012.00,"Hairdressers, Hairstylists, and Cosmetologists",4.459637971188156,0.3085546212490906,0.0020286850588747286,0.002032540996544094,3.855937669365421e-06,0.00011544413532737892,2.6651064026677405e-07,0.00021745087566742258,7.816172337559543,4.533076634567936e-06,2.1198634561787513
39-5091.00,"Makeup Artists, Theatrical and Performance",3.970427404679648,0.0826937669431047,7.5411009337043125e-06,7.5417311582622514e-06,6.302245579389e-10,0.00043973289394884423,9.64474275232992e-10,-0.006270120917099566,23.89501020104843,-5.7632467670728776e-05,2.3608540011180215
39-5092.00,Manicurists and Pedicurists,4.338442326399598,0.3316014347642018,0.0001517243726319654,0.00015184746253124983,1.230898992844265e-07,0.0008671091763750537,1.7959560685795867e-08,-0.0076785683360225685,11.535821992975578,6.717520446381008e-05,1.9021075263969203
39-5093.00,Shampooers,5.152885345982893,0.2658353035692578,8.75283339142774e-05,8.764363805320038e-05,1.153041389229711e-07,3.575424579478471e-06,7.359519134864177e-09,0.0008045440040063657,10.947213404967199,-3.8075204543920054e-05,1.8389610707123492
39-5094.00,Skincare Specialists,5.165706022379188,0.1757071509048512,7.676454027386185e-05,7.690855250652357e-05,1.440122326617192e-07,0.00023321998654191408,9.853613457238335e-09,-0.0018816271720268215,8.416608476892575,2.0008196940506765e-05,2.182674796321488
39-6011.00,Baggage Porters and Bellhops,4.771394920853203,0.4689059332876888,0.0003840160629317119,0.00038465173840548857,6.356754737766538e-07,1.2463002403072113e-06,5.288924210626798e-08,0.0014496058185410768,8.70394715628898,-9.58779708227158e-06,1.922787731634459
39-6012.00,Concierges,5.07851432215471,0.5012741564728741,0.00010596213619666572,0.00010612598764542889,1.6385144876317106e-07,5.107706156830595e-07,1.1231541342787535e-08,0.0012573163087457701,20.171134833373703,-4.411510154843132e-06,2.244955980157409
39-7011.00,Tour Guides and Escorts,5.589661711926871,0.3760014764490649,0.00023061589009225667,0.00023083605441789407,2.2016432563740172e-07,5.522078894233664e-05,1.9013363163288354e-08,-0.00019955465550030172,17.668914934282448,-5.060889874282639e-05,2.135349173618132
39-7012.00,Travel Guides,5.474614374039488,0.2996804118996448,2.6941711028106007e-05,2.698203333492515e-05,4.0322306819142356e-08,0.00016194023188353162,2.6383405026620674e-09,-0.0016630057650735984,11.926478804423581,-9.031757670562916e-06,2.4849066497880004
39-9011.00,Childcare Workers,5.4529776412010165,0.4475187049295274,0.002430619293255755,0.0024342426472151873,3.6233539594324182e-06,1.010921521299684e-05,2.575065606994576e-07,0.0010832417830132547,10.430725555088484,-2.6423291218536686e-05,1.9329696377795789
39-9011.01,Nannies,5.587271933623566,0.4643145809340755,0.002430619293255755,0.002434365766173601,3.746472917846161e-06,7.209512982453735e-06,2.3671598796027675e-07,0.0011478817171385602,9.414648706791947,-1.9515884203412726e-05,1.9329696377795789
39-9031.00,Exercise Trainers and Group Fitness Instructors,5.842361022371781,0.3026612605462651,0.0008205620169828171,0.0008217129701931648,1.1509532103476773e-06,0.0001864235364602905,8.809005382351934e-08,-0.0017031415386705617,12.94498596342723,-5.164897548358078e-06,2.3832429960115
39-9032.00,Recreation Workers,5.85248721274598,0.37786405573806,0.0015802795956629259,0.0015821868227334113,1.9072270704854552e-06,0.00010538714645621745,1.3429076422603835e-07,-0.0016431285289389575,12.485362255676625,-6.750153166587585e-05,2.066862759472976
39-9041.00,Residential Advisors,5.653521509693115,0.4764097188630065,0.0002788273729846569,0.0002791184388780478,2.910658933909238e-07,1.75986414873614e-05,2.3384380048610802e-08,0.0008757711458293593,23.89799576931793,-1.4299054886043464e-05,2.2202898502672155
41-1011.00,First-Line Supervisors of Retail Sales Workers,5.364091186133807,0.2310480671631136,0.00797326402567429,0.007987347549019823,1.408352334553338e-05,0.0001827531724493341,5.529341688904205e-07,-0.0021544802645359564,5.534125273609408,-1.0583909774028489e-05,2.558002204858551
41-1012.00,First-Line Supervisors of Non-Retail Sales Workers,5.73969941271101,0.2262920905008001,0.0019521138801632694,0.001955194766184739,3.0808860214694405e-06,0.00015762341448747344,1.0707721901347756e-07,-0.0018427344716862944,7.952310599574304,-8.868936172812588e-06,3.071303460401065
41-2011.00,Cashiers,4.793286710863917,0.3862466015592362,0.02038088876192912,0.020423765551960855,4.2876790031735196e-05,1.633290587740251e-05,2.3615521409073726e-06,0.0010291514549278474,3.6313941490378263,-1.1995090463823911e-05,1.8991179875485544
41-2012.00,Gambling Change Persons and Booth Cashiers,4.653960072655564,0.2935358567746577,0.00026032911684813437,0.0002607632337601214,4.3411691198703885e-07,4.1514746296065395e-05,3.58772851260916e-08,0.0007585874833801322,10.167712920812802,-2.3694247701958995e-05,2.151762203259462
41-2021.00,Counter and Rental Clerks,4.704861848665616,0.3881532852487574,0.0025302004978931323,0.002534914361919071,4.713864025938843e-06,0.00027917536903911345,3.569780588642653e-07,-0.0014647781381903525,6.5274956718898265,3.220578603045452e-05,1.9685099809725544
41-2022.00,Parts Salespersons,3.818522303826764,0.3029362552520586,0.0017104763810140602,0.0017091019024223406,-1.3744785917195902e-06,0.0031947918219648623,2.6583712828931486e-07,-0.04182545769203559,8.401121548072167,-0.000588015083850127,2.390595970316759
41-2031.00,Retail Salespersons,4.746849817376065,0.3604164479907359,0.024035100022069,0.02408551314820779,5.041312613878954e-05,0.00011075319242560173,2.9899624534287166e-06,-0.00010904039965856137,3.1593319503985446,4.600503308600428e-06,2.0360119837525
41-3011.00,Advertising Sales Agents,5.808205369695782,0.3068746735633672,0.0009205943985991341,0.0009219504258142044,1.35602721507025e-06,4.5613758787949315e-05,8.067770791471018e-08,0.000475155796566417,11.240307908601702,-1.7930920532685115e-05,2.768204123921957
41-3021.00,Insurance Sales Agents,6.108004625893725,0.3098010291227689,0.0015580430159866183,0.001560069883371971,2.0268673853525866e-06,0.00010574582462829056,1.404918064242734e-07,-0.001087616947086435,12.370102342272963,-4.9980991847250326e-05,2.9236990706541595
41-3031.00,"Securities, Commodities, and Financial Services Sales Agents",6.084172168008908,0.2432289253202232,0.0016091549223150588,0.0016112685285681353,2.113606253076588e-06,0.0002044525208344721,1.2782382706612813e-07,-0.003357066977081537,11.357770852062345,-7.405822370939408e-05,3.354455119110024
41-3041.00,Travel Agents,5.20424269779514,0.3356801690277725,0.0007162756809936412,0.0007176159854729062,1.3403044792649997e-06,3.981047522426991e-06,7.586835570716946e-08,0.0013586209995875283,5.999859315427495,-5.278875606264482e-06,2.4203681286504293
41-4011.00,"Sales Representatives, Wholesale and Manufacturing, Technical and Scientific Products",0.3048302182144159,0.1529478111513962,0.0022038706344115516,0.0022050076758621017,1.1370414505500366e-06,0.0006053697701653301,1.810136718050178e-07,-0.012612950915586247,13.907806776187115,-0.0002487864626525028,3.0951250174320255
41-4011.07,Solar Sales Representatives and Assessors,0.9849128571939244,0.1436763673789949,0.0022038706344115516,0.002206653944134768,2.7833097232163838e-06,0.000630908846528218,2.3625033491346151e-07,-0.012560734561513876,10.710218010815375,-0.00010555904303772108,3.0951250174320255
41-4012.00,"Sales Representatives, Wholesale and Manufacturing, Except Technical and Scientific Products",5.486633457141835,0.2466534490682615,0.008481482665522653,0.008496941817632653,1.5459152110000596e-05,9.501201447350782e-05,8.948592255407792e-07,-0.0006627120522417062,5.482211479915015,-5.0612946592422674e-05,2.8853592160726205
41-9011.00,Demonstrators and Product Promoters,5.318419459641471,0.2098958451514681,0.000613342875941284,0.0006143015530579103,9.586771166262371e-07,7.776836740394272e-05,7.78034458821752e-08,-0.00019355044222646033,10.432085882649716,-6.214951424661383e-05,2.1471001901536506
41-9012.00,Models,5.033961179309154,0.2507391695690128,3.364491185806539e-05,3.36695311672739e-05,2.4619309208508383e-08,2.082470434375827e-06,1.6113564792185748e-09,0.0004286437894606101,9.67757996308218,-2.4813547891953955e-05,2.124653884501384
41-9021.00,Real Estate Brokers,6.045241728117881,0.1788953340867968,0.00017247851366318582,0.0001727187338637933,2.4022020060748806e-07,0.00028490872189948995,1.81651387762679e-08,-0.005313780533684078,13.822343385030301,-0.00017343281670086685,3.1871787381249463
41-9022.00,Real Estate Sales Agents,5.82446655486541,0.2725368143976017,0.0006940391013173337,0.0006951476760835272,1.1085747661935055e-06,0.00010914473049635802,6.354767167268587e-08,-0.0008583468794389833,9.62898065677879,-3.457839331609874e-05,2.583997552432231
41-9031.00,Sales Engineers,0.3224094560906763,0.1584294860760277,0.0006034169824046135,0.000604217048966601,8.000665619874951e-07,0.0005021874204829412,2.7808042023091177e-08,-0.008725288471372505,11.636562796156467,-8.238233739352212e-05,3.2630840795325207
41-9041.00,Telemarketers,5.259221340240615,0.3545130715318761,0.003130201426028632,0.003135890531169157,5.689105140524887e-06,2.550084204571903e-05,2.7426107355736176e-07,0.0002610146821373481,5.541554215883915,-4.5026700455639426e-05,2.187174241482718
41-9091.00,"Door-to-Door Sales Workers, News and Street Vendors, and Related Workers",4.915646053657262,0.3635751471763864,0.00023287177498695455,0.000233306746869248,4.349718822934507e-07,1.185397176013972e-05,2.72743416957312e-08,0.001232532545615667,7.123375400320937,-5.662332363873743e-06,2.4432162227337915
43-1011.00,First-Line Supervisors of Office and Administrative Support Workers,6.10996321869771,0.2515435857689443,0.008460406255220761,0.008473276556949613,1.2870301728851868e-05,0.0002050537693109781,6.211365794273333e-07,-0.0036930043089125606,7.874892694682328,-8.462292069276837e-05,2.768204123921957
43-2011.00,"Switchboard Operators, Including Answering Service",4.8174647457466255,0.3530335875868665,0.0016021294522144281,0.0016049714232338845,2.8419710194564195e-06,5.176774585380966e-05,1.8264054923184957e-07,0.00024616796067020283,7.533582832069742,-2.3909553468180653e-05,2.209372711271867
43-2021.00,Telephone Operators,4.890356699305514,0.3023456735551169,0.0003275544867101309,0.0003281852582820728,6.307715719419162e-07,4.888405436108467e-05,3.33379190692878e-08,0.0005600481629306389,6.778610533199313,-8.567561959416539e-06,2.614471854142644
43-3011.00,Bill and Account Collectors,5.406975462975286,0.3264307205015353,0.0024691626980280212,0.002473652962764436,4.490264736414871e-06,6.250568344594239e-06,2.7148357313052194e-07,0.0012651707271722626,6.346772299116798,-2.3551914998454112e-05,2.4265710727750367
43-3021.00,Billing and Posting Clerks,4.026826114616224,0.1849339591158084,0.003554049970815295,0.003555947882614307,1.8979117990119976e-06,0.002984232831491204,5.007195973865317e-07,-0.032775782550971765,7.149174505586054,-4.598553386923229e-06,2.3978952727983707
43-3031.00,"Bookkeeping, Accounting, and Auditing Clerks",4.54504009814841,0.1511778479405798,0.010440686469640689,0.01046072258307583,2.0036113435140807e-05,0.0004877489850926135,1.198697060804821e-06,-0.005002470579778395,4.708404492049929,9.86592929835154e-05,2.4449523342809676
43-3041.00,Gambling Cage Workers,4.861690438120126,0.2887351941925968,0.00012955224680979204,0.0001297735799445979,2.21333134805857e-07,6.585223860897746e-05,1.7114464007296877e-08,0.00012118930670935069,11.490483015186962,-3.140441897546999e-05,2.258633205464863
43-3051.00,Payroll and Timekeeping Clerks,5.274151694922505,0.2135095066619749,0.0012675494954036668,0.0012696611171453898,2.1116217417229462e-06,7.946094440287181e-05,1.4023426194910402e-07,-0.00021863010097564282,8.133230030054671,-4.730694954992633e-05,2.5152741864043966
43-3061.00,Procurement Clerks,5.215295268060294,0.11938468912858,0.000496101315271129,0.0004968974498536509,7.961345825219495e-07,0.00042647830626032525,5.1536077598458285e-08,-0.005982837819865555,10.230790420342945,2.6933835839833606e-05,2.503891949699081
43-3071.00,Tellers,4.573435652868056,0.2665875327567485,0.0029206619462382667,0.002926633992477053,5.972046238786159e-06,9.074692484164295e-05,4.0164017044252826e-07,0.0002403247726718797,6.001735883310633,-4.280428656351786e-06,2.151762203259462
43-4011.00,Brokerage Clerks,4.908201078108268,0.2750970792371245,0.00047006195820090217,0.00047094795511397916,8.859969130769942e-07,4.412392659738685e-05,5.2859061880719864e-08,0.0009775354976119613,7.475331676341537,8.313183371656855e-06,2.6239436918052106
43-4021.00,Correspondence Clerks,5.4663485387448505,0.2296950261770786,0.00029751899068358213,0.00029803609742773955,5.17106744157413e-07,0.00011074239000495745,3.158750023666034e-08,-0.00047895018131594914,9.011556620818796,-2.6567644401068623e-05,2.402430427963762
43-4031.00,"Court, Municipal, and License Clerks",5.681347706105979,0.3045273266725986,0.000605286144174506,0.0006060379370760952,7.51792901589228e-07,0.00012604782465067826,6.566413846517902e-08,-0.0013860265273215578,12.971850879892198,-6.647153931302537e-05,2.494031557565001
43-4051.00,Customer Service Representatives,6.088721138398457,0.1381888294214262,0.011534790643569156,0.01155463463836998,1.9843994800823606e-05,0.00033002190988237285,1.1579741778873163e-06,-0.006358310620389433,5.357197587878311,-0.0002451373119784843,2.424802725718295
43-4061.00,"Eligibility Interviewers, Government Programs",6.038700799093784,0.3117310209007138,0.0006938457397549309,0.0006948812922811982,1.0355525262672853e-06,0.0001277330220491165,6.072350654958309e-08,-0.0016792145613689561,10.288737733932876,-6.17420262088755e-05,2.5764217586237734
43-4071.00,File Clerks,4.482725099848927,0.198210781530517,0.0017202089129883281,0.0017232431582559896,3.0342452676614985e-06,0.00036100938752815754,2.1825323081387045e-07,-0.0026340816493649393,6.998062596539954,7.148858563690187e-05,2.125847914493992
43-4081.00,"Hotel, Motel, and Resort Desk Clerks",4.925373585847716,0.4268922594083196,0.0009799563982567552,0.0009815997222493806,1.643323992625437e-06,1.2612844708952326e-06,1.1443318939235111e-07,0.001411718493231318,8.389019013145415,-8.750898743155907e-07,2.020222182019865
43-4111.00,"Interviewers, Except Eligibility and Loan",6.1295452233216645,0.2700310585195086,0.0010590412772794491,0.0010602677048085886,1.2264275291394827e-06,0.00026511433140204117,9.649562650541318e-08,-0.005188024324678529,13.189075341622486,-0.00012708209538588134,2.2679936482244267
43-4121.00,"Library Assistants, Clerical",4.988152172375825,0.3972343115616703,0.0005739615710652727,0.0005748794065246533,9.178354593806235e-07,5.507526354143723e-05,7.025711472623608e-08,0.0008205277697592416,8.758173581139054,5.072079947705103e-06,2.138889000323256
43-4131.00,Loan Interviewers and Clerks,5.409634650229951,0.2115227211063997,0.00093715903911163,0.000938820318166093,1.661279054463046e-06,0.00012715791810811322,9.453780366626322e-08,-0.00081604859081397,7.696340218841392,-2.0778858229491824e-05,2.4948569806411682
43-4141.00,New Accounts Clerks,5.091951902704687,0.3571654683049882,0.0004498234480027555,0.00045059784339690533,7.743953941498111e-07,1.2823541337677076e-05,5.195781998019722e-08,0.001160935902962945,8.251218000593871,-1.466334064489965e-05,2.363680192353857
43-4151.00,Order Clerks,4.701598487552349,0.2259925312669029,0.0024262364311746277,0.002430698646019664,4.462214845036509e-06,0.00015677062631888915,3.188517486961387e-07,-0.0014965330472820353,6.247433209974335,-2.693468681776277e-06,2.377692565480851
43-4161.00,"Human Resources Assistants, Except Payroll and Timekeeping",5.8085729475482735,0.3235142317241951,0.0011222060543309895,0.0011239734933244814,1.7674389934919064e-06,5.0034979274630627e-05,1.0776648255829928e-07,0.00031334336017664675,9.437264184538058,-3.188382035332019e-05,2.532902848056256
43-4171.00,Receptionists and Information Clerks,5.093655813332866,0.390413167193067,0.006365978265129124,0.006377674374931256,1.1696109802132072e-05,3.287897952705674e-05,7.375720047358156e-07,0.0003515850790916095,5.8323876441566345,-3.884005177356199e-05,2.225704048658088
43-4181.00,Reservation and Transportation Ticket Agents and Travel Clerks,5.121271906575881,0.321159829145909,0.0014330669928203563,0.0014355826562413992,2.5156634210429536e-06,2.953562680100323e-06,1.7089328082566403e-07,0.001476318314014577,7.364663291093281,-9.64762600017249e-06,2.3739750890807185
43-5011.00,Cargo and Freight Agents,4.09311773516914,0.3547721875193353,0.000339607357433231,0.00034007056900200484,4.632115687738651e-07,0.00245239568885047,4.82872175469149e-08,-0.023659939514079603,7.710544400048927,6.787523586642167e-05,2.5152741864043966
43-5011.01,Freight Forwarders,4.438888641993858,0.1105081016375385,0.000339607357433231,0.00034009221796392735,4.848605306963737e-07,0.00034896698016033086,4.1519892595535765e-08,-0.004514379601306702,11.725841019745575,3.350250970508925e-06,2.5152741864043966
43-5021.00,Couriers and Messengers,4.441891219010132,0.4149322887684084,0.0008660664380015799,0.000867831612562907,1.765174561327125e-06,0.00019963586798100875,1.2503256399329201e-07,-0.0005212661562855017,6.230856258623758,7.211003053150283e-06,2.1234584270966104
43-5031.00,Public Safety Telecommunicators,5.789720986816615,0.1493534560231202,0.0005100878016182558,0.0005108407288609979,7.529272427420292e-07,0.000288299319813858,6.138325573981569e-08,-0.004057506513887981,11.664694161633602,-0.00010894568229722297,2.4655539212721855
43-5032.00,"Dispatchers, Except Police, Fire, and Ambulance",4.446448847548532,0.2114296468717783,0.0011057703215267623,0.001107861869984681,2.091548457918693e-06,0.0003918860970358962,1.3735461956872952e-07,-0.0038014940296017016,6.716067031769283,2.4214986620168277e-05,2.5649493574615367
43-5041.00,"Meter Readers, Utilities",3.104791275773764,0.2179197070832658,0.00029706781370464255,0.00029634424069610127,-7.235730085412774e-07,0.004268941393654893,4.158413522185699e-08,-0.06096380360049313,17.31810414379306,-0.0007397463720647141,2.5217206229107165
43-5051.00,Postal Service Clerks,4.4507323505314496,0.3680199875078839,0.0005177578102602286,0.0005187180994251442,9.602891649155816e-07,0.00030573853093532246,7.456186039596933e-08,-0.001602205669184582,8.846998376449442,1.8512448943559992e-05,2.925309809257445
43-5052.00,Postal Service Mail Carriers,4.672915709305635,0.4134104714423481,0.0022723206275020984,0.002276847276691545,4.52664918944648e-06,6.757262682263043e-06,2.5624693131586305e-07,0.001033883091927208,6.074300111174087,-1.4105589356123193e-05,2.9019708937395166
43-5053.00,"Postal Service Mail Sorters, Processors, and Processing Machine Operators",3.959766512864269,0.4900788470520295,0.001513505402779869,0.001513841032485338,3.356297054689372e-07,0.004861851283049402,2.139383249567473e-07,-0.04972509068798084,6.467983862574761,-0.0002746278157782551,2.698673039289613
43-5061.00,"Production, Planning, and Expediting Clerks",2.7156095551757105,0.0605729559864144,0.0019256877999682372,0.00192756320175043,1.875401782192726e-06,0.0010122802032686924,2.394929540948373e-07,-0.015348120831741547,10.535959230848261,-0.0002983839123237184,2.6720775406433925
43-5071.00,"Shipping, Receiving, and Inventory Clerks",3.9142333730603713,0.2932216190184104,0.005712093914937413,0.0057230268461863475,1.0932931248934692e-05,0.0012817591668322981,8.425938093285892e-07,-0.012413646829489875,4.725175416749498,7.335750973787984e-06,2.301584592660462
43-5111.00,"Weighers, Measurers, Checkers, and Samplers, Recordkeeping",3.154293253417704,0.3392472245733555,0.0005403811130613415,0.0005403167724922188,-6.434056912263137e-08,0.0032699965296458314,8.280119683727047e-08,-0.045584983318623366,13.960276722724364,-0.0003185412301730467,2.3942522815198695
43-6011.00,Executive Secretaries and Executive Administrative Assistants,5.565694783637274,0.3906700255461494,0.008483996365833888,0.00849777556263778,1.3779196803891114e-05,8.295668829600946e-05,8.150183952144326e-07,-0.000990410786038843,6.925155397622529,-6.0830975691741605e-05,2.6539459421090092
43-6012.00,Legal Secretaries and Administrative Assistants,5.370757751121259,0.3227338250575012,0.0017537249171381251,0.0017566535777412096,2.9286606030845194e-06,2.2952912621845743e-05,1.966402241928269e-07,0.000813413022588879,8.092707889764814,-3.8799132101957085e-05,2.7107133185216936
43-6013.00,Medical Secretaries and Administrative Assistants,5.278200455435994,0.3091805003436909,0.0015981333132581061,0.0016009183006322875,2.784987374181364e-06,7.562326540284694e-06,1.6971353642503665e-07,0.0010947951949609258,7.268443557351008,-2.885952574694329e-05,2.3933394562625097
43-6014.00,"Secretaries and Administrative Assistants, Except Legal, Medical, and Executive",5.176540806864316,0.3161095661876546,0.010197115354867453,0.010216274938919459,1.9159584052005907e-05,3.11883320145349e-05,1.1902091745769987e-06,0.0007854225793259243,5.571957069394439,-2.443580201028504e-05,2.414126467726953
43-9021.00,Data Entry Keyers,3.559070999987999,0.1837702736553856,0.0033530183997706473,0.003359803259661526,6.784859890878684e-06,0.0006790888976912706,3.9218379002983175e-07,-0.008830772015701918,4.756874553811725,-0.00011630538396007895,2.2793164660546914
43-9022.00,Word Processors and Typists,4.244805834936635,0.2075704121872331,0.0017486975165156556,0.0017520507508927926,3.353234377137049e-06,0.000338982598204136,2.1072583252132226e-07,-0.0032558837709430305,6.248748231996861,-7.707279029049577e-06,2.4239173781615704
43-9031.00,Desktop Publishers,3.5219030030561207,0.1539088428322041,0.000238737075713169,0.00023919811874580907,4.6104303264005424e-07,0.00044119711359357313,2.5502340000076317e-08,-0.003942105867477228,10.005708259049582,-1.3905213675069973e-05,2.647592232065096
43-9041.00,Insurance Claims and Policy Processing Clerks,5.587803029648531,0.1443762852317255,0.0017315527913159517,0.0017344141935097834,2.861402193831677e-06,0.00017816141149119092,1.916049959615557e-07,-0.0027034974770790794,8.067594568177954,-0.0001496555329056217,2.6340447877917144
43-9051.00,"Mail Clerks and Mail Machine Operators, Except Postal Service",3.918283359925129,0.4757324978790291,0.0012790222814395588,0.0012794797267138146,4.5744527425576643e-07,0.003027190264504062,1.9150410278121832e-07,-0.03229260863762326,8.033569324921764,-0.00023270532632797854,2.1701959049483
43-9061.00,"Office Clerks, General",4.833970004448837,0.2918379813734284,0.01650856565939902,0.016541471365386293,3.2905705987271855e-05,0.00032128418652471795,2.1425317156515036e-06,-0.002495788256228264,3.798140664249928,5.0577642146525936e-05,2.2793164660546914
43-9071.00,"Office Machine Operators, Except Computer",3.791168526348029,0.4063068619378789,0.0006541421656082485,0.0006531224453483343,-1.019720259914209e-06,0.005970457944467414,1.0029762670972363e-07,-0.06728292553151785,8.557067892508817,-0.0005190575291509742,2.2731562823032334
43-9081.00,Proofreaders and Copy Markers,2.06173987190938,0.0306711617653763,0.00016738665918658206,0.00016753016574249616,1.4350655591410582e-07,0.0010665021171957492,1.1390090813539222e-08,-0.016116031348514193,14.073049949091745,0.001003722534564583,2.2375130962503307
43-9111.00,Statistical Assistants,0.9403176471679416,0.2021228573440778,0.00015758967335817987,0.00015775540674806116,1.6573338988129104e-07,0.0006447101565226576,1.3986618144981526e-08,-0.01377067591797559,18.79178987172567,-9.956002728020175e-05,2.446685436967803
45-1011.00,"First-Line Supervisors of Farming, Fishing, and Forestry Workers",4.167976129773726,0.0412389389154681,0.00013122804701728188,0.00013135826603482428,1.3021901754239743e-07,0.0011679481923306647,1.2101348572782834e-08,-0.014820476376833697,13.525726826745727,9.097245112743525e-05,2.6803363625346943
45-2011.00,Agricultural Inspectors,1.5499734599965538,0.3153301141024277,6.780545454920458e-05,6.772985716576495e-05,-7.559738343963307e-08,0.001213096776845583,7.409875942922409e-09,-0.026142670160034697,28.265740307201238,-4.338086941784904e-05,2.6311691567662523
45-2021.00,Animal Breeders,4.487284936624251,0.1058616301804559,9.152447287059934e-06,9.169711954820829e-06,1.7264667760894434e-08,0.0003304103513013375,1.3081742741557205e-09,-0.004020704418641045,23.50622141500986,-1.3634741938095148e-05,2.365559892155434
45-2041.00,"Graders and Sorters, Agricultural Products",3.357249232971921,0.3809174571983863,0.0004020631420892949,0.0004005475379973526,-1.5156040919422692e-06,0.010967037086186005,2.2856190971507368e-08,-0.13092433976341503,7.303242266403633,-0.000259679515180741,1.9110228900548727
45-2091.00,Agricultural Equipment Operators,3.434567515691083,0.5403480337530548,0.00011363214483863849,0.00011292009232762398,-7.120525110145145e-07,0.015123190685176795,1.3213586156326042e-08,-0.17002625054750894,8.400952007152942,-0.00019280936228209712,2.0373166153791646
45-2092.00,"Farmworkers and Laborers, Crop, Nursery, and Greenhouse",3.8640695394058255,0.1975534020955021,0.001386273494718909,0.0013881779792280144,1.9044845091054172e-06,0.0017560118966317493,1.9490452027589712e-07,-0.02016425589631847,9.391753284804187,-0.00011810044836131358,1.8594181177018696
45-2093.00,"Farmworkers, Farm, Ranch, and Aquacultural Animals",4.062428598678826,0.2359016184573757,0.00022243025061721011,0.00022288041414441018,4.5016352720006567e-07,0.000511853583904637,3.192327058900107e-08,-0.005174233657131499,9.94064352840328,-2.589619327752763e-05,2.0014800002101243
45-4011.00,Forest and Conservation Workers,3.369476203207403,0.2481943727501055,7.592664017011693e-05,7.584187307005372e-05,-8.476710006320655e-08,0.0038326332711765983,1.170555659872905e-08,-0.045698084949628445,15.370986073517926,-0.0001697111358192909,2.105352923464337
45-4021.00,Fallers,3.4117017911393184,0.4217817003356433,6.071553059443985e-05,6.061112556601064e-05,-1.0440502842920963e-07,0.009102997568465887,7.184716534920313e-09,-0.10400315251912097,8.698676180835225,-1.7279861501514734e-05,2.5982353350950036
45-4022.00,Logging Equipment Operators,3.377753493954348,0.5034515192464876,0.00021418015728802932,0.000212796349313142,-1.38380797488731e-06,0.018921418466557767,3.003069873867696e-08,-0.2117799563687493,7.106382188158925,0.0005334125293716402,2.4362414778067194
45-4023.00,Log Graders and Scalers,3.083284390708338,0.28739945102967,3.544961977382369e-05,3.519323430093656e-05,-2.563854728871294e-07,0.005679454449526223,5.3381164254410815e-09,-0.07369287754249605,18.108487653691654,4.5086802481987106e-05,2.4518667957098
47-1011.00,First-Line Supervisors of Construction Trades and Extraction Workers,2.849816621864476,0.1330941106328362,0.0030729664035574404,0.003071846418899858,-1.119984657582413e-06,0.004369004547871855,3.568986424380485e-07,-0.056504484144280304,8.50753046435306,0.0010683663263429326,3.030616675407493
47-1011.03,Solar Energy Installation Managers,1.7082520119908997,0.3287585702688362,0.0030729664035574404,0.0030750952947122484,2.1288911548080457e-06,0.0013773155935196573,2.932443341125613e-07,-0.030050356479642003,13.049372395561411,-5.7110748232306694e-05,3.030616675407493
47-2011.00,Boilermakers,2.9683767571084734,0.6503281946939057,0.00018794743865539979,0.00018303439049537063,-4.913048160029159e-06,0.028591066060882814,2.62995789816607e-08,-0.3600736632478318,19.734847082968017,0.003847556129112904,2.895359299407204
47-2021.00,Brickmasons and Blockmasons,3.372026788815824,0.4709856124055753,0.0006350638247845179,0.0006318753002492827,-3.1885245352351226e-06,0.015812341051234594,9.804888456240985e-08,-0.17979364698866598,8.650380953584138,0.0002477374526969353,2.963209081848431
47-2022.00,Stonemasons,3.538564863717422,0.5838879372908855,5.5688129971970306e-05,5.523523895095508e-05,-4.528910210152253e-07,0.016033688451334977,7.290753290936464e-09,-0.17405559513240054,8.202036596286762,-0.000542596775811558,2.731766727719526
47-2031.00,Carpenters,3.417825903930161,0.4213977316664716,0.004969585515311142,0.004946535774399551,-2.304974091159144e-05,0.013803533384264568,6.68584168297238e-07,-0.1585984528673733,7.792991437965372,-0.00011845809503032857,2.731115474033206
47-2041.00,Carpet Installers,3.778825059140436,0.4494108565455921,0.00024331329935669898,0.00024397238067481292,6.590813181139399e-07,0.0010918594021637846,3.7802734964185365e-08,-0.009902831395682037,8.477582634004836,-2.6345669659176106e-05,2.5824869781268642
47-2042.00,"Floor Layers, Except Carpet, Wood, and Hard Tiles",3.555958621236785,0.4881015456744636,7.289730902580835e-05,7.258894319353096e-05,-3.083658322773923e-07,0.01053558572336476,9.54827721595661e-09,-0.11166941645079362,10.756716910225354,-6.994093359412484e-05,2.6361960973342264
47-2043.00,Floor Sanders and Finishers,3.564828149298407,0.527496024804351,4.125046664590393e-05,4.10077381325825e-05,-2.427285133214344e-07,0.012233302002676812,5.5897619796472386e-09,-0.1303674858417812,11.316810484297356,-0.00020669253985184088,2.474856313934499
47-2044.00,Tile and Stone Setters,3.654513289326447,0.4325610039773322,0.00017615238334883665,0.00017607856183544143,-7.382151339521757e-08,0.005765665610248712,2.752414661135889e-08,-0.06046272700982182,8.8969669823457,-0.00013788244397539503,2.837908188360424
47-2051.00,Cement Masons and Concrete Finishers,3.475214104823016,0.5225792367734919,0.000978151690340997,0.0009705580946564138,-7.593595684583223e-06,0.017026566855477925,1.335686229321635e-07,-0.19320280728621655,8.82866183005906,-0.0006364548270600417,2.615934912194404
47-2053.00,Terrazzo Workers and Finishers,3.5456109355171144,0.5787125502544698,2.9455411339340775e-05,2.9174411815707893e-05,-2.809995236328814e-07,0.0186056688780154,3.956042831653472e-09,-0.20679691213216705,8.823450976896106,-0.0010435639502572992,2.710048203764883
47-2061.00,Construction Laborers,3.348319985335285,0.4844316749214282,0.0049207294938773995,0.004877055707798659,-4.3673786078740444e-05,0.021424994856555777,6.721088797862065e-07,-0.24516185839893956,7.353113917825114,0.0002775498931516506,2.3841650799864684
47-2071.00,"Paving, Surfacing, and Tamping Equipment Operators",3.4854243123092705,0.6312057091773878,0.0003764749619980076,0.0003706793716820699,-5.795590315937687e-06,0.02134902088392405,4.85514530464588e-08,-0.2451306045169387,11.213630724828416,-0.001450273507461526,2.5217206229107165
47-2072.00,Pile Driver Operators,3.318001862736014,0.6158172388086252,3.18402039423071e-05,3.145397591080465e-05,-3.862280315024527e-07,0.021842175209690413,3.944232083881197e-09,-0.24604173850087852,11.168727644742397,0.0008548403375002616,2.9922261342247034
47-2073.00,Operating Engineers and Other Construction Equipment Operators,3.357563038540517,0.4755577785359526,0.0020905607588435843,0.002073879015999472,-1.668174284411234e-05,0.019794790430365607,3.0697609351089716e-07,-0.2167959770459024,7.792674291457581,0.0011154623668992816,2.7285062096695922
47-2081.00,Drywall and Ceiling Tile Installers,3.568264488560401,0.4292751206192237,0.0007624890944078805,0.0007600132435418296,-2.4758508660508403e-06,0.009598513913488422,1.1050403352771177e-07,-0.11096048686120014,7.856458177984741,-0.0007049562863850165,2.73046379593911
47-2082.00,Tapers,3.4886787444068497,0.4628777853594569,0.00023815699102596098,0.00023722600069345576,-9.309903325052172e-07,0.0123877591593453,2.942722396551714e-08,-0.13720864277563102,9.238846370141149,-0.00014965418948123004,2.7738379416402132
47-2111.00,Electricians,2.886885330323133,0.4474482075063763,0.003944060242181489,0.003922239274908139,-2.1820967273350478e-05,0.01278711077974307,3.5483963916392854e-07,-0.16517333791719646,11.401593043729804,0.001894218113643288,2.9512577834521614
47-2121.00,Glaziers,3.459141570859124,0.5272813678467911,0.00031988447806815813,0.00031803079993747093,-1.8536781306871942e-06,0.015196928588695856,4.7545003485460864e-08,-0.16728320447570874,8.576552474261693,-1.3977656403995833e-05,2.5900171341906173
47-2141.00,"Painters, Construction and Maintenance",3.544584033614681,0.4213812134871531,0.001681472146653659,0.0016778792363783329,-3.5929102753262145e-06,0.008717021480377535,2.19983377145428e-07,-0.09649466732094274,6.898044684651516,-0.0002744691412355478,2.554121718809473
47-2142.00,Paperhangers,3.624510453054949,0.4696717794789085,6.490503111316447e-05,6.492477124111171e-05,1.9740127947239037e-08,0.005468761364378815,7.937295924950803e-09,-0.059175184181051325,7.975963156244981,-0.0001919825882326408,2.73046379593911
47-2151.00,Pipelayers,3.205312359311667,0.5134175705812841,0.00034502148118050586,0.00034030924994473023,-4.7122312357756224e-06,0.021136835056935293,4.683262165460527e-08,-0.24952892041750244,13.481499116826514,0.001184275455987815,2.5392369943330477
47-2152.00,"Plumbers, Pipefitters, and Steamfitters",2.9342317156063538,0.4740835716242896,0.00266303989126377,0.002638378758947974,-2.4661132315795947e-05,0.01860219613476836,4.0149483114927577e-07,-0.23254686381089187,12.971547252306758,0.002870608249801245,2.8570447537800976
47-2152.04,Solar Thermal Installers and Technicians,2.796486554938703,0.3910769600903968,0.00266303989126377,0.002654625222020592,-8.414669243178227e-06,0.008885956828377749,3.3251310770971313e-07,-0.11570695011800534,11.749639394052322,0.0015747748326575656,2.8570447537800976
47-2161.00,Plasterers and Stucco Masons,3.833807975434332,0.3865766587044162,0.0003226559937959298,0.0003234371772220808,7.811834261509955e-07,0.0007708098764513343,5.003496616272644e-08,-0.0061909785563289904,6.910541332893096,-5.463512367052969e-06,2.6727683869575705
47-2171.00,Reinforcing Iron and Rebar Workers,3.4084680712604003,0.6197274443529018,0.0001789238990766083,0.00017574255382492637,-3.181345251681921e-06,0.030541326132594467,2.297393958134501e-08,-0.34057284267350085,6.922207923506689,-0.0002733434398186639,2.7744619666214616
47-2181.00,Roofers,3.504640275785644,0.3132505426614205,0.0007430240304593446,0.0007433801293285918,3.560988692471751e-07,0.003432452027693782,1.1250797621128408e-07,-0.036454770076411985,9.675593037251911,7.904369749175623e-05,2.5603232890727545
47-2211.00,Sheet Metal Workers,3.20043270339548,0.5206820014799206,0.0014933313464358566,0.0014792592169803496,-1.4072129455507034e-05,0.01820861269851853,2.2441920981337496e-07,-0.21562415566736934,10.849980346570227,0.0011162990832141728,2.645465325910589
47-2221.00,Structural Iron and Steel Workers,3.3741548953514,0.6351145932499556,0.0005512093605558913,0.0005439972944874237,-7.212066068467684e-06,0.024095324054244936,7.252178047921264e-08,-0.27461412404041663,9.709680608595948,-0.00021789181457397387,2.844327819394758
47-2231.00,Solar Photovoltaic Installers,2.2331092218428514,0.3779364739157766,0.005897849922552249,0.0058986771951272535,8.272725750043536e-07,0.0029905583177084988,7.447957305374505e-07,-0.04908140833899934,13.43322532237501,0.0005053714511038069,2.8451194529360437
47-3011.00,"Helpers--Brickmasons, Blockmasons, Stonemasons, and Tile and Marble Setters",3.535172468417534,0.58552088119731,0.00036519553752451824,0.0003610883697240705,-4.107167800447738e-06,0.018879084111510812,5.002220906493683e-08,-0.21362622071759438,9.975635518154222,-0.0013340851148060154,2.3617969526258915
47-3012.00,Helpers--Carpenters,3.571706719816616,0.5835539483476073,0.0006761853837221534,0.0006714609485532246,-4.724435168928782e-06,0.018172219935624283,9.469492822919513e-08,-0.19364914239713768,7.93532396897064,-0.0005624285027220254,2.262804222982201
47-3013.00,Helpers--Electricians,3.333588750368504,0.5863000094560192,0.0006475034186324232,0.0006370901037528729,-1.04133148795503e-05,0.025431143542704388,8.512755079970816e-08,-0.29509361473936524,10.024866922473755,-9.406210029609518e-05,2.2915241456346207
47-3014.00,"Helpers--Painters, Paperhangers, Plasterers, and Stucco Masons",3.74870095364888,0.5676765242762642,0.00019845341687927846,0.00019837542104750292,-7.799583177554056e-08,0.005344834075808579,2.475748667329858e-08,-0.05451370349162581,11.053026047182222,-0.000288246168597213,2.191653532286764
47-3015.00,"Helpers--Pipelayers, Plumbers, Pipefitters, and Steamfitters",3.35129240715483,0.5768899960114275,0.0005247188265067249,0.0005174865689461459,-7.232257560579013e-06,0.023504023565893175,5.981390159922595e-08,-0.27569860107238287,10.38875204144369,-0.0005684136540485352,2.263844264677615
47-3016.00,Helpers--Roofers,3.681020399849548,0.42570357229587,0.00017621683720297086,0.00017646731596520927,2.5047876223841035e-07,0.0022569729656371144,2.6247791775213617e-08,-0.02428696777999726,7.777778360725983,-0.00010157032876475246,2.1294214739848565
47-4011.00,Construction and Building Inspectors,1.7884647574584616,0.4178614629287113,0.000431905276553441,0.0004312525142409955,-6.527623124455016e-07,0.0015663828547953665,4.337046977560289e-08,-0.03889016454307791,37.33340227053943,-0.0001430980278525252,2.920469789053444
47-4011.01,Energy Auditors,1.6691781914212047,0.5091769413393681,0.000431905276553441,0.00043130429926078366,-6.00977292657351e-07,0.0016572989512038214,3.884307909457313e-08,-0.04343313589948139,42.67497743283517,-6.420774612585617e-05,2.920469789053444
47-4021.00,Elevator and Escalator Installers and Repairers,3.0240153573626727,0.45241388251853,0.00016119908918969645,0.0001594883273202119,-1.7107618694845556e-06,0.01672901998687122,2.014920649711188e-08,-0.2093580453416837,22.508683379563273,0.0017297297502602707,3.1081677028837795
47-4031.00,Fence Erectors,3.6137481779729153,0.4586742899414155,0.00010016128932458548,9.969174977044525e-05,-4.695395541402293e-07,0.008795686559158699,1.519002778460672e-08,-0.09737548164842248,7.613360950606703,-0.0004999152909703627,2.2975725511705014
47-4041.00,Hazardous Materials Removal Workers,3.13716660573614,0.3172307057042746,0.0002239771431164315,0.00022329914147968747,-6.780016367440402e-07,0.008592834732860136,3.491140147309923e-08,-0.10057104616450054,15.492765610505916,0.0010903826678048093,2.642622395779755
47-4051.00,Highway Maintenance Workers,3.52316435476747,0.4053737392215346,0.0008993890805889742,0.0008974339469257548,-1.955133663219372e-06,0.008617880002503995,1.3339369362379795e-07,-0.10029190709766606,6.712129023683571,-0.0005309022148379553,2.5209170873110334
47-4061.00,Rail-Track Laying and Maintenance Equipment Operators,3.364606336744819,0.6212860752353631,5.5559222263701856e-05,5.433846612379591e-05,-1.2207561399059497e-06,0.03463389045670052,7.667291666206925e-09,-0.39165308315081654,8.622627671459043,-6.092288047390887e-05,2.871868286331605
47-4071.00,Septic Tank Servicers and Sewer Pipe Cleaners,3.313098082936465,0.4382413424478084,8.262984100007631e-05,8.195939989515954e-05,-6.704411049167721e-07,0.014269028565329559,1.2611606626711956e-08,-0.16525282670751307,18.641761909226553,0.0003881557757487202,2.567254391136754
47-4091.00,Segmental Pavers,3.7153460373587928,0.3646503659168182,1.8627163844790996e-05,1.8674103395896402e-05,4.6939551105406826e-08,0.0014816918959163793,2.8643441307716677e-09,-0.01370515459985823,10.952640198011592,2.4834377383986995e-05,2.4292177439274116
47-5011.00,"Derrick Operators, Oil and Gas",3.4103496296631715,0.4835670781221073,8.843068787215655e-05,8.732261558492794e-05,-1.1080722872286154e-06,0.018759821301085704,1.2171783190851287e-08,-0.21975659495931096,14.980292670730856,-0.0006523750063210011,2.552565298261815
47-5012.00,"Rotary Drill Operators, Oil and Gas",3.2134920933127407,0.4949411372501754,6.123116142751365e-05,6.009517303658998e-05,-1.1359883909236668e-06,0.020565645217387712,8.72735042761254e-09,-0.24788140463836436,14.019330845031583,0.0005121287947982976,2.75429745226753
47-5013.00,"Service Unit Operators, Oil and Gas",3.0213096012690674,0.4486961747104925,7.495983235810356e-05,7.425270816048646e-05,-7.07124197617094e-07,0.012963752876346197,1.087966040590667e-08,-0.16280010410921525,18.553899918150325,0.0013373989076251433,2.4239173781615704
47-5022.00,"Excavating and Loading Machine and Dragline Operators, Surface Mining",3.3670169265039536,0.5450156399118062,0.0004019342343810264,0.00039788796119990925,-4.046273181117167e-06,0.01749421314255089,5.685796027928534e-08,-0.20799862554046744,11.517692568118344,-0.0006835863605366847,2.6195832197798796
47-5023.00,"Earth Drillers, Except Oil and Gas",3.1152775698527178,0.4924778160634918,0.00012665182337375191,0.0001245897859043644,-2.062037469387505e-06,0.019905779231022686,1.8372696109687214e-08,-0.23707569051648314,15.470199449527092,0.0020825279144137607,2.6210388241125804
47-5032.00,"Explosives Workers, Ordnance Handling Experts, and Blasters",3.2908208561743395,0.4220731912131145,0.0001535935344018579,0.00015167337212824823,-1.9201622736096787e-06,0.014900816040506746,1.880801991969604e-08,-0.17729430429819026,13.208594956465753,0.00011137072668120898,2.6422792390049685
47-5041.00,Continuous Mining Machine Operators,3.2634079648105327,0.5424261066191769,6.503393882143292e-05,6.392360511869393e-05,-1.1103337027389929e-06,0.01341263787450276,9.38250628883272e-09,-0.155357193088498,24.597477874051183,0.0007659971780829188,2.7555697170701863
47-5043.00,"Roof Bolters, Mining",3.316503901853712,0.5193787475714806,2.6877257173971782e-05,2.677308864920474e-05,-1.0416852476704207e-07,0.009737084095466284,3.9617218499565466e-09,-0.11313962908968303,17.50663705742689,0.0002073952455717748,2.8610573702273894
47-5044.00,"Loading and Moving Machine Operators, Underground Mining",3.5236052218347385,0.5570823065095674,3.712541998131354e-05,3.6904337453410346e-05,-2.210825279031956e-07,0.012440448202044057,4.851781231914475e-09,-0.140072227040622,8.58187824183794,-0.0006058551752835548,2.755447796164192
47-5051.00,"Rock Splitters, Quarry",3.4585474437410118,0.5501952667837108,1.3793124784724127e-05,1.3626475424480083e-05,-1.666493602440443e-07,0.0203293622812888,1.7423380575489994e-09,-0.22332237527059207,8.796129617507738,-0.00013126474239881223,2.4087452888224363
47-5071.00,"Roustabouts, Oil and Gas",3.3788725570232923,0.5924742883825362,0.00019245920844479554,0.00019106306466428046,-1.39614378051508e-06,0.012361114189783019,2.4611617630599816e-08,-0.13897927441742156,11.329632327182054,4.463798290513517e-05,2.310553262643223
47-5081.00,Helpers--Extraction Workers,3.3204837318057523,0.5533867649258887,0.00017873053751420564,0.00017757710271310245,-1.1534348011031832e-06,0.013434805247547057,2.5946409554418475e-08,-0.15976144594154998,14.899976102972882,-0.0002006017642701049,2.285438934159075
49-1011.00,"First-Line Supervisors of Mechanics, Installers, and Repairers",2.0449017568365395,0.1362519813270472,0.0024890144851013626,0.002490209158881719,1.1946737803565297e-06,0.0014678736656130154,1.4313880058221263e-07,-0.023242660574455665,13.307090605476525,0.0007594844918815912,3.0223742045004123
49-2011.00,"Computer, Automated Teller, and Office Machine Repairers",2.91826050944302,0.4832358895034626,0.0008384801884321316,0.000834713119534553,-3.767068897578621e-06,0.007545728403040852,1.206821725507756e-07,-0.09976496007323665,20.245220385813234,0.0007900933223935398,2.65745841498615
49-2021.00,"Radio, Cellular, and Tower Equipment Installers and Repairers",2.923769232229722,0.4114234507747173,2.9455411339340775e-05,2.9303308101126237e-05,-1.5210323821453808e-07,0.009300533829101492,4.005437684563082e-09,-0.11627832379949538,14.703362833777907,0.0016891691760546404,2.740194654428777
49-2022.00,"Telecommunications Equipment Installers and Repairers, Except Line Installers",2.843472636145609,0.3551505957302856,0.001113118060898064,0.0011087391039683145,-4.378956929749394e-06,0.009478169916492613,1.34479493343944e-07,-0.12027695069307323,17.335678745532075,0.0017949697946008972,3.0140632302387145
49-2091.00,Avionics Technicians,2.678021796314831,0.5035721421650403,0.00010029019703285393,9.737930625279404e-05,-2.9108907800598873e-06,0.013218381045778865,1.1635860313748462e-08,-0.18549445596010256,24.17436789604479,0.002606934348373232,2.9770590082883697
49-2092.00,"Electric Motor, Power Tool, and Related Repairers",3.1077466787877936,0.6021361743216234,0.0002273287435314112,0.0002231075033549813,-4.221240176429904e-06,0.02168376116365207,2.557063663892286e-08,-0.26387381405481336,25.6073848420476,0.001718011883217976,2.6369121732688705
49-2093.00,"Electrical and Electronics Installers and Repairers, Transportation Equipment",2.895851233527545,0.4940330858328856,9.474716557731059e-05,9.407666637499948e-05,-6.704992023111127e-07,0.018888577443998425,1.4212984595554973e-08,-0.2357855432816792,20.35126806603507,0.003602234467291181,2.7232671669070707
49-2094.00,"Electrical and Electronics Repairers, Commercial and Industrial Equipment",2.4726659135801308,0.509378161344529,0.00046103841862211065,0.0004598783493846123,-1.1600692374983258e-06,0.003972872818072426,4.416602723735881e-08,-0.06598082364317198,33.129432205705946,0.00042305129139164315,2.8419981736119486
49-2095.00,"Electrical and Electronics Repairers, Powerhouse, Substation, and Relay",2.4454841238735887,0.4346222742218568,0.00013264603180823483,0.0001311841217098907,-1.4619100983441176e-06,0.006104491691211822,1.7420885157671696e-08,-0.09920023576590685,31.84125970298266,0.0009769852551119143,3.132009891846539
49-2096.00,"Electronic Equipment Installers and Repairers, Motor Vehicles",2.8622427519881555,0.3750074055902498,9.184674214127048e-05,9.142472482645328e-05,-4.220173148171999e-07,0.01145492508667511,1.3021550358423773e-08,-0.14007563190101244,22.60731951026499,0.0027598909100943884,2.4423470353692043
49-2097.00,Audiovisual Equipment Installers and Repairers,2.922554803835899,0.3319015689495282,0.00016816010543619275,0.00016719633575351125,-9.637696826815057e-07,0.005921296567517152,2.2786828307073897e-08,-0.08308568696077366,21.67869192133245,-0.00010457324580392705,2.4874035299865875
49-2098.00,Security and Fire Alarm Systems Installers,2.723202184725456,0.2506971566270031,0.00024718053060475247,0.0002469450319004293,-2.354987043231855e-07,0.0034449192184889663,3.5072160267268345e-08,-0.045739782768864486,21.42501170444604,0.0007239545988321243,2.6361960973342264
49-3011.00,Aircraft Mechanics and Service Technicians,2.884408574918517,0.5096232345364703,0.000811925200528831,0.0008037867187179025,-8.138481810928484e-06,0.01435570003151752,6.851016089846168e-08,-0.18433747303450804,19.908494143029138,0.0024478264981375258,2.9391619220655967
49-3021.00,Automotive Body and Related Repairers,3.324035644892596,0.5408539016210215,0.0011599115589995112,0.001146272232177242,-1.3639326822269086e-05,0.02060231310715672,1.6564978404937015e-07,-0.23406324514138716,9.754208587267382,0.0005466226061221419,2.7120422223717475
49-3022.00,Automotive Glass Installers and Repairers,3.340223934785441,0.4787007180172648,0.00013225930868342948,0.0001311142037933921,-1.1451048900373872e-06,0.017591016982588116,1.9779257545922926e-08,-0.20794777449557988,8.512444227139168,-0.0003585281993425612,2.5847519847577165
49-3023.00,Automotive Service Technicians and Mechanics,2.865153275244528,0.4268961375925637,0.0037855037610112965,0.003765471894583016,-2.0031866428280466e-05,0.010315093584354304,5.279031964101275e-07,-0.13752265592113216,12.381580992745349,0.0011144847825056618,2.611539300721366
49-3031.00,Bus and Truck Mechanics and Diesel Engine Specialists,2.9313149957486253,0.5467738933197757,0.0017616527411966347,0.0017461418370050838,-1.551090419155089e-05,0.016460063531873684,2.524980079716291e-07,-0.20697509257985836,16.153953727428462,0.0025942346322311224,2.6925980965432883
49-3041.00,Farm Equipment Mechanics and Service Technicians,3.111288757319271,0.6105758668754548,0.0002609736553894766,0.00025757269107490766,-3.400964314568926e-06,0.01804053565321333,3.3450922016403926e-08,-0.21897446504026277,18.50821567041844,0.0014199012479926645,2.435366204227864
49-3042.00,"Mobile Heavy Equipment Mechanics, Except Engines",2.955104014183469,0.6302735979218463,0.0007318090598399894,0.0007235254978036781,-8.28356203631136e-06,0.02146814059832833,8.068295726287965e-08,-0.26319425859626217,20.72593219751024,0.003803610871904594,2.7568403652716422
49-3043.00,Rail Car Repairers,3.0870139475233267,0.5460533880084104,4.66001365390446e-05,4.5933898523994095e-05,-6.662380150505027e-07,0.01807751835002745,6.641507359824477e-09,-0.22512516288433818,14.217166795116466,0.0011987951998047653,2.895359299407204
49-3051.00,Motorboat Mechanics and Service Technicians,2.876396647913266,0.6206367596011558,0.00011891736087764493,0.00011717933695323083,-1.7380239244141018e-06,0.01747766068478538,1.627606055606049e-08,-0.23213461311317418,21.11821187873027,0.00248567662739834,2.565718292524414
49-3052.00,Motorcycle Mechanics,3.044594831278679,0.5633930379727603,7.341293985888215e-05,7.233915217744115e-05,-1.0737876814409953e-06,0.02120840084095743,1.0630317443240011e-08,-0.260473256006322,18.966675908165783,0.0022350731634516066,2.4518667957098
49-3053.00,Outdoor Power Equipment and Other Small Engine Mechanics,3.161695720775988,0.5486691567604919,0.0001711249827263671,0.0001682412424092811,-2.8837403170860014e-06,0.021896918158340602,2.47591974425842e-08,-0.27004351109810315,20.614827634789428,0.00046341568951614617,2.3850863145057892
49-3091.00,Bicycle Repairers,3.6814785144439535,0.4943441876495352,5.2078714140453714e-05,5.1646007741955006e-05,-4.3270639849870825e-07,0.013577193473922937,7.002304722157941e-09,-0.1509977279479157,8.214851260396825,-0.0011360639436945458,2.0438143640366846
49-3092.00,Recreational Vehicle Service Technicians,2.916472643109962,0.4542351055478095,8.44345489158346e-05,8.378349125568428e-05,-6.510576601503269e-07,0.011786847656437963,1.2355581460757187e-08,-0.15365842352761344,17.677011743633344,0.0013413234000677272,2.4731713935695794
49-3093.00,Tire Repairers and Changers,3.5471047916694025,0.5344776543140327,0.0006437650950926382,0.0006397269601578308,-4.038134934807405e-06,0.014199598523048208,9.051050107204857e-08,-0.15573228922261645,8.351606319523409,-0.000505725883380583,2.124653884501384
49-9011.00,Mechanical Door Repairers,3.538439178325852,0.543587192913913,6.200460767712434e-05,6.150252482256275e-05,-5.020828545615935e-07,0.016042228694884156,8.125732149716703e-09,-0.18130032285177655,9.140469429141925,-0.0009953315134625098,2.6864860231863696
49-9012.00,"Control and Valve Installers and Repairers, Except Mechanical Door",2.9120151106694805,0.5620591938034881,0.00020006476323263406,0.0001973101655733369,-2.754597659297155e-06,0.01589790497143819,2.9378887142442085e-08,-0.20713855997356667,27.265352847517192,0.0019493629229516921,2.993730270883318
49-9021.00,"Heating, Air Conditioning, and Refrigeration Mechanics and Installers",3.0095882452837803,0.4237366666124308,0.0012107656499114145,0.001197176893899234,-1.3588756012180517e-05,0.017352726663678607,1.4056889172298227e-07,-0.21925607941392167,15.460162981018025,0.0016769062756654919,2.6741486494265287
49-9031.00,Home Appliance Repairers,3.036983551111448,0.4308058966942184,0.00021301998791361328,0.00021124793986892029,-1.7720480446929894e-06,0.01548426881956225,2.9920958937766614e-08,-0.1877495406888489,15.736845400350754,0.002113793019872272,2.6354795082673745
49-9041.00,Industrial Machinery Mechanics,2.900735879439153,0.5971906874854632,0.0011348390097412977,0.0011221655331113444,-1.2673476629953325e-05,0.014404485071301713,1.3316936633411325e-07,-0.19208022651812298,19.032594791245433,0.001628657024069632,2.8069901489571136
49-9043.00,"Maintenance Workers, Machinery",3.231007121953567,0.7060799786381974,0.0006908164086106224,0.0006801673608301327,-1.0649047780489688e-05,0.025211077826577822,8.88419253546537e-08,-0.29388643273070236,14.235309153310324,0.001076995408921635,2.6789646202071133
49-9044.00,Millwrights,3.2270817076747464,0.7523303311703772,0.000518144533385034,0.0005088206619332662,-9.323871451767727e-06,0.02586465759268728,4.8864363341228057e-08,-0.30423658573096257,20.27349786912377,0.0007722573416255021,2.9317269435780786
49-9045.00,"Refractory Materials Repairers, Except Brickmasons",3.4579564077874845,0.6192052116753652,2.1398679572562666e-05,2.0997634554520012e-05,-4.010450180426537e-07,0.02832877579536805,2.9161094218019212e-09,-0.31457173944389494,8.101311872892659,-0.0008137561210320094,2.707383312114507
49-9051.00,Electrical Power-Line Installers and Repairers,3.156897501473545,0.4333658901025046,0.0006386732406160345,0.0006359037426286274,-2.7694979874070755e-06,0.013053668219820902,9.176519318553408e-08,-0.15183094762294608,14.913967785934457,0.0013312279172057778,3.0430928449138284
49-9052.00,Telecommunications Line Installers and Repairers,3.14566337089628,0.4550064636397642,0.0010247518268800416,0.0010155972881817391,-9.154538698302479e-06,0.017961292507012845,1.5769051511862045e-07,-0.21287006604732275,11.512157702689837,0.0016244414255252582,2.7942278973432626
49-9061.00,Camera and Photographic Equipment Repairers,2.771384017163172,0.5596230442891754,3.435390425354187e-05,3.3699526625500285e-05,-6.543776280415866e-07,0.011245397019268376,4.977734232760361e-09,-0.15875793979476666,38.719093313859645,0.0014267496786422227,2.658159431488745
49-9062.00,Medical Equipment Repairers,2.586995892309094,0.4107024051221429,0.0001265873695196177,0.00012568632928856431,-9.010402310533896e-07,0.00793293637943073,1.4813843188233196e-08,-0.10721598134019251,41.22999943869003,0.002265370382751215,2.800325477211381
49-9063.00,Musical Instrument Repairers and Tuners,3.241775571550189,0.4999972584908258,2.90042343604012e-05,2.8640167675036684e-05,-3.6406668536451787e-07,0.02312579477411454,4.1217857906041605e-09,-0.2686537210679536,14.04378822083423,0.0011646960671035757,2.453587966530573
49-9064.00,Watch and Clock Repairers,3.16987911527371,0.46398702803818,2.4943641549945033e-05,2.4624241332904215e-05,-3.194002170408178e-07,0.02035417755676776,3.733787471026725e-09,-0.24491363792430568,12.142528028699244,0.0011503597082239705,2.4672517145492794
49-9071.00,"Maintenance and Repair Workers, General",3.0348800996864824,0.5672453039920764,0.007745355197455671,0.007701121812889061,-4.423338456661062e-05,0.013976000925162067,1.0088109631707197e-06,-0.17817882136126736,9.673915857985056,0.0009556838388534489,2.4840729690394228
49-9091.00,"Coin, Vending, and Amusement Machine Servicers and Repairers",3.3133087349755224,0.5370422929478941,0.00023138933634186737,0.00022802634670326377,-3.3629896386035954e-06,0.01810332250381918,3.351541553066337e-08,-0.21950468844587018,15.95133748680528,-0.0006082601301837529,2.479894107964456
49-9092.00,Commercial Divers,2.7499989476939724,0.3749029035564942,1.5468924992213973e-05,1.530608340432128e-05,-1.6284158789269367e-07,0.012118827332217433,2.0458754683472016e-09,-0.1551967227058611,22.476418184516614,0.0030560386912946687,3.3021134234382563
49-9094.00,Locksmiths and Safe Repairers,3.6448723286687015,0.480721429282923,7.283285517167413e-05,7.228575303107291e-05,-5.471021406012138e-07,0.013878111502637696,1.0244368816588777e-08,-0.15458044171959343,9.360428475111732,-0.0010410828407023912,2.5384474167160302
49-9095.00,Manufactured Building and Mobile Home Installers,3.121569280422648,0.5209850314762703,8.507908745717685e-05,8.413358900562971e-05,-9.454984515471393e-07,0.02000953752486491,9.569618827203788e-09,-0.24485975392159023,21.526700965726214,0.001322195023869637,2.309560706730471
49-9096.00,Riggers,3.457517312592717,0.6518835507833514,0.00010215935880274646,0.0001014993876434437,-6.599711593027649e-07,0.016542009576547754,1.3646986601677597e-08,-0.175661278216184,13.659436500368663,0.0001925374724541228,2.716018370751387
49-9097.00,Signal and Track Switch Repairers,2.982346949951652,0.4643639562724857,2.397683373793166e-05,2.385531682354635e-05,-1.2151691438530996e-07,0.007913491217646904,3.178343180178735e-09,-0.10947728098816731,20.91802906776328,-3.604542593096973e-05,2.9396908826703663
49-9098.00,"Helpers--Installation, Maintenance, and Repair Workers",3.1928851419559177,0.6348811868823642,0.0009385125700484486,0.0009299693882536904,-8.543181794758246e-06,0.017481417525465552,1.2066914834060083e-07,-0.21342768345838461,15.330053746526785,0.0004941759245695428,2.2126603854660587
49-9099.01,Geothermal Technicians,2.3946232166126697,0.418207783883923,1.9207248531999018e-05,1.9138815856429444e-05,-6.843267556957386e-08,0.004972584417263552,2.2922345805699793e-09,-0.07724265655344956,32.32986434492426,0.0010281903352479123,2.254444717666111
51-1011.00,First-Line Supervisors of Production and Operating Workers,2.316644019255727,0.0975587191892468,0.004898815183471763,0.0049017623598614736,2.9471763897106693e-06,0.001920504799671422,4.655963518230429e-07,-0.027020325673273927,9.306720199384309,0.0017309359150871756,2.9236990706541595
51-2011.00,"Aircraft Structure, Surfaces, Rigging, and Systems Assemblers",3.0806254666279123,0.6373065161185901,0.00011646811442054438,0.00011339328145942412,-3.074832961120263e-06,0.028233180438847975,1.419391868375953e-08,-0.3447526801790484,25.116577102776812,0.0025945157468595056,2.8808824318750488
51-2021.00,"Coil Winders, Tapers, and Finishers",3.248807073786782,0.6237196122851065,0.00036319746804635726,0.0003580082215441541,-5.189246502203151e-06,0.022068496375826686,3.990046299626136e-08,-0.25382125218620105,15.300120259768999,0.0011941108895315627,2.2669579153508947
51-2022.00,Electrical and Electronic Equipment Assemblers,3.023447833318123,0.4681122582021408,0.002497135670722275,0.0024817295788201383,-1.540609190213687e-05,0.012545488923162642,3.6969118358895866e-07,-0.1590976923169231,11.329979565741521,0.0011844873373288178,2.286455711064162
51-2023.00,Electromechanical Equipment Assemblers,3.157151018467737,0.6457127417727284,0.0004500812634192924,0.00044409215661677124,-5.9891068025211725e-06,0.02369784244942507,5.95844107743008e-08,-0.2783552241048317,17.089971783688632,0.0021268820955871767,2.3693087250369538
51-2031.00,Engine and Other Machine Assemblers,3.0965939613546887,0.664470976946433,0.0005515316298265624,0.000544059101551089,-7.4725282754734e-06,0.024767878256628763,7.865780678577406e-08,-0.2990960861102645,15.764846156516862,0.00240638095864483,2.5824869781268642
51-2041.00,Structural Metal Fabricators and Fitters,3.314698063948719,0.7177370040363494,0.0006083799291729488,0.0005979867977436468,-1.0393131429302046e-05,0.026887310400632077,6.876029702000254e-08,-0.30580927608421543,12.80038073311113,0.0004953532945791318,2.5352828571130672
51-2051.00,Fiberglass Laminators and Fabricators,3.3291525167249287,0.5419371456828506,0.0003206579243177688,0.00031853916674404376,-2.118757573725061e-06,0.01632294740237782,4.727952491945559e-08,-0.18571855746135585,11.79664948756196,0.00043439384047489827,2.322387720290225
51-2061.00,Timing Device Assemblers and Adjusters,3.0412039188235576,0.5412236384070404,6.619410819584896e-05,6.537024043137958e-05,-8.238677644693869e-07,0.02221134871178059,9.206296229436461e-09,-0.2702739875047625,14.308048764509028,0.002717754468028431,2.2925347571405443
51-2092.00,Team Assemblers,3.2775275686163554,0.3454329625466721,0.008397177024315087,0.00839676255988666,-4.144644284269361e-07,0.0055424683893934784,1.3410862823338972e-06,-0.07004177581037659,5.0359821160334555,-0.0002264289524111827,2.2975725511705014
51-3011.00,Bakers,3.4804382746908686,0.3455229423341012,0.0011349034635954318,0.001133511670875064,-1.391792720367756e-06,0.006636556991880812,1.6650876479576187e-07,-0.07767240183220145,9.154733064835467,-0.0002643307248793642,2.1770218700187
51-3021.00,Butchers and Meat Cutters,4.08144033124396,0.3880380882133176,0.0008950706723619811,0.0008971704856944959,2.0998133325148167e-06,0.00026910272292941453,1.3372173247613436e-07,-0.0008555830702257846,6.180510609264206,1.2752386616130126e-05,2.4159137783010487
51-3022.00,"Meat, Poultry, and Fish Cutters and Trimmers",3.68219867493684,0.4989877300298065,0.001030552673752122,0.0010304433097347962,-1.0936401732570405e-07,0.006533319874592528,1.4628584419475178e-07,-0.06755103543869544,5.466450880368403,-0.00019812751826958088,2.089391872533004
51-3023.00,Slaughterers and Meat Packers,3.8190246715560585,0.4560634390983634,0.0007539167318080285,0.0007553989261166632,1.4821943086346361e-06,0.001386435805910526,7.04633656011445e-08,-0.012816480765189361,7.002060908555109,2.2179290192786297e-06,2.217027204632399
51-3091.00,"Food and Tobacco Roasting, Baking, and Drying Machine Operators and Tenders",3.2134017949755034,0.5124452744843857,0.00012781199274816796,0.000126455511530773,-1.356481217394971e-06,0.015570243734317882,1.9076257272117028e-08,-0.1881156362759996,19.585728240817257,0.00046970258887999843,2.285438934159075
51-3092.00,Food Batchmakers,3.014554059669288,0.4058326312864462,0.0004174031593732404,0.0004136970041158823,-3.7061552573580984e-06,0.013464865918891997,5.94320382331337e-08,-0.16754955755047277,14.738129840714176,0.0015538836040297362,2.265921108622454
51-3093.00,Food Cooking Machine Operators and Tenders,3.2358859975936016,0.5185100284118199,0.0002857883892311532,0.0002824534648012497,-3.334924429903522e-06,0.022531794822911348,3.789512006632887e-08,-0.2625714105798595,11.775567964355835,0.0011508165117907613,2.2874714551839976
51-4021.00,"Extruding and Drawing Machine Setters, Operators, and Tenders, Metal and Plastic",3.243189048531397,0.5775973457485527,0.0006997754943352797,0.0006909001572116797,-8.875337123599963e-06,0.023002415706767334,1.0098193129882131e-07,-0.2716426955001495,12.995801306295109,0.0006292204533673149,2.4203681286504293
51-4022.00,"Forging Machine Setters, Operators, and Tenders, Metal and Plastic",3.2708056508820698,0.6663747127509905,0.00039297514865636917,0.00038632430843317414,-6.650840223195028e-06,0.02838901539617806,5.4518928862174525e-08,-0.3244605349722572,13.19560281031575,0.001281628794865407,2.477378383367209
51-4023.00,"Rolling Machine Setters, Operators, and Tenders, Metal and Plastic",3.265285045090062,0.640762785380354,0.000306671437970642,0.0003031456731620918,-3.525764808550195e-06,0.020578059222565493,3.996126347468234e-08,-0.2441443753978795,13.070965089479307,0.00025934546071320865,2.5610957881455465
51-4031.00,"Cutting, Punching, and Press Machine Setters, Operators, and Tenders, Metal and Plastic",3.349005604618105,0.6916311567964545,0.0022771546665621657,0.0022511140457233602,-2.6040620838805456e-05,0.02336881695442637,3.0283495066982654e-07,-0.26615657285706157,10.577783972031957,2.2224375811710327e-05,2.367436065313662
51-4032.00,"Drilling and Boring Machine Tool Setters, Operators, and Tenders, Metal and Plastic",3.306937283745783,0.6685093487897463,0.0004843062599645659,0.0004779444887327302,-6.361771231835694e-06,0.024932622445621614,6.661392076524849e-08,-0.2870525924633622,9.616144993852362,0.0004031456153223462,2.4756977107026903
51-4033.00,"Grinding, Lapping, Polishing, and Buffing Machine Tool Setters, Operators, and Tenders, Metal and Plastic",3.275052233078879,0.6758319003425667,0.0008244937020850049,0.0008110793488436733,-1.3414353241331589e-05,0.02259589256781742,1.1343294158270997e-07,-0.2708953123670363,15.225125600150413,-8.702280809991024e-05,2.4458192610799534
51-4034.00,"Lathe and Turning Machine Tool Setters, Operators, and Tenders, Metal and Plastic",3.258349891648331,0.6742340335096995,0.0005410256516026838,0.0005318471777729552,-9.178473829728586e-06,0.021993286974833586,7.28543491768768e-08,-0.2655351574571982,14.157123796654579,-6.662339047357355e-05,2.613739521630969
51-4035.00,"Milling and Planing Machine Setters, Operators, and Tenders, Metal and Plastic",3.205259809582036,0.6641956807898147,0.0002309381593629278,0.0002272155205524914,-3.722638810436409e-06,0.021292604308332845,3.180177592878008e-08,-0.25089988288177734,20.58256950634572,0.0012489187380944349,2.5416019934645457
51-4041.00,Machinists,2.85485392231244,0.5707050635346578,0.002705772796554761,0.002680981222183622,-2.4791574371138894e-05,0.013711514405630433,4.034833478645427e-07,-0.17976329486917872,14.998989310763324,0.002338780013063654,2.6602595372658615
51-4051.00,Metal-Refining Furnace Operators and Tenders,3.0978834540627376,0.5592751415921758,0.00012471820774972517,0.00012316929413805488,-1.548913611670291e-06,0.021495263723602335,1.8894499090177603e-08,-0.26038526757142155,14.57986824874317,0.0019654835930974918,2.5603232890727545
51-4052.00,"Pourers and Casters, Metal",3.293304223970095,0.6494538559047447,0.00010054801244939083,9.885126121853483e-05,-1.696751230855997e-06,0.02334932968994791,1.3620002632337474e-08,-0.2660806228413032,18.561466804413083,0.0007943763551496425,2.5128460184772416
51-4061.00,"Model Makers, Metal and Plastic",2.8577563682249223,0.5554622717453677,8.069622537604957e-05,7.92595578865785e-05,-1.436667489471076e-06,0.022948238299491466,1.1178047717417945e-08,-0.28269888224484485,27.468876387969136,0.005684293697117361,2.781920049668665
51-4062.00,"Patternmakers, Metal and Plastic",3.1671409650525013,0.5327038664212862,5.3754514347943564e-05,5.311097309785634e-05,-6.435412500872234e-07,0.019243561144315684,8.1270873927199e-09,-0.22432468738365763,13.707708583951355,0.0016965143156096212,2.598979106047848
51-4071.00,Foundry Mold and Coremakers,3.5041710389274723,0.695616240728035,0.00022455722780363952,0.0002217818188166251,-2.775408987014421e-06,0.02643795925848071,2.593712939342281e-08,-0.2846812633193746,11.086634504113835,-0.0008769781511307951,2.432735777459091
51-4072.00,"Molding, Coremaking, and Casting Machine Setters, Operators, and Tenders, Metal and Plastic",3.280948609316862,0.6770185841250673,0.001157849035667216,0.0011425396256936127,-1.530940997360327e-05,0.0244370520079442,1.5499432268230637e-07,-0.28600184966087044,12.79126660715723,0.00026722921997299025,2.2834022735772717
51-4081.00,"Multiple Machine Tool Setters, Operators, and Tenders, Metal and Plastic",3.295956132446103,0.6993890266359785,0.0006678708365388383,0.0006586691017546338,-9.201734784204533e-06,0.022617582562220823,8.130705964724643e-08,-0.26415782165016966,12.36335418541574,0.00011731498209218523,2.4849066497880004
51-4111.00,Tool and Die Makers,3.0399428884300512,0.6277261731918407,0.0008530467594664665,0.0008412344944714605,-1.1812264995006015e-05,0.0213030673797381,1.2470253576510293e-07,-0.2591973262056951,16.574255139403302,0.0029147051504614576,2.9231615807191558
51-4121.00,"Welders, Cutters, Solderers, and Brazers",3.186192015779836,0.6198616377190169,0.0026428658349197573,0.0026060892541490983,-3.677658077065908e-05,0.027301902115764626,3.147132574591279e-07,-0.32178485332039536,10.962963985822828,0.0016984041401379773,2.5321082512722946
51-4122.00,"Welding, Soldering, and Brazing Machine Setters, Operators, and Tenders",3.1799038415056486,0.6445263508536063,0.00044266907019385656,0.0004346929334912128,-7.976136702643759e-06,0.02648507404627515,6.155665600779854e-08,-0.31974650558820683,18.03882782046625,0.0010086236343994455,2.5087859235779435
51-4191.00,"Heat Treating Equipment Setters, Operators, and Tenders, Metal and Plastic",3.1883976319858296,0.606368560135411,0.00023396749050723635,0.0002295033721286153,-4.464118378621064e-06,0.024245422723312267,3.354988058854868e-08,-0.29401213727321557,14.180568992009931,0.0008211023583575026,2.495681722955959
51-4192.00,"Layout Workers, Metal and Plastic",3.2262609797679134,0.5916065556658253,0.00011595248358747058,0.00011398993980944321,-1.962543778027373e-06,0.02380498026377731,1.6900955331558728e-08,-0.2862350777276737,15.22676817985268,0.0004986956866095541,2.631888840136646
51-4193.00,"Plating Machine Setters, Operators, and Tenders, Metal and Plastic",3.1542635076745653,0.5552922113184104,0.00037608823887320226,0.00037131208912035286,-4.7761497528493995e-06,0.017092340913585094,5.5094222904078335e-08,-0.20765421722366373,18.828451303786782,0.0009053156693404284,2.3758355547336385
51-4194.00,"Tool Grinders, Filers, and Sharpeners",3.230159538981057,0.6942168380363195,0.00018143759938784307,0.00017858081020075882,-2.8567891870842545e-06,0.023083233501250577,2.4694572363402777e-08,-0.2701841456161321,17.869057510726883,0.0010855674258512594,2.579458966729223
51-5111.00,Prepress Technicians and Workers,2.993668509377941,0.2994918008656265,0.0007048028949577492,0.0007044235437451683,-3.793512125809407e-07,0.005520189409096635,1.1104921730511541e-07,-0.06943401457431728,10.48458913502713,0.0005396170182274336,2.631888840136646
51-5112.00,Printing Press Operators,3.369470434797757,0.3829213884951204,0.001642477564902453,0.0016407862764245135,-1.6912884779395152e-06,0.006502160892699558,2.4574279090659613e-07,-0.07265962617514905,8.554060070812476,0.00040301602299943956,2.554817146596421
51-5113.00,Print Binding and Finishing Workers,3.596543422275197,0.5538415640218661,0.0010468594988480807,0.0010427585747885093,-4.1009240595714196e-06,0.011201877475235987,1.4212853017372696e-07,-0.1224895050812135,9.253767060929547,-0.0005699969193130213,2.351599851648079
51-6011.00,Laundry and Dry-Cleaning Workers,3.5278766049123926,0.4946390772839183,0.001400904519607378,0.001396502593245844,-4.401926361534154e-06,0.008970659480972858,1.8751349251611468e-07,-0.09893939025363618,8.625124468469613,-0.0002449575152248096,1.9810014688665833
51-6021.00,"Pressers, Textile, Garment, and Related Materials",3.577073225789829,0.6201355638755092,0.0006014833667805867,0.0005985544647309925,-2.9289020495942234e-06,0.011790021300202123,5.523121343017674e-08,-0.12559917100175352,10.034784629721608,-0.0004007311546981991,2.0135687975291283
51-6031.00,Sewing Machine Operators,3.4849099159002117,0.6327469660035991,0.0026024532683775986,0.0025909457703672647,-1.1507498010333937e-05,0.01337604622240084,2.905378983064715e-07,-0.14863989122184396,9.08797415975205,-0.00044947048088789503,2.0241930674493576
51-6041.00,Shoe and Leather Workers and Repairers,3.575417579907496,0.5257453316693249,0.00010061246630352505,0.00010037755058510286,-2.3491571842218972e-07,0.007824294776030154,1.3014650921615441e-08,-0.08581314643361804,9.433830623468383,-0.0002937921414881385,2.0844290831908747
51-6042.00,Shoe Machine Operators and Tenders,3.4465571780675157,0.650624627713437,7.37996629836875e-05,7.361370361248863e-05,-1.8595937119886947e-07,0.007842501603791498,9.740561586052933e-09,-0.08517441788375933,25.274278844967217,0.00012742210142719808,2.155244505095337
51-6051.00,"Sewers, Hand",3.6867278950588527,0.5379831944226834,0.00015410916523493173,0.00015341431726631597,-6.948479686157659e-07,0.011107669772661524,1.9037233712903905e-08,-0.12570439714813075,7.292512782041474,-0.001158988913576473,2.086913556518537
51-6052.00,"Tailors, Dressmakers, and Custom Sewers",3.611890420382674,0.3949788788132513,0.00020825040270768062,0.0002084258900546267,1.7548734694607386e-07,0.0028920580439107104,3.2218974154325794e-08,-0.030725071028767523,10.939287299481526,-4.2741463744511965e-05,2.2289385528257473
51-6061.00,Textile Bleaching and Dyeing Machine Operators and Tenders,3.1158732429019578,0.4931561711933305,0.00028649738162662964,0.00028422281155244763,-2.2745700741820052e-06,0.014846539938235984,4.080437852699066e-08,-0.178183984493881,15.37441930950721,0.0014471641977847143,2.2071749081893874
51-6062.00,"Textile Cutting Machine Setters, Operators, and Tenders",3.1544556589454467,0.516573955500472,0.0002569775164331546,0.0002531540554077691,-3.8234610253855316e-06,0.016253987408873766,3.576415061590283e-08,-0.1952944563299312,15.984139849336843,0.0010577981118338247,2.194999882314108
51-6063.00,"Textile Knitting and Weaving Machine Setters, Operators, and Tenders",3.086045448713341,0.5387652738040571,0.0005120214172422826,0.0005066853734532678,-5.336043789014831e-06,0.018497501139201875,5.234568094830841e-08,-0.22230231725101468,12.625973792142396,0.0020653922987090914,2.302585092994046
51-6064.00,"Textile Winding, Twisting, and Drawing Out Machine Setters, Operators, and Tenders",3.2651138682261243,0.6069542862090201,0.0005372873280628987,0.0005324188947108517,-4.86843335204695e-06,0.01564686991861235,7.261377593302232e-08,-0.1879585243087501,14.004609738736473,3.18356548851075e-05,2.2935443483418965
51-6091.00,"Extruding and Forming Machine Setters, Operators, and Tenders, Synthetic and Glass Fibers",3.2835282234105425,0.6352432156801345,0.00023080925165465936,0.0002265080144396921,-4.301237214967245e-06,0.023584649836428658,3.2560132103937524e-08,-0.2808190896217477,14.872997730629617,-0.00015407768093137048,2.482403519569882
51-6092.00,Fabric and Apparel Patternmakers,3.111030282126808,0.3012924792367936,0.00010905592119510852,0.00010923694186168592,1.8102066657739425e-07,0.0023076799449938644,1.5156446902488198e-08,-0.02798028297715003,11.614973679261286,8.742260569082522e-05,2.363680192353857
51-6093.00,Upholsterers,3.624525234971248,0.5008647378370373,0.0002924915900611126,0.0002917310633789159,-7.60526682196702e-07,0.009071783820926617,4.040217608034609e-08,-0.09851408808392023,7.9723311782361,-0.0004150040365576952,2.3960754360813845
51-7011.00,Cabinetmakers and Bench Carpenters,3.307102348782502,0.5053086932426796,0.000882437716951673,0.0008747871432536759,-7.65057369799709e-06,0.016976461248858578,1.3067167372305027e-07,-0.18924048570609914,10.141818561868204,0.0011088288189531122,2.347558458636777
51-7021.00,Furniture Finishers,3.469410531362517,0.4156369371298246,0.0002451824611265915,0.00024419605538562406,-9.86405740967429e-07,0.009492410934547429,3.8562459404544195e-08,-0.1051925989306533,9.846098184145053,-2.7240378496365858e-05,2.288486168614544
51-7031.00,"Model Makers, Wood",3.2614351940222512,0.4889593312936494,3.1646842379904426e-05,3.132647977791605e-05,-3.203626019883762e-07,0.021278296484319174,4.793387986097847e-09,-0.2490219563404929,11.107083075663965,0.0007713510486015323,2.4714836294558595
51-7032.00,"Patternmakers, Wood",3.3037777795014467,0.4544870359531803,3.751214310611889e-05,3.720434720153111e-05,-3.0779590458778264e-07,0.013396660726038161,5.798544850276354e-09,-0.1622871139874798,10.911103839494212,-0.00029515858865244494,2.6727683869575705
51-7041.00,"Sawing Machine Setters, Operators, and Tenders, Wood",3.3637405755277343,0.6592945991846727,0.0003529493052390155,0.0003478437922168508,-5.1055130221647205e-06,0.02378119890277795,4.434562933722949e-08,-0.2684208246687908,12.213153270718449,8.535925705669122e-05,2.2731562823032334
51-7042.00,"Woodworking Machine Setters, Operators, and Tenders, Except Sawing",3.290243028117704,0.6809908007631253,0.000668064198101241,0.0006586415671903235,-9.42263091091751e-06,0.023459316010979295,8.722553015519288e-08,-0.27197892577926025,12.260066887264804,0.00046498374792286083,2.2669579153508947
51-8011.00,Nuclear Power Reactor Operators,2.331069774297026,0.2738394633318074,2.0883048739488865e-05,2.088878236423425e-05,5.7336247453853965e-09,0.002948035110963603,2.74490647018085e-09,-0.047335714615240554,20.59916357787125,0.0003510143583394526,3.2857865301508276
51-8012.00,Power Distributors and Dispatchers,2.7223824182918417,0.327756369947518,9.075102662098866e-05,9.054066074953841e-05,-2.1036587145024216e-07,0.005286868267675413,1.3302353607289583e-08,-0.07398808259861252,18.36012399210572,0.0006085084181491713,3.1179499062782403
51-8013.00,Power Plant Operators,2.742613032711552,0.4175025024949873,0.00022114117353452562,0.0002195971069678662,-1.5440665666594086e-06,0.010107035312404533,3.265645119928678e-08,-0.1381098996395149,20.267762902265435,0.0014754747378748227,3.0587070727153796
51-8013.03,Biomass Plant Technicians,2.702313664109812,0.4811934762300877,0.00022114117353452562,0.00021935162066426402,-1.7895528702615952e-06,0.010482736552718757,3.306379058251143e-08,-0.14850638712056927,19.40915921104964,0.001532451549201003,3.0587070727153796
51-8013.04,Hydroelectric Plant Technicians,2.723760806046455,0.5255705345764825,0.00022114117353452562,0.00021881954172927727,-2.321631805248344e-06,0.012607310754506926,2.835470306951485e-08,-0.17475772681415894,22.517121615846424,0.002125016719204357,3.0587070727153796
51-8021.00,Stationary Engineers and Boiler Operators,2.79268838376352,0.4462426217259054,0.00036319746804635726,0.0003600495342482228,-3.147933798134468e-06,0.01386177586418221,5.2373426366692427e-08,-0.17822575607470725,19.737768722450234,0.0030391699570623035,2.919930560137709
51-8031.00,Water and Wastewater Treatment Plant and System Operators,2.9016526964195006,0.4320899177936936,0.0005274258883803623,0.0005242396734934163,-3.186214886945985e-06,0.014393188323172146,8.012801791073603e-08,-0.17452531784769823,17.57729883667274,0.0032623834536960493,2.671386216730619
51-8091.00,Chemical Plant and System Operators,2.724346358577812,0.4377538930698554,0.0004145671897913345,0.0004118326252086358,-2.734564582698739e-06,0.012496100323362203,5.9562396879296745e-08,-0.16425474729085873,19.658570692392473,0.002861467645939436,2.9381031607173544
51-8092.00,Gas Plant Operators,2.73449937910697,0.4091482761197749,0.00010789575182069248,0.000106946592098111,-9.491597225814817e-07,0.011089020608590254,1.566066200819932e-08,-0.1438703122700753,26.801762189954843,0.002660572408767865,3.0392705755684744
51-8093.00,"Petroleum Pump System Operators, Refinery Operators, and Gaugers",2.8305513139690843,0.4077968142434043,0.00022152789665933097,0.00022020299647645643,-1.3249001828745334e-06,0.011443781301006565,3.2341043563075325e-08,-0.1509672905181694,17.950362321356245,0.001581595486918612,3.070375816549757
51-9011.00,Chemical Equipment Operators and Tenders,2.747647531391595,0.4425404507805553,0.00032923028691762076,0.0003274096586753616,-1.8206282422591384e-06,0.011525813239114741,5.051550479827828e-08,-0.1495725088014645,22.077037728928325,0.002798063360352669,2.8081971497071487
51-9012.00,"Separating, Filtering, Clarifying, Precipitating, and Still Machine Setters, Operators, and Tenders",2.962092073224388,0.5377273899539363,0.00021572704978725071,0.000212682510507978,-3.04453927927272e-06,0.020444930760947493,3.25136063022708e-08,-0.2571221692446119,18.96535905340617,0.0028972141350537095,2.5824869781268642
51-9021.00,"Crushing, Grinding, and Polishing Machine Setters, Operators, and Tenders",3.1303197090918298,0.5121077872140604,0.0003202712011929635,0.00031757908255428016,-2.692118638683344e-06,0.014952619599641231,4.8201894060747075e-08,-0.17834878571923615,16.807893224021736,0.0014602378102819542,2.4604431776096254
51-9022.00,"Grinding and Polishing Workers, Hand",3.321062947367485,0.67257956665172,0.00031911103181854743,0.00031475928488075425,-4.351746937793178e-06,0.02475643536510104,4.348591387527306e-08,-0.28807234594900905,13.932175054883816,-0.0002310910169783445,2.3174737054877963
51-9023.00,"Mixing and Blending Machine Setters, Operators, and Tenders",3.218288642479143,0.5380485185312139,0.000738254445253412,0.0007315038596766802,-6.7505855767317725e-06,0.017149531572071976,1.1117776729879623e-07,-0.19457980936737462,13.25129485667652,0.0017136472991501537,2.506341930508065
51-9031.00,"Cutters and Trimmers, Hand",3.529336052215029,0.5946245316580184,0.0002165004960368614,0.00021485763450357294,-1.6428615332884716e-06,0.01714427703843818,2.4484640363878533e-08,-0.18807080497345524,10.311687905497752,-0.0006898819030663255,2.280339484046726
51-9032.00,"Cutting and Slicing Machine Setters, Operators, and Tenders",3.3725500423699684,0.689320269043465,0.000548244483265717,0.0005445528547439768,-3.69162852174019e-06,0.016463449431991614,7.28456990026326e-08,-0.19136226963393793,16.71565000769279,-0.0004961971608351489,2.386006701133118
51-9041.00,"Extruding, Forming, Pressing, and Compacting Machine Setters, Operators, and Tenders",3.171536423402227,0.6130178404203178,0.00047760305913460645,0.00046909311881446794,-8.509940320138509e-06,0.02320508392045321,6.509855821207454e-08,-0.28220527413761287,15.218675989701193,0.0008992530175191909,2.437115985951652
51-9051.00,"Furnace, Kiln, Oven, Drier, and Kettle Operators and Tenders",3.150670977361771,0.5554658471573072,0.00019104122365384257,0.00018922240763391627,-1.8188160199263017e-06,0.011912318728943726,2.507534646407199e-08,-0.1524300474487504,18.52926616461872,0.00011027192454036629,2.5273273656719524
51-9061.00,"Inspectors, Testers, Sorters, Samplers, and Weighers",2.496589610614244,0.4981065403346151,0.003723176884063501,0.003713311216731976,-9.86566733152507e-06,0.00602273325676969,4.77747442845191e-07,-0.09210351250930723,17.596103094140247,0.0013200627396912214,2.457877977400081
51-9071.00,Jewelers and Precious Stone and Metal Workers,3.208424880212276,0.4025110158176829,0.0001849181075110912,0.0001838254089171097,-1.0926985939815003e-06,0.014084313939362091,2.7333770678880395e-08,-0.1637896148611723,14.59467193150436,0.001170350801607425,2.4150205223238337
51-9071.06,Gem and Diamond Workers,2.83758128598999,0.2763956328544929,0.0001849181075110912,0.00018468409494407556,-2.3401256701564995e-07,0.0036860442820843714,2.8504703334846114e-08,-0.04862886968797645,22.55419665446031,0.0007715141212170678,2.4150205223238337
51-9081.00,Dental Laboratory Technicians,3.2429363311536394,0.3961857082711035,0.0002767648496523617,0.00027568308211673115,-1.0817675356305373e-06,0.012127945060095922,4.3044329852647545e-08,-0.1417227371256031,10.117005820489783,0.0006096542862665812,2.522523513359307
51-9082.00,Medical Appliance Technicians,3.168011451282942,0.4544347595983258,8.772169547668008e-05,8.6739997322228e-05,-9.816981544520794e-07,0.017218351247977996,1.045049277977335e-08,-0.20982958755852127,14.113761127755566,0.0006595796195204807,2.395164274287139
51-9083.00,Ophthalmic Laboratory Technicians,3.2941670081445227,0.4922604357269171,0.0002229458814502839,0.00022046311046594168,-2.4827709843422267e-06,0.01823704532217831,3.4199704389019495e-08,-0.2123508209772328,11.709127445302668,0.0004666813665300176,2.2502386126218363
51-9111.00,Packaging and Filling Machine Operators and Tenders,3.3932077128277784,0.5846436522504924,0.0024476995646013247,0.0024278313237409326,-1.9868240860392104e-05,0.017240709568568234,3.3892898509076864e-07,-0.20511678618333407,8.630709857244417,-0.000828271491958165,2.1983350716202463
51-9123.00,"Painting, Coating, and Decorating Workers",3.281909287832285,0.5326194204863806,0.00022417050467883417,0.00022084023573588563,-3.3302689429485425e-06,0.02164943155197334,2.512472164826944e-08,-0.25456570665306344,11.80694165149469,0.0003679973166665696,2.25758772706331
51-9124.00,"Coating, Painting, and Spraying Machine Setters, Operators, and Tenders",3.2972091301137967,0.4947558733639008,0.0009508877100422199,0.0009434798819835987,-7.4078280586212025e-06,0.014140418051498089,1.3170975423680258e-07,-0.16428669272401902,11.700148327900846,0.00041603153374070173,2.4670139324153295
51-9141.00,Semiconductor Processing Technicians,3.02293360754757,0.5149319122291826,0.000271415179759221,0.0002688435270795343,-2.5716526796867043e-06,0.01696959512979809,4.097052445459616e-08,-0.2129128101156967,21.740417363285346,0.001681358056675325,2.5217206229107165
51-9151.00,Photographic Process Workers and Processing Machine Operators,3.1494194228568757,0.3183611139441388,0.0004926852610020151,0.0004919845686879275,-7.006923140876397e-07,0.006577950505341568,7.194416472398084e-08,-0.07957162297383519,12.353855824355758,0.0004978451448539247,2.1998828938888533
51-9161.00,Computer Numerically Controlled Tool Operators,3.2167646188045964,0.5958387717210822,0.00108392046497526,0.0010727048095308489,-1.1215655444411169e-05,0.017720937430932757,1.33491252893805e-07,-0.21267669491531935,13.475357575148326,0.000575296011030401,2.570319527636131
51-9162.00,Computer Numerically Controlled Tool Programmers,2.961157945284802,0.4221098481206284,0.0001558494192965558,0.00015482508077583387,-1.0243385207219207e-06,0.009944350753105914,2.0541630083801626e-08,-0.12781725120692106,28.081198119315182,0.001139203210180045,2.8489708921585866
51-9191.00,Adhesive Bonding Machine Operators and Tenders,3.248400188523277,0.6120239199371903,0.00020908830281142555,0.00020766766786961603,-1.4206349418095213e-06,0.013899322523549423,2.9922604240488736e-08,-0.1653897693159355,18.924522643009002,0.0003458699445318015,2.325324579963535
51-9192.00,"Cleaning, Washing, and Metal Pickling Equipment Operators and Tenders",3.080381226301076,0.5928334129389337,0.00012149551504301392,0.0001196732253582325,-1.8222896847814224e-06,0.021980075384048944,1.3427413053062099e-08,-0.2697884674871851,16.82971724228509,0.0019645753195769084,2.2417729535972883
51-9193.00,Cooling and Freezing Equipment Operators and Tenders,3.205422433471896,0.624086017838642,3.996138956321944e-05,3.924488928953317e-05,-7.165002736862647e-07,0.025392031210976947,5.333733468906496e-09,-0.2949237743476718,17.022021563280788,0.0018022896444619778,2.2364452904895007
51-9194.00,Etchers and Engravers,3.2181381416295816,0.520002074060829,6.071553059443985e-05,6.040295913567103e-05,-3.125714587688211e-07,0.014211651448252762,8.95445245634587e-09,-0.16664425512032693,19.1419934553579,0.0008839718559075597,2.2512917986064953
51-9195.03,"Stone Cutters and Carvers, Manufacturing",3.356035809324136,0.5351191872904526,0.00022114117353452562,0.00021855706225146592,-2.5841112830596996e-06,0.021796090788278145,3.0351708436082365e-08,-0.2465767984290174,12.790466412534899,0.00032702013450819,2.3485140248824456
51-9195.04,"Glass Blowers, Molders, Benders, and Finishers",3.162584277063775,0.511465085533056,0.00022114117353452562,0.00021875542172580478,-2.38575180872084e-06,0.020143397346911552,3.413731974603111e-08,-0.23263554231221337,14.56511918505296,0.002067557959385816,2.3485140248824456
51-9195.05,"Potters, Manufacturing",3.6791244803238814,0.4558537646445497,0.00022114117353452562,0.0002194555574143756,-1.6856161201500108e-06,0.006270610510577879,3.332805853376119e-08,-0.07468068413934112,17.504315353212878,-0.0007107535590172275,2.3485140248824456
51-9196.00,"Paper Goods Machine Setters, Operators, and Tenders",3.331808480532065,0.7119160238036574,0.0007659051486769944,0.0007588204765597208,-7.0846721172735955e-06,0.015706216897217566,1.0215089163482118e-07,-0.18490791114999594,14.182610141136688,-0.0003634844229766547,2.551006451492524
51-9197.00,Tire Builders,3.501269023371886,0.6319147966896906,0.00010750902869588713,0.00010666399710068032,-8.450315952068072e-07,0.015506465155615927,1.2327799946180579e-08,-0.17013267263983697,10.244506444238146,-0.0004503886559838673,2.8864752876170416
51-9198.00,Helpers--Production Workers,3.3792285630138155,0.5662343667313923,0.003764491804563539,0.0037471584328181793,-1.7333371745359774e-05,0.015040896576635794,4.090944549776798e-07,-0.17075673103711328,9.117293600582672,0.00011697429314256627,2.124653884501384
53-1041.00,Aircraft Cargo Handling Supervisors,4.009291575485462,0.2955627055480616,5.214316799458794e-05,5.226728359699242e-05,1.2411560240448095e-07,0.00029247392796846077,6.394701989613583e-09,-0.002103298343778966,7.958538346310726,-2.2131745637288504e-05,2.834389123145228
53-1042.00,"First-Line Supervisors of Helpers, Laborers, and Material Movers, Hand",5.659922643675351,0.0951483296852682,0.0008908167179891223,0.0008917679494752143,9.512314860920254e-07,0.0009753386976264943,1.052791675875673e-07,-0.013867880157540584,11.890272544004283,0.0002967326889413177,2.7650604558189897
53-1042.01,Recycling Coordinators,6.154827084174883,0.0640915785608556,0.0008908167179891223,0.0008918434397179353,1.0267217288129982e-06,0.0016354279415943338,1.0905666180340769e-07,-0.018976806956265368,11.22544225818156,0.0013605683975142328,2.7650604558189897
53-1043.00,First-Line Supervisors of Material-Moving Machine and Vehicle Operators,2.522462347781092,0.0658608755334007,0.0011296182475564254,0.0011300529311360635,4.3468357963810135e-07,0.0016707882074107141,1.3372505299780983e-07,-0.021324146730093065,12.195804729852183,0.0015691148536683141,2.9338568698359038
53-2012.00,Commercial Pilots,2.6510573842396243,0.05053301888309,0.00012104433806407435,0.00012101632421645348,-2.8013847620865333e-08,0.0007289251212834686,1.3404001996132361e-08,-0.01216302957470473,19.25902258656593,-0.0005021234284563261,3.023702809941033
53-2021.00,Air Traffic Controllers,5.76358859850981,0.0850016646402601,0.0001457946180516167,0.0001459736119285983,1.7899387698159315e-07,0.00040892358289674384,1.3783619754766178e-08,-0.005464409119258849,12.88585717521498,-2.170237776728988e-05,3.5726264972896864
53-2022.00,Airfield Operations Specialists,5.665598351067623,0.0928995875517027,2.9068688214535426e-05,2.9095690729339148e-05,2.700251480372196e-08,0.0002475827690957589,3.2702486661064634e-09,-0.0032129360581425064,20.34823254535516,-0.00011503345575257086,2.5764217586237734
53-3011.00,"Ambulance Drivers and Attendants, Except Emergency Medical Technicians",4.48252829065485,0.2578167133049706,8.714161078947206e-05,8.735988213990611e-05,2.1827135043405582e-07,0.0004890168818524197,1.3181002621972873e-08,-0.003510910444378493,9.100867836530576,5.589047021613929e-05,2.128231705849268
53-3031.00,Driver/Sales Workers,4.514277794359566,0.361420690700711,0.002482826915104477,0.0024851895588634708,2.3626437589937058e-06,0.0033331745792608536,3.699570358480798e-07,-0.03326854051806044,4.920986352158404,0.0007102680076054908,2.2731562823032334
53-3032.00,Heavy and Tractor-Trailer Truck Drivers,3.5926306658876754,0.3574451841717878,0.010044488628277608,0.010056176843929572,1.1688215651964318e-05,0.0032955143869356314,1.4575493183987475e-06,-0.035999307947450696,5.108279480150764,-6.0270525980336946e-05,2.6905648867611904
53-3033.00,Light Truck Drivers,3.8316930178360993,0.3255381512068576,0.006993565442834072,0.007000931237323398,7.365794489326387e-06,0.002520364283411329,9.81608277198123e-07,-0.03222508442418485,4.309519957151108,-0.00044792249238301794,2.3350522831315472
53-3051.00,"Bus Drivers, School",5.026787010720739,0.2447904386529652,0.002989756477870156,0.0029941905863515783,4.4341084814224045e-06,0.001001270911589532,3.674517251434758e-07,-0.01081020611281072,6.644368070348882,0.00045222709310399124,2.258633205464863
53-3052.00,"Bus Drivers, Transit and Intercity",4.471384091391655,0.2851159887582853,0.0010326151970844171,0.0010347459399282916,2.1307428438744475e-06,0.00026480568330778986,1.280927914529955e-07,-0.0023425935001545107,5.957865789181653,-1.6659590844377883e-05,2.4570214462984645
53-3053.00,Shuttle Drivers and Chauffeurs,4.291690275260478,0.2079696896890336,0.0037608179348778883,0.0037672431574208892,6.4252225430009614e-06,0.0007342045212827811,5.370322857419552e-07,-0.009470794002113134,5.904518175602098,-1.5463163260870857e-05,2.2190557923871324
53-4011.00,Locomotive Engineers,2.927168077876059,0.2645194101477032,0.00012852098514364445,0.0001285931612553217,7.217611167726571e-08,0.003549105478583503,1.9927992649843425e-08,-0.049522578754551995,11.458271151665434,-9.447940903433701e-05,3.0535293722802077
53-4013.00,"Rail Yard Engineers, Dinkey Operators, and Hostlers",3.5039069125469617,0.4013663334141345,3.267810404605202e-05,3.269208934792668e-05,1.3985301874657374e-08,0.0034762022519153513,4.849667210782488e-09,-0.042454405625655424,12.53193815450404,-0.00025089507648600243,2.8587664184808337
53-4031.00,Railroad Conductors and Yardmasters,3.552427937141585,0.253503462067471,0.00023641673696433692,0.00023667741607911615,2.606791147792239e-07,0.0018487932236440317,3.253320263177236e-08,-0.023155116398096715,9.646093287454464,-0.0002545950599737727,2.967332799032293
53-5011.00,Sailors and Marine Oilers,3.478653207317652,0.420722035899727,0.0001753144832450917,0.00017436835486374678,-9.461283813449301e-07,0.011423719036991901,2.4134020892944488e-08,-0.13062481377408316,15.117420750294588,-0.00039374004510753355,2.482403519569882
53-5021.00,"Captains, Mates, and Pilots of Water Vessels",3.612367660510035,0.1850796996471881,0.00013316166264130863,0.00013311227139838023,-4.9391242928393956e-08,0.0015901882606864071,1.3256303758926023e-08,-0.0206734908551527,15.265141393399707,-0.00028023396315438953,2.9444389791664403
53-5022.00,Motorboat Operators,3.875192314028448,0.2905081539381238,2.5781541653689958e-05,2.5794683636228787e-05,1.3141982538828959e-08,0.0039001289769460823,3.477102149304156e-09,-0.03958791980733186,13.324134123462795,-1.6078543346134203e-05,2.5447466501440172
53-5031.00,Ship Engineers,2.961637571526429,0.3886830890534181,4.382862081127293e-05,4.3267602107115906e-05,-5.610187041570216e-07,0.013642656104399681,5.019219187541379e-09,-0.16872126147504232,27.05959356542847,0.002051283373696887,3.0591764461105257
53-6011.00,Bridge and Lock Tenders,3.473723668483906,0.2863582985533034,4.492433633155475e-05,4.491473393569304e-05,-9.60239586170799e-09,0.004404367081080981,6.390791540420935e-09,-0.04990169417956835,10.91164361171538,-4.905231804239689e-05,2.6602595372658615
53-6021.00,Parking Attendants,4.427043964244136,0.4126520630516991,0.000704738441103615,0.0007059440261413088,1.2055850376937452e-06,0.00043189533984299057,9.630840406250954e-08,-0.005058151493807578,7.334509065382232,-4.212137602583855e-05,1.9300710850255671
53-6031.00,Automotive and Watercraft Service Attendants,3.831337895654452,0.3603314745358096,0.0007028692793337224,0.000702909819053967,4.0539720244604435e-08,0.005013867294525,1.0321225057542591e-07,-0.05552024220383629,9.354079565241669,-0.0003329360098535738,1.9615022438151495
53-6041.00,Traffic Technicians,2.0224513907891044,0.1830438487986767,3.222692706711245e-05,3.2154094040388355e-05,-7.283302672409344e-08,0.0033997085362531157,3.8557264584758794e-09,-0.048345824036591885,25.461380324593893,0.0018577467982062296,2.67827804276854
53-6051.01,Aviation Inspectors,2.0077448496780117,0.4068336804180113,0.00014463444867720066,0.00014457202501004868,-6.242366715197975e-08,0.001992777915133745,1.6461810114217666e-08,-0.03952114719118747,29.530499040840528,6.854681379877634e-05,3.010128153837724
53-6051.07,"Transportation Vehicle, Equipment and Systems Inspectors, Except Aviation",2.052489837904246,0.4421530895297361,0.00014463444867720066,0.00014467448757459584,4.003889739518534e-08,0.002443782355285206,1.3115777999539871e-08,-0.047987798269909246,35.52996302745826,0.00019775155815416966,3.010128153837724
53-6061.00,Passenger Attendants,4.672885638289623,0.2944118616318924,0.0001468258797177643,0.00014690811635853572,8.223664077142145e-08,0.0004347443999279474,2.0698401211235783e-08,-0.0051198840109377124,11.338442151577606,1.555389287212616e-05,2.0955609235597192
53-7011.00,Conveyor Operators and Tenders,3.32808040590835,0.5438030232243191,0.0003685471379394979,0.0003652605427288365,-3.286595210661434e-06,0.01411368818790825,5.367064373023281e-08,-0.1702836901325091,13.152408374593513,-0.0003121311902689009,2.405141681319138
53-7021.00,Crane and Tower Operators,3.374551271950058,0.5345909593160804,0.0003469550968045326,0.00034423307316963387,-2.722023634898758e-06,0.013333249800279253,5.0250710789307795e-08,-0.15911369503914627,11.665104229156068,-0.0005072865247021505,2.727199019940971
53-7031.00,Dredge Operators,3.34072748070434,0.6291830619503742,1.2310686139636955e-05,1.2098340364144096e-05,-2.1234577549285903e-07,0.035466864074795094,1.732735053648858e-09,-0.39630879812543557,7.9754121658027275,0.0009659865732643689,2.561867690924129
53-7041.00,Hoist and Winch Operators,3.501813739791245,0.6940044419614506,5.091854476603767e-05,5.026798006059324e-05,-6.505647054444292e-07,0.019630409123721614,6.630034698552599e-09,-0.21665147757618108,13.661029379128458,-0.0009254338641999609,2.6518325211039815
53-7051.00,Industrial Truck and Tractor Operators,3.553352192814266,0.6484807570902295,0.0038073536175627985,0.0037969162835658856,-1.0437333996912886e-05,0.013513730044810936,4.961795423334814e-07,-0.1426178996476937,5.123730791963278,-0.00030810185487521556,2.4414770918606643
53-7061.00,Cleaners of Vehicles and Equipment,3.459948454467785,0.5420865758951907,0.0019489556413106923,0.0019294069458524418,-1.954869545825054e-05,0.021515493268687742,1.7550617450298964e-07,-0.24490286438071382,7.940859150218444,-0.0008286765044715192,1.9823798288367045
53-7062.00,"Laborers and Freight, Stock, and Material Movers, Hand",3.6880193394566776,0.5521289290655195,0.013120484362979357,0.01311660223354514,-3.882129434217008e-06,0.006887299471445554,1.7071049437399627e-06,-0.07766190309578012,3.8203999577527332,-0.0006976432447937464,2.169053700369523
53-7062.04,Recycling and Reclamation Workers,3.4877561815268865,0.5109715846418963,0.013120484362979357,0.0130897690114463,-3.071535153305674e-05,0.014736850118633509,1.858841859210737e-06,-0.16990913144643557,3.9212182552789967,-0.000840420293936392,2.169053700369523
53-7063.00,Machine Feeders and Offbearers,3.27081313319557,0.6186776828678227,0.001136965986927727,0.0011319664754147504,-4.9995115129766125e-06,0.013967080025229936,1.336454039811395e-07,-0.16359211388830222,13.003440519572974,0.0004124451348824428,2.2407096892759584
53-7064.00,"Packers and Packagers, Hand",3.471481183589022,0.5508831144918137,0.007182286327739083,0.007167732334016623,-1.4553993722459836e-05,0.011133023724076997,5.610408403324312e-07,-0.1266168291495693,5.072590124708104,-0.0002539008752400528,1.9740810260220099
53-7065.00,Stockers and Order Fillers,4.124346380278373,0.403295863973908,0.011607107867907756,0.011625574505247132,1.8466637339375688e-05,0.0016535121537876757,1.7432227867040944e-06,-0.016823998763415858,4.485419233201625,-6.01773295063544e-05,2.122261538862764
53-7071.00,Gas Compressor and Gas Pumping Station Operators,3.0986541445079427,0.4122499465894724,4.4730974769152074e-05,4.4443964778799935e-05,-2.870099903521387e-07,0.014989274275864472,6.803913073803578e-09,-0.1847071835471011,17.605733685840683,0.0010660937928079648,2.8831233291713367
53-7072.00,"Pump Operators, Except Wellhead Pumpers",3.0815374494637373,0.4588735285123837,8.688379537293516e-05,8.573439800734764e-05,-1.1493973655875224e-06,0.016766602833688596,1.3455040724997519e-08,-0.2029697048438962,17.22362217068926,0.0016474148940926435,2.7536607123542622
53-7073.00,Wellhead Pumpers,3.0982753882185143,0.4736889539875402,9.481161943144481e-05,9.420823035681257e-05,-6.033890746322474e-07,0.014535296099733737,1.1470831712662959e-08,-0.17485108763729915,20.778186787605,0.001497317234534769,2.784393767689544
53-7081.00,Refuse and Recyclable Material Collectors,3.6579984192894974,0.3672869718198563,0.0008721895541443312,0.0008719833552872367,-2.0619885709451894e-07,0.004952217760008849,8.538462260919742e-08,-0.05369225479109265,7.231704925321691,-9.666889014966343e-05,2.4150205223238337
53-7121.00,"Tank Car, Truck, and Ship Loaders",3.295457758696182,0.5040579686233991,0.00013425737816159046,0.0001330067381040986,-1.250640057491847e-06,0.015506476070170666,2.0454861154643618e-08,-0.17853789526655145,15.164669634460518,0.0005824871345403122,2.5201129055226197
