id,name,batch,status,is_ai,is_robotics,xi,chi
694,Permutive,Summer 2014,Active,0,0,0.5891708132026899,0.07732550341848252
11962,Dyneti Technologies,Winter 2019,Active,0,0,4.60510218010904,0.13304193803024766
97,Firebase,Summer 2011,Acquired,0,0,6.183299197412274,0.09508489445457792
24498,Levo,Summer 2021,Inactive,0,0,5.45827580514989,0.167387362113894
22788,FunctionUp (FanPlay),Winter 2021,Acquired,0,0,5.017991264172446,0.14872205108695433
31493,Plena Health,Spring 2026,Active,0,0,5.306771153306166,0.19854166302396653
12033,PerShop,Winter 2019,Inactive,0,0,4.8523440332904375,0.4884369373718108
818,Moltin,Winter 2015,Acquired,0,0,3.874258145022996,0.22574591315679857
30641,Overdrive Health,Winter 2026,Active,0,0,5.922468406492447,0.12723026058864445
28939,CareOasis,Summer 2023,Active,0,0,5.363250405363148,0.3508049654421136
27810,Cakework,Winter 2023,Inactive,0,0,5.210561676846664,0.18328389905176543
31528,Asendia AI,Spring 2026,Active,0,0,5.21897184495082,0.17661242516404288
1219,Hush,Summer 2016,Inactive,0,0,5.120055659271857,0.23412040264531753
1286,Ready Education,Summer 2016,Active,0,0,5.739594862635489,0.4682525925676305
467,Svbtle,Summer 2012,Active,0,0,5.515466167431596,0.1488487606375044
31400,shotwell.ai,Spring 2026,Active,0,0,2.5072814926532185,0.2723514514701151
31185,Chamber,Winter 2026,Active,0,0,2.1796106669754667,0.10174038153727455
13486,Valienta,Winter 2020,Inactive,0,0,4.844742219823175,0.32010262257347494
27177,MovingLake,Summer 2022,Active,0,0,3.3448503681303214,0.15654434307248638
215,Crocodoc,Winter 2010,Acquired,0,0,0.008542210787229986,0.21964775930085903
30504,Third Chair,Spring 2025,Active,0,0,5.7759553889463255,0.2373606840905002
31253,Maven,Winter 2026,Active,0,0,4.656800268479611,0.18108679980070094
27147,FoodCourt,Summer 2022,Active,0,0,5.0806860974294485,0.34520109707849383
1872,Super,Winter 2018,Active,0,0,5.220597673012731,0.22093283206066297
29611,mdhub,Summer 2024,Active,0,0,6.0840158211604916,0.19179119843109485
30956,Automax.ai,Fall 2025,Active,0,0,2.284687390822385,0.21336474474627634
30281,Waypoint Transit,Winter 2025,Active,0,0,1.3518065551944636,0.20145496623313092
31409,InstaAgent,Spring 2026,Active,0,0,5.986049353154661,0.09577000352077121
12824,Midnox,Winter 2012,Acquired,0,0,4.685741920494371,0.05628680835244334
24086,Advantage Club,Summer 2021,Active,0,0,5.643528828135285,0.31386997907301795
25915,UNISON,Winter 2022,Active,0,0,5.936377381716242,0.1131984625364188
30609,Halluminate,Summer 2025,Active,0,0,0.9784919170512063,0.20735816377202565
69,Picplum,Summer 2011,Inactive,0,0,4.826659219385113,0.2880883406177473
31370,Dayjob,Spring 2026,Active,0,0,4.057107238517386,0.25341695165551414
994,Outschool,Winter 2016,Active,0,0,5.700467476401967,0.5108916213627502
825,Pretty Instant,Winter 2015,Acquired,0,0,4.555109249707362,0.14424559594829608
22327,Matter,Summer 2020,Active,0,0,5.064451753790468,0.16997869821679223
1719,CoderWall,Winter 2012,Acquired,0,0,5.951594958190035,0.1516307181403279
31531,Manicule,Spring 2026,Active,0,0,0.2188734996567491,0.2422309682630473
530,GoComm,Summer 2013,Inactive,0,0,5.590494852582888,0.12468565543989812
21997,Clew,Summer 2020,Acquired,0,0,4.948432636654619,0.31153640487576056
29756,Stempad,Summer 2024,Active,0,0,0.8190936963797788,0.1449481466109321
24034,Ananya Health,Summer 2021,Active,0,0,1.3940412549175023,0.05068707152016478
31335,Memoir,Spring 2026,Active,0,0,0.2934835591834645,0.089300860214648
28885,Hiro,Summer 2023,Active,0,0,5.330130916508282,0.2387961172935251
25685,Boya,Winter 2022,Active,0,0,5.2488568252103125,0.210948309837732
31403,transload,Spring 2026,Active,0,0,3.29999518392019,0.33784781112176393
29485,Granza Bio,Winter 2024,Active,0,0,1.0685995455111033,0.1352409777470817
1343,Suiteness,Summer 2016,Active,0,0,5.307539556242005,0.27371465247660653
658,Billforward,Summer 2014,Inactive,0,0,5.625083907724023,0.136436439880103
1452,lvl5,Winter 2017,Acquired,0,0,2.0431879403967557,0.07268743300507549
12624,Revel,Summer 2019,Inactive,0,0,5.851423614184133,0.3308712529501315
23957,Stipop,Summer 2021,Active,0,0,5.321186621257689,0.14990153074824095
1626,Escher Reality,Summer 2017,Acquired,0,0,5.07307439621236,0.07443654364075634
243,Bump,Summer 2009,Acquired,0,0,5.227440857855929,0.16164353154728764
779,Pakible,Winter 2015,Inactive,0,0,3.8185487923118737,0.1868431349775509
743,Final,Winter 2015,Acquired,0,0,4.5247122099996835,0.08161798187258097
23397,Jetdocs,Winter 2021,Active,0,0,4.96153515695376,0.12334493291905235
23511,Forcyte Biotechnologies,Winter 2021,Inactive,0,0,1.7751832925119753,0.27099831014579745
23472,Moonvalley,Winter 2021,Active,0,0,5.936579159320063,0.043081701921886505
831,Spoil,Winter 2015,Inactive,0,0,5.104495607050728,0.2761520139849856
12853,Valiu,Summer 2019,Inactive,0,0,5.2361349450659205,0.19826274921037265
21914,Bits,Summer 2020,Active,0,0,5.190846014545121,0.20406197865882375
152,Humble Bundle,Winter 2011,Acquired,0,0,5.102159837003325,0.36069304948153313
22046,Flint,Summer 2020,Active,0,0,5.431864743968639,0.3300526135774873
12502,Bun,Summer 2019,Acquired,0,0,3.6564318567422713,0.24956964992215575
21766,Luminai,Summer 2020,Active,0,0,4.802319793713869,0.06430407470485588
716,Tinker,Summer 2014,Inactive,0,0,3.9071641454483474,0.18115894547313752
13163,Fig,Summer 2020,Acquired,0,0,4.119260203519542,0.17370986058897875
1340,Jumpcut,Summer 2016,Active,0,0,5.383559791745498,0.2393756375325893
31455,tday.com,Spring 2026,Active,0,0,3.3061911838730986,0.04069255182371582
74,Stypi,Summer 2011,Acquired,0,0,5.696889908399058,0.17716510684399792
22195,Lume,Summer 2020,Inactive,0,0,5.344612392802854,0.27488461657635266
12035,Ashby,Winter 2019,Active,0,0,5.4979721744322205,0.10809558794531772
22828,Aviron Interactive,Winter 2021,Active,0,0,3.5646778520497135,0.06776021593301446
630,Weave,Winter 2014,Public,0,0,5.412892376792398,0.14486832892335164
12275,WorkClout,Winter 2019,Acquired,0,0,2.9318475913045017,0.2359319801279411
702,SFOX,Summer 2014,Active,0,0,5.2275721284070436,0.1388977127298616
30781,Duranium,Summer 2025,Active,0,0,2.3422426889396655,0.2773304205257802
13089,Unfaze AI,Summer 2020,Inactive,0,0,3.9261317490324315,0.13455913924966484
22307,Atmos,Summer 2020,Inactive,0,0,4.21185073458596,0.22385494459435384
30067,Beglaubigt.de,Fall 2024,Active,0,0,4.668001884191906,0.19744438080794316
659,Bitaccess,Summer 2014,Acquired,0,0,4.104574800910842,0.202774432618163
1023,Unima,Winter 2016,Inactive,0,0,1.3229577789797036,0.3028377333739926
277,Picurio,Winter 2009,Inactive,0,0,5.264306468100233,0.2292857451292762
24477,Portão 3,Summer 2021,Active,0,0,4.363554311896363,0.2497965605804599
31210,Mendral,Winter 2026,Active,0,0,2.19879558835301,0.3048950365337013
13353,Hiration,Winter 2020,Active,0,0,5.963508095627141,0.1421933831827576
485,Bitnami,Winter 2013,Acquired,0,0,5.082126437376345,0.18578407451360934
30772,stagewise,Summer 2025,Active,0,0,5.62823711636927,0.03766918989631911
29953,Hey Revia,Summer 2024,Acquired,0,0,5.413828223513307,0.24431519411964436
22844,Kodo,Winter 2021,Active,0,0,5.4345293157965795,0.21758705619198423
29965,Formula Insight,Summer 2024,Active,0,0,1.03056713985017,0.3566986957516634
12064,Deel,Winter 2019,Active,0,0,5.227402890258106,0.163272377732826
31003,Voltair,Winter 2026,Active,0,0,2.206781381959465,0.24951041907668806
645,Avametric,Winter 2014,Acquired,0,0,2.122889765794609,0.11657875264592868
1440,boxouse,Winter 2017,Inactive,0,0,4.20785329164368,0.17986864305876885
13234,Release,Winter 2020,Active,0,0,4.876226030790946,0.048168928012292
28094,Constant,Winter 2023,Active,0,0,0.9010410214793907,0.3317008534516273
23955,Deskimo,Summer 2021,Active,0,0,5.116239749559637,0.1561399949232305
13052,Zaraz,Winter 2020,Acquired,0,0,4.329878582878774,0.1738402987711863
12020,Bensen,Winter 2019,Active,0,0,4.913085385467728,0.4640776979508544
24598,Ferveret,Summer 2021,Active,0,0,2.2979184573101312,0.25246916119578533
26661,Stream,Summer 2022,Active,0,0,2.76463343866762,0.11006639598434605
656,SpringWit,Summer 2014,Inactive,0,0,6.261758851797497,0.4179769198579086
12564,Juno College of Technology,Summer 2019,Active,0,0,5.972164640869538,0.38775402654655516
1814,Psylaris,Winter 2018,Active,0,0,6.242965189910087,0.3089127471263099
22996,Resquared,Winter 2021,Active,0,0,4.3398869014486845,0.0878755040200056
12063,Pyxai,Winter 2019,Active,0,0,1.1276074656150437,0.2979861704085707
25655,Anfin,Winter 2022,Active,0,0,5.8150414795473475,0.1280967171396762
12461,Safely Finance,Summer 2019,Inactive,0,0,4.726712061082546,0.2005654313172307
12262,Cuanto,Winter 2019,Active,0,0,4.365670592320854,0.29852469108825114
32230,Codag,Summer 2026,Active,0,0,2.2188746445630767,0.03645662669523638
31104,Cofia,Winter 2026,Active,0,0,4.474412019472796,0.10398924744370032
1751,ClearBrain,Winter 2018,Acquired,0,0,0.9556430881366857,0.1276216238218563
26050,Olympian Motors,Winter 2022,Active,0,0,2.8452067993020504,0.09843414908061086
29656,Leeroo,Spring 2025,Active,0,0,0.47853131898840295,0.23850158102527985
907,Bluecrew,Summer 2015,Acquired,0,0,4.298919342874587,0.31413734951107514
24539,HitPay,Summer 2021,Active,0,0,5.075032686282679,0.1528411405280281
351,Whitenoise,Winter 2007,Inactive,0,0,5.1179855976759505,0.18391073209035028
12008,Swadesh,Summer 2019,Active,0,0,5.492402526833997,0.24385363660593512
31388,Elyra,Spring 2026,Active,0,0,5.159511846793308,0.20287183728120473
1004,Able Health,Winter 2016,Acquired,0,0,0.19430564756229657,0.17181925865302872
2024,Enveritas,Summer 2018,Active,0,0,1.8820851642862877,0.13870763518933338
22721,Zepto,Winter 2021,Active,0,0,4.573577034594612,0.3026056917183668
26811,Payload,Summer 2022,Acquired,0,0,5.160124434109992,0.07562741628997392
30337,Paratus Health,Winter 2025,Active,0,0,0.6930569939274354,0.13461572551453518
29509,Blacksmith,Winter 2024,Active,0,0,3.002280834929927,0.1760398851334006
132,Inporia,Winter 2011,Inactive,0,0,5.694694436731345,0.08347743715544245
29336,Scout,Winter 2024,Active,0,0,0.7378076760230321,0.1865409396207429
22705,JoinSub,Winter 2021,Inactive,0,0,5.204782877921216,0.33851807024753044
1093,Astranis,Winter 2016,Active,0,0,0.591760537053528,0.0851173058923815
405,HealthSherpa,Summer 2012,Active,0,0,5.990884146407716,0.27629562861364376
25717,Lenco,Winter 2022,Active,0,0,5.1272842968754775,0.23120659328271614
30301,FuseAI,Winter 2025,Active,0,0,3.4394819145819744,0.0832682085759846
12425,Together Software,Summer 2019,Acquired,0,0,6.2495417665247235,0.43354958281029604
917,jEugene,Summer 2015,Inactive,0,0,0.8839790163220705,0.1299498562228926
30508,Sygaldry Technologies,Spring 2025,Active,0,0,1.7911195864802183,0.078173464053892
24260,Planet A Foods,Summer 2021,Active,0,0,2.2178505138298554,0.07310777743130861
31344,Totalis,Spring 2026,Active,0,0,6.2358258196194525,0.12175648076116123
23817,Epsilon3,Summer 2021,Active,0,0,1.9334932603482087,0.31213653090530136
31271,VOYGR,Winter 2026,Active,0,0,0.3334510757307215,0.17354937455271985
29662,Atum Works,Spring 2025,Active,0,0,2.522485998718102,0.2740365372233858
134,SingleStore,Winter 2011,Active,0,0,0.7202480632040651,0.02471579788673209
12581,Genecis Bio,Winter 2020,Active,0,0,2.958747628242292,0.11111485573763116
24197,Hilos,Summer 2021,Acquired,0,0,4.59160383939593,0.19835436928758746
26847,Slauth.io,Summer 2022,Inactive,0,0,0.31228648499482636,0.1703601116048483
29124,Onward,Summer 2023,Inactive,0,0,5.5022578342884465,0.19662861882638222
30297,OpenIntake,Winter 2025,Active,0,0,5.4094626935154615,0.336722499014083
27703,Dashdive,Winter 2023,Acquired,0,0,1.1133070109094902,0.24167188319054822
228,Gamador,Winter 2010,Inactive,0,0,0.025496630841167472,0.11069204432059657
30293,Orbital Operations,Winter 2025,Active,0,0,2.4286321405352735,0.11693345399193197
27258,AccessOwl,Summer 2022,Active,0,0,5.568600583187713,0.2513408781160757
24507,Warrant,Summer 2021,Acquired,0,0,5.822820665749672,0.20988159652213514
30758,Hera,Summer 2025,Active,0,0,4.465651060347799,0.047852463464993174
220,Nowmov,Winter 2010,Acquired,0,0,5.104290917738435,0.2320262200145971
31535,Arlo Industries,Spring 2026,Active,0,0,1.7768571595652431,0.2752362718645963
23443,Vendease,Winter 2021,Active,0,0,4.715624940100206,0.40174022919344576
31591,RightNow,Fall 2026,Active,0,0,1.1861450542804186,0.09986009501642759
1007,Deako,Winter 2016,Active,0,0,3.3394427923859173,0.10961090774666021
19890,Ukama,Summer 2020,Active,0,0,5.202251564375745,0.09468028733958703
12045,BlitzIQ,Winter 2019,Inactive,0,0,5.401046856705849,0.24348895206303087
24530,Float,Summer 2021,Active,0,0,4.117237083060845,0.2706580868917887
32525,FlowManual,Summer 2026,Active,0,0,3.362515398527024,0.26275052452115094
12509,PopSQL,Summer 2019,Acquired,0,0,0.39855697717469124,0.1848810298178431
13499,Termii,Winter 2020,Active,0,0,1.6427902415447493,0.07265210687063284
25086,Northwind,Winter 2022,Inactive,0,0,0.0043253514562933545,0.2327301232838952
1854,Secured,Winter 2018,Inactive,0,0,5.523534073486067,0.12905764844048476
11925,Intelline,Winter 2019,Active,0,0,2.4056508017367695,0.36341910440992625
12067,PNOĒ,Winter 2019,Active,0,0,0.9089366012053369,0.4372674728956877
236,Infoharmoni,Winter 2010,Inactive,0,0,1.0167276426751013,0.14882429596736696
1052,GoLorry,Winter 2016,Active,0,0,4.719395536187065,0.2373360186525271
1781,Vanta,Winter 2018,Active,0,0,0.11865979928179078,0.14724268714800504
12300,Atlas,Winter 2019,Active,0,0,5.33361125670085,0.4244803583366924
302,Slinkset,Summer 2008,Inactive,0,0,5.164454600569764,0.2512694017157833
31154,Orthogonal,Winter 2026,Active,0,0,5.428907232171448,0.15436090931304086
1921,INKHUNTER,Summer 2018,Inactive,0,0,4.199848086643961,0.1283081722008911
223,Zencoder,Winter 2010,Acquired,0,0,4.292961488545051,0.10437685948679054
12272,VotingWorks,Winter 2019,Active,0,0,2.776866094460246,0.08205086337688464
30730,Idler,Summer 2025,Active,0,0,1.479248570892669,0.08119468127196712
31418,Taiga,Spring 2026,Active,0,0,5.2742147353063125,0.1083940702021496
30927,Oxus,Winter 2026,Active,0,0,1.4276071907837709,0.20466956847185894
1022,Bus.com,Winter 2016,Inactive,0,0,4.9852117364448585,0.22613472393855016
28410,Finta,Winter 2023,Active,0,0,4.635467999681699,0.2455768700980931
13241,Mini Exhibitions,Winter 2020,Inactive,0,0,5.77313988787612,0.314725624344249
12645,Brave Care,Summer 2019,Inactive,0,0,5.553128180894698,0.3444702852590417
25723,Aklimate,Winter 2022,Inactive,0,0,1.494500211099434,0.15769897672254835
2008,Goodly,Summer 2018,Inactive,0,0,5.580225583360543,0.5071483238367454
33281,Earendil Robotics,Summer 2026,Active,0,0,2.6341211766156514,0.0969767238977254
24416,Zoios.,Summer 2021,Active,0,0,0.21597165712016797,0.20874342700703638
31390,Wealor,Spring 2026,Active,0,0,6.2765683595687785,0.21549315490249887
26147,Cofactr,Winter 2022,Active,0,0,3.436913880865368,0.20492270925171277
30799,Avent,Summer 2025,Active,0,0,4.080281387570316,0.11678641436050702
12658,Blair,Summer 2019,Inactive,0,0,5.820526855259567,0.34131863502915327
12047,AuroraQ,Winter 2019,Inactive,0,0,2.3460353931571847,0.20979416308564033
12637,OpenReplay,Summer 2019,Active,0,0,1.0209573193386532,0.09784441589474478
1884,Curebase,Summer 2018,Active,0,0,0.8922239857080196,0.21376030349912123
24479,Payhippo,Summer 2021,Active,0,0,5.194383903169965,0.24068710941043342
648,Vidpresso,Winter 2014,Acquired,0,0,4.7348360202678546,0.07923945784008113
847,Flip,Winter 2015,Active,0,0,5.000179799652065,0.2711883224249778
22842,Dashlabs.ai,Winter 2021,Active,0,0,0.9332369940661113,0.21064584158936128
24143,InstaKin,Summer 2021,Active,0,0,5.526374739801794,0.3319481194052836
155,Insight Data Science,Winter 2011,Inactive,0,0,0.7178171525151988,0.32249797169183564
31417,Pairio,Spring 2026,Active,0,0,3.0414389741830825,0.42903417132884725
30233,Inversion Semiconductor,Winter 2025,Active,0,0,2.842016218312928,0.3720273024903162
30960,Metorial,Fall 2025,Active,0,0,0.5079443281441165,0.09082712157608963
25355,Supertone,Winter 2022,Inactive,0,0,5.294574008760396,0.19286977896628485
23550,Clear,Winter 2021,Active,0,0,0.8880117349146001,0.17247089593580764
30429,Claim Health,Spring 2025,Active,0,0,0.12979292099904743,0.1392203255902557
12640,KubeSail,Summer 2019,Active,0,0,4.926302518621759,0.2109721399809208
325,Dropbox,Summer 2007,Public,0,0,5.144796123828267,0.18311938128745
25526,Complif,Winter 2022,Active,0,0,1.049858209065568,0.14749953107509045
24868,HEO Robotics,Summer 2021,Active,0,0,2.029742686695289,0.19578699155265916
30411,cubic,Spring 2025,Active,0,0,1.798385500726017,0.23260088342024382
413,Vayable,Summer 2012,Acquired,0,0,5.264947289524395,0.25768091646288693
550,Watchsend,Summer 2013,Inactive,0,0,1.2862844562995446,0.20126375542203148
1831,Pagedraw,Winter 2018,Inactive,0,0,3.5644534173961833,0.1109341692139115
13169,Eze,Winter 2020,Active,0,0,3.256940170450261,0.09024085006099085
31188,Maywood,Winter 2026,Active,0,0,0.6607807061635319,0.06909511819515042
1491,InnaMed,Winter 2017,Inactive,0,0,1.2433953036411043,0.4552592915766893
25573,Zorba,Winter 2022,Active,0,0,5.98391823440335,0.12116143700838723
1785,Meitre,Winter 2018,Active,0,0,5.277213498716151,0.3283573227674652
31048,FullSeam,Winter 2026,Active,0,0,3.832468645837606,0.13774498116108483
121,Ridejoy,Summer 2011,Inactive,0,0,5.032493250073863,0.2846725878821954
31457,ValCtrl,Spring 2026,Active,0,0,1.386821144829921,0.0721449347720103
25776,Partna,Winter 2022,Active,0,0,4.6178173761983725,0.2104989539749981
30118,Ember,Fall 2024,Active,0,0,0.8620213154930407,0.14798294164427944
23174,Feroot Security,Winter 2021,Active,0,0,0.7805497954200017,0.1084446139747872
13091,Porter,Summer 2020,Active,0,0,4.368688708250135,0.18773185476430837
1622,Value Voting,Summer 2017,Inactive,0,0,0.4681803646308916,0.12294637091408091
13352,Zeo Route Planner,Winter 2020,Active,0,0,4.040242886443043,0.15868226362434035
24255,Perfekto,Summer 2021,Inactive,0,0,5.0133562238151645,0.1058865356912797
1737,Rhythmm,Winter 2018,Inactive,0,0,5.7314921598062885,0.24721792201547252
1908,OpenWrench,Summer 2018,Active,0,0,4.3233024612016075,0.30059512245438563
29967,Village Labs,Summer 2024,Active,0,0,5.57951439278385,0.2608324219647755
13105,Factored Quality,Winter 2020,Acquired,0,0,2.498759683946524,0.23268449295365112
916,zPREDICTA,Summer 2015,Acquired,0,0,1.0390862309819164,0.4069175699072422
24884,Chipax,Summer 2021,Active,0,0,4.735201447807362,0.11914964092150285
11934,Positive,Winter 2019,Active,0,0,4.932771639619392,0.18404551107434314
13516,Healthlane,Winter 2020,Active,0,0,0.3444970694428789,0.25427610804687845
1761,NEXGENT,Winter 2018,Active,0,0,6.24782561219097,0.12748679285128273
30963,TakeCareOS,Spring 2026,Active,0,0,5.908747887050015,0.1698582178258155
31491,TesterArmy,Spring 2026,Active,0,0,1.8252356288480889,0.36187018706758317
33,Make School,Winter 2012,Inactive,0,0,5.670305189210698,0.2569786962556927
24726,Abatable,Summer 2021,Active,0,0,1.5636601939878563,0.12421923853976635
1492,Fibo,Winter 2017,Inactive,0,0,5.239493254465549,0.47065441056531937
22696,SlashAuth,Winter 2021,Inactive,0,0,5.593550125104823,0.26181455659636804
30104,Revi,Fall 2024,Active,0,0,0.810140990330399,0.18880598115423228
1942,Tall Poppy,Summer 2018,Active,0,0,5.623173739771239,0.18955619425597764
12847,Mudafy,Summer 2019,Active,0,0,4.791467689848783,0.1705811889987908
23777,Cococart,Summer 2021,Active,0,0,4.802610329429944,0.3816200603313421
26734,Serinus Biosciences,Summer 2022,Active,0,0,0.8306906601476968,0.2950317745782573
30335,Butter,Winter 2025,Active,0,0,4.571404626380142,0.04900005904612418
826,Priime,Winter 2015,Inactive,0,0,0.5264902173419278,0.11567576579343096
26852,Slidely AI,Summer 2022,Active,0,0,0.12617180753523063,0.12701454950916755
31225,Ditto Biosciences,Winter 2026,Active,0,0,1.0194354678104347,0.30916138709685825
30448,PgDog,Spring 2025,Active,0,0,4.366390476574002,0.06888739213150387
517,7cups,Summer 2013,Active,0,0,5.380860008193275,0.45145244154868513
25152,Mederva,Winter 2022,Active,0,0,0.038641653042736916,0.29215239149571276
1598,Ribbon Health,Summer 2017,Acquired,0,0,6.240171556177404,0.20361109393313875
29305,SynsoryBio,Winter 2024,Active,0,0,1.0502086408966946,0.32153808022592395
22111,Pardes Biosciences,Summer 2020,Public,0,0,5.920381662710839,0.1026722485408948
30502,PowerMatrix,Spring 2025,Active,0,0,1.95816127242234,0.20209717203555666
30935,s2.dev,Fall 2025,Active,0,0,5.94186498270787,0.0937283618767385
25678,Botin,Winter 2022,Inactive,0,0,5.318865945203395,0.18938505594266553
1965,Pine Park Health,Summer 2018,Active,0,0,6.003900939227427,0.48174274020570196
922,Zeplin,Summer 2015,Active,0,0,3.977736514426223,0.05056127297873271
2030,Culdesac,Summer 2018,Active,0,0,5.2438638223154275,0.16683051884650876
28937,LifestyleRx,Summer 2023,Active,0,0,6.126452219767197,0.24147558411802195
13166,Homestead,Winter 2020,Inactive,0,0,5.7864757706795995,0.0496241064906499
31204,Forum,Winter 2026,Active,0,0,5.705297131299829,0.2051025589353591
24046,PropReturns,Summer 2021,Inactive,0,0,5.710109025134899,0.12331535517078832
28650,Artie,Summer 2023,Active,0,0,3.5434900677077654,0.1777225554002238
31129,Verdex,Winter 2026,Active,0,0,1.9024551565622063,0.22486453143968677
30642,Orange Slice,Summer 2025,Active,0,0,5.385584892669006,0.08156365527720448
772,Kickpay,Winter 2015,Inactive,0,0,4.677146226890789,0.24445156008135638
697,Product Hunt,Summer 2014,Acquired,0,0,1.073737357482693,0.16068111467330953
21950,Yotta,Summer 2020,Active,0,0,5.401645262767252,0.20899577941846842
214,All Screen,Winter 2010,Acquired,0,0,5.602709295665973,0.09608308836857944
31211,Sazabi,Spring 2026,Active,0,0,1.8819949082229208,0.2398750383487495
22238,Nestybox,Summer 2020,Acquired,0,0,3.4243322533010514,0.1276290251703925
31193,9 Mothers,Spring 2026,Active,0,0,1.986192688049524,0.09496044942781907
30905,Travo,Winter 2026,Active,0,0,1.1351657568562132,0.02101845087667229
28413,SpecCheck,Winter 2023,Active,0,0,2.4754746129174143,0.09690636261058465
31137,Luel,Winter 2026,Active,0,0,4.928839465760294,0.09514540318739151
28093,Common Paper,Winter 2023,Active,0,0,5.358901313657562,0.12022671516274311
29586,Glasskube,Summer 2024,Active,0,0,4.908385046414038,0.1078628557327617
1541,UpKeep,Winter 2017,Acquired,0,0,3.495753335382036,0.25492763716536726
31239,Fort,Winter 2026,Active,0,0,2.7703229474153925,0.13947435610915582
115,Launchpad Toys,Summer 2011,Acquired,0,0,6.119568137483612,0.12618087703790826
375,Clickfacts,Summer 2005,Acquired,0,0,1.1599321149175466,0.09952765765408197
23950,Pipekit,Summer 2021,Active,0,0,2.2296037665246025,0.15270903767382232
489,RoverRide,Winter 2013,Inactive,0,0,4.942800510540152,0.09375838005315197
30357,Vantel,Winter 2025,Active,0,0,2.356493630235951,0.020557386991910287
1677,Muzz,Summer 2017,Active,0,0,5.064068642957877,0.1402337551490946
31463,Armature,Spring 2026,Active,0,0,2.4133537834809546,0.27596061445977904
13503,Checkars,Winter 2020,Acquired,0,0,4.048446587848492,0.1558743467203948
30364,Wayline,Summer 2025,Active,0,0,4.805420489349583,0.1703445879638392
12078,Cocoon,Winter 2019,Acquired,0,0,5.488161538305024,0.3403870790519962
13236,Savvy,Winter 2020,Acquired,0,0,5.692665653052854,0.2788052188722465
29090,Trayd,Summer 2023,Active,0,0,4.313730021663465,0.2804959029245303
593,Drive Pulse,Winter 2014,Inactive,0,0,2.453641476179444,0.1994566321501992
534,"Estimote, Inc.",Summer 2013,Active,0,0,2.1891130730433503,0.08717944565615444
27249,Aldara,Summer 2022,Active,0,0,4.809553760091553,0.19813272617813393
100,MarketBrief,Summer 2011,Inactive,0,0,0.2740550899445037,0.14476366410610703
180,Rapportive,Summer 2010,Acquired,0,0,6.153727410410791,0.21954826191277446
1222,Opsolutely,Summer 2016,Acquired,0,0,3.5574199716446313,0.1296548327417267
31448,smol machines,Spring 2026,Active,0,0,3.4665306230559674,0.343630932757247
25820,Fello,Winter 2022,Inactive,0,0,5.60415323704626,0.22307629729194856
26727,Moneco,Summer 2022,Active,0,0,5.255595277588181,0.188020704049546
32751,Vestris,Summer 2026,Active,0,0,4.618575022469141,0.3205732330166707
30260,Macadamia,Winter 2025,Active,0,0,2.277064834343227,0.23242819635488882
13072,Breezeful,Winter 2020,Active,0,0,4.5554879623292415,0.21270099083540459
101,Fobo,Summer 2011,Acquired,0,0,4.528697686567288,0.330350331050131
1932,Radix Labs,Summer 2018,Inactive,0,0,1.0999231620295278,0.17681244364157755
23120,Slash,Summer 2021,Active,0,0,5.034265022002752,0.25804732122601237
24131,Strive Math,Summer 2021,Active,0,0,5.40047505434981,0.29931077326680144
1517,Plane,Winter 2017,Active,0,0,4.449736517093203,0.16218358551447812
26797,Rio,Summer 2022,Active,0,0,5.538002645667873,0.21827889509652737
1480,Clipboard,Winter 2017,Active,0,0,4.955980991958502,0.46641319839912987
7,42Floors,Winter 2012,Acquired,0,0,4.632973531367484,0.16861648239539226
23555,Bloom,Winter 2021,Active,0,0,5.7583140958137715,0.28478764143099716
393,Kamcord,Summer 2012,Acquired,0,0,0.5188826817338399,0.08418844871573022
30075,Tiny,Fall 2024,Active,0,0,3.2909852832676703,0.29686696982807337
189,Brushes,Summer 2010,Inactive,0,0,6.085058791802691,0.07501477785622418
6,iCracked,Winter 2012,Acquired,0,0,3.368210680074519,0.1610042632788275
303,Trigger,Winter 2008,Inactive,0,0,4.446578490487025,0.107734355659183
26290,Mono,Winter 2022,Active,0,0,5.430091735135472,0.1441864103341784
23939,Beeper,Summer 2021,Acquired,0,0,4.660498392384014,0.15890913829683304
1273,Starsky Robotics,Summer 2016,Inactive,0,0,3.6623668405238226,0.30451551110374786
678,Hublo,Summer 2014,Acquired,0,0,4.628062434615812,0.029632832798434445
26813,Aragorn AI,Summer 2022,Active,0,0,0.34056236893986686,0.08622100087193084
30328,Dalus,Winter 2025,Active,0,0,1.9312218943685096,0.3977705977101283
368,Snipshot,Winter 2006,Inactive,0,0,4.7682690473356235,0.15743429985600205
31299,Wayco,Winter 2026,Active,0,0,0.7514216707477754,0.17875741736644118
29281,MathDash,Winter 2024,Active,0,0,5.653061771103574,0.22346197357080103
31520,Kinect,Spring 2026,Active,0,0,5.264266693784919,0.08973559453705111
1008,DoseDr,Winter 2016,Inactive,0,0,5.959501855126847,0.1972833393120342
23193,Manara,Winter 2021,Active,0,0,5.062717689290309,0.14824455983643733
589,Threadable,Winter 2014,Inactive,0,0,5.058552960580166,0.281816675783235
30277,ReJot,Winter 2025,Active,0,0,4.535364016625294,0.0436526388168467
25864,Torpedo Therapeutics,Winter 2022,Active,0,0,2.148266293391624,0.23966078300880825
29449,Fileforge,Winter 2024,Inactive,0,0,4.060500332861803,0.1033729464262357
13107,Quickcard,Winter 2020,Inactive,0,0,4.905523526287138,0.20578165549723515
31169,Proximitty,Winter 2026,Active,0,0,0.08804883964290336,0.031408103101465634
1029,Monthli,Winter 2016,Inactive,0,0,5.179053367990647,0.31304189882530337
24008,Catena Biosciences,Summer 2021,Active,0,0,0.9918163080223061,0.03413916500052489
25713,Grey,Winter 2022,Active,0,0,5.405721303511747,0.2405215833042365
1967,Mytos,Summer 2018,Active,0,0,3.019147209609708,0.22099287987981292
24446,Freterium,Summer 2021,Active,0,0,4.624830910342857,0.12015680064659359
1727,Quantstamp,Winter 2018,Active,0,0,1.080544691125162,0.28992611445279165
23052,Juicy Marbles,Winter 2021,Active,0,0,3.0519761793475704,0.17663679597863688
26818,Hypestream,Summer 2022,Active,0,0,5.001744274973871,0.3258351162302857
795,Underground Cellar,Winter 2015,Inactive,0,0,4.4380580562114,0.18234563126535136
32,CleverDeck,Winter 2012,Active,0,0,5.5263254416160255,0.2731707432466063
22905,Remora,Winter 2021,Active,0,0,2.730965236159436,0.20242064623944958
29502,renderlet,Winter 2024,Active,0,0,4.124435669841632,0.03543772701324468
494,Meldium,Winter 2013,Acquired,0,0,5.215685681346855,0.19952154746225093
29986,Exin Therapeutics,Winter 2025,Active,0,0,0.9460577212786583,0.36429905337178253
18,HackPad,Winter 2012,Acquired,0,0,5.696896622644173,0.35329892315176575
11957,Green Energy Exchange,Winter 2019,Inactive,0,0,5.640886948148532,0.12136742143307414
27263,Guardian Bio,Summer 2022,Active,0,0,0.20498720516339394,0.20879242240099635
27205,Kashin,Summer 2022,Active,0,0,0.024323019507629568,0.13797509181361564
28926,Upstream,Summer 2023,Active,0,0,4.860550189567281,0.3218444366078682
12769,Demand Curve,Summer 2019,Active,0,0,6.1151153685182305,0.15905694307783932
22707,Wyndly,Winter 2021,Active,0,0,6.229039032828733,0.22819102026795574
25974,Float Health,Winter 2022,Active,0,0,5.061699018786777,0.20180297238955433
31151,Sparkles,Winter 2026,Active,0,0,5.514917132023378,0.09479897853173715
1941,Pocket Worlds,Summer 2018,Active,0,0,5.554468291442314,0.11054346927967663
30119,Canvas,Fall 2024,Active,0,0,0.19852038900843674,0.1407878054460275
253,Fanchatter,Summer 2009,Inactive,0,0,5.18495765072047,0.18478390106438275
26709,Dittofeed,Summer 2022,Active,0,0,5.0372483794687755,0.22793963025266148
1894,ExceptionALLY,Summer 2018,Inactive,0,0,6.069189434433125,0.5175842540475293
34,Pixelapse,Winter 2012,Inactive,0,0,0.17317567370689146,0.05956820809597872
31236,Balance,Winter 2026,Active,0,0,4.634770918861327,0.2100953278294167
31171,Overshoot,Winter 2026,Active,0,0,0.9794184011171406,0.1301183869248192
13494,Tajir,Winter 2020,Active,0,0,4.6781676029950425,0.3885660763167098
27198,Velontra,Summer 2022,Active,0,0,2.7899219171831002,0.06812506938627244
248,Mixpanel,Summer 2009,Active,0,0,1.1314587002225616,0.2030891850445132
1763,Biobot Analytics,Winter 2018,Active,0,0,1.1778840549441856,0.42020895595887486
24406,Shimmer,Summer 2021,Active,0,0,6.148145370854102,0.38176548280305794
184,Chirply,Summer 2010,Inactive,0,0,5.264488403445903,0.19833379685150995
31498,Aster,Spring 2026,Active,0,0,1.1096660244046594,0.19515589972758585
580,Bellabeat,Winter 2014,Active,0,0,0.47494405380815663,0.0675013585096418
13496,Apartio,Winter 2020,Inactive,0,0,5.225197163004605,0.26845835327851736
463,GetGoing,Summer 2012,Inactive,0,0,5.512956520958183,0.11954956789934214
655,Parenthoods,Summer 2014,Acquired,0,0,5.774869049703476,0.48883037845347943
968,Halolife,Summer 2015,Inactive,0,0,5.603270765194854,0.2050484122647302
211,Koduco,Summer 2010,Inactive,0,0,6.006989405559473,0.20890261370472513
25641,Suggestr,Winter 2022,Inactive,0,0,5.714442805721838,0.10293146336649613
967,Human Interest,Summer 2015,Active,0,0,5.856904513572848,0.26011118315952503
1017,MineralSoft,Winter 2016,Acquired,0,0,1.311798056602617,0.13098978017314244
24181,Kodex,Summer 2021,Active,0,0,0.22767032835483084,0.16134898398218742
24368,Yemaachi Biotechnology,Summer 2021,Active,0,0,1.1802452307492672,0.30743979804533367
22205,MilkRun,Summer 2020,Inactive,0,0,4.945886810036306,0.3369863129355589
31234,Ekpa,Summer 2026,Active,0,0,0.45971777209251136,0.20812796759852362
27961,Hona,Winter 2023,Active,0,0,5.806138751998854,0.1873213604121165
301,Treehouse,Summer 2008,Inactive,0,0,5.789140174885976,0.29538975496492054
26042,Pigeon,Winter 2022,Inactive,0,0,5.238723900641904,0.26486536558244167
26707,Chariot,Summer 2022,Active,0,0,5.059328652704255,0.19823947918118606
30794,Vulcan Technologies,Summer 2025,Active,0,0,6.269420618889026,0.16267639021981156
13242,Quill,Winter 2020,Active,0,0,0.06548825836512626,0.13384526830210602
156,Convore,Winter 2011,Inactive,0,0,5.4124139140276215,0.282513743397998
21917,Vectrix,Summer 2020,Acquired,0,0,1.1357745603039342,0.2596431721329273
30798,Ruvo,Summer 2025,Active,0,0,4.9719737318442245,0.2716830998151095
31346,Rudus,Spring 2026,Active,0,0,2.8471089203310713,0.29698135079300386
706,Shout,Summer 2014,Inactive,0,0,4.935572977346212,0.4184609373831999
29642,Hexclave,Summer 2024,Active,0,0,4.544685691438444,0.11276142511653646
26850,BiggerPicture,Summer 2022,Active,0,0,4.1842556378368165,0.33185677513419404
11960,Convictional,Winter 2019,Active,0,0,5.377667223933749,0.1735388712435899
1655,PreDxion Bio,Summer 2017,Inactive,0,0,1.2394652053890356,0.4143312498775953
27222,Kamion,Summer 2022,Active,0,0,4.260078969714142,0.31733169175799836
31304,Litmus,Summer 2026,Active,0,0,1.5502332817730984,0.3316675632326725
1791,Correlia Biosystems,Winter 2018,Inactive,0,0,1.3741364891645935,0.43792653746485544
1741,Pulse,Winter 2018,Acquired,0,0,0.17041280681784787,0.25895870692763795
2027,Dorian Therapeutics,Summer 2018,Acquired,0,0,0.5342476571318107,0.21292372565340217
1748,Slite,Winter 2018,Active,0,0,5.983402109579507,0.17069836571985392
25996,Marathon Education,Winter 2022,Inactive,0,0,5.693004080685421,0.40201585551415975
633,Zidisha,Winter 2014,Active,0,0,5.4876082176076,0.3202957763639148
1998,Nestor,Summer 2018,Active,0,0,6.241804416973873,0.19027618378919822
30472,Ticket Wallet,Spring 2025,Active,0,0,4.699171828310118,0.2539913563594035
1031,Castle,Winter 2016,Inactive,0,0,4.659371909607523,0.2773102511922313
30881,Wardstone,Fall 2025,Active,0,0,2.8059540271455257,0.030111675841385212
30494,Nixo,Summer 2025,Active,0,0,3.7014298442197293,0.15039996502029565
605,Move Loot,Winter 2014,Inactive,0,0,4.376253958029937,0.4364581248662664
22670,PowerRouter,Winter 2021,Active,0,0,4.578461985827702,0.2505584154897962
22706,Curvenote,Winter 2021,Active,0,0,0.4128404091155524,0.19461897865501468
1525,Breaker,Winter 2017,Acquired,0,0,5.778867350000612,0.08718623826064867
157,Flotype,Winter 2011,Inactive,0,0,4.968551025959538,0.09117918930147521
964,Eight Sleep,Summer 2015,Active,0,0,1.6335086587723437,0.09861474322996475
28743,Leafpress,Summer 2023,Inactive,0,0,1.5310013905293736,0.1806773113360146
348,Zenter,Winter 2007,Acquired,0,0,5.671284562406933,0.23112980556678264
206,Fridge,Summer 2010,Acquired,0,0,5.133776501234873,0.28941495917263876
235,Newcope,Winter 2010,Inactive,0,0,5.397910177524757,0.24157922878734706
1000,Loop Genomics,Winter 2016,Acquired,0,0,1.5856009919884684,0.17724977159205998
21863,BukuWarung,Summer 2020,Active,0,0,4.808940383502047,0.2352482606790228
814,NexTravel,Winter 2015,Acquired,0,0,5.66777561756862,0.21599734884780242
11969,Postscript,Winter 2019,Active,0,0,5.225141881417071,0.2154652094403037
29104,Shadeform,Summer 2023,Active,0,0,4.5611091421539856,0.07794192930158451
1488,Token Transit,Winter 2017,Active,0,0,5.102115409269711,0.19145135536126448
412,Clever,Summer 2012,Acquired,0,0,5.216600541773132,0.31025945772762753
29783,Guardian RF,Summer 2024,Active,0,0,1.4021727139447633,0.28519774056295477
32527,machine0,Summer 2026,Active,0,0,3.493691118359016,0.24577145943528395
21812,Safepay,Summer 2020,Active,0,0,5.355833911975193,0.192022691781487
26881,Bitstack,Summer 2022,Active,0,0,4.545510281014426,0.207118524873888
25822,Rome,Winter 2022,Active,0,0,4.177968252172361,0.36334402221635187
22101,Together Video Chat,Summer 2020,Acquired,0,0,5.527425319535616,0.33516263429004894
28090,Littio,Winter 2023,Active,0,0,5.580336145327208,0.29777400360529127
26793,Windmill,Summer 2022,Active,0,0,3.067423628213942,0.23761374627614673
24514,Sirka,Summer 2021,Active,0,0,6.093091302595117,0.3632446462018625
25907,Joon Health,Winter 2022,Active,0,0,6.220482592864942,0.33858488382320095
13315,Cron,Winter 2020,Acquired,0,0,5.560766004889639,0.22502527690889687
222,LaunchHear,Winter 2010,Inactive,0,0,0.2696453028322242,0.10237027952406581
625,Style Lend,Winter 2014,Inactive,0,0,4.987690283281571,0.3283177208812283
42,Tilt,Winter 2012,Acquired,0,0,4.8594797589953815,0.21463843258754012
1756,Tipe,Winter 2018,Inactive,0,0,4.586213507212765,0.12805236145724108
12739,Digi-Prex,Summer 2019,Active,0,0,5.687168750979199,0.4157276998578943
21930,Osmind,Summer 2020,Active,0,0,0.4672517099791665,0.3694158938510957
1820,Nutrigene,Winter 2018,Inactive,0,0,0.6039373828225276,0.2275719841512928
95,Zenbox,Summer 2011,Inactive,0,0,4.738601909119751,0.28313721605472003
30670,cocreate,Summer 2025,Active,0,0,3.635765500930464,0.06755210784653452
2016,dNovo,Summer 2018,Inactive,0,0,6.184009114427486,0.09037089018332196
24599,Female Invest,Summer 2021,Active,0,0,5.92429153407922,0.3383100292150535
12642,Canix,Summer 2019,Active,0,0,0.31925380335370274,0.09033341123820283
22693,Lion Pose,Winter 2021,Active,0,0,0.6120388535048805,0.17337990436861833
674,TAXA Biotechnologies,Summer 2014,Inactive,0,0,1.764989519978962,0.25859915179331344
71,Clutch,Summer 2011,Acquired,0,0,1.281941301820177,0.0888951392225826
1180,Mindori,Summer 2016,Inactive,0,0,5.882755497269833,0.11043838065899873
31087,Lucent,Winter 2026,Active,0,0,1.5450625666109772,0.21836743661397073
27253,Cone,Summer 2022,Active,0,0,5.037198036033061,0.1256495626952202
27146,Sunpia,Summer 2022,Active,0,0,5.668297408662811,0.06073089858628825
613,PiinPoint,Winter 2014,Active,0,0,0.7225315923434552,0.13961813356391575
1909,Demeanor.co,Summer 2018,Acquired,0,0,4.903439715705164,0.2394733447625817
22699,Nourish,Winter 2021,Active,0,0,6.113053398654109,0.36354116559634675
31306,Martini,Winter 2026,Active,0,0,2.143750944046328,0.030903510810673662
24876,Nash,Summer 2021,Active,0,0,4.750585232518002,0.18853116831342226
31360,Lightsprint,Spring 2026,Active,0,0,0.5807872360800573,0.03641028865040075
29613,ClaimSorted,Summer 2024,Active,0,0,4.9233855371200566,0.1865149535342461
25473,Miggos,Winter 2022,Active,0,0,4.658304777789141,0.3596252814477033
646,Framed Data,Winter 2014,Acquired,0,0,1.201434808542118,0.12615674253887502
402,Mth Sense,Summer 2012,Active,0,0,0.6418201038715754,0.1506185885177299
22889,Greywing,Winter 2021,Active,0,0,2.982655057435073,0.13025199688553668
26120,AirMyne,Winter 2022,Active,0,0,2.6082734701074948,0.2954402669102601
31481,Saudara AI,Spring 2026,Active,0,0,3.736621188625556,0.06733686611638978
13,MyVR,Winter 2012,Acquired,0,0,4.98253445561498,0.21432284645341237
23515,Avion School,Winter 2021,Inactive,0,0,5.45820711517976,0.27146598431171565
28412,Speedy Labs,Winter 2023,Active,0,0,2.4233841855475307,0.09810713490224869
24653,Novatr,Summer 2021,Active,0,0,0.03311872582861145,0.3143244663069807
1867,CaptivateIQ,Winter 2018,Active,0,0,5.421247354651049,0.08621280634785694
12575,Zeal,Summer 2019,Active,0,0,4.8100567467456425,0.3022684701933529
31206,Samora AI,Winter 2026,Active,0,0,5.536053624827817,0.22593691525445828
31096,shortkit,Winter 2026,Active,0,0,4.679231375694717,0.07611500846584505
30948,Lua Global Inc,Fall 2025,Active,0,0,5.740433791091861,0.19634751919534013
608,One Degree,Winter 2014,Active,0,0,5.981812909071302,0.34778896217587035
13501,Sayana,Winter 2020,Acquired,0,0,6.0472820596358225,0.36936417699862323
30086,Autumn,Summer 2025,Active,0,0,5.1933844899729,0.17926985590302622
27040,Grai,Summer 2022,Inactive,0,0,1.5034646676099628,0.16995646560035202
23432,Recover,Winter 2021,Active,0,0,0.03172369325896617,0.31015732949261104
25730,Blitzllama,Winter 2022,Acquired,0,0,1.0263659219175523,0.2255134313298957
11926,Parker,Winter 2019,Active,0,0,5.055288224276049,0.13913885912644733
1643,Entocycle,Summer 2017,Active,0,0,2.6159186963519914,0.22505481651010675
29527,ParcelBio,Winter 2024,Active,0,0,0.43803668594752365,0.09581512590747927
28421,Metal,Winter 2023,Active,0,0,2.3314959109417517,0.10880073658680874
23239,Preki,Winter 2021,Acquired,0,0,4.657481793226913,0.24872774639375012
13305,Revenir,Winter 2020,Active,0,0,5.968177988149235,0.10772187342069299
13206,Global Belly,Winter 2020,Inactive,0,0,5.199273520249464,0.19796151483531274
27054,Ekho,Summer 2022,Active,0,0,3.993753723191316,0.2126567205641992
761,The Human Utility,Winter 2015,Active,0,0,5.7405905367970895,0.07565545598415438
30204,Subtrace,Winter 2025,Active,0,0,1.970016467162654,0.21089290886760478
11963,SciTok,Winter 2019,Active,0,0,0.46841986173868966,0.37140457857933556
31194,Valence,Winter 2026,Active,0,0,1.0018976825723065,0.06057742433661064
26303,Massdriver,Winter 2022,Active,0,0,3.388284467328324,0.15658145961064965
27159,Almond,Summer 2022,Inactive,0,0,5.752629938672571,0.2584234490168383
168,GOAT Group,Winter 2011,Active,0,0,5.5774120437626005,0.203529599822098
31564,Huscarl,Spring 2026,Active,0,0,0.4339426232198804,0.07557335468744796
290,Picwing,Summer 2008,Inactive,0,0,4.735466261979861,0.19419618325208277
1960,Ajaib,Summer 2018,Active,0,0,5.367521290609092,0.17516004852443
22075,PANADATA,Summer 2020,Active,0,0,1.000357297370131,0.123322964576135
30474,RunRL,Spring 2025,Active,0,0,6.166463057554781,0.11504992289477962
1245,Vidcode,Summer 2016,Acquired,0,0,5.81534435858429,0.22639016514012966
25619,RecordBook,Winter 2022,Active,0,0,5.028774752219386,0.29497587169649836
27090,CompUp,Summer 2022,Active,0,0,0.8069694854454477,0.18406671150615297
1720,Jellyfish Art,Winter 2012,Inactive,0,0,4.875016391470106,0.17855735216873325
24489,HeyCharge,Summer 2021,Active,0,0,3.4820888086477977,0.14149012147216605
1805,Let's Do This,Winter 2018,Active,0,0,5.200694472350575,0.30920085454375873
22829,Camber,Winter 2021,Active,0,0,5.8507223761572345,0.11825685262339879
13095,Hoss,Winter 2020,Acquired,0,0,6.229077612889471,0.14521543803015324
473,Scuba,Winter 2013,Acquired,0,0,0.9752602762978724,0.30225710826185753
24138,Epinoma,Summer 2021,Active,0,0,1.8461308090672475,0.22519423809499048
1266,Meesho,Summer 2016,Public,0,0,4.91297084830101,0.2921007718107758
51,Fond,Winter 2012,Acquired,0,0,5.4377553811902715,0.23292266823825314
1830,Dataform,Winter 2018,Acquired,0,0,1.9660779075714114,0.13622285580679677
27124,KemNet,Summer 2022,Active,0,0,5.803117962706862,0.13611284498935486
11974,FLOWER CO.,Winter 2019,Active,0,0,4.916801981974192,0.26884279272533246
12287,Prometheus,Winter 2019,Active,0,0,2.609145939444578,0.23182467531267112
283,OhLife,Summer 2008,Inactive,0,0,5.657191962542563,0.2680469321264643
541,SpoonRocket,Summer 2013,Acquired,0,0,4.70344521355375,0.264961555770704
1504,Arylla,Winter 2017,Inactive,0,0,3.506038771058866,0.16631125820501957
24424,Kodda,Summer 2021,Inactive,0,0,5.901867031781496,0.3885689870477279
29343,Infinity,Winter 2024,Active,0,0,5.325965666757397,0.19826936618626986
13391,Spenny,Winter 2020,Active,0,0,5.785925036305504,0.22580913529593544
810,GitLab,Winter 2015,Public,0,0,1.21160598683243,0.12071671165094014
347,Buxfer,Winter 2007,Active,0,0,5.720035033528726,0.23356181372050439
27876,Propexo,Winter 2023,Active,0,0,1.8386933591479107,0.03712850578673599
25659,Tuva Health,Winter 2022,Active,0,0,0.7129813339306859,0.13795796351435302
22953,Enode,Winter 2021,Active,0,0,2.4514286329431063,0.15256405778326695
12627,TaxProper,Summer 2019,Acquired,0,0,5.9419882234487735,0.07483658619790758
425,FileStack,Summer 2012,Inactive,0,0,4.488588229405815,0.13372057920904556
31133,Skillsync,Winter 2026,Active,0,0,5.757499493370776,0.11010925220553622
29269,Garage,Winter 2024,Active,0,0,3.7173493738973336,0.27637799501606947
13239,BuildBuddy,Winter 2020,Active,0,0,2.565090067144223,0.01578456843267317
29383,Aftercare,Winter 2024,Active,0,0,6.2738258774776545,0.21046528280843987
12878,Vendr,Summer 2019,Acquired,0,0,5.96930633403563,0.07210513463071594
126,Draft,Summer 2011,Inactive,0,0,5.592448572757726,0.10977661201027415
639,GBatteries,Winter 2014,Active,0,0,2.0514577627210513,0.12494120824073272
30639,Signals,Winter 2026,Active,0,0,5.221161005241335,0.17007121526024693
1283,Abundance Labs,Summer 2016,Inactive,0,0,5.708302977593968,0.14522264266419285
921,Markhor,Summer 2015,Active,0,0,4.303122578146731,0.2626872160682518
12619,Mindset Health,Summer 2019,Active,0,0,0.6018449413132575,0.24356219675142046
531,DoorDash,Summer 2013,Public,0,0,4.8781193080282765,0.3067932605403936
26710,Tailor,Summer 2022,Active,0,0,4.012515587840145,0.2587341226671636
21909,Seal,Summer 2020,Active,0,0,1.8155707698219505,0.17802481569211148
24538,Coast,Summer 2021,Active,0,0,1.1597028343146984,0.062256903318616726
838,VetPronto,Winter 2015,Inactive,0,0,5.476168136527741,0.27018181334755137
13083,Alude,Winter 2020,Active,0,0,4.817170221598039,0.13677084122027613
1630,Upfort,Summer 2017,Active,0,0,5.6468740796050065,0.06338250092803525
31176,Rhizome AI,Winter 2026,Active,0,0,0.8341077563616884,0.26608749534930515
31548,Hyper,Spring 2026,Active,0,0,0.4072695962236391,0.12957725566801548
13507,CrowdForce,Winter 2020,Acquired,0,0,4.684857835939413,0.33243047941444714
296,Ticket Stumbler,Summer 2008,Inactive,0,0,4.373973093411768,0.16472227483075944
24840,VedaBio,Summer 2021,Active,0,0,1.254638302150727,0.37056297329931387
22995,Quicknode,Winter 2021,Active,0,0,2.8493341933265772,0.07458114246073276
22675,Unfurl,Winter 2021,Inactive,0,0,4.932248706102692,0.46705502870386084
21956,buildspace,Summer 2020,Inactive,0,0,5.175065001572317,0.11006881093806382
791,Makrwatch,Winter 2015,Active,0,0,5.164317820812544,0.06064302319584921
25340,Loops,Winter 2022,Active,0,0,4.712974199516983,0.2127819284294313
39,Grouper,Winter 2012,Inactive,0,0,4.978905763554046,0.2230681302911538
13338,twoplus fertility,Summer 2020,Active,0,0,0.48898021550807935,0.08699444876804059
28911,CandorIQ,Summer 2023,Active,0,0,5.689500976925705,0.1842181862032868
21805,Bento,Summer 2020,Inactive,0,0,4.974554103434167,0.22613424800850945
151,Comprehend,Winter 2011,Acquired,0,0,0.8020828521373928,0.45541492897172436
12358,Eclipse Foods,Winter 2019,Active,0,0,1.3519735762405256,0.09643130308659101
28791,Linc.,Summer 2023,Active,0,0,4.150433660376979,0.16030892511667974
27683,Versori,Winter 2023,Acquired,0,0,5.822059417660439,0.029915866593425797
145,HelloSign,Winter 2011,Acquired,0,0,4.7592791461371435,0.15927212561412837
1893,Modern Treasury,Summer 2018,Active,0,0,3.9643661225813682,0.24278815996250183
31130,AutoSitu,Winter 2026,Active,0,0,1.0348068675452595,0.22452728459946128
752,Bizzy,Winter 2015,Acquired,0,0,4.805088043896249,0.1924861990696845
25120,Elevate (formerly Bloom),Winter 2022,Active,0,0,5.366990437964947,0.3036532757377056
13176,TrueNorth,Winter 2020,Active,0,0,4.246811626736942,0.27069116578571417
1715,PullRequest,Summer 2017,Acquired,0,0,1.1772902123378104,0.26707247012108715
130,Automatic,Summer 2011,Acquired,0,0,3.0210215339069713,0.11500814832259514
986,AlphaFlow,Winter 2016,Inactive,0,0,6.043937495183075,0.05754362875561117
1976,HeyDoctor,Summer 2018,Acquired,0,0,5.914130264471732,0.3943181123478081
1697,VIDA & Co.,Summer 2017,Acquired,0,0,4.947960474256629,0.142616950973076
24508,Meticulous,Summer 2021,Active,0,0,2.2727204167019472,0.35589483809420364
12682,CoLab,Summer 2019,Active,0,0,1.4493355036615203,0.4062756363911658
29259,Newton,Winter 2024,Active,0,0,4.941194859257709,0.138522985878347
30106,Sunset,Fall 2024,Active,0,0,5.340628020742366,0.2393625469703597
22257,Inspectify,Summer 2020,Active,0,0,2.035613862973737,0.2055336747575203
729,Ginkgo Bioworks,Summer 2014,Public,0,0,2.0362113413908913,0.19045008205782524
1103,Rappi,Winter 2016,Active,0,0,5.490200415862153,0.2763586626229786
890,Convox,Summer 2015,Acquired,0,0,3.785635737377807,0.08232672687462068
28216,Escape,Winter 2023,Active,0,0,1.735605189383484,0.2603378172390624
1096,Zenysis,Winter 2016,Active,0,0,0.982335855771129,0.3978170247339869
22840,Nirva,Winter 2021,Active,0,0,6.165736539863565,0.3362329191253001
12711,Binks,Summer 2019,Active,0,0,4.2934662885464405,0.30399785192808815
25673,Enlightra,Winter 2022,Active,0,0,1.8694026078963855,0.1387230876662866
1724,Sketchbox,Winter 2018,Inactive,0,0,6.13001207364923,0.04388050380098729
31217,Polymath,Winter 2026,Active,0,0,0.9291918181009755,0.24625730821294212
30307,Archon,Winter 2025,Active,0,0,0.16720679146843537,0.22443609025597683
22184,Dumps,Summer 2020,Active,0,0,4.752249697804485,0.2567593068969074
1464,Ledger Investing,Winter 2017,Active,0,0,6.210369193906311,0.15335668812865982
1235,Shield Bio,Summer 2016,Inactive,0,0,1.1520760574199862,0.18560510356957832
537,Graft Concepts,Summer 2013,Inactive,0,0,2.801288235134399,0.050931183700631315
25937,Argument Computer Corporation,Winter 2022,Active,0,0,1.0931874444657033,0.15013960104646085
13208,Whatnot,Winter 2020,Active,0,0,4.9768263178509295,0.20545097251632213
923,Microhealth,Summer 2015,Active,0,0,0.6226134966970457,0.31522457608883897
31576,Akkari,Spring 2026,Active,0,0,4.75852411493957,0.27971176177012985
11929,Pippin / Rent the Backyard,Summer 2019,Inactive,0,0,3.566523806761138,0.2505449000177742
1066,Kisan Network,Winter 2016,Inactive,0,0,0.1401556168200798,0.08540391099809816
26121,Cinapse,Winter 2022,Active,0,0,4.161562057608009,0.11576891183533371
31000,Vector Legal,Winter 2026,Active,0,0,6.021031421044236,0.1539499716780273
25823,Joe,Winter 2022,Acquired,0,0,4.76179525509446,0.1963260942201006
1835,Mojo,Winter 2018,Acquired,0,0,4.764999534853885,0.16057405573613603
909,Appcanary,Summer 2015,Acquired,0,0,0.8994747701181347,0.09650378083153816
31036,Mantis,Winter 2026,Active,0,0,1.7378482313712529,0.1470549868319807
397,Fullstack Academy,Summer 2012,Acquired,0,0,5.2847460197038245,0.2373773505476556
1457,Volansi,Winter 2017,Acquired,0,0,3.970191993810657,0.09411217881649876
29153,Coba,Summer 2023,Active,0,0,5.187361427966805,0.2385250713395186
12855,treble.ai,Summer 2019,Active,0,0,5.241160691035249,0.1668846881430965
247,Jobspice,Summer 2009,Inactive,0,0,4.442287550090049,0.21449274683615618
31022,Coasts,Fall 2025,Active,0,0,4.87179337239551,0.08077874606652478
23597,Kilobaser,Winter 2021,Active,0,0,2.689918096970209,0.16041603291122064
26809,Malama Health,Summer 2022,Active,0,0,6.012621305670635,0.3802306345083054
643,Dyspatch,Winter 2014,Active,0,0,3.3038070047316754,0.08516187705985806
529,Crowdery,Summer 2013,Inactive,0,0,5.406838305898724,0.17085758426754183
1797,Viaopt,Winter 2018,Inactive,0,0,4.60493334264374,0.25019606742277156
25700,Alga Biosciences,Winter 2022,Active,0,0,1.7094315368845505,0.20767986354830997
24065,BoldVoice,Summer 2021,Active,0,0,5.520988624802335,0.3097284541639832
25304,Kapital Bank,Winter 2022,Active,0,0,5.1598216796576954,0.23733586444080892
1981,Coral Genomics,Summer 2018,Acquired,0,0,0.9912581348310633,0.42828985216271703
960,Bitmovin,Summer 2015,Active,0,0,1.788601056053367,0.05831546023519458
231,Movity,Winter 2010,Acquired,0,0,5.797596507907333,0.1167494227017001
232,Etacts,Winter 2010,Acquired,0,0,5.658907006279534,0.16691751818963874
12621,Kitekraft,Summer 2019,Active,0,0,2.7730787617908335,0.3717174856575121
30224,Maritime Fusion,Winter 2025,Active,0,0,2.2741538194191593,0.2413125576352875
1282,GTRACK Technologies,Summer 2016,Inactive,0,0,1.8675990265838294,0.2887257287938478
30526,chrt,Spring 2025,Active,0,0,4.290037504890231,0.12352133880280058
12266,Dockup,Winter 2019,Active,0,0,2.9717079189003486,0.12986162503783602
24557,Dots 💸,Summer 2021,Active,0,0,4.36430880233746,0.2199276869616596
24379,Formance,Summer 2021,Active,0,0,3.9508027930136924,0.1165001240033304
736,Sliced Investing,Summer 2014,Acquired,0,0,5.048463444038822,0.234612720516235
28221,Serial,Winter 2023,Inactive,0,0,2.3463848837785615,0.37180118805300566
398,OmniVirt,Summer 2012,Acquired,0,0,5.817481623188256,0.15592184494816236
23819,Inversion Space,Summer 2021,Active,0,0,4.021062502657378,0.25646104240006273
31229,Doomersion,Winter 2026,Active,0,0,5.495758772995718,0.14859084382468943
900,Tesorio,Summer 2015,Active,0,0,5.651976662041652,0.07458566992366213
1490,Snappr,Winter 2017,Active,0,0,4.7609170523690025,0.22192571011960607
337,Anywhere.FM,Summer 2007,Acquired,0,0,5.353782172333234,0.20139822157599263
1705,Candidately,Summer 2017,Active,0,0,5.410389769572024,0.10280439562912845
24830,GamerPay,Summer 2021,Acquired,0,0,5.478267095713282,0.08759900719041586
23405,Dayra,Winter 2021,Active,0,0,4.626316956350827,0.24783258339041767
29399,Centauri AI,Winter 2024,Active,0,0,1.010313971431791,0.1849753824461669
24058,Zeit Medical,Summer 2021,Active,0,0,0.8423032859021994,0.23385255530904756
28793,Stellar Sleep,Summer 2023,Active,0,0,6.204843371113218,0.25751455533897566
25286,TYBR Health,Winter 2022,Active,0,0,3.309361581582845,0.05013585750031676
1601,Fat Llama,Summer 2017,Acquired,0,0,4.581607171545608,0.2319809701191785
1083,StrongIntro,Winter 2016,Inactive,0,0,5.301422889220816,0.21212502661172797
430,ReelSurfer,Summer 2012,Inactive,0,0,4.592822876610883,0.13908572106713385
25992,WANTD,Winter 2022,Active,0,0,4.920387032421708,0.20994194421455503
1475,The Essential,Winter 2017,Active,0,0,4.480863476949412,0.21899900588029675
410,Soylent,Summer 2012,Acquired,0,0,5.3895891058717575,0.0905718207554254
25312,Flightcontrol,Winter 2022,Active,0,0,4.24176060724387,0.09543403145510886
24053,ODWEN,Summer 2021,Active,0,0,4.282275348687799,0.2604959404508956
139,FitFu,Winter 2011,Inactive,0,0,5.633848829279431,0.08825144889866622
25654,IMT Care,Winter 2022,Active,0,0,6.105275983045739,0.16893868765654996
23434,Broad,Winter 2021,Active,0,0,5.022511797367913,0.24136158540293703
27664,Infisical,Winter 2023,Active,0,0,0.1386846980903779,0.02772295144542282
21901,Workbase,Summer 2020,Acquired,0,0,5.085226972906265,0.0791889935113606
26003,Mahaana Wealth,Winter 2022,Active,0,0,6.121209915660422,0.27064797379697303
1098,DevColor,Winter 2016,Active,0,0,0.23111994054233165,0.20602315173394117
26660,Chordio,Summer 2022,Active,0,0,2.4640904040243203,0.13426856279901192
30458,Jeevy Fabrication,Spring 2025,Active,0,0,2.969969394111815,0.42077145293792506
573,Boostable,Winter 2014,Acquired,0,0,4.648572413480349,0.19313543662567445
27822,GovEagle,Winter 2023,Active,0,0,0.7435727641832763,0.13926593705274903
1924,Quo (fka OpenPhone),Summer 2018,Active,0,0,5.209309842241271,0.256644994369271
949,The Ticket Fairy,Summer 2015,Active,0,0,5.067279475720147,0.25076990475068445
862,Teleport,Summer 2015,Active,0,0,2.0152229665982286,0.04988271599526914
31538,flowscope,Spring 2026,Active,0,0,1.4104080004950579,0.11049125207727184
30368,Red Barn Robotics,Winter 2025,Active,0,0,3.147064195164882,0.27902847656104696
31465,Aseon Labs,Spring 2026,Active,0,0,3.350342318364223,0.24339009610073023
764,GiveMeTap,Winter 2015,Active,0,0,5.557894407175953,0.09724147331040804
27844,Cloudchipr,Winter 2023,Active,0,0,4.393110982910897,0.011169257490699525
836,Valor Water Analytics,Winter 2015,Acquired,0,0,1.5819992461591916,0.3486864427177345
714,Hive,Summer 2014,Active,0,0,5.3054468331536,0.18255380704590213
28829,DataShare,Summer 2023,Active,0,0,0.3300369859428621,0.18056522757620075
1819,Gainful,Winter 2018,Active,0,0,6.0375985768200895,0.20653475319929815
31296,Unifold,Winter 2026,Active,0,0,4.552345675741322,0.22730795527754577
218,Embedly,Winter 2010,Acquired,0,0,3.181625715006453,0.038810779926406275
13215,Medicare Vox (fka Fair Square),Winter 2020,Active,0,0,0.2313754820889418,0.2467029817319047
23445,Blink,Winter 2021,Inactive,0,0,4.455824047896549,0.34445438344870877
1594,Bloom Institute of Technology,Summer 2017,Active,0,0,5.695248947084423,0.21438150011953575
27052,Quindar,Summer 2022,Active,0,0,2.2150495201017653,0.20090947030658915
1662,Skyscrape,Summer 2017,Active,0,0,2.522342286174469,0.17580021836370616
12251,Emi Labs,Winter 2019,Active,0,0,3.729124491076058,0.04900628912418598
21856,Charityvest,Summer 2020,Acquired,0,0,5.6790594661941265,0.3420719157856664
11943,Kalshi,Winter 2019,Active,0,0,6.138397789471604,0.18365404056037027
11937,Insight,Winter 2019,Acquired,0,0,5.624931055251441,0.11925642652583159
30221,A1Zap by A1Base,Winter 2025,Active,0,0,5.254180226239775,0.2682377973689017
1920,Mylk Guys,Summer 2018,Inactive,0,0,5.820571856595496,0.12146147445101138
30645,Panels,Summer 2025,Active,0,0,0.7694730894217321,0.18106333684825232
352,View3,Winter 2007,Inactive,0,0,3.162066937814845,0.38053580632318523
21883,Speedscale,Summer 2020,Active,0,0,2.015629141224633,0.3311759839158949
1928,Spero Foods,Summer 2018,Inactive,0,0,2.0199214109832875,0.06876050275330192
22846,Lalabox,Winter 2021,Inactive,0,0,4.613454425938473,0.2222494677592042
30860,Alt-X,Winter 2026,Active,0,0,0.5192009778962524,0.10274411235655527
1776,Curious Fictions,Winter 2018,Inactive,0,0,5.442746334901615,0.30568503708095857
989,Tovala,Winter 2016,Active,0,0,4.281549846285996,0.206441588131462
22854,Topkey,Winter 2021,Active,0,0,4.987543473859269,0.23480527530632617
29021,Fragment,Summer 2023,Acquired,0,0,3.6852848540678442,0.23642019831571753
1606,Gameday,Summer 2017,Inactive,0,0,5.094254062011593,0.23491800070540694
29749,Biocartesian,Summer 2024,Active,0,0,1.5827168771478661,0.2706794106781728
24913,Beau,Summer 2021,Active,0,0,4.592298830863721,0.23839725714576016
13481,Thndr,Summer 2020,Active,0,0,4.820289191676238,0.1514878129527164
31560,Intelligence Factory,Spring 2026,Active,0,0,2.8812442896414225,0.12917304231516766
22581,Atrato,Winter 2021,Active,0,0,4.914855634515567,0.38674837072309814
13642,Yassir,Winter 2020,Active,0,0,5.060026045921635,0.27840132156399533
13157,Weav,Winter 2020,Acquired,0,0,4.438191205223759,0.20749730707830866
27710,Hammr,Winter 2023,Active,0,0,3.7064491252671035,0.30269419333538244
783,ReSchedule Med,Winter 2015,Inactive,0,0,5.514268671205944,0.4112291884469413
21864,Farmako Healthcare,Summer 2020,Active,0,0,5.486188065916998,0.25125411375421713
30249,HealthKey,Winter 2025,Active,0,0,0.43172880717071305,0.34560998829179124
25778,Take App,Winter 2022,Active,0,0,4.818840889556309,0.2665027720125265
997,Mio,Winter 2016,Active,0,0,4.65748724709206,0.14458620849307566
22617,Serna Bio,Winter 2021,Active,0,0,0.4797895450419971,0.10029909194145491
31100,Sentrial,Winter 2026,Active,0,0,1.4241886542220394,0.32331410281571693
25660,PayCaddy,Winter 2022,Active,0,0,4.983794674122866,0.23645302576873609
26781,CodeCrafters,Summer 2022,Active,0,0,6.202025105698183,0.08630346061292293
29591,Synnax,Summer 2024,Active,0,0,2.197672604785546,0.5383653289798324
31054,ARC Prize Foundation,Winter 2026,Active,0,0,0.925213452338369,0.3742792115072693
22771,Avenue,Winter 2021,Acquired,0,0,1.8555037980012636,0.06578180252665293
1059,TRAC,Winter 2016,Inactive,0,0,2.8035295132710454,0.029865342665495644
12629,Nonu,Summer 2019,Inactive,0,0,5.077206572803238,0.32883565739702764
27846,PoloTab,Winter 2023,Active,0,0,4.666890750021388,0.2095295877782188
25539,Oto,Winter 2022,Active,0,0,6.18090213129885,0.22942580398435813
27086,AiPrise,Summer 2022,Active,0,0,1.3194663998962897,0.2180067113569357
13347,farmtheory,Winter 2020,Active,0,0,4.49289830102152,0.12181181035765089
496,Swapbox,Winter 2013,Inactive,0,0,4.499025762775047,0.41097406421892
454,Celery,Summer 2012,Inactive,0,0,4.87163569193595,0.27564715600231665
173,TalkBin,Winter 2011,Acquired,0,0,5.252098456044948,0.2218328988715281
29518,Dropback,Winter 2024,Active,0,0,5.6268328968336165,0.26090597159983986
13335,Kosh,Winter 2020,Active,0,0,0.036805125819168505,0.17123941745969795
27898,Overlord,Winter 2023,Active,0,0,6.170067154207758,0.2755237415157887
30890,AnswerThis,Fall 2025,Active,0,0,0.7642481188610941,0.2882619129380009
29709,Substrate,Summer 2024,Active,0,0,3.924191486636808,0.08614760281951447
24531,TransAstra Corporation,Summer 2021,Active,0,0,2.0380005268402632,0.09231265467277563
1062,Cover,Winter 2016,Inactive,0,0,4.648331039517396,0.1574314010612293
12371,Buy Me a Coffee,Winter 2019,Active,0,0,4.750170064509966,0.2778024087685328
898,Reach,Summer 2015,Active,0,0,1.8323803931627132,0.12504642322455756
25913,Trueplace,Winter 2022,Active,0,0,5.977522194958466,0.18743464368246576
23229,Pyroscope,Winter 2021,Acquired,0,0,1.6206321821307312,0.27651468854270833
607,HoverChat,Winter 2014,Inactive,0,0,4.764399524244467,0.27498410807572155
29271,DGI Apparel,Winter 2024,Inactive,0,0,4.591004706111847,0.2212696303615991
1510,FastJVM,Winter 2017,Active,0,0,2.717831339972044,0.10273627479623153
12876,GitStart,Summer 2019,Active,0,0,4.855963774647763,0.04604714266374439
1604,Pathrise,Summer 2017,Inactive,0,0,5.589969800436142,0.25250009526544004
31522,Gravy,Spring 2026,Active,0,0,4.899718890605487,0.29650296388394287
1885,Penta Medical,Summer 2018,Inactive,0,0,1.5241786360989673,0.11412243899194947
23085,Launcher Labs,Winter 2021,Inactive,0,0,5.467680140970934,0.08244902738379936
23304,Moonshot Brands,Winter 2021,Inactive,0,0,5.124981424627442,0.043845199380147096
21947,Daybreak Health,Summer 2020,Active,0,0,6.168896493829926,0.39435458936955436
12053,Mobot,Winter 2019,Active,0,0,2.7903135685133336,0.2824660722121339
30837,AirCaps,Fall 2025,Active,0,0,6.130129521589195,0.13822703590723262
12009,Visly,Winter 2019,Acquired,0,0,1.9972494814663182,0.16874660604543928
29851,"Diode Computers, Inc.",Summer 2024,Active,0,0,2.6748303704704433,0.30715756091352897
12056,Intact Therapeutics,Winter 2019,Active,0,0,0.8722351846861462,0.07436342424426713
327,Disqus,Summer 2007,Acquired,0,0,6.122565174224613,0.11955918522953787
22987,Darrow,Winter 2021,Active,0,0,0.8014705279418083,0.1747530833436454
22246,Byte,Summer 2020,Inactive,0,0,4.929274786581475,0.26646857211541286
22783,YourQuote,Winter 2021,Inactive,0,0,5.643192810320165,0.15858818230592459
30036,Rulebase,Fall 2024,Active,0,0,0.42559976776576514,0.1349707524516216
1032,Castle,Winter 2016,Active,0,0,4.518612110888224,0.08870820686575098
23461,Outfit,Winter 2021,Inactive,0,0,3.9060539648214805,0.2947283137368762
30062,Karmen,Fall 2024,Active,0,0,4.078388267787683,0.14111994158451205
25542,Elementary,Winter 2022,Active,0,0,1.4401462416795447,0.30383125358816326
41,LendUp,Winter 2012,Inactive,0,0,5.910866758639938,0.25293440497359104
664,Clear,Summer 2014,Active,0,0,5.219620040880894,0.08937616522506316
415,FundersClub,Summer 2012,Active,0,0,5.593573983127274,0.1817229411554617
29302,Verse Therapy,Winter 2024,Acquired,0,0,5.640461847322782,0.38704801016919893
99,Pagelever,Summer 2011,Acquired,0,0,0.3489051169453179,0.15584345886759624
22975,Noble,Winter 2021,Inactive,0,0,0.9550478124359899,0.10697619598117361
12839,Tranqui Finanzas,Summer 2019,Active,0,0,5.6853312312672735,0.16416575790441632
1943,Ixora,Summer 2018,Inactive,0,0,4.517901001720797,0.13496288988518057
1979,Canary Technologies,Summer 2018,Active,0,0,4.945603607902208,0.1819838970717522
28794,Ohmic Biosciences,Summer 2023,Active,0,0,1.589147188485586,0.3808770140947595
31077,Panta,Winter 2026,Active,0,0,5.46233587128413,0.08029514575601546
27946,Pointwise,Winter 2023,Active,0,0,0.01690155183259594,0.18076931297918092
1087,Modal,Winter 2016,Inactive,0,0,4.1977912547914,0.1651983736679236
939,Xfers,Summer 2015,Acquired,0,0,4.8574094504930505,0.2001361998684898
31325,Surtr Defense Systems,Spring 2026,Active,0,0,2.23758517579326,0.21090373815451666
727,Front,Summer 2014,Active,0,0,5.243865559768969,0.29698550032171156
31123,21st,Winter 2026,Active,0,0,6.133706071808739,0.04163853162236791
1833,SafetyWing,Winter 2018,Active,0,0,5.933897294464359,0.16627762488668194
627,Terravion,Winter 2014,Inactive,0,0,0.7486939239780299,0.17148957576694793
1640,RideAlong,Summer 2017,Inactive,0,0,5.859657120607792,0.27811190345131553
154,Hyperink,Winter 2011,Inactive,0,0,5.7383250209398,0.1976775601757883
24139,REPROSENT,Summer 2021,Active,0,0,6.140888992440421,0.40515402386527016
26764,Tranch,Summer 2022,Acquired,0,0,4.460701827683683,0.16686520806163305
1652,Piggy,Summer 2017,Inactive,0,0,5.618181666626258,0.14737402353312024
13195,Zaam,Winter 2020,Inactive,0,0,4.874158924315752,0.10673352306143864
27958,Noya Software,Winter 2023,Active,0,0,1.9948438007120668,0.045509095849929154
725,Zoomer,Summer 2014,Inactive,0,0,4.6654202318655,0.27767751054426193
1799,Meson,Winter 2018,Inactive,0,0,4.355113721545106,0.18603812538348424
30348,SAMMY Labs,Winter 2025,Active,0,0,0.8442554009497395,0.1868243529501053
1246,New Incentives,Summer 2016,Active,0,0,5.756653752167765,0.3132315192400396
23968,Archbee,Summer 2021,Active,0,0,5.752361069799204,0.29143012356973674
308,MightyQuiz,Winter 2008,Inactive,0,0,6.19524620156396,0.14076137378010192
31260,Copperlane,Winter 2026,Active,0,0,4.330828761097839,0.07713667885847403
1613,Sixty,Summer 2017,Inactive,0,0,5.449763523735767,0.18373383817077704
1993,Momentus,Summer 2018,Public,0,0,4.012734602256361,0.12486288938049266
331,Splashup,Summer 2007,Inactive,0,0,4.70078506306559,0.16548976507622826
23842,Hedgehog,Summer 2021,Inactive,0,0,5.45509000183197,0.14738920271940953
735,Ravti,Summer 2014,Acquired,0,0,2.5299448590311293,0.18223524550850437
24587,Aer,Summer 2021,Acquired,0,0,0.07066525716011056,0.15849064082664327
1508,Neema,Winter 2017,Inactive,0,0,5.036223361415036,0.14973335892639286
12242,AccioJob,Winter 2019,Active,0,0,5.493904443020182,0.2221654439264857
182,Simperium,Summer 2010,Acquired,0,0,5.076227769626048,0.13267719528976113
29776,SchemeFlow,Summer 2024,Active,0,0,1.4981927246581914,0.500140451804641
27964,nunu.ai,Winter 2023,Active,0,0,0.8343444202467033,0.1700143461718473
29789,Paasa,Summer 2024,Active,0,0,5.7562934923687665,0.25748287325959246
25381,TeamOut,Winter 2022,Active,0,0,5.324674451201966,0.30794776910379856
30944,Prism,Spring 2026,Active,0,0,0.9227692874969802,0.07386135034948474
31414,Drip,Spring 2026,Active,0,0,4.9763453824890505,0.26756269490393786
30014,Clarus,Fall 2024,Active,0,0,6.212542505785751,0.313002788667971
23613,MagicBell,Winter 2021,Active,0,0,4.997020273252,0.2136647628986327
25516,Emigre,Winter 2022,Inactive,0,0,5.7990347496285235,0.20778491467691246
2033,Kinside,Summer 2018,Acquired,0,0,5.058739959230136,0.3042978658015455
1728,Torch,Winter 2018,Active,0,0,5.99391789770834,0.18213927181211412
22671,SigNoz,Winter 2021,Active,0,0,1.2542049189335096,0.2779140236125894
26032,Reviving Mind,Winter 2022,Active,0,0,6.2673034669051155,0.45491017904431597
28180,Texel.ai,Winter 2023,Active,0,0,2.4331128170503726,0.19699321882846493
29796,Finosu,Summer 2024,Active,0,0,4.958198361934855,0.17609729796845527
13350,TagMango,Winter 2020,Active,0,0,5.316354557425286,0.11687514070839486
12841,Heru,Summer 2019,Active,0,0,4.307231255594909,0.11069206999165512
13159,Openbase,Summer 2020,Inactive,0,0,0.4213148826268598,0.16390009351425766
22001,Tydo,Summer 2020,Inactive,0,0,1.2779754745440308,0.12840387914458837
502,CrowdMed,Winter 2013,Inactive,0,0,0.07356047037531939,0.2758620825612296
22141,SafeBase,Summer 2020,Acquired,0,0,0.32743770072428974,0.1727022300250914
1183,NuCypher (aka Threshold Network),Summer 2016,Active,0,0,5.626473343277407,0.20030253115422436
25677,Posh,Winter 2022,Active,0,0,2.0967312890609158,0.14119863768058552
33023,Levocred AI,Summer 2026,Active,0,0,5.861570273969851,0.018364405479914025
12373,Shipper,Winter 2019,Active,0,0,4.6024307248471805,0.2528984552485133
1067,NURX,Winter 2016,Acquired,0,0,6.040768577241774,0.17772334352866465
28007,Milio,Winter 2023,Active,0,0,4.551928211156206,0.11041620801358135
25814,Duplo,Winter 2022,Active,0,0,4.872821022223588,0.25159244698388167
22902,Verak,Winter 2021,Acquired,0,0,4.256874635924083,0.06049945857633932
273,reMail,Winter 2009,Acquired,0,0,0.009917316029423418,0.08750165373412083
1621,Advano,Summer 2017,Active,0,0,1.4748995176497692,0.23914756082377625
23845,Agapé,Summer 2021,Active,0,0,5.7631962963963295,0.25727971362836166
27164,autone,Summer 2022,Active,0,0,3.402119290119599,0.06341992737341974
23952,Yummy,Summer 2021,Active,0,0,4.791178019236442,0.3250638535366457
31233,Chasi,Winter 2026,Active,0,0,3.1888112545418825,0.23784659776901346
31058,Eos AI,Winter 2026,Active,0,0,0.49950731022356487,0.3110778407746589
195,Upbeat,Summer 2010,Inactive,0,0,6.0245650612940675,0.1496443338123262
27262,Pivo Technology Inc,Summer 2022,Inactive,0,0,4.579011698150804,0.17272834232517487
29637,Flyflow,Summer 2024,Inactive,0,0,6.274425941344286,0.033982042357311525
30527,MindFort,Spring 2025,Active,0,0,1.8453073839184686,0.1751707063694586
31101,LegalOS,Winter 2026,Active,0,0,0.17400982892566733,0.19080915313874186
504,Coin,Winter 2013,Acquired,0,0,4.443598515687908,0.07831732523632937
31127,Tepali,Winter 2026,Active,0,0,5.972861999510544,0.07423661612055038
12867,Vorticity,Summer 2019,Active,0,0,1.6694918917742452,0.32420902440013205
1460,LitHit,Winter 2017,Inactive,0,0,1.1570697436466415,0.0605146962877727
30740,Metis,Summer 2025,Acquired,0,0,2.181408134855369,0.09401320971247593
24354,Cartpanda,Summer 2021,Active,0,0,4.936596706664589,0.1841757039480326
31159,Sponge,Winter 2026,Active,0,0,4.977470880339695,0.24314162536033515
311,Heroku,Winter 2008,Acquired,0,0,5.31017838515761,0.1348497335630025
22935,Aurabeat,Winter 2021,Active,0,0,1.7745502148331855,0.14331589890728458
31208,Oximy,Winter 2026,Active,0,0,0.7384747984405899,0.2536952276357204
13164,Edlyft,Winter 2020,Inactive,0,0,5.820362474660069,0.20617468584253953
1048,Plato,Winter 2016,Acquired,0,0,6.007578816762835,0.2791481146320319
26053,Powerhouse AI,Winter 2022,Active,0,0,3.231957507529283,0.29843347339829723
26898,Diversion,Summer 2022,Active,0,0,0.9802381734375607,0.04013624719753052
22955,Coderhouse,Winter 2021,Active,0,0,5.760529027078733,0.4236288467927413
27840,Alloy,Winter 2023,Active,0,0,2.2481758454182796,0.2584368352357844
141,Tumult,Winter 2011,Active,0,0,3.4506677116968727,0.04759564750913435
24096,AppX,Summer 2021,Active,0,0,5.666295862807596,0.2618017388949022
392,LeanMarket,Summer 2012,Inactive,0,0,0.8190756793714314,0.09579831471568498
13050,Kaiten,Winter 2020,Active,0,0,4.464176362519881,0.20373839709368907
28825,Solve Intelligence,Summer 2023,Active,0,0,0.7268827409857711,0.27951439201769357
548,One Month,Summer 2013,Inactive,0,0,5.471136743933394,0.26405655161081926
1073,Pathmind,Winter 2016,Inactive,0,0,1.9604162568819685,0.22606020778657288
59,Priceonomics,Winter 2012,Acquired,0,0,0.48119216848935215,0.09691043940253043
29820,Kontigo,Summer 2024,Active,0,0,5.767609305410749,0.25433763710596025
80,Debteye,Summer 2011,Acquired,0,0,5.282628675498858,0.26283020897674203
21959,Stacker,Summer 2020,Active,0,0,4.7013514647519905,0.13582572146622834
23421,Somos,Winter 2021,Active,0,0,2.195691940661451,0.048278543787155584
30520,Synthetic Society,Summer 2025,Active,0,0,1.430355673306669,0.10025490471989507
29982,Bits to Atoms,Summer 2024,Active,0,0,3.527491483371427,0.08623119622454875
26054,Circular,Winter 2022,Active,0,0,4.545078564008145,0.1243558115897113
24597,Filta,Summer 2021,Active,0,0,3.731731480300463,0.09638221006094634
465,Thread,Summer 2012,Inactive,0,0,4.4099192445894495,0.1837599648556891
940,Traversal Networks,Summer 2015,Inactive,0,0,1.431351864207682,0.29945837915590906
1280,Emote,Summer 2016,Active,0,0,5.995047913348537,0.3021084071618945
344,Weebly,Winter 2007,Acquired,0,0,5.04439604870099,0.23437563519416632
31275,Polymorph,Winter 2026,Active,0,0,0.8671745490630339,0.16366898900259322
355,Xobni,Summer 2006,Acquired,0,0,5.614938731125692,0.1516432353070034
27157,Levers,Summer 2022,Active,0,0,4.2105693907424815,0.2381367705266564
572,Abacus,Winter 2014,Acquired,0,0,5.199105135171227,0.13124844596554733
27874,Relace,Winter 2023,Active,0,0,2.6240901237424685,0.07712259093063567
22272,Finch,Summer 2020,Active,0,0,5.9130468277806925,0.07131838868721531
11930,Brick Health,Winter 2019,Inactive,0,0,5.7073408394615,0.15591570516423067
27819,FlexWash,Winter 2023,Active,0,0,3.5288694465552974,0.28903266860422633
284,Cloudant,Summer 2008,Acquired,0,0,6.164260087313458,0.159420557704294
914,GiveCampus,Summer 2015,Active,0,0,5.641112790211322,0.42623540541261834
12829,Gotrade,Summer 2019,Active,0,0,5.395951336606903,0.26477434944505085
24857,Café,Summer 2021,Active,0,0,5.307089115481936,0.38912152417379176
22207,inSoma Bio,Summer 2020,Active,0,0,3.932776289478705,0.11901983134351247
13610,Belvo,Winter 2020,Active,0,0,6.200906274689366,0.06570166048607438
23264,Eat Blueprint,Winter 2021,Inactive,0,0,5.860883472652325,0.14454617297219008
805,Lucira Health,Winter 2015,Public,0,0,1.2496990729762987,0.3508291687918825
12579,Encepheal Therapeutics,Summer 2019,Inactive,0,0,0.2807989071830809,0.2355822099278458
394,Statwing,Summer 2012,Acquired,0,0,0.7061104158191951,0.2354667337980513
983,VINEBOX (Usual Beverage Co.),Winter 2016,Inactive,0,0,5.004818555335821,0.1601922372410515
1223,Metapacket,Summer 2016,Inactive,0,0,1.8628296234708448,0.10136545841806079
28070,Clad,Winter 2023,Active,0,0,3.3157417340881703,0.12329587020822586
687,MetricWire,Summer 2014,Active,0,0,1.4016593854345145,0.34096003986092227
31366,Nine Fives,Spring 2026,Active,0,0,1.9961176340620315,0.42392903753886424
12560,Shift Health,Summer 2019,Active,0,0,4.65614916527305,0.1880613071082849
1044,Apollo.io,Winter 2016,Active,0,0,0.2178983601312772,0.23434104566856181
110,MixRank,Summer 2011,Active,0,0,1.1942033185450678,0.1466838024400108
506,Kalibrr,Winter 2013,Acquired,0,0,5.164556328657635,0.12728892796680102
1972,BHRD,Summer 2018,Inactive,0,0,6.0743241138211195,0.36647225864859545
31543,CentralComs,Spring 2026,Active,0,0,4.8449304637631485,0.10555416546668404
25789,SaveIN,Winter 2022,Active,0,0,5.897355622663414,0.29467979585802057
30966,Karumi,Fall 2025,Active,0,0,5.1780734562755715,0.14411411524822046
1595,Leon & George,Summer 2017,Active,0,0,4.962498015486181,0.19910511570777725
978,Stealth Worker,Winter 2016,Active,0,0,0.5337069950329958,0.19141466450102582
1841,Zyper,Winter 2018,Acquired,0,0,5.929459504367444,0.14258492847780949
21896,TANGObuilder,Summer 2020,Inactive,0,0,2.545458454202948,0.29827285307846174
959,PlateJoy,Summer 2015,Acquired,0,0,0.09199715466133206,0.12369814191057325
12669,Data Mechanics,Summer 2019,Acquired,0,0,2.5891646423074217,0.2227998785632827
867,Jopwell,Summer 2015,Acquired,0,0,5.715927789726374,0.3633254905788932
25560,Stock Unlock,Winter 2022,Active,0,0,5.3420664545296175,0.12690857889782584
21777,Depict,Summer 2020,Active,0,0,4.800567801356799,0.03393932040871397
25174,GrowthBook,Winter 2022,Active,0,0,1.0205053804557809,0.1938121093859367
22084,Arketa,Summer 2020,Active,0,0,5.459750106268356,0.3458305956499817
561,Lumoid,Summer 2013,Acquired,0,0,2.5653352127424274,0.11710628927777604
239,Listia,Summer 2009,Active,0,0,4.710084849513004,0.28493880100004054
24883,Amenli,Summer 2021,Active,0,0,5.5555793420484365,0.18200265182801725
21795,QuestDB,Summer 2020,Active,0,0,1.5911965031605972,0.13769602389558488
24038,FrontPage,Summer 2021,Active,0,0,5.551425505623734,0.30393024831451354
31280,Rubric AI,Winter 2026,Active,0,0,1.7957430958110407,0.13699608256855936
13414,Raycast,Winter 2020,Active,0,0,2.5687133969928504,0.1192938179988523
29810,bluedoor,Summer 2024,Active,0,0,3.8872709951557067,0.02374225064091073
22267,Parrot Software 🦜,Summer 2020,Active,0,0,4.726072434773357,0.2339493397930378
40,Amplitude,Winter 2012,Public,0,0,0.9092676889133265,0.28580413526052595
30100,Alex,Fall 2024,Active,0,0,4.564238208407551,0.12073391951127704
25444,Touch and Pay Technologies Limited,Winter 2022,Active,0,0,4.522218233207192,0.18907147899670443
21996,Plerk,Summer 2020,Acquired,0,0,5.293949087367686,0.24812471841222228
29304,Yoneda Labs,Winter 2024,Active,0,0,1.641564702763722,0.3285872615282452
1519,Hogaru,Winter 2017,Active,0,0,4.264783973418535,0.32839692185206293
31086,"Prescience, Inc.",Summer 2026,Active,0,0,0.4664055814977854,0.2804128637347163
194,Leftronic,Summer 2010,Acquired,0,0,1.2655327789850999,0.1609936449767037
29406,ACX,Summer 2024,Active,0,0,1.1035095223165208,0.24507207564516817
26751,Signatur Biosciences,Summer 2022,Active,0,0,1.4813392926762838,0.43428633208850376
523,Standard Treasury,Summer 2013,Acquired,0,0,5.57195783865995,0.1266900114587215
4940,Wave,Winter 2012,Active,0,0,4.522162827318136,0.18265360446153822
25404,Castia,Winter 2022,Inactive,0,0,5.241108151767858,0.2893511278167978
1200,Joy,Summer 2016,Active,0,0,5.554253132300115,0.18700899558558057
23271,Ziina,Winter 2021,Active,0,0,4.995406023914114,0.2868694847353473
25657,Complete,Winter 2022,Active,0,0,5.5592649151766125,0.2773671135332766
31066,Payna,Winter 2026,Active,0,0,6.0356399192879415,0.10587457777079572
29276,Carousel Technologies,Winter 2024,Active,0,0,4.93207702477873,0.09865096552295587
1189,Sixa,Summer 2016,Inactive,0,0,4.424325793890322,0.11477738081669021
31511,Arzana,Spring 2026,Active,0,0,3.535010238031686,0.21390906573501606
30417,GroundControl,Spring 2025,Active,0,0,2.716293688604413,0.4532997138943091
21800,Seam,Summer 2020,Active,0,0,3.452166883911741,0.17738197669742795
478,VaycayHero,Winter 2013,Acquired,0,0,5.128253300071238,0.2906117576070444
30924,Casey,Fall 2025,Active,0,0,5.336852663907541,0.10835745894335537
30021,telli,Fall 2024,Active,0,0,5.363276720576427,0.14682661706778352
23945,Talus Bio,Summer 2021,Active,0,0,1.2089220270018597,0.30626995999830353
24006,Karbon Card,Summer 2021,Active,0,0,5.686942086779895,0.15074823120616426
25344,Proper,Winter 2022,Acquired,0,0,4.483266973940059,0.09007622781109295
12525,Dex,Summer 2019,Active,0,0,5.569242764093625,0.220478706922258
25978,Fleek,Winter 2022,Active,0,0,4.389457224768755,0.2594044857128357
25144,StafBook,Winter 2022,Active,0,0,5.029506929439565,0.3725316103561809
12263,Rune,Winter 2019,Active,0,0,5.524503165103962,0.19080111846993345
24195,Tarsal,Summer 2021,Acquired,0,0,2.4566673627740983,0.0841604682901707
26720,TrueBiz,Summer 2022,Active,0,0,0.6795202992662281,0.08039910028152082
25911,Cypher,Winter 2022,Active,0,0,5.301704748299901,0.23116009176986943
31459,Zibra Labs,Spring 2026,Active,0,0,1.3431502083423121,0.05371762817573845
22720,Smartcuts,Winter 2021,Active,0,0,3.576980745033352,0.32229753417484547
29966,Mica AI,Summer 2024,Active,0,0,2.715212380964787,0.29129080809696023
24746,Atlas,Summer 2021,Active,0,0,4.733215579695484,0.12473891027053867
12580,Voyage Biomedical,Summer 2019,Acquired,0,0,1.4789708369025816,0.08395041471802345
319,YumDots,Winter 2008,Inactive,0,0,5.6453693685642,0.11963470811846066
166,TrustEgg,Winter 2011,Inactive,0,0,5.75202143596309,0.32811098171588443
29463,Penciled,Winter 2024,Active,0,0,4.975035496822129,0.2958594502315958
13205,Logarithm Labs,Winter 2020,Active,0,0,2.618995071584226,0.19290272577932496
30723,Miso Labs,Spring 2026,Active,0,0,1.383057670147711,0.1279630031402949
22867,Procoto,Winter 2021,Acquired,0,0,5.587892576276461,0.1491766439974285
22054,Farel,Summer 2020,Active,0,0,4.701973635773921,0.11555648092808145
634,Zinc,Winter 2014,Active,0,0,3.963860228817924,0.19445190623424477
1304,Reebeez,Summer 2016,Inactive,0,0,2.302008365520924,0.2524982222400692
482,Fivetran,Winter 2013,Active,0,0,3.180271948693658,0.1818886729157472
29512,Reprompt,Winter 2024,Active,0,0,0.06024504899458631,0.03239899395692532
136,TellFi,Winter 2011,Inactive,0,0,4.855985239225445,0.2851080314486431
947,Maderight,Summer 2015,Inactive,0,0,3.455901455486299,0.26747968944987455
30742,Sira,Summer 2025,Active,0,0,4.874626594603246,0.23730177854943707
29484,Haplotype Labs,Winter 2024,Active,0,0,0.768724188928899,0.3574863328226877
1695,disclosures.io,Summer 2017,Acquired,0,0,5.850347337427006,0.08174314856446202
31307,Wideframe,Winter 2026,Active,0,0,4.201733347122502,0.1316773146816305
2011,Helicarrier (prev Buycoins),Summer 2018,Active,0,0,4.75125454638847,0.2019995298861864
23632,NextPay,Winter 2021,Active,0,0,5.313812973321837,0.2501500337015391
31111,Envariant,Winter 2026,Active,0,0,1.1050913843180146,0.2684789293149027
29465,Polar,Winter 2024,Active,0,0,5.091999759951343,0.21270162585806504
28098,Resend,Winter 2023,Active,0,0,0.427876811096217,0.12482618638368442
12654,Bouncer,Summer 2019,Acquired,0,0,1.3583107101120568,0.05130801743946469
1468,Nuvola,Winter 2017,Active,0,0,2.5755605108105897,0.14665585795947808
12278,Verto,Winter 2019,Active,0,0,4.339053016860603,0.138012765769565
12136,AmpUp,Winter 2019,Active,0,0,3.2950645856902177,0.11229556415278183
442,Zapier,Summer 2012,Active,0,0,4.013867790719468,0.2634525118014448
1870,Qulture.Rocks,Winter 2018,Acquired,0,0,6.22121590126531,0.10357241190623423
125,Rentobo,Summer 2011,Inactive,0,0,4.680505868536876,0.22244337775534784
1095,PhysioHealth,Winter 2016,Inactive,0,0,0.219090579599813,0.2663963555423062
28865,Hegel AI,Summer 2023,Active,0,0,1.1529449877824542,0.12856998457262014
48,99dresses,Winter 2012,Inactive,0,0,4.9407157457110245,0.35338601933890884
29261,malibou,Winter 2024,Active,0,0,5.240984920788965,0.17228531427954738
12249,Spring in Africa,Winter 2019,Active,0,0,6.25154345782881,0.1281597238938913
31365,Incandor,Spring 2026,Active,0,0,1.408675963808687,0.2101390339695739
142,Earbits,Winter 2011,Acquired,0,0,5.3766222424497165,0.17490711160909073
31536,Gigacatalyst,Spring 2026,Active,0,0,6.15860750748153,0.06852875968160264
25271,Alfie,Winter 2022,Acquired,0,0,0.15206990414751598,0.1369004348999306
22050,Skio,Summer 2020,Acquired,0,0,5.025708656109211,0.24193844247841972
87,Cryptoseal,Summer 2011,Acquired,0,0,5.3894264811546915,0.29933338748383753
24624,Luable,Summer 2021,Active,0,0,5.08340454824489,0.2816455900281087
956,Nebia,Summer 2015,Acquired,0,0,1.8883355360084644,0.14563050484744838
13523,99minutos,Winter 2020,Active,0,0,4.571533561409422,0.32151153549828376
31064,Origin,Winter 2026,Active,0,0,0.8046910704089248,0.29285111952560894
21984,Oico,Summer 2020,Inactive,0,0,3.959380922241161,0.22993382084224984
1072,Silver,Winter 2016,Inactive,0,0,1.7883926949105895,0.36019128363333375
29658,RetroFix,Summer 2024,Active,0,0,3.387442198628687,0.22459873532808877
31442,AICE,Spring 2026,Active,0,0,2.4803250505655283,0.21245654905860814
31084,Klaus AI,Winter 2026,Active,0,0,4.910211403814314,0.22278320237324914
88,Segment,Summer 2011,Acquired,0,0,1.3700093293834552,0.012700862774161777
23302,Kidato,Winter 2021,Active,0,0,5.719288111840425,0.5438399493383668
12533,Lofty,Summer 2019,Active,0,0,5.100550291687384,0.21932609561326744
24629,Filadd,Summer 2021,Active,0,0,5.826003865418421,0.4972559323720947
30704,Albacore Inc.,Summer 2025,Active,0,0,2.6584948108326136,0.23281179312789488
1479,Wavy,Winter 2017,Acquired,0,0,5.762171406883524,0.12163557396060957
31136,Scheduling Wizard,Winter 2026,Active,0,0,5.3169639309597265,0.2805992830779536
889,Confident LIMS,Summer 2015,Active,0,0,1.0077001278961712,0.24694373902565603
27957,Infinia,Winter 2023,Active,0,0,4.692863286115639,0.13341816144915386
13482,Swipe Technologies,Winter 2020,Active,0,0,4.24862334331275,0.19799033595782864
509,Logiblock,Winter 2013,Inactive,0,0,1.620731789713526,0.1285856244875039
196,Opzi,Summer 2010,Inactive,0,0,6.267518543718733,0.2194620276846091
24828,Sitenna,Summer 2021,Active,0,0,1.1789856033944555,0.09376772770820359
25905,Bracket,Winter 2022,Acquired,0,0,3.9289193090881107,0.21795500604686
22775,Charge Running,Winter 2021,Inactive,0,0,5.392109434709622,0.36472046274852915
24460,Hera,Summer 2021,Inactive,0,0,5.70852627619087,0.3201666571532647
46,BarSense,Winter 2012,Inactive,0,0,5.794700131220279,0.15648388990122022
27151,Solum Health,Summer 2022,Active,0,0,5.685410398118189,0.23657109446799954
30922,Selfin,Fall 2025,Active,0,0,5.882427607795359,0.15467744719024928
1951,Berbix,Summer 2018,Acquired,0,0,1.0756956271379348,0.10934801927759685
1628,Covetly,Summer 2017,Inactive,0,0,4.650847070022497,0.1918666428671089
11965,Preflight,Winter 2019,Acquired,0,0,2.109613831251777,0.3085068462491453
25559,Creizer,Winter 2022,Active,0,0,4.763221698795568,0.21670832700582324
31546,ReasonBlocks,Spring 2026,Active,0,0,2.67026978213969,0.10528300055521483
24150,Hypercore,Summer 2021,Active,0,0,6.020935776220215,0.11921658673394739
1002,UpLabs,Winter 2016,Inactive,0,0,0.16346839362231907,0.09186124631177146
30535,Cotool,Spring 2025,Active,0,0,2.1699258848282694,0.07656199230559846
23412,Axolo,Winter 2021,Active,0,0,0.6326011814153876,0.1290815175612406
219,Creative Market,Winter 2010,Acquired,0,0,5.167629140856878,0.17100510649657152
30127,Loombotic,Fall 2024,Active,0,0,3.455329677072481,0.4865631449339197
1298,Yoshi Mobility,Summer 2016,Active,0,0,3.745757240782949,0.26164724495285857
26869,Sytex,Summer 2022,Active,0,0,1.9232184564116865,0.1325167494150059
1543,Faire,Winter 2017,Active,0,0,4.400746408377784,0.23716371496439972
25779,Nullstone,Winter 2022,Active,0,0,2.8398324877532866,0.07955553119204103
25679,Sero,Winter 2022,Active,0,0,5.713778676420616,0.09834090890752047
23727,Hyperseed,Summer 2021,Inactive,0,0,4.216063586781135,0.2405754034303935
31293,Bloom,Spring 2026,Active,0,0,4.671723529815099,0.12719924638100177
22305,Future Fields,Summer 2020,Active,0,0,2.323790896699251,0.16704341254190716
257,NudgePad,Summer 2009,Inactive,0,0,4.887714731571152,0.07754556583141484
30290,Tire Swing,Winter 2025,Active,0,0,1.44274004327403,0.057262662247051586
12083,Valo,Winter 2019,Active,0,0,2.8749846992175323,0.28493090212696487
24108,V-Flow Medical,Summer 2021,Inactive,0,0,0.9958318175617606,0.19415448052458106
432,OctaveWealth,Summer 2012,Active,0,0,5.435925307818006,0.25178716557431613
28858,CraftOS,Summer 2023,Inactive,0,0,3.855970539427364,0.19095255544418566
23969,Baraka,Summer 2021,Active,0,0,5.620049257808164,0.2064540595844675
30514,Scalar Field,Spring 2025,Active,0,0,1.5568727249261058,0.09726410884703257
27854,Suger,Winter 2023,Active,0,0,6.134837028899977,0.10310176897885429
24679,idemeum,Summer 2021,Active,0,0,0.969004423258687,0.20350294295927904
24378,Mergent,Summer 2021,Active,0,0,4.447267541830808,0.24460786730781134
21802,Rume,Summer 2020,Inactive,0,0,5.158356142426313,0.22599148899545404
227,Zenedy,Winter 2010,Inactive,0,0,5.557333664398184,0.2539275489562215
27153,UpLink,Summer 2022,Acquired,0,0,0.4873114761238997,0.13668127271076527
1459,Soomgo,Winter 2017,Acquired,0,0,5.053736378423964,0.35257087956165317
24859,Synder,Summer 2021,Active,0,0,4.453798543460612,0.19231366493122387
26812,Hype,Summer 2022,Active,0,0,5.132040555862254,0.18676266372321823
13198,Talyn Air,Winter 2020,Acquired,0,0,3.0461329482734656,0.1768085995702835
1946,Easol,Summer 2018,Active,0,0,4.82856773564462,0.22156594774813637
11977,MedCrypt,Winter 2019,Active,0,0,1.417308964768228,0.19710474773035422
23860,Positional,Summer 2021,Acquired,0,0,1.2073580105698305,0.09733731149732974
920,Locent,Summer 2015,Inactive,0,0,5.136171182797408,0.28994968428694584
784,Shift Messenger,Winter 2015,Inactive,0,0,5.043346111931221,0.4263791734404445
1458,BloomAPI,Winter 2017,Active,0,0,5.942200672891316,0.2712841625701403
1538,Voodoo Manufacturing,Winter 2017,Inactive,0,0,3.505705246986404,0.33725193777720003
13321,Junction,Winter 2020,Active,0,0,1.5529056049420444,0.20240695450078128
27269,Morf Health,Summer 2022,Active,0,0,5.320039501046113,0.15342110054989697
172,Storyworth,Winter 2011,Active,0,0,5.317830463090488,0.28126417504146717
103,Verbling,Summer 2011,Acquired,0,0,5.29122758094647,0.3483796741639768
29840,Blaze,Summer 2024,Active,0,0,4.833428754899155,0.15259191238821956
335,Clickpass,Summer 2007,Acquired,0,0,5.68318298316829,0.2744043094661544
30038,Lightscreen AI,Fall 2024,Active,0,0,1.3543320588649523,0.10045532436636007
26413,Medplum,Summer 2022,Active,0,0,0.24200897636333038,0.22067703209256737
23818,Mentorcam,Summer 2021,Inactive,0,0,5.830639404880925,0.43834543913964835
22701,Queenly,Winter 2021,Inactive,0,0,5.141264027820297,0.20615478065942494
477,PayTango,Winter 2013,Inactive,0,0,4.482782188281465,0.30271036419681174
12453,Path,Summer 2019,Inactive,0,0,5.7090721818487085,0.4407755224559979
31440,Mount,Spring 2026,Active,0,0,1.5391373384817084,0.048150928760287336
11927,Canopy (was Encarte),Winter 2019,Active,0,0,4.33349645786562,0.27217762842827303
11979,LEAH Labs,Winter 2019,Active,0,0,0.34015258614827004,0.18432490315305572
12391,ZeroDown,Winter 2019,Acquired,0,0,5.346197506629023,0.180918321193469
270,Volantio,Winter 2009,Active,0,0,5.753762579177432,0.11906595425135397
13219,Dropprint Genomics,Winter 2020,Acquired,0,0,1.0723504198480178,0.3111081140293088
13146,Eternal,Winter 2020,Acquired,0,0,5.223139011296417,0.23412001817098219
1352,Proxy,Summer 2016,Acquired,0,0,5.150420148861763,0.13235927878339102
31530,Avea Robotics,Spring 2026,Active,0,0,3.3586561171463036,0.26892264948940187
1550,Anasen,Winter 2017,Inactive,0,0,0.9024266857559458,0.2821513257359461
525,StackMachine,Summer 2013,Inactive,0,0,3.2740426667237643,0.219589969175464
28933,Aglide,Summer 2023,Active,0,0,5.790990433910889,0.21799420814784404
274,Echodio,Winter 2009,Acquired,0,0,5.411472167862139,0.15601607383588914
1669,Sunu,Summer 2017,Inactive,0,0,1.1424801145156098,0.027860784934601455
21787,Momence,Summer 2020,Acquired,0,0,5.230317637755649,0.4824310305058238
30786,Munify,Summer 2025,Active,0,0,5.0529799807726405,0.2536385256671391
1522,BuyPower,Winter 2017,Active,0,0,4.489995592246551,0.0788196687956005
1005,Truebill,Winter 2016,Acquired,0,0,5.615312694760359,0.08930850685913613
32988,Markov,Summer 2026,Active,0,0,1.2961299772039288,0.10314207140050183
23452,Wasp,Winter 2021,Active,0,0,3.462616349177485,0.0846585972734122
32193,Floracene,Summer 2026,Active,0,0,1.7566049472820378,0.09058394688933342
27194,REVER,Summer 2022,Active,0,0,4.520476283794316,0.13676836189022448
1670,LotusPay,Summer 2017,Acquired,0,0,5.412241521519927,0.17276539287180798
1922,Apprentice Health,Summer 2018,Active,0,0,1.4091551355654806,0.0726952513541521
623,Shopagram,Winter 2014,Inactive,0,0,4.8580399351190575,0.16156832074604338
31468,Chronicle Labs,Spring 2026,Active,0,0,1.2806897555047883,0.179171858659131
176,Chartio,Summer 2010,Acquired,0,0,0.8881817788730524,0.10637801731795771
26754,Novig,Summer 2022,Active,0,0,6.020310477154671,0.19135634544805719
30965,Icarus,Fall 2025,Active,0,0,2.036880393395191,0.11675162123684273
560,StatusPage,Summer 2013,Acquired,0,0,5.977169060268098,0.12067897883118006
25720,Convoy,Winter 2022,Active,0,0,4.451602635447026,0.24072676694543213
27809,EdgeBit,Winter 2023,Acquired,0,0,2.371910005139534,0.20768459311537027
383,Twitch,Winter 2007,Acquired,0,0,5.7230518657611364,0.13846350674569216
1584,Long Term Stock Exchange,Summer 2017,Active,0,0,0.23844830990592714,0.16151821018962756
12648,Flo,Summer 2019,Active,0,0,5.812641575838045,0.2111110744830739
25876,Numida,Winter 2022,Active,0,0,4.82054149096562,0.18788315835205657
1065,FightCamp,Winter 2016,Active,0,0,3.559627708135065,0.13897562895446242
12210,Endpoint Health,Winter 2019,Inactive,0,0,0.7714853276304289,0.28057819340691076
30275,Solidroad,Winter 2025,Active,0,0,0.23292692393224068,0.07005587815150494
31372,Trellis,Spring 2026,Active,0,0,4.641743517491563,0.3169136075862316
12076,Wren,Summer 2019,Active,0,0,5.882876634123753,0.05336695345310254
22659,Lygg,Winter 2021,Active,0,0,1.1215015604967409,0.16846723131433863
49,Authy,Winter 2012,Acquired,0,0,5.525716763280685,0.1900003318252104
31221,Netter,Spring 2026,Active,0,0,0.701905944487912,0.09065490832093312
945,Saida,Summer 2015,Inactive,0,0,4.788728356650932,0.28835897416993145
25278,Pelm,Winter 2022,Inactive,0,0,1.9493699850404238,0.1738992598359658
26726,ilumadata,Summer 2022,Inactive,0,0,2.491445552004984,0.25674771754438486
30556,Cascade Space,Spring 2025,Active,0,0,1.6976112634205163,0.08182564662004821
13216,General Proximity,Winter 2020,Active,0,0,0.2075740990355169,0.15416025291016233
25334,FlowDeploy,Winter 2022,Inactive,0,0,1.2811663550301935,0.1131337404296778
23531,Authologic,Winter 2021,Active,0,0,0.32978796781812125,0.12135255562025381
29287,Paradigm,Winter 2024,Active,0,0,1.3456275868279508,0.03754184761940383
1089,Hingeto,Winter 2016,Acquired,0,0,4.4418270167476095,0.2551985630429247
846,Chariot,Winter 2015,Acquired,0,0,4.782186474217947,0.2275921437836622
350,WriteWith,Winter 2007,Inactive,0,0,5.9435143519349785,0.18766548466174698
13341,Pay Swifter,Winter 2020,Acquired,0,0,4.632603135109596,0.26192519140250853
25117,Uberduck,Winter 2022,Active,0,0,3.2870518492175687,0.08138607475102826
24600,Algofi,Summer 2021,Inactive,0,0,5.1775206174325605,0.06546175469886932
12653,Million Marker,Summer 2019,Active,0,0,1.106446097783834,0.4078206926381993
24083,Rivia.AI,Summer 2021,Active,0,0,6.113652348107078,0.14593702230062205
31254,Sila,Winter 2026,Active,0,0,5.346116510953756,0.18889164672188988
25569,Bifrost,Winter 2022,Inactive,0,0,5.61968605952018,0.21970003040815256
23053,Tilt,Winter 2021,Active,0,0,5.08303559842492,0.21858183533022302
203,Ready For Zero,Summer 2010,Inactive,0,0,5.271362504664359,0.1338358894697343
802,Cleanly,Winter 2015,Active,0,0,4.18807064419738,0.3436930691607034
30210,Conntour,Winter 2025,Active,0,0,1.7334139923899277,0.0966645011085072
31554,Clawvisor,Spring 2026,Active,0,0,5.499150584879345,0.18195144334284916
21815,Jeevam Health,Summer 2020,Inactive,0,0,0.32088673078270946,0.2551379065744748
1905,Xkit,Summer 2018,Inactive,0,0,5.3496731428764335,0.15400151249216967
24398,Arengu,Summer 2021,Acquired,0,0,4.804881730232069,0.1287102894245635
1559,Peer5,Winter 2017,Acquired,0,0,5.644290079826014,0.1293934641715635
575,Two Tap,Winter 2014,Acquired,0,0,4.276117442969438,0.15333327397092175
21998,WareIQ,Summer 2020,Active,0,0,4.404898122274654,0.237859290882669
26807,MaverickX,Summer 2022,Active,0,0,2.0431496122148634,0.24033665246400446
22947,Great Question,Winter 2021,Active,0,0,1.0432008138851545,0.2550700901118265
22022,Memberstack,Summer 2020,Active,0,0,5.212898442609557,0.17858267949284715
305,A Thinking Ape,Winter 2008,Acquired,0,0,6.042641071972069,0.16328463344589492
28745,Nectar,Summer 2023,Active,0,0,1.7480188372137446,0.21305427434790375
23156,ROGER,Winter 2021,Active,0,0,3.8965537711295206,0.12396277527952866
29969,OrgOrg,Summer 2024,Active,0,0,5.922606432881646,0.2801019398524137
26755,Sunlight,Summer 2022,Active,0,0,4.225091853264553,0.12178084409103301
29708,The Synthesis Company,Summer 2024,Active,0,0,1.096753980093966,0.4667268385214185
552,Lob,Summer 2013,Active,0,0,4.55020051983229,0.21886518078119602
27251,Lotus,Summer 2022,Inactive,0,0,4.737878334347714,0.06606534304022754
25308,Selia,Winter 2022,Active,0,0,5.913362362754195,0.37668469459772175
22791,Bueno Finance,Winter 2021,Acquired,0,0,4.75986678200163,0.15175943233278139
684,Lawn Love,Summer 2014,Acquired,0,0,4.421694376536528,0.21502376297371484
12252,54Gene,Winter 2019,Inactive,0,0,0.5059657815403157,0.382569375279672
32165,Rote,Winter 2027,Active,0,0,3.3950095382114136,0.15724950222514075
24543,Bolster,Summer 2021,Active,0,0,3.78542344221346,0.24254532587482275
31433,Savant,Spring 2026,Active,0,0,6.245518153925439,0.15014808729653403
951,Wheelys Café,Summer 2015,Inactive,0,0,4.500507265632271,0.3266324867579364
401,Streem,Summer 2012,Acquired,0,0,4.6001418298805685,0.18802982927268108
1925,Optic,Summer 2018,Acquired,0,0,1.3922229478645156,0.2799967894852207
22256,Sonar,Summer 2020,Inactive,0,0,4.868494668616565,0.1820695921575924
1063,Carbic,Winter 2016,Active,0,0,2.105945051318761,0.5116738149929834
22869,Logica,Winter 2021,Active,0,0,0.7096772122922581,0.1181209808564654
733,Zenamins,Summer 2014,Inactive,0,0,5.65816246985205,0.1636359985957844
27974,Fastgen,Winter 2023,Active,0,0,3.635648035863759,0.15529254726772343
13175,Fly.io,Winter 2020,Active,0,0,4.420121696900081,0.20907974787235856
481,Padlet,Winter 2013,Active,0,0,5.364879113985041,0.23930814278553889
30776,Magnetic,Summer 2025,Active,0,0,0.7777169473574255,0.05519278636425541
1206,Rose Rocket,Summer 2016,Active,0,0,3.9414525647253678,0.1763728304875255
31540,KugelAudio,Spring 2026,Active,0,0,5.345795860917808,0.11200159017998294
554,RealCrowd,Summer 2013,Acquired,0,0,5.149916901566081,0.10510792950116257
30698,Comena,Summer 2025,Active,0,0,4.0047291885623695,0.25940879678649836
22782,Terapify,Winter 2021,Active,0,0,5.870084241810487,0.3099658669876238
21799,Conta Simples,Summer 2020,Active,0,0,4.933754328810922,0.1713562265544844
13442,Isabl,Winter 2020,Active,0,0,1.4346042636629845,0.42359023015658037
23038,Dyte,Winter 2021,Acquired,0,0,5.311474237708177,0.09893332417937413
1035,ConstructVR,Winter 2016,Inactive,0,0,2.386066576948644,0.15603320724016329
13520,borong,Winter 2020,Active,0,0,4.637685696661675,0.17121789999114198
29470,Eris Biotech,Winter 2024,Active,0,0,0.5384398996091373,0.12620752416658015
23522,Nuntius Therapeutics,Winter 2021,Active,0,0,0.21354547942125318,0.12714052979422255
29500,The New Money Company,Winter 2024,Active,0,0,4.758105809384297,0.21554947741838612
1045,Poppy,Winter 2016,Inactive,0,0,5.095664738759895,0.40308681018245657
12676,Flow,Summer 2019,Inactive,0,0,5.356140710954466,0.09277877187938219
31393,KelAI,Spring 2026,Active,0,0,1.3231108498788067,0.23824559567417714
23265,Mono,Winter 2021,Acquired,0,0,5.376369383065417,0.2074565480229728
26795,Gullak Money,Summer 2022,Active,0,0,5.257054216332806,0.08338555546973489
850,Automate Ads,Winter 2015,Inactive,0,0,2.7139474096789775,0.054344942172559654
13171,The Mercer Club,Winter 2020,Inactive,0,0,4.74885239383517,0.3681319376206436
1605,Dropleaf,Summer 2017,Inactive,0,0,5.851523598862907,0.19928773506687184
30511,Vassar Robotics,Spring 2025,Active,0,0,4.063893936253025,0.09797647679611723
984,Yardbook,Winter 2016,Active,0,0,4.536123541104306,0.2724973967139022
31329,primitive,Spring 2026,Active,0,0,5.906275560869531,0.18567966137307168
1902,Lowkey,Summer 2018,Acquired,0,0,6.115239490209843,0.11782281863125887
587,CodeCombat,Winter 2014,Active,0,0,5.687066163474122,0.3269995221751169
12237,Nowports,Winter 2019,Active,0,0,4.2412151176333515,0.21659883183707623
796,Vest,Winter 2015,Acquired,0,0,5.999183673367713,0.19826273593521376
540,Cratejoy,Summer 2013,Active,0,0,4.781321846320228,0.23258869277737224
31080,Didit,Winter 2026,Active,0,0,0.9595092105982387,0.16794985421069827
458,Assorted Bits,Summer 2012,Inactive,0,0,5.195603106329784,0.3914267772378541
29675,Offstream,Summer 2024,Active,0,0,1.812201356092403,0.35263091894282506
685,ListRunner,Summer 2014,Acquired,0,0,5.562890918910926,0.398366741289147
31139,Ashr,Winter 2026,Active,0,0,1.4342136314070255,0.30047977412427956
24237,Sproutfi,Summer 2021,Acquired,0,0,5.691832798146269,0.2867247219873543
25689,Kaagaz,Winter 2022,Active,0,0,5.743233895562239,0.16925798470862294
30109,FutureClinic,Fall 2024,Active,0,0,6.081609605785013,0.368633023954574
31112,Burt,Winter 2026,Active,0,0,4.14992071012104,0.2681910830648724
12665,PlayAbly,Summer 2019,Inactive,0,0,6.012156176535331,0.13168912057685872
31503,"Apollo Atomics, Inc.",Spring 2026,Active,0,0,2.712248026771046,0.24563257670030184
1930,The Good Food Institute,Summer 2018,Active,0,0,0.9312438755618985,0.192938067974679
27877,OpenMeter,Winter 2023,Acquired,0,0,1.9077196077463123,0.1948770421157426
22784,Huddlefire,Winter 2021,Inactive,0,0,5.74695635991839,0.30751968309834826
22077,Akiflow,Summer 2020,Active,0,0,5.4574834865634685,0.1780711446465579
13167,Farcast,Winter 2020,Active,0,0,2.876897347304543,0.09418726762986933
25928,Attain,Winter 2022,Active,0,0,4.820094421635546,0.3194584165174158
1549,KidPass,Winter 2017,Acquired,0,0,5.626114250345612,0.42871368651933617
499,MedXT,Winter 2013,Acquired,0,0,0.5677986106402055,0.19713445905511884
913,Drip Capital,Summer 2015,Active,0,0,4.534609164909521,0.08380450670134267
22672,Pensil,Winter 2021,Inactive,0,0,5.87380650146004,0.1930001998313374
22764,Valink Therapeutics,Winter 2021,Active,0,0,0.8958730454338767,0.2180724809586364
30024,Crouton,Fall 2024,Active,0,0,5.072590096013981,0.19900861608077502
13220,Simple Strips,Winter 2020,Inactive,0,0,2.1044690364438683,0.2125449172139522
31023,Inviscid AI,Winter 2026,Active,0,0,1.9279653578951899,0.3155869429675552
23633,Chorus Sleep,Winter 2021,Active,0,0,5.652698450141578,0.3328106835622973
28804,Bland AI,Summer 2023,Active,0,0,5.461942235290101,0.11169104317924637
23008,TechBiz,Winter 2021,Acquired,0,0,5.7684374358999735,0.10776619776796749
1801,Haiku,Winter 2018,Inactive,0,0,6.225395855408238,0.06664426012040209
486,Cheetah,Winter 2013,Active,0,0,4.927315642695374,0.3578727790098855
738,Unwind Me,Summer 2014,Acquired,0,0,4.665372828532278,0.34559023908568354
691,Alchemy,Summer 2014,Active,0,0,1.8082309685313784,0.21709158983297702
31128,Cumulus Labs,Winter 2026,Active,0,0,1.9445370304799912,0.08794969263208276
30059,Sphinx,Fall 2024,Active,0,0,1.2230719780605557,0.1746497501077534
29369,Astro Mechanica,Winter 2024,Active,0,0,2.519405885030766,0.2158540102204362
450,RegistryLove,Summer 2012,Inactive,0,0,5.288422529642063,0.30480770335088697
24176,Maroo,Summer 2021,Acquired,0,0,5.285763364148311,0.15433499734330183
24428,Aleph,Summer 2021,Active,0,0,1.0251646832732273,0.09001708872938176
886,Call9,Summer 2015,Inactive,0,0,6.015365979640009,0.3237160338775007
30880,Nessie,Fall 2025,Active,0,0,0.2888083161113893,0.20148216168512384
29453,Miden,Winter 2024,Active,0,0,4.569322170953043,0.09108452960237785
12010,Switchboard,Winter 2019,Active,0,0,3.3732852623997855,0.268046590755681
13412,Easyplan,Winter 2020,Inactive,0,0,0.1671942140472137,0.1952655633810234
30466,Labric,Spring 2025,Active,0,0,1.676216388823515,0.21407652625139362
29725,Promi,Summer 2024,Active,0,0,5.899142429986402,0.12523342554959188
24925,Liv Labs,Summer 2021,Active,0,0,0.2755225213243635,0.0640365509406108
533,SimpleLegal,Summer 2013,Acquired,0,0,6.162217143008453,0.21251889519048836
288,CO2Stats,Summer 2008,Inactive,0,0,1.126445636262167,0.30026344075452177
23780,PaletteHQ,Summer 2021,Active,0,0,5.038956949355022,0.1088078397166944
23185,Mythia,Winter 2021,Inactive,0,0,5.515699210091422,0.20888899645879613
1721,"Lucy Goods, Inc",Winter 2018,Active,0,0,0.2516323652086486,0.20390738584811788
24720,Storylane,Summer 2021,Active,0,0,5.675159981685996,0.07673872245990969
27655,Avoca,Winter 2023,Active,0,0,4.998196607413219,0.26803701619379156
29483,Healia,Winter 2024,Active,0,0,5.77602014726393,0.22744827551518504
31386,Interfaze,Spring 2026,Active,0,0,1.5800836868308712,0.20721634303582345
12241,Shiok Meats,Winter 2019,Acquired,0,0,3.4264444052763534,0.10086210643511473
30829,Remedy,Fall 2025,Acquired,0,0,5.339768431007861,0.18363140974771242
19888,Altro,Summer 2020,Acquired,0,0,5.345110498696111,0.21704759478967556
22779,Axle Health,Winter 2021,Active,0,0,4.468700572009244,0.19482148520098105
33310,Petrarch,Summer 2026,Active,0,0,5.710490748684397,0.09413634248876042
13509,GiveAway,Winter 2020,Active,0,0,4.571136779243806,0.3482594497773247
23433,Estoca,Winter 2021,Active,0,0,4.2108409433671,0.22329403120935531
25711,"Elphinstone, Inc.",Winter 2022,Active,0,0,5.7575475702114725,0.19305202508026917
31213,Byteport,Winter 2026,Active,0,0,4.223487898289235,0.11892717204588049
1636,Rabbet,Summer 2017,Active,0,0,3.7379645910641273,0.19831976794103265
29413,Oma Care,Winter 2024,Active,0,0,5.464018980569884,0.20511001325856912
12837,Recidiviz,Summer 2019,Active,0,0,0.4390571460238295,0.28239106134914904
11967,Ascen,Winter 2019,Acquired,0,0,5.1342194213356915,0.2166706677831508
1591,Audm,Summer 2017,Acquired,0,0,5.271342945263617,0.20831237387392035
30769,Juxta,Summer 2025,Active,0,0,2.3616817941925965,0.17850686781257513
1629,Prelim,Summer 2017,Active,0,0,5.659252183205171,0.0706775384665011
1808,Universe,Winter 2018,Active,0,0,5.159984132669861,0.12399881938764053
256,Flightcaster,Summer 2009,Acquired,0,0,1.5826770051875108,0.08458035113980833
1935,Meru Health,Summer 2018,Active,0,0,6.250577063924291,0.27020091882854225
31434,Adialante,Spring 2026,Active,0,0,1.9940480703762558,0.26823386641722213
31207,Caretta,Winter 2026,Active,0,0,5.287152870963434,0.2997406213986498
30250,10x,Winter 2025,Active,0,0,5.487879976080365,0.1737689223714677
23054,Unschool,Winter 2021,Active,0,0,5.832965901061847,0.3494644533841918
439,Coinbase,Summer 2012,Public,0,0,5.336457401100773,0.27438117584891125
24243,Repool,Summer 2021,Active,0,0,5.2166830258286945,0.16751356786698327
23963,Gobillion,Summer 2021,Inactive,0,0,5.260390700205699,0.23666905003584204
807,Quantierra,Winter 2015,Active,0,0,1.1066889608473018,0.12800632834212744
903,Afrostream,Summer 2015,Inactive,0,0,5.75344825910507,0.23477904391355703
507,Zenefits,Winter 2013,Acquired,0,0,5.531009152011801,0.2714516202817976
28087,Rivet,Winter 2023,Active,0,0,5.499149907335479,0.15809903391940922
26137,Pina Earth,Winter 2022,Acquired,0,0,1.647540469242848,0.13376109166671618
30182,Flowtel,Winter 2025,Active,0,0,4.7860578514144105,0.19799939554794624
12071,Ravn,Winter 2019,Active,0,0,1.566573053516401,0.10483753441570877
63,Carsabi,Winter 2012,Inactive,0,0,3.986222279479871,0.18045266843450192
21839,Current Foods,Summer 2020,Acquired,0,0,1.7564219898350333,0.18131422225451035
31402,Standout,Spring 2026,Active,0,0,5.531986697413086,0.1838828261355234
24705,Sensible Biotechnologies,Summer 2021,Active,0,0,3.882571016730629,0.0505305690514887
31374,Tenet Industries,Spring 2026,Active,0,0,2.365305266660326,0.20114188812426817
460,Vastrm,Summer 2012,Active,0,0,3.858796585191267,0.2196285095515295
579,Awesometalk,Winter 2014,Inactive,0,0,5.313036295776077,0.22717916927165244
1634,Caelum Health,Summer 2017,Inactive,0,0,0.785352444351339,0.19318067171759412
27838,Flower,Winter 2023,Active,0,0,0.16371993562123288,0.10344635568907609
2028,Rejuvenation Technologies Inc.,Summer 2018,Active,0,0,0.6094115610669897,0.31137990613194716
24251,Pideaky,Summer 2021,Active,0,0,5.026880841880445,0.2946192407828582
24079,Instacrops,Summer 2021,Active,0,0,1.8662081176703764,0.13110592132649754
30688,Fulcrum,Summer 2025,Active,0,0,1.618001256916936,0.3231422015539051
1911,Contrast,Summer 2018,Inactive,0,0,0.6694503096178971,0.0035743055770670893
29741,Dimely,Summer 2024,Active,0,0,3.832194293729988,0.10558212752508188
24130,VitalStrata,Summer 2021,Active,0,0,1.3894613580900892,0.26882516388547223
597,Axoni,Winter 2014,Acquired,0,0,0.6182925040960753,0.05321649695006326
252,Tuxebo,Summer 2009,Inactive,0,0,4.094273096539841,0.3694009786170447
22091,Supabase,Summer 2020,Active,0,0,5.10667032995612,0.11905417656839429
519,Teleborder,Summer 2013,Inactive,0,0,5.749650336689282,0.14712046791034913
488,Etleap,Winter 2013,Active,0,0,3.04057761684403,0.21460928814046643
29002,Envelope,Summer 2023,Active,0,0,4.784252300566368,0.20028494429492485
28792,AIVideo.com,Summer 2023,Active,0,0,5.09173615267707,0.12079203807164608
12641,Green Canopy NODE,Summer 2019,Active,0,0,2.6302087287029705,0.08553641355857444
1432,UtilityScore (formerly Pando),Summer 2016,Inactive,0,0,1.7027305902867798,0.22043667678044712
1582,Py,Summer 2017,Acquired,0,0,0.04732691683829509,0.19826775755732187
22774,Flok,Winter 2021,Acquired,0,0,5.298146613815674,0.3308878351604829
13223,Multiverse,Winter 2020,Inactive,0,0,5.602585255424839,0.1564182677879299
553,Amulyte,Summer 2013,Inactive,0,0,0.5324312624106157,0.185123884133006
123,Snapjoy,Summer 2011,Inactive,0,0,5.332100847563426,0.2667709930121303
1938,Embeddables,Summer 2018,Active,0,0,3.7649259085447784,0.10882011929143681
1502,Tolemi,Winter 2017,Active,0,0,0.871263918824072,0.3419437628725105
13316,AIOS,Winter 2020,Active,0,0,0.12937596276671937,0.081213583388736
508,Goldbelly,Winter 2013,Active,0,0,4.569681638306916,0.33908782630305523
1961,"DreamCraft Entertainment, Inc.",Summer 2018,Active,0,0,5.6437261562714065,0.042033236369568364
2022,Oxygen,Summer 2018,Active,0,0,5.496277050530989,0.34071918587884076
12079,DailyDoctor,Winter 2019,Inactive,0,0,6.156879503448406,0.36106034199944104
13473,Viya,Winter 2020,Inactive,0,0,4.955038552112784,0.18211188183361024
23462,boitas.com,Winter 2021,Inactive,0,0,4.342372435587264,0.3974087438326543
30913,Captain,Winter 2026,Active,0,0,0.8723405202999437,0.08979918258115116
31529,Mochatrade,Spring 2026,Active,0,0,4.691097973034273,0.15632026347647343
27049,Anchor,Summer 2022,Active,0,0,5.233997233084594,0.11582595519826934
24692,Membo,Summer 2021,Inactive,0,0,4.583455473516434,0.27883258920773074
24041,Koshex,Summer 2021,Active,0,0,0.09658024132427385,0.1611473192049653
25652,SALT,Winter 2022,Active,0,0,4.692092421470189,0.10689611940350378
31250,The Token Company,Winter 2026,Active,0,0,4.021272723693386,0.07351318226225365
26041,The Ankler,Winter 2022,Active,0,0,5.334851905276313,0.2504488335106178
760,Democracy Earth,Winter 2015,Active,0,0,0.38401670460405096,0.2525222976890914
31423,BentoLabs AI,Spring 2026,Active,0,0,1.427122017504356,0.14710407156320549
29311,Engines,Winter 2024,Inactive,0,0,3.0419919378972184,0.19539205622791878
700,Rigetti Computing,Summer 2014,Public,0,0,2.0977230054411624,0.15953593644892827
29788,Refactor,Summer 2024,Active,0,0,2.206233651120033,0.06045904907444228
31262,Talking Computers,Winter 2026,Active,0,0,1.6275668843989897,0.18351594499458018
1041,Pave,Winter 2016,Active,0,0,0.8926321756211382,0.25407602546466374
769,HigherMe,Winter 2015,Acquired,0,0,4.514940250256052,0.1938973563874331
24158,Forage,Summer 2021,Active,0,0,5.080209454087156,0.1757478770386567
30285,Karsa,Winter 2025,Active,0,0,5.272893003282253,0.21720902639779374
23457,Turing College,Winter 2021,Active,0,0,5.247984661354657,0.2266225010150814
980,Magic Instruments,Winter 2016,Inactive,0,0,3.1795974931959936,0.17223913695109824
811,Giveffect,Winter 2015,Active,0,0,6.105897545090369,0.27590984668260304
896,SunFarmer,Summer 2015,Active,0,0,0.5253877156187247,0.15135026935142704
13115,OpenUnit,Winter 2020,Active,0,0,4.62167823799912,0.28890060269597606
1057,Redspread,Winter 2016,Acquired,0,0,0.19120213037357997,0.0166121891236153
31351,Scope,Spring 2026,Active,0,0,1.3615290094972012,0.24646721971820146
1454,Arthena,Winter 2017,Acquired,0,0,0.5308269206433356,0.20818675354238023
27161,Krave Mart,Summer 2022,Active,0,0,4.874395117571492,0.373125368714099
12454,Prenda,Summer 2019,Active,0,0,5.32716540057148,0.4808347211745678
24580,Onsite Pro,Summer 2021,Inactive,0,0,3.3752262757604408,0.18194173257174587
13512,Stable,Winter 2020,Active,0,0,4.916641613224197,0.35978770753278316
111,Kicksend,Summer 2011,Inactive,0,0,5.143910027931353,0.32224170357259374
1533,Marketfox,Winter 2017,Inactive,0,0,3.925212259643306,0.03874814801599073
29346,sync.,Winter 2024,Active,0,0,0.160353817095522,0.05493542253203716
67,Shopular,Winter 2012,Acquired,0,0,5.0498918176086764,0.273999612102701
24355,LootRush,Summer 2021,Active,0,0,5.440539178752236,0.29117969655023124
1539,Playment,Winter 2017,Acquired,0,0,3.084817054981575,0.15841217839789173
1507,Request Network,Winter 2017,Active,0,0,5.676969671430173,0.1369131981421401
12065,Axel Travel,Winter 2019,Active,0,0,5.234735532428532,0.03688289492914716
24026,Flowbo,Summer 2021,Inactive,0,0,4.0031669381432335,0.27033136154035
932,RedCarpetUp,Summer 2015,Active,0,0,5.433756869596839,0.1585645416959901
26265,Seis,Winter 2022,Active,0,0,5.137930850068923,0.4108789120817159
766,GroupAhead,Winter 2015,Inactive,0,0,5.621467269485602,0.36220147371639866
25682,LunaJoy Health,Winter 2022,Active,0,0,6.273899458989051,0.28349231212659876
30864,dari.dev,Fall 2025,Active,0,0,5.4128992270346545,0.0788707152029737
773,Labdoor,Winter 2015,Active,0,0,1.1834215369213177,0.2313147412917402
25,FamilyLeaf,Winter 2012,Acquired,0,0,5.367515233334056,0.31497284095715955
345,Tsumobi,Winter 2007,Inactive,0,0,5.123845510752404,0.12078057249257915
23370,Uiflow,Winter 2021,Acquired,0,0,3.4739914609522295,0.13719905607361738
829,Seed,Winter 2015,Acquired,0,0,4.829174695802726,0.20600758459924223
25754,Cash Flow Portal,Winter 2022,Active,0,0,5.85921050181025,0.17033759515829935
27807,ZeroDev,Winter 2023,Active,0,0,5.487685843498217,0.19087962337677727
680,Impraise,Summer 2014,Acquired,0,0,0.33445154886383266,0.19085402996748704
721,Whirl,Summer 2014,Inactive,0,0,4.103620475008059,0.3787783679608673
117,Compose,Summer 2011,Acquired,0,0,5.267595889972116,0.09574671283677202
1050,Emburse,Winter 2016,Acquired,0,0,4.908770618712926,0.1680264975127489
1184,Vetcove,Summer 2016,Active,0,0,5.1756224728592635,0.1952095622614849
31212,Constellation Space,Winter 2026,Active,0,0,1.9188806091294697,0.03881189997325663
12003,Avo,Winter 2019,Active,0,0,1.4400394290332033,0.2734047501413587
26711,Devyce,Summer 2022,Active,0,0,5.705779163215175,0.07206879917248676
1804,miru,Winter 2018,Inactive,0,0,3.546325412486607,0.159026139857919
78,PayDragon,Summer 2011,Inactive,0,0,5.552369941188596,0.08889806972866889
1926,Medinas Health,Summer 2018,Inactive,0,0,5.226557351574215,0.19333861864162308
1596,Releaf Earth,Summer 2017,Active,0,0,2.0591611279044733,0.12824980974252714
12583,Muddy,Summer 2019,Inactive,0,0,4.660190389306089,0.16615207016737774
21727,Increase,Summer 2020,Active,0,0,4.6614217449899185,0.12664449512526257
1227,Looklive,Summer 2016,Inactive,0,0,5.8880023013040885,0.17626174306583295
32121,OpenTrade,Summer 2026,Active,0,0,5.55143054309294,0.21509306720652174
13372,Bikry,Winter 2020,Active,0,0,4.768986304793901,0.3358327958351107
22745,CashBook,Winter 2021,Active,0,0,5.282762277384494,0.27715995966153745
1863,Anjuna,Winter 2018,Active,0,0,5.893723062694467,0.07986669369756466
26780,Stellar,Summer 2022,Inactive,0,0,0.45078198325303503,0.1131166063786396
1486,Armory,Winter 2017,Acquired,0,0,3.3752134464022885,0.06719288623478138
31279,Regbase,Spring 2026,Active,0,0,0.7109834824196737,0.13878797846592283
22251,Nextstore,Summer 2020,Inactive,0,0,4.561207185492005,0.12886331307788215
29457,Datacurve,Winter 2024,Active,0,0,5.8310946012683775,0.029809766564613007
12647,Rainbow,Summer 2019,Active,0,0,0.4925296456150957,0.08428249312627964
1040,Patchwork Security,Winter 2016,Inactive,0,0,3.261750518864321,0.09290754640928561
1450,Loop Support,Winter 2017,Acquired,0,0,1.4344304640936396,0.13114078421456712
30611,AgentMail,Summer 2025,Active,0,0,5.213746412601696,0.2929383117132849
11990,Adventurous Co,Winter 2019,Inactive,0,0,5.584802895779546,0.31472410731601724
28008,Univerbal,Winter 2023,Active,0,0,5.62779500393259,0.29353596766188245
1787,tEQuitable,Winter 2018,Active,0,0,6.196158747288187,0.1687114246535857
26753,Lyra,Summer 2022,Active,0,0,5.1766282283223735,0.2528149713007668
30896,Multifactor,Fall 2025,Active,0,0,0.2799987203431646,0.17760664049827424
22044,Liyfe,Summer 2020,Active,0,0,0.39796297172591266,0.22033636472447965
30717,Iron Grid,Summer 2025,Active,0,0,0.8579375024753612,0.37266699634280553
24756,Hirebolt,Summer 2021,Active,0,0,1.7767715359089513,0.2099066195824092
30665,Pangolin,Summer 2025,Active,0,0,5.370789884551312,0.13485310926876107
532,EasyPost,Summer 2013,Active,0,0,3.8345153104909695,0.22000156851688693
438,NewsBlur,Summer 2012,Active,0,0,4.889265860114275,0.17876326083414926
1576,Jerry,Summer 2017,Active,0,0,5.028774449559706,0.05303088724457346
614,PipelineDB,Winter 2014,Acquired,0,0,1.990574344782372,0.19026622303709298
25670,Eazipay Inc.,Winter 2022,Active,0,0,4.898077675849085,0.17488555783168042
137,Assembled,Winter 2011,Inactive,0,0,0.05323918268690709,0.16844815061558127
22278,Hubla,Summer 2020,Active,0,0,4.9603828437564506,0.31409273084210443
17,Couple,Winter 2012,Inactive,0,0,5.416724559485102,0.2075244693056751
24870,Titipku,Summer 2021,Active,0,0,4.937391889105853,0.26459223952348154
926,Oolu,Summer 2015,Acquired,0,0,5.293708736292455,0.0697550764071818
212,Mertado,Winter 2010,Acquired,0,0,4.738017180804499,0.19396984045145577
25320,Wingback,Winter 2022,Inactive,0,0,4.303726093435576,0.1354033196855185
26049,Netmaker,Winter 2022,Active,0,0,3.5875298002210263,0.1874432264447847
615,Povio,Winter 2014,Active,0,0,0.6893510214562957,0.12701869558883663
1025,Goodybag,Winter 2016,Acquired,0,0,5.006475888523758,0.42540795524366476
45,LVL6,Winter 2012,Inactive,0,0,5.495413149341058,0.13837879166015463
25451,Instant Labs,Winter 2022,Active,0,0,1.8205444980106635,0.1650143112184982
312,280 North,Winter 2008,Acquired,0,0,5.4822217656168855,0.15897131855942195
258,RentHop,Summer 2009,Active,0,0,5.672060337263039,0.20279931742647272
31175,Pax Historia,Winter 2026,Active,0,0,0.4182943033105612,0.16879489597390426
24177,HyperTrader,Summer 2021,Active,0,0,4.422104259590505,0.11154756654206889
30037,Afternoon.co,Fall 2024,Active,0,0,5.219283642102194,0.19934063099473767
12626,Localyze,Summer 2019,Acquired,0,0,4.84613998642943,0.1301680143919561
1701,Bumpline,Summer 2017,Inactive,0,0,4.362707815501409,0.4190206894185813
30724,Risely AI,Summer 2025,Active,0,0,5.839413440508717,0.3696582427595504
23400,Dressd,Winter 2021,Inactive,0,0,5.111278654556127,0.31044665352716216
24269,Monet,Summer 2021,Active,0,0,5.005302265302795,0.3237143377279178
31381,GovGuard,Spring 2026,Active,0,0,5.444355964477074,0.07079683453420309
25475,Orca,Winter 2022,Active,0,0,5.463241306338071,0.23354888452458564
1637,Slik,Summer 2017,Inactive,0,0,5.121164151291667,0.18951719472255332
24329,inai,Summer 2021,Acquired,0,0,5.062860098554286,0.14480069208719185
24005,Goodkind,Summer 2021,Acquired,0,0,5.567890322760984,0.4904658641904773
190,Gantto,Summer 2010,Inactive,0,0,1.485347544013635,0.08476893841376117
36,Talkray (TiKL),Winter 2012,Inactive,0,0,5.178351753222968,0.2347548639321902
