id,name,batch,status,is_ai,is_robotics,xi,chi
5,CircuitHub,Winter 2012,Active,0,1,3.152448579255905,0.3166562403831758
26,Marft,Winter 2012,Inactive,1,0,3.6575889668961716,0.03718448576873682
30,Matterport,Winter 2012,Public,1,0,3.0240130728987307,0.13712266013732788
50,Flutter,Winter 2012,Acquired,1,0,5.193303642935825,0.0688648052994232
90,AgileMD,Summer 2011,Active,1,0,0.6683844503870513,0.28851544908831017
102,Sift,Summer 2011,Active,1,0,5.294757792469456,0.0782400225031026
105,LeadGenius,Summer 2011,Active,1,0,5.655703087859257,0.07267711326600831
175,SimplyListed,Winter 2011,Inactive,1,0,4.366702621347742,0.28560837219224405
177,Presto,Summer 2010,Public,0,1,4.1858729079633745,0.2394479853468237
179,Teevox,Summer 2010,Inactive,1,0,4.618119528702064,0.16404411535537974
193,GazeHawk,Summer 2010,Acquired,1,0,1.3524454387162974,0.2924065759423989
245,Directed Edge,Summer 2009,Active,1,0,6.04943038684722,0.12657576594123876
289,JustSpotted,Summer 2008,Acquired,1,0,5.527991315713483,0.061080649790755524
356,Scribd,Summer 2006,Active,1,0,5.509138744478317,0.32936252990872045
391,Canopy Labs,Summer 2012,Inactive,1,0,0.400416406441108,0.21769379693206495
399,Arc,Summer 2012,Inactive,0,1,1.944234695309611,0.044511223875594315
461,Double Robotics,Summer 2012,Active,0,1,4.396444158519954,0.18027026502888255
464,Plivo,Summer 2012,Active,1,0,5.525130446841851,0.22155404299970508
493,RADAR,Winter 2013,Active,1,0,2.856471052528076,0.16724167241984614
511,Semantics3,Winter 2013,Acquired,1,0,1.708157502046516,0.102456349638144
542,Casetext,Summer 2013,Acquired,1,0,0.4085375059096459,0.26735223307088385
569,Ixiplay,Summer 2013,Inactive,0,1,4.621061097413327,0.0530414366479127
590,Cruise,Winter 2014,Acquired,1,0,4.142907715785905,0.082012543605612
611,Theorem,Winter 2014,Acquired,1,0,0.5384614017832413,0.13081423085197771
612,Liftigniter,Winter 2014,Acquired,1,0,5.2634207174858005,0.013489635025787816
641,MixerBox,Winter 2014,Active,1,0,4.336143550271126,0.11611300839713187
642,OpenCurriculum,Winter 2014,Active,1,0,5.727066004134307,0.5547007698832377
644,Whirlscape,Winter 2014,Inactive,1,0,4.022854723570044,0.028179361438788655
662,Checkr,Summer 2014,Active,1,0,2.4889068321645804,0.0997840445357664
679,VizeraLabs,Summer 2014,Inactive,1,0,3.724522473169869,0.08436659881249474
688,MTailor,Summer 2014,Active,1,0,3.6278000170193883,0.19889820009741727
690,Neptune.io,Summer 2014,Inactive,1,0,1.5877174241118903,0.19374165612376987
695,PicnicAI,Summer 2014,Active,1,0,0.48330781284550955,0.37197188343840676
707,SalesSift,Summer 2014,Inactive,1,0,5.51953204195892,0.02548749835405467
717,Tule,Summer 2014,Acquired,1,0,1.9270626729654876,0.26520193743893117
720,Weave,Summer 2014,Inactive,1,0,5.126554073255479,0.14956842757485928
740,Qventus,Winter 2015,Active,1,0,6.257699460120065,0.109109828715013
744,Pomello,Winter 2015,Acquired,1,0,0.8642284295409692,0.2994758971184413
747,20n,Winter 2015,Inactive,1,0,1.4058866417603004,0.4093309648439846
748,Akido Labs,Winter 2015,Active,1,0,0.6541534752420646,0.22708133742488468
751,Magic,Winter 2015,Active,1,0,4.960175755029531,0.40953256429015167
756,Numerion Labs,Winter 2015,Active,1,0,1.0020538341172638,0.22580745870807367
762,Zeitview,Winter 2015,Active,1,0,2.0907956766629905,0.4836312709912625
774,Platzi,Winter 2015,Active,1,0,5.82493500923997,0.1358545524712901
778,Pachyderm,Winter 2015,Acquired,1,0,2.4314601902641817,0.28061629202359234
780,Paperspace,Winter 2015,Acquired,1,0,6.254187605781002,0.13150818895413058
788,Smarking,Winter 2015,Acquired,1,0,3.552703991988956,0.053167151643395076
789,Tempo,Winter 2015,Active,1,0,0.2848802415033594,0.015834413047256756
792,Mobydish,Winter 2015,Acquired,0,1,4.6488089649259035,0.40988157118666824
797,Resolve,Winter 2015,Active,1,0,2.0023340225783226,0.344830242488995
799,Yhat,Winter 2015,Acquired,1,0,0.09608117566715843,0.06512529859000663
822,Dabble,Winter 2015,Inactive,1,0,3.63487710565773,0.1902514033627589
830,SigOpt,Winter 2015,Acquired,1,0,1.3771279207072684,0.1742823525720278
832,Standard Cyborg,Winter 2015,Inactive,1,0,2.5680959368060563,0.1428380647346104
835,Transcriptic,Winter 2015,Inactive,0,1,1.4229191031721942,0.20606510919749682
848,Tara AI,Winter 2015,Active,1,0,1.6482701841433847,0.2104422147396405
849,Replika,Winter 2015,Active,1,0,5.591521254155973,0.11682432885628564
856,Mashgin,Winter 2015,Active,1,0,3.411139576003595,0.30007759832763425
864,teaBOT,Summer 2015,Active,0,1,4.400833278792588,0.21695728347540896
875,ROSS Intelligence,Summer 2015,Inactive,1,0,0.5712115905922621,0.2949175623288331
878,SnapMagic,Summer 2015,Active,1,0,2.438855932567303,0.3033680070025801
892,Shotput,Summer 2015,Inactive,0,1,3.715425080867384,0.38936606641249155
906,Bistrobot,Summer 2015,Inactive,0,1,3.8744340164774917,0.4415987095278782
925,Fountain,Summer 2015,Active,1,0,4.47626728401797,0.1857134950282743
929,Prayas Analytics,Summer 2015,Inactive,1,0,1.569264517579323,0.18927320240537263
933,Reduced Energy Microsystems,Summer 2015,Inactive,1,0,2.1103253737398693,0.2787054434444585
936,Shape (ShapeScale),Summer 2015,Active,1,0,2.4925162178554356,0.19141235552092836
954,Auro Robotics,Summer 2015,Acquired,0,1,5.142312343099064,0.14144013245517303
977,Deepgram,Winter 2016,Active,1,0,0.8475005465196241,0.11212475076383766
988,iSono Health,Winter 2016,Active,1,0,1.225584186735504,0.22773356026524383
996,Daily,Winter 2016,Active,1,0,5.778545532771249,0.1761830630548777
998,Algoriz,Winter 2016,Inactive,1,0,1.040076588243098,0.019838291313764602
999,Focal Systems,Winter 2016,Active,1,0,3.755665215561508,0.1997084704702103
1012,Inevitable Tech,Winter 2016,Inactive,0,1,2.067322589606465,0.17890291439845818
1019,Pulpix,Winter 2016,Acquired,1,0,1.10178803618072,0.1203871826557032
1020,Revl,Winter 2016,Active,1,0,1.8625206386829871,0.1027415817049245
1030,Opentrons,Winter 2016,Active,0,1,2.7329082129886473,0.16636657804579927
1033,Netomi,Winter 2016,Active,1,0,5.788382647341579,0.14930896432038412
1034,Superside,Winter 2016,Active,1,0,5.7702010243957655,0.18817476472430603
1042,Podium,Winter 2016,Active,1,0,5.48054454510263,0.22226839878130428
1051,Gecko Robotics,Winter 2016,Active,1,1,2.5187985301790516,0.403499275819628
1053,HistoWiz,Winter 2016,Active,1,0,0.5679187075536234,0.1895491887000574
1058,Caper,Winter 2016,Acquired,1,0,3.7711742425640886,0.23009175090019715
1079,Sendbird,Winter 2016,Active,1,0,5.6315897487195645,0.28470062908652954
1080,Relativity Space,Winter 2016,Active,1,0,3.3043913009532293,0.11995567515582885
1084,Nova,Winter 2016,Acquired,1,0,6.019282201826502,0.11266001636073991
1101,Qvin,Winter 2016,Active,1,0,0.9164258321315151,0.24514341681190943
1208,Farmstead,Summer 2016,Inactive,1,0,4.65693012901869,0.172682149217442
1220,Sway Finance,Summer 2016,Inactive,1,0,4.965972888284658,0.10842500743364689
1221,Iris Automation,Summer 2016,Acquired,1,0,1.9204064975804715,0.1675110742995492
1226,OneChronos,Summer 2016,Active,1,0,5.8989221456153125,0.18087936064101634
1233,Multiply Labs,Summer 2016,Active,0,1,3.214077223525725,0.24930977957999886
1237,garten,Summer 2016,Acquired,1,0,6.140645889235267,0.1417667633413358
1240,Robby Technologies,Summer 2016,Inactive,0,1,3.929947828800937,0.2040322321959343
1247,NeoWize,Summer 2016,Acquired,1,0,1.4146178182626319,0.11630832668049579
1250,Airo Health,Summer 2016,Inactive,1,0,0.9194511898304478,0.26508328634125133
1251,Synvivia,Summer 2016,Active,1,0,0.7613076893350743,0.14336033496536074
1268,Seerslab,Summer 2016,Inactive,1,0,6.182551658859517,0.12173473492807013
1271,Miso,Summer 2016,Active,1,0,4.538234393765883,0.3364431766405655
1272,Athelas,Summer 2016,Active,1,0,0.3258762823203683,0.1970281980975544
1285,CrowdAI,Summer 2016,Acquired,1,0,1.5481937863333066,0.07898957346889687
1288,Saleswhale,Summer 2016,Acquired,1,0,5.058548125958222,0.2037116125257771
1294,Scale AI,Summer 2016,Active,1,0,1.122052653121214,0.14202343655238178
1299,People.ai,Summer 2016,Active,1,0,1.0542775913304008,0.06832239249043165
1438,Voiceops,Winter 2017,Active,1,0,0.1132038850609459,0.29420363459285176
1443,Speak,Winter 2017,Active,1,0,5.636947722291091,0.3200665353132563
1444,Bountiful,Winter 2017,Active,1,0,1.5167174469196019,0.05679176432964999
1445,Cowlar,Winter 2017,Inactive,1,0,2.7162032980315898,0.06991195783357873
1446,Scribe,Winter 2017,Acquired,1,0,5.479075425690257,0.23281166903006403
1447,Pearl,Winter 2017,Inactive,0,1,4.376095987157724,0.16024044327538436
1453,Pit.AI,Winter 2017,Inactive,1,0,1.1543988840762383,0.18419488656857752
1456,Shipamax,Winter 2017,Acquired,0,1,3.5398431709400335,0.3107611819006126
1461,MDalgorithms Inc.,Winter 2017,Active,1,0,0.7895092601538737,0.18453624404577235
1483,Entry,Winter 2017,Inactive,1,0,0.15870695336333854,0.09153820976345388
1484,RankScience,Winter 2017,Active,1,0,0.6990093071805251,0.14814925190650235
1487,Ambient.ai,Winter 2017,Active,1,0,0.9231528472610717,0.17623280940077904
1489,Penny,Winter 2017,Acquired,1,0,5.395655621936717,0.22682822353239238
1498,"Veryfi, Inc.",Winter 2017,Active,1,0,1.8421440876894066,0.09693981236512021
1509,AlemHealth,Winter 2017,Active,1,0,1.531150103448051,0.19465427767821203
1516,Tetra,Winter 2017,Acquired,1,0,5.6749607793933725,0.16353722833894174
1518,FloydHub,Winter 2017,Inactive,1,0,5.34243008238349,0.027804341743128354
1528,BIOS Health,Winter 2017,Active,1,0,1.3749880104944379,0.24243535204246813
1530,NanoNets,Winter 2017,Active,1,0,2.280545692390485,0.18146781419644467
1534,Bicycle AI,Winter 2017,Inactive,1,0,4.954976879308128,0.22248336456619042
1548,Ridecell,Winter 2012,Active,1,0,4.750832366182489,0.07556268882725097
1557,Mirror AI,Winter 2017,Active,1,0,4.25635285537689,0.13408569520511357
1560,Helix Nanotechnologies,Winter 2017,Active,1,0,1.294897748721788,0.2064935832290554
1563,ScopeAI,Winter 2017,Acquired,1,0,0.8481463207603274,0.1376935751276724
1583,Skyways,Summer 2017,Active,1,1,2.661646446745324,0.04959005920206546
1587,VergeSense,Summer 2017,Active,1,0,2.1904639708280182,0.18321693668505992
1603,Standard AI,Summer 2017,Active,1,0,3.9732140505253075,0.21219685487089715
1609,Nimble,Summer 2017,Active,1,0,5.791382747006476,0.24734331435209897
1610,Darmiyan,Summer 2017,Active,1,0,0.9722918576717425,0.3285311781203803
1616,Flock Safety,Summer 2017,Active,1,0,0.11096446836943076,0.10730683808078308
1624,Mystro,Summer 2017,Inactive,1,0,4.358208161385443,0.2548465259497845
1627,Semantix,Summer 2017,Inactive,1,0,5.795782733538437,0.11882409593573137
1633,Plasticity,Summer 2017,Acquired,1,0,1.4120091915408486,0.05009579281955854
1638,Cairns Health,Summer 2017,Active,1,0,6.070577340390005,0.2690846494331511
1639,Pop Meals,Summer 2017,Active,0,1,5.133785295607635,0.20899891251761252
1641,Spect,Summer 2017,Inactive,1,0,0.6976120098764581,0.2755264576145176
1663,D-ID,Summer 2017,Active,1,0,0.6254361096822667,0.11520013365313102
1666,Percept.AI,Summer 2017,Acquired,1,0,5.535949744312273,0.16367653872211946
1671,Sourceress,Summer 2017,Active,1,0,5.936884804180101,0.05717427860733388
1675,Opearlo,Summer 2017,Acquired,1,0,4.949430183985538,0.0942184907078989
1678,Headstart,Summer 2017,Acquired,1,0,5.882818498936891,0.10589123091320654
1680,May Mobility,Summer 2017,Active,1,1,4.745056979251954,0.05186258003632278
1683,Commissary Club (formerly 70 Million Jobs),Summer 2017,Inactive,1,0,5.392561680310482,0.3487122010784827
1687,AssemblyAI,Summer 2017,Active,1,0,4.790496779973311,0.03965288002931851
1689,Lyrebird,Summer 2017,Acquired,1,0,0.9129136446884232,0.16450666380254245
1698,Social Construct,Summer 2017,Inactive,1,0,2.948358728531034,0.1316576785210988
1700,10 By 10,Summer 2017,Active,1,0,5.669082535580689,0.10482952872799112
1702,Thematic,Summer 2017,Active,1,0,0.6742029546329001,0.23605382456366802
1703,FollowUpThen,Summer 2017,Active,1,0,5.153247044795137,0.2997864738344676
1723,Proven Group,Winter 2018,Active,1,0,0.6677916600972095,0.24774758258961035
1725,Precious,Winter 2018,Active,1,0,5.692608800967476,0.12751761226478875
1729,Spellbrush,Winter 2018,Active,1,0,0.5839467448293703,0.08536265334401767
1730,Beanstalk,Winter 2018,Active,0,1,3.805118538439999,0.17211288011447226
1734,Jasper.ai,Winter 2018,Active,1,0,0.6186576637942274,0.05971005846111653
1736,Assembly,Winter 2018,Active,1,0,5.0839803380551665,0.2786375544872219
1739,Observant AI,Winter 2018,Active,1,0,1.4619203031722918,0.15927764459817648
1743,Bear Flag Robotics,Winter 2018,Acquired,0,1,3.0237247141794508,0.2438981200887375
1744,Fondo,Winter 2018,Active,1,0,4.908151091540265,0.21510404507705003
1754,Mighty Buildings,Winter 2018,Inactive,0,1,2.9190987058046547,0.17744718211180094
1759,Sepsis Scout,Winter 2018,Acquired,1,0,1.5252702404664433,0.1893642528138524
1760,Macromoltek,Winter 2018,Active,1,0,1.678416463566419,0.23669324582523035
1769,Promise,Winter 2018,Active,1,0,5.953535529742552,0.19302182284529942
1773,Persephone Biosciences,Winter 2018,Active,1,0,1.278659603640028,0.2689757806808955
1775,Reverie Labs,Winter 2018,Inactive,1,0,1.0737839134531795,0.26527501696399364
1778,Nuvocargo,Winter 2018,Active,1,0,4.265689190524458,0.14441088134830815
1807,Edwin,Winter 2018,Acquired,1,0,5.634612162708699,0.3177044773872546
1818,Cognition IP,Winter 2018,Active,1,0,0.0817951050625129,0.285404225719909
1823,Vathys,Winter 2018,Inactive,1,0,3.166081677446077,0.04361555587869582
1824,Naborly,Winter 2018,Acquired,1,0,5.773397551868289,0.21322707760090706
1826,Weekend (fmr. Volley),Winter 2018,Active,1,0,6.252725105414393,0.07729012023542968
1827,SharpestMinds,Winter 2018,Acquired,1,0,6.117147264470715,0.26802229268582084
1832,Tilt (f.k.a. Delphia),Winter 2018,Active,1,0,5.938797726728638,0.026811889449244366
1836,Orangewood Labs,Winter 2018,Active,1,1,3.4298505999439546,0.24339837768562494
1840,Memora Health,Winter 2018,Acquired,1,0,5.572986567776424,0.1727471729351205
1842,AlgoSurg Inc,Winter 2018,Active,0,1,2.4342138111800606,0.15511509971618503
1847,ArchForm,Winter 2018,Active,0,1,4.1545542963146955,0.1418364944314888
1851,Voicery,Winter 2018,Inactive,1,0,5.471753614611185,0.14705002314904728
1857,Point API,Winter 2018,Inactive,1,0,4.6997616260309885,0.2614054292644285
1858,Jido Maps,Winter 2018,Acquired,1,0,2.1316341636117606,0.14555260813576193
1859,Observe.AI,Winter 2018,Active,1,0,0.7390177754261679,0.2368773618474465
1871,Helloverify,Winter 2018,Active,1,0,1.1250727288394287,0.128540577404748
1873,Warpdrive by Synthetic Minds,Summer 2018,Inactive,0,1,2.4926890899413223,0.08478609992544373
1875,Aerones,Winter 2018,Active,0,1,2.7902643646124425,0.5516669154919558
1878,Swayable,Winter 2018,Active,1,0,0.44788620665627715,0.18334846831237242
1883,Allotrope Medical,Summer 2018,Acquired,0,1,2.1201277782852728,0.20955697684981178
1888,Phiar,Summer 2018,Acquired,1,0,0.07596290148596241,0.0556124199639854
1889,OWNY,Summer 2018,Active,1,0,5.449778178164353,0.2902230463240248
1891,Klarity,Summer 2018,Active,1,0,6.179515562121669,0.07284315600925095
1897,"numericcal, inc.",Summer 2018,Inactive,1,0,2.142008324622048,0.3807498845325017
1898,Searchlight,Winter 2019,Acquired,1,0,1.1794143373612047,0.21939887232222186
1910,Activeloop,Summer 2018,Active,1,0,0.40101186302633746,0.1436977632547778
1916,Data Driven Bioscience,Summer 2018,Active,1,0,1.4522788963575088,0.26209009494058855
1917,Inscribe,Summer 2018,Active,1,0,0.9923734491301146,0.13695378811994277
1918,JITX,Summer 2018,Active,1,0,2.8879647310532515,0.292910449072082
1927,"AskMyClass, now Soundkins",Summer 2018,Active,1,0,5.64651935048783,0.47932166990776565
1939,64x Bio,Summer 2018,Active,1,0,1.848830231367241,0.1348016595446016
1940,Anima App,Summer 2018,Active,1,0,1.4082274397385954,0.053238369068334866
1945,LabelFlow,Summer 2018,Inactive,1,0,1.9590967551874667,0.05097156893827256
1950,Corvus Robotics,Summer 2018,Active,0,1,3.2502215903107565,0.20678935596875334
1956,Regology,Summer 2018,Acquired,1,0,0.8969244460757771,0.3414831402112363
1957,Quickchat AI,Summer 2018,Active,1,0,5.568120941490796,0.1440931194545444
1963,Rain Neuromorphics,Summer 2018,Acquired,1,0,1.6149761097801574,0.12987147830137769
1970,Alpha Vantage,Summer 2018,Active,1,0,0.3961698639449695,0.18107875366984796
1988,Prodigal,Summer 2018,Active,1,0,0.3646336272141626,0.14693921353682293
1990,TENDERD,Summer 2018,Active,1,0,2.746488298423548,0.2460659821283376
2001,Shelf Engine,Summer 2018,Acquired,1,0,4.04794877646537,0.24877147773212385
2005,Four Growers,Summer 2018,Active,0,1,2.997251327100179,0.29501048254159734
2006,BrainHi,Summer 2018,Active,1,0,5.3881123307014,0.36049043334058495
2014,Mutiny,Summer 2018,Active,1,0,5.088522182373098,0.12382212398461273
2015,Synkrino Biotherapeutics,Summer 2018,Active,1,0,1.00352612531793,0.3366462285657755
2017,Leena AI,Summer 2018,Active,1,0,5.696880023264178,0.3246702900568957
2023,SPATE,Summer 2018,Active,1,0,1.765618407166805,0.08980537434366277
2025,LemonBox,Summer 2018,Active,1,0,0.4378777147173153,0.15494957599201478
2026,iLabService,Summer 2018,Active,1,0,1.832851760983356,0.2427444369722712
2034,Aesthetic,Summer 2018,Active,1,0,4.96875470559648,0.07988018493621457
2037,Kunduz,Summer 2018,Active,1,0,5.806305997562292,0.35734578188530186
11895,Overview,Winter 2019,Active,1,0,2.4369541681295996,0.5018886866032211
11919,Taobotics,Winter 2019,Active,0,1,3.880960969232537,0.3343087771269749
11922,Trexo Robotics,Winter 2019,Active,0,1,3.719127906867951,0.12809284714703806
11924,Flockjay,Winter 2019,Active,1,0,5.406592643022718,0.28621807092024104
11935,AllSome Fulfillment,Winter 2019,Active,1,0,4.5341572122303155,0.29358549356971014
11936,Pachama,Winter 2019,Acquired,1,0,1.3764045745649172,0.16478861173721884
11948,Centaur,Winter 2019,Active,1,0,1.2225998533144382,0.17014716329324256
11961,Sorting Robotics,Winter 2019,Active,1,1,2.929407827403172,0.2920821323214237
11966,Windsor,Winter 2019,Acquired,1,0,4.190441713731859,0.11993871262770534
11975,Hatch,Winter 2019,Acquired,1,0,5.581253503234934,0.23608868182066056
11976,BrainKey,Winter 2019,Active,1,0,0.3969364170500941,0.29836944225687695
11986,Tailornova/Couturme,Winter 2019,Active,1,0,2.8809806932619835,0.18717240177294514
11991,Community Phone Company,Winter 2019,Active,1,0,6.044672744143557,0.1903722004814174
11992,Basilica,Winter 2019,Inactive,1,0,5.18396877668264,0.19122768155327274
11994,Sapling.ai,Winter 2019,Active,1,0,5.436940685375158,0.17479207455585172
12005,Demodesk,Winter 2019,Active,1,0,5.841776167014548,0.272401531811192
12006,AI Insurance,Winter 2019,Active,1,0,5.645193322066415,0.0342567640406693
12011,ResistanceBio,Winter 2019,Inactive,1,0,0.3708058657704534,0.166209341868296
12015,Docucharm,Winter 2019,Inactive,1,0,3.5293693179395835,0.1597789489129771
12034,Askdata,Winter 2019,Acquired,1,0,0.37908548697645184,0.13009861267655404
12036,Probably Genetic,Winter 2019,Active,1,0,0.7733286290343716,0.3653434503334152
12040,Superorder,Summer 2019,Active,1,0,5.1062471477296905,0.2517928769927756
12042,Bunkerhill Health,Winter 2019,Active,1,0,0.11426600679119606,0.11546873725181446
12062,Autodial prev Qwest,Winter 2019,Active,1,0,4.6755244467721155,0.29148696208016944
12080,Aura Vision,Winter 2019,Active,1,0,1.0590475631595229,0.05066101708373312
12085,"Volta Labs, Inc.",Winter 2019,Active,0,1,1.797803716126757,0.2265527525160657
12090,Hypnos,Winter 2019,Inactive,1,0,0.563163368809142,0.23307747279882707
12091,Superb AI,Winter 2019,Active,1,0,2.0270697217603404,0.08713099857167987
12092,Traverse Technologies,Winter 2019,Inactive,0,1,1.8402342055730259,0.4056725335779227
12256,Glide,Winter 2019,Active,1,0,3.432239735614817,0.013463166469346219
12260,AXDRAFT,Winter 2019,Acquired,1,0,0.7039354291947711,0.16949548917328497
12265,Sublime Black,Winter 2019,Inactive,1,0,0.3176447827705486,0.09669659467880526
12267,Mars Auto,Winter 2019,Active,1,1,3.5628210458997636,0.32360026517845936
12271,Allure Systems,Winter 2019,Acquired,1,0,3.34361194852912,0.06415623923103049
12277,Tailor-ED,Winter 2019,Inactive,1,0,5.607761090155169,0.20197898967312022
12283,"OutRival, Inc.",Winter 2019,Active,1,0,5.544963650974086,0.28505665327693525
12286,1910,Winter 2019,Active,1,0,1.3042376393443553,0.2308409448960005
12415,Spiral Genetics,Winter 2019,Inactive,1,0,1.4085994529485164,0.26362969031482275
12507,Playground,Summer 2019,Inactive,1,0,1.1880265041191183,0.09641532571762089
12531,Shiru,Summer 2019,Active,1,0,1.0798327891813366,0.09133710867341491
12536,Plotdrive,Summer 2019,Active,1,0,3.281386124461819,0.07669467275713934
12542,Palifer,Summer 2019,Acquired,1,0,2.260425700970096,0.4065204111709626
12549,Symplex,Summer 2019,Acquired,1,0,0.5099674071004348,0.13967975659936144
12550,Kraftful,Summer 2019,Acquired,1,0,0.8031439602999972,0.16309164957684413
12553,Well Principled,Summer 2019,Active,1,1,1.7936594557954686,0.1521460948517619
12572,Short Story,Summer 2019,Active,1,0,5.182060741558346,0.26848105036626296
12597,Lucid Bots,Summer 2019,Active,0,1,3.331770280973027,0.3461755144332088
12608,TRM Labs,Summer 2019,Active,1,0,0.7521915851193339,0.0904468621190006
12609,Soteris,Summer 2019,Active,1,0,1.3650550671005919,0.14061887883196036
12610,Lantern,Summer 2019,Inactive,1,0,1.2393280545844347,0.22909409134382142
12611,AudioFocus,Summer 2019,Active,1,0,0.5684988517326338,0.12501933065659054
12612,Prolific,Summer 2019,Active,1,0,0.6046678835684998,0.35321633867639635
12613,Dashblock,Summer 2019,Inactive,1,1,4.185989470343852,0.1181035998893947
12614,GEn1E Lifesciences,Summer 2019,Active,1,0,0.7526685142772848,0.33887412570658504
12618,Embrace,Summer 2019,Active,1,0,1.038525231065478,0.19695761320077093
12622,Yummy Future,Summer 2019,Active,1,1,3.745391565858746,0.39361678767684966
12632,ZETA SURGICAL,Summer 2019,Active,1,1,2.4880015270491187,0.15834783191035973
12638,Milo,Winter 2020,Inactive,1,0,5.062568925290165,0.2160230595698987
12660,Rosebud AI,Summer 2019,Active,1,0,5.082411474321327,0.15471619806628276
12677,EARTH AI,Summer 2019,Active,1,0,1.9243220674692232,0.3916783776889183
12724,Chaos Genius,Winter 2020,Acquired,1,0,1.734806034312677,0.21689569570131026
12737,Tensil,Summer 2019,Inactive,1,0,2.9486906471441463,0.31047230007291376
12738,Vahan,Summer 2019,Active,1,0,3.9101640270328026,0.1200941909042227
12742,Finlens,Winter 2020,Active,1,0,4.062722872131808,0.04189789922850352
12768,Ramen VR,Summer 2019,Active,1,0,1.1174940046519077,0.11502177869805717
12821,Hightouch,Summer 2019,Active,1,0,5.343556410166505,0.056404290575062375
12832,PredictLeads,Summer 2019,Active,1,0,0.782219074252487,0.26430959322544184
12846,Traces,Summer 2019,Active,1,0,1.3351025767656737,0.12357321141527254
12851,Flowbot,Summer 2019,Active,1,0,5.562406522075601,0.2480457246932267
12860,Deepnote,Summer 2019,Active,1,0,1.0221973597684704,0.31820514209827255
12862,Meridian Industries,Summer 2019,Active,1,0,0.964643893761154,0.2119291287589814
12863,Taskade,Summer 2019,Active,1,0,5.153584695914194,0.13501872731317893
12871,Motion,Winter 2020,Active,1,0,4.563380725481666,0.1785759118595466
12974,Flowglad,Winter 2020,Active,1,0,1.2859069689630593,0.1376978606909787
13074,Phonic,Winter 2020,Acquired,1,0,0.6226280859009015,0.3576366967740065
13081,Abalone Bio,Winter 2020,Active,1,0,0.8898505048223554,0.27051593821524245
13084,StratumAI,Winter 2020,Active,1,0,2.0204060057203472,0.31507047028130336
13085,Teleo,Winter 2020,Acquired,0,1,3.2565163980686442,0.3784226130206758
13087,RoboTire,Winter 2020,Inactive,0,1,3.3246549040020907,0.4806959641785381
13098,MindsDB,Winter 2020,Active,1,0,0.6481021999298465,0.1593525091293341
13100,FitnessAI,Winter 2020,Acquired,1,0,5.690346679956835,0.23038963382756877
13101,Segmed,Winter 2020,Active,1,0,0.966290009425526,0.3625753984614526
13104,Letterdrop,Winter 2020,Active,1,0,5.772476088302368,0.2938733962536468
13109,Taiv,Winter 2020,Active,1,0,4.495714453132562,0.12270274814074388
13112,Orbiter,Winter 2020,Inactive,1,0,1.5974841984842687,0.17291669552982433
13113,Glisten AI,Winter 2020,Inactive,1,0,2.8277839564606744,0.02185253988284146
13114,Ardis AI,Winter 2020,Inactive,1,0,0.6225793930734285,0.18874388003862885
13118,Perceptive Technologies,Winter 2020,Active,1,1,2.989746775806781,0.19361683924933176
13121,Handoff,Winter 2020,Active,1,0,3.2640259084266754,0.19061426122295333
13122,Nextmv,Winter 2020,Acquired,1,0,1.5447890603719874,0.16471703008508107
13141,Aden,Winter 2020,Active,1,0,6.267553117847816,0.06314265349492615
13144,Datasaur,Winter 2020,Active,1,0,0.7664668870327228,0.17655338421532657
13145,Dashworks,Winter 2020,Acquired,1,0,5.103392132399896,0.13756330661444127
13147,Replicate,Winter 2020,Acquired,1,0,0.9373415479504678,0.06538577216515361
13150,Basedash,Summer 2020,Active,1,0,0.9294971306605198,0.13445253633916593
13161,Clayboard,Winter 2020,Inactive,1,0,5.836340447180827,0.5628435928577518
13177,Visual One,Winter 2020,Inactive,1,0,1.7647651933013735,0.13461630638710498
13185,Operator.io,Winter 2020,Active,1,0,4.26268585843429,0.23310429728813115
13209,Scout,Winter 2020,Inactive,1,0,3.575468055064392,0.12517415292243098
13214,Pashi,Winter 2020,Inactive,0,1,3.066133409406293,0.4204553213983401
13217,Altay Therapeutics,Winter 2020,Active,1,0,0.6895366859617258,0.21715937128223106
13218,Turing Labs Inc.,Winter 2020,Active,1,0,1.620222683311692,0.25087689557958226
13224,Ello,Winter 2020,Active,1,0,5.798333686944608,0.29131517876366936
13231,QueryPie AI,Winter 2020,Active,1,0,1.1100345858932839,0.2160448234084092
13238,Typedream,Winter 2020,Acquired,1,0,4.336999932216099,0.08035128555386356
13265,Kinter,Winter 2020,Active,1,0,5.477997186044088,0.151097240441567
13273,Dropbase,Winter 2020,Inactive,1,0,4.572646306146023,0.029827463207667708
13306,Trident Bioscience,Summer 2020,Inactive,1,0,1.8178809721592726,0.2733263853430812
13307,Photoroom,Summer 2020,Active,1,0,4.647853381056684,0.08617565348120375
13309,Modernbanc,Winter 2020,Active,1,0,4.403113251365141,0.2225951810378307
13322,Skypher,Winter 2020,Active,1,0,0.8152885339832427,0.13169140065986573
13330,Recurrency,Summer 2020,Active,1,0,4.157806212537886,0.08164543689095195
13332,PostEra,Winter 2020,Active,1,0,0.9306069669679872,0.2271543169126115
13334,DeepSource,Winter 2020,Active,1,0,1.8374723904956092,0.2117724742104501
13346,UrbanKisaan,Winter 2020,Active,1,0,1.6916835211950287,0.21520560427052673
13348,PillarPlus,Winter 2020,Inactive,1,0,2.415420991596764,0.27682536790542506
13349,SprintAI,Winter 2020,Inactive,1,0,4.343699931190558,0.14441388103611705
13351,Morphle Labs,Winter 2020,Active,0,1,2.4251579852111123,0.2504589844617691
13405,Zumo Labs,Winter 2020,Inactive,1,0,2.118922856152709,0.14199909801639984
13413,adyn,Summer 2020,Active,1,0,1.3594368508133696,0.32883177835983946
13435,Overfit,Summer 2020,Inactive,1,0,5.84358609149146,0.2599432349938248
13472,Oda,Winter 2020,Active,1,0,5.815459725005437,0.09342487916633513
13476,Daedalus,Winter 2020,Active,0,1,2.9482359823454978,0.49829529034144643
13479,SOMATIC,Winter 2020,Active,0,1,3.6366478737334926,0.28182518976207754
13483,ElectroNeek,Winter 2020,Active,0,1,3.1771880162478685,0.12264862708396894
13498,BeGo,Winter 2020,Active,1,0,3.566889154351445,0.2068534393824022
13504,Handl,Winter 2020,Active,1,0,4.0425889527671295,0.2711345603572172
13519,Recall.ai,Winter 2020,Active,1,0,0.10956082375652444,0.1637489991011683
13522,Atmo,Winter 2020,Active,1,0,1.4818098076710882,0.2471371166929613
13525,PowerX,Winter 2020,Acquired,1,0,1.8544968227503045,0.458849975366183
13549,Airbyte,Winter 2020,Active,1,0,6.066366112048743,0.11577296081843946
13579,Tasker AI,Winter 2020,Active,1,0,4.6308479294192795,0.23922678327468838
13616,Menten AI,Winter 2020,Active,1,0,1.2705570763657121,0.2827582332255453
13620,Legionfarm,Winter 2020,Active,1,0,6.198995664418077,0.12785436860074917
13705,Algen Biotechnologies,Winter 2020,Active,1,0,1.0914029879918465,0.19735568563451517
21769,Roboflow,Summer 2020,Active,1,0,1.8551873251629258,0.06478898679576864
21771,Bandit ML,Summer 2020,Acquired,1,0,4.021251513966385,0.12117762860558176
21772,inFeedo AI,Summer 2020,Active,1,0,6.009842508025592,0.17957419574132266
21781,Datafold,Summer 2020,Active,1,0,2.4485048460094694,0.1914699851063095
21784,Blue Onion,Summer 2020,Active,1,0,4.081164884074632,0.10031176392796419
21794,Shuttle,Summer 2020,Active,1,0,4.049768725002249,0.19960509900746934
21811,Hypermile,Summer 2020,Acquired,1,0,2.379687979577332,0.19033769081601337
21852,Known Medicine,Summer 2020,Acquired,1,0,0.8250728076317394,0.24381390246451798
21857,Hypotenuse AI,Summer 2020,Active,1,0,3.352635607391474,0.05815442168605088
21881,Kernal Biologics,Summer 2020,Active,1,0,0.3856002268112167,0.2354145631427454
21882,CoreCare,Summer 2020,Active,1,0,5.795257391877049,0.2510417019546445
21894,Humanloop,Summer 2020,Acquired,1,0,1.0172856642573676,0.18323999134044847
21900,Omni,Summer 2020,Acquired,1,0,5.5372638082576815,0.24422964153606866
21902,Blissway,Summer 2020,Active,1,0,3.1167489498812766,0.18214629820188138
21915,Atomic,Summer 2020,Active,1,0,5.443321214209723,0.15473026993727196
21962,Hellometer,Summer 2020,Active,1,0,3.232866678694773,0.20199404935066514
21969,Nextera Robotics,Summer 2020,Active,1,1,2.5965608947842216,0.1807484798556137
21992,Nabla Bio,Summer 2020,Active,1,0,1.2384092725240472,0.23874790619847266
21993,Hyper Online,Summer 2020,Inactive,1,0,5.933933311813703,0.0862506090682872
22002,BIK,Summer 2020,Active,1,0,5.028087456468968,0.21331797745405898
22008,Aquarium Learning,Summer 2020,Acquired,1,0,1.8660199889606521,0.30265055573774463
22032,Intelligent,Summer 2020,Inactive,1,0,5.269747484856016,0.08524443288222351
22063,Cohere,Summer 2020,Acquired,1,0,5.411245010477781,0.1360213944649757
22076,Dataland,Summer 2020,Active,1,0,0.3339795886450402,0.16189379941360663
22083,HENRY,Summer 2020,Active,1,0,0.34629291303230786,0.12364052560889392
22124,Taktile,Summer 2020,Active,1,0,1.3160520343310178,0.030047110737959126
22126,Mito,Summer 2020,Active,1,0,0.9155429924910502,0.15792767808541672
22131,Draftwise,Summer 2020,Active,1,0,0.4803851133157772,0.09344967722537018
22151,AI.Fashion,Summer 2020,Inactive,1,0,2.8875872403304426,0.04342936732714248
22218,Glimpse,Summer 2020,Active,1,0,3.4015033246520794,0.05374649446375458
22241,"Warmly,",Summer 2020,Active,1,0,5.088835379143298,0.11787813551884865
22273,Fieldguide,Summer 2020,Active,1,0,0.8378434786604617,0.14455333335136103
22277,Heron Data,Summer 2020,Active,1,0,4.184478230423471,0.05463885251111646
22294,Clau,Summer 2020,Active,1,0,5.2146867565956265,0.16179494735926375
22301,Quell,Summer 2020,Inactive,1,0,4.434850855873398,0.08966777252127571
22470,Degrees of Freedom,Winter 2021,Inactive,1,0,5.769536595357262,0.39251869377020143
22608,cloud humans,Winter 2021,Active,1,0,5.560172818504645,0.21167146056950106
22627,Atomic Industries,Winter 2021,Active,1,0,2.914465921488869,0.3930628242798275
22632,authzed,Winter 2021,Active,1,0,0.32037497416233773,0.1726962452262867
22638,Humaans,Winter 2021,Active,1,0,5.7156304670338,0.0959963135220156
22660,RocketSDR,Winter 2021,Active,1,0,0.045700469646943666,0.0960301855063803
22661,Quadrant Eye,Winter 2021,Inactive,1,0,1.2252826621516497,0.18814104497243733
22664,SBX Robotics,Winter 2021,Inactive,1,1,2.4856789751374553,0.14595752888134672
22674,arnata,Winter 2021,Active,1,0,3.743320484746361,0.1773179618708723
22681,Pibit.ai,Winter 2021,Active,1,0,1.0846175539728184,0.11817226645205915
22694,Vogent,Summer 2021,Acquired,1,0,4.973614629363842,0.08833398597216552
22708,Flux Auto,Winter 2021,Active,1,1,3.365338161717676,0.36819571425407643
22714,Fountain9,Winter 2021,Acquired,1,0,3.2717721809783877,0.011818897478400448
22717,Avocado,Winter 2021,Active,1,0,5.036875384841738,0.20864568307443268
22738,Pragmatic Leaders (Ankai Inc),Winter 2021,Active,1,0,6.1877762805357355,0.27504739259886724
22742,Axiom.ai,Winter 2021,Active,0,1,2.7079390501469556,0.14842086349961828
22743,Segments.ai,Winter 2021,Acquired,1,0,2.080679860868757,0.11986034945808728
22744,Encord,Winter 2021,Active,1,1,2.5042992868926452,0.04862806413993591
22752,ClipDrop,Winter 2021,Acquired,1,0,3.974760223004812,0.1874783353186746
22776,Sivo,Winter 2021,Active,1,0,5.532887606364914,0.1611725993338645
22778,HyperGlue,Winter 2021,Acquired,1,0,1.6550223646757347,0.1726962493827987
22781,Cyble,Winter 2021,Active,1,0,0.6844286861236752,0.11450082151678397
22785,Supadock,Winter 2021,Active,1,0,3.748606455305458,0.2475307404753841
22786,Faction,Winter 2021,Inactive,0,1,3.811775410303925,0.1292815173679008
22787,Expent Inc,Winter 2021,Active,1,0,0.20580709670801167,0.09826479284126542
22790,Version Story,Winter 2021,Active,1,0,0.34783112909620173,0.17634293624043895
22827,Promoted.ai,Winter 2021,Acquired,1,0,5.857588462087896,0.15860764993351764
22831,Emerge Tools,Winter 2021,Acquired,1,0,3.016167571721586,0.06180363745722507
22832,Parsagon,Winter 2021,Active,1,0,0.8473436985561513,0.36150426733010366
22834,Alinea,Winter 2021,Active,1,0,5.26594630073933,0.13961975595976847
22835,Vapi,Winter 2021,Active,1,0,6.260536930616787,0.20291208669167554
22850,Quadrant Health,Winter 2021,Active,1,0,0.8381083504400226,0.5152304788196116
22855,Mindee,Winter 2021,Active,1,0,0.9590745424117118,0.12279655601471835
22861,Pangea.app,Winter 2021,Active,1,0,0.49496362282477113,0.07480567079027682
22866,Anima,Winter 2021,Active,1,0,6.130659483113941,0.28692623486149216
22875,Roin Technologies,Winter 2021,Acquired,0,1,3.4502897213569117,0.5283250563951329
22876,Hermes Robotics,Winter 2021,Active,0,1,3.730019634791957,0.3094954119660887
22878,Popl,Winter 2021,Active,1,0,5.556550314169701,0.09910446649362839
22879,Fathom,Winter 2021,Active,1,0,5.997428430714648,0.15921601398867316
22880,Outpaint.com,Winter 2021,Active,1,0,2.796212155549168,0.08844955680624855
22882,FirstSupport.ai,Winter 2021,Active,1,0,5.441147624188788,0.25632428170692423
22884,Rinsed,Winter 2021,Active,1,0,3.847463949687477,0.28522264608582343
22906,LiveFlow,Winter 2021,Active,1,0,3.33269434852539,0.019153301112911792
22944,Invoid,Winter 2021,Inactive,1,0,0.16397454203042955,0.08877870080670885
22951,Datrics,Winter 2021,Active,1,0,1.4854529109270407,0.06971356464008266
22958,Text Blaze,Winter 2021,Active,0,1,4.250218974641035,0.32136432233996426
22969,LightTwist,Winter 2021,Active,1,0,4.653668512628343,0.09362757996929214
23000,Nimbus,Winter 2021,Inactive,1,0,1.2249987764444037,0.16255292255569842
23017,Tractian,Winter 2021,Active,1,0,2.731033188263709,0.4338394645175978
23037,Enable Us,Winter 2021,Acquired,1,0,5.556617249146012,0.24982625161309224
23041,Platypus,Winter 2021,Inactive,1,0,3.3425781402990045,0.09403951142886222
23050,Milk Video,Winter 2021,Inactive,1,0,5.105578797220519,0.04255064707683635
23056,Simplify,Winter 2021,Active,1,0,5.068182634062579,0.12710127659481513
23062,InpharmD,Winter 2021,Active,1,0,6.101292418427876,0.43390318487934104
23064,Tint,Winter 2021,Active,1,0,3.879338693607482,0.12321241781646233
23073,unSurvey,Winter 2021,Acquired,1,0,0.49818247299463975,0.2823929246948072
23074,ZOKO,Winter 2021,Active,1,0,5.217882840581206,0.2653913180658699
23075,TaoFi,Winter 2021,Acquired,1,0,5.920869625329404,0.1365807747505973
23105,Reclaim Protocol,Winter 2021,Active,1,0,0.3133628575832002,0.2698256073708571
23121,BotBuilt,Winter 2021,Active,0,1,3.2217366226672883,0.3485352059243686
23190,Biodock,Winter 2021,Active,1,0,1.6234943391720629,0.23549064197790368
23191,Venu AI,Winter 2021,Active,1,0,5.4104789681557,0.16172132711054046
23200,Compose.ai,Winter 2021,Active,1,0,4.285387663432666,0.08143270733402022
23220,Lamar Health,Winter 2021,Active,1,0,5.514738664112633,0.20442673348045803
23226,Soraban,Winter 2021,Active,1,1,0.6285349902373513,0.07845494423937764
23276,Codeball,Winter 2021,Inactive,1,0,1.8384767177746284,0.2841959090435557
23303,Dataherald,Winter 2021,Inactive,1,0,1.0792919393445866,0.1544021543042802
23317,Rejoy Health,Winter 2021,Active,1,0,0.36673577508536515,0.30825936167931994
23357,Treinta,Winter 2021,Active,1,0,5.009278375849908,0.18950305660242323
23368,Spline,Winter 2021,Active,1,0,1.4569213574924438,0.10433361068255312
23371,BusinessOnBot,Winter 2021,Active,1,0,4.889619555548453,0.2636381884871917
23389,Gigs,Winter 2021,Active,1,0,3.3771831925938414,0.12445185962355096
23415,Friz,Winter 2021,Acquired,1,0,5.884581455557382,0.19387876617238678
23430,Mystic,Winter 2021,Active,1,0,5.965804611126121,0.046955226135361586
23431,Navattic,Winter 2021,Active,1,0,5.558958520945375,0.12269677693201424
23437,Mezli,Winter 2021,Inactive,0,1,4.1133952164447205,0.23459465229023277
23451,MarqVision,Summer 2021,Active,1,0,1.9422996535307826,0.04222415580269587
23459,Routine,Winter 2021,Active,1,0,5.003966000555378,0.17201102881777028
23521,MindPortal,Winter 2021,Inactive,1,0,0.5847720601665138,0.2570610407313048
23530,Waydev AI,Winter 2021,Active,1,0,1.4654742292335958,0.27123683104653806
23610,PipeBio,Winter 2021,Acquired,1,0,1.5883692567325538,0.19736891038403895
23611,Reshape Biotech,Winter 2021,Active,0,1,2.7987111626932495,0.3373314555313444
23629,Glop.dev,Winter 2021,Active,1,0,2.497848592082459,0.06244874482219117
23634,Ollama,Winter 2021,Active,1,0,4.885673830127008,0.16593062300237119
23636,Humance,Winter 2021,Active,1,0,2.395537244677052,0.10344639469021602
23638,Journey,Winter 2021,Acquired,1,0,5.51430442809545,0.09065347572668321
23781,Openlayer,Summer 2021,Active,1,0,4.103460381380782,0.09123012076362383
23796,Slope,Summer 2021,Active,1,0,4.488344671049656,0.22152566545656882
23946,Legion Health,Summer 2021,Active,1,0,6.19538260618035,0.24949561147283222
23948,Superwall,Summer 2021,Active,1,0,0.3387866245899114,0.12321704226662601
23951,Mindstate Design Labs,Summer 2021,Active,1,0,1.0210136518775283,0.2043011935396949
23954,Serif Health,Winter 2022,Active,1,0,0.17385927657548642,0.16225385105851306
23958,Abstra,Summer 2021,Active,1,0,3.951526690416269,0.033080512597945456
23971,Concord Materials,Summer 2021,Active,1,0,3.5325817022499697,0.215046108539512
23973,Jestor,Summer 2021,Active,1,0,3.4069171180688893,0.15243403295784044
23977,Potion,Summer 2021,Active,1,0,1.3930964677556295,0.328721550733783
23978,Rootly,Summer 2021,Active,1,0,6.05579808560326,0.12938671758858744
23979,Replo,Summer 2021,Active,1,0,4.748070741100247,0.15648616608769195
23985,FirstQuadrant,Summer 2021,Inactive,1,0,5.317363077583294,0.03906827654127028
24025,Buzzle,Summer 2021,Inactive,1,0,0.556141603973009,0.16753095275430124
24039,Kalam Labs,Summer 2021,Active,1,0,1.856608996944331,0.20871644550766216
24040,Affogato AI,Summer 2021,Active,1,0,5.110593604955402,0.10499162736473955
24045,Coulomb AI,Summer 2021,Active,1,0,1.9016104644703407,0.2782839458607585
24064,Confido,Summer 2021,Active,1,0,4.304981180408847,0.02808176693840401
24078,Instalab,Winter 2022,Active,1,0,1.1226455296708382,0.360844142168873
24080,Zaz OS,Summer 2021,Active,1,0,5.232102050351644,0.061417150688939035
24081,Parallel Bio,Summer 2021,Active,1,0,0.9920806324201017,0.3216672742113584
24093,Swipe,Summer 2021,Active,1,0,4.726066029462367,0.2820878179013477
24095,Neodocs,Summer 2021,Active,1,0,1.356300074469704,0.4244808057821243
24100,MobileBoost,Summer 2021,Active,1,0,1.7234331897234998,0.3079518610949149
24135,Sleek,Summer 2021,Acquired,1,0,3.7093411656659803,0.1399608989732475
24137,Soco,Summer 2021,Active,1,0,4.982349688222648,0.22713148418652748
24140,Bite Ninja,Summer 2021,Active,1,1,4.517031462428516,0.40089116851764983
24141,Anakin,Summer 2021,Active,1,0,2.582402674291724,0.06768977435886868
24142,SnapCalorie,Summer 2021,Active,1,0,1.2769066167510428,0.13664979039578012
24153,Dailybot,Summer 2021,Active,1,0,5.738833659039025,0.11661727841779494
24156,Lariat Data,Summer 2021,Inactive,1,0,1.749523141592109,0.2747147232937037
24161,Tavus,Summer 2021,Active,1,0,5.485222647991776,0.08275529300169318
24162,Konta.com,Summer 2021,Active,1,0,5.349692827777848,0.20713367825752493
24166,SafeBeat,Summer 2021,Active,1,0,0.5865989342007539,0.17809482026149684
24180,Verihubs,Summer 2021,Active,1,0,1.5517617116232048,0.2009150388500633
24191,Secoda,Summer 2021,Active,1,0,0.7363791049798011,0.21573218637726466
24192,Kaya,Summer 2021,Active,1,0,5.889298003937849,0.18434690374925555
24198,SalaryBox,Summer 2021,Active,1,0,4.689611016534543,0.22001568606823285
24203,Redbean,Summer 2021,Active,1,0,0.06457827584671204,0.13622675821274974
24204,Sentiyen,Summer 2021,Active,1,0,5.845119530140373,0.2495316469458708
24205,Jovian,Summer 2021,Active,1,0,6.217835046121012,0.32983701635899054
24206,Hyperbrowser,Summer 2021,Active,1,0,6.068938301588548,0.03969061184308043
24235,SenpAI.GG,Summer 2021,Inactive,1,0,0.14370409272789167,0.2999327139623276
24259,Warpfy,Summer 2021,Active,1,0,3.725291051402413,0.12691875921814155
24271,TrackChain,Summer 2021,Active,1,0,4.023519915261599,0.11762923522743964
24291,DigiBuild,Summer 2021,Active,1,0,3.358681971497983,0.19808461581289732
24302,OneStopKitchen,Summer 2021,Inactive,1,0,4.4540815779682,0.11482717717431758
24303,Cero,Summer 2021,Active,1,0,5.796786100460088,0.25903052907902446
24344,WarpBuild,Summer 2021,Active,1,0,2.6912000271381755,0.10547482077124382
24346,MindFi,Summer 2021,Active,1,0,6.214872146832239,0.2545564802471294
24367,Scispot,Summer 2021,Active,1,0,1.375989966660891,0.35155890122384237
24374,Coinrule,Summer 2021,Active,1,0,5.008604063396779,0.08174321994334549
24381,Sequin,Summer 2021,Active,1,0,5.5135734751240575,0.1463621703291468
24382,Malloc Inc,Summer 2021,Active,1,0,1.3111867466712157,0.15077045421766844
24383,Milky Way AI,Summer 2021,Inactive,1,0,2.103101040899083,0.0911517666809726
24385,ShipBlu,Summer 2021,Active,1,0,4.268134984327966,0.1888134214052094
24390,GetDot,Summer 2021,Active,1,0,0.8576367047895455,0.18814781908602993
24391,CoLoop,Summer 2021,Active,1,0,6.236234795997229,0.1872072514730395
24395,Miniloop,Summer 2021,Active,1,0,2.3044878252782386,0.07737480389711818
24404,OneSchema,Summer 2021,Active,1,0,2.5192686820625374,0.12150895209173458
24408,Forage Mail,Summer 2021,Inactive,1,0,4.856706324883767,0.1502257781386606
24444,Protex AI,Summer 2021,Active,1,0,2.143772438816039,0.31732568645995746
24461,Mine,Summer 2021,Inactive,1,0,5.41166509355119,0.15393227995622621
24467,Harmonic Discovery,Summer 2021,Active,1,0,1.275842343746145,0.22197488431369328
24476,Zensors,Summer 2021,Active,1,0,2.5428947286540806,0.1636771978111599
24484,Evidently AI,Summer 2021,Active,1,0,1.7657723229950386,0.31305913498705207
24497,aSim,Summer 2021,Active,1,0,5.592444138433365,0.16829564149366336
24505,Adaptyv,Summer 2021,Active,1,0,2.1060765084204256,0.29100426777572513
24506,Spark Studio,Summer 2021,Active,1,0,5.855183314853547,0.3197508716680454
24509,Mentum,Summer 2021,Acquired,1,0,5.821963163485712,0.04238679220720589
24524,outloud.ai,Summer 2021,Inactive,1,0,4.042309450334849,0.0791177767225065
24526,Writesonic,Summer 2021,Active,1,0,0.5459805702202646,0.11568000306664826
24528,Matrubials,Summer 2021,Active,1,0,0.39781113282061714,0.17267736249803964
24551,Mach9,Summer 2021,Active,1,0,2.3555851967564934,0.4328617683498381
24555,RMFG,Summer 2021,Active,0,1,3.1044903755678437,0.4405207784085035
24556,Revery AI,Summer 2021,Inactive,1,0,5.118106475886387,0.025079182942756472
24567,Tenyks,Summer 2021,Active,1,0,1.328955821831035,0.11986107307114237
24571,Adni,Summer 2021,Active,1,0,6.106738394668747,0.2704434272547956
24573,Telmai,Summer 2021,Active,1,0,1.786942505862813,0.353000681752333
24586,Hudson Labs (formerly Bedrock AI),Summer 2021,Active,1,0,1.1794766402175594,0.35995110963292265
24589,Buoyant Aero,Summer 2021,Active,0,1,4.06317022677076,0.09079010120686154
24590,Waterplan,Summer 2021,Active,1,0,1.3017807708952358,0.40782007934048714
24603,Zuma,Summer 2021,Active,1,0,4.998747612595581,0.30296660302081685
24616,Vibe Kanban,Summer 2021,Active,1,0,1.0636188316908977,0.30659552482276725
24622,Caire Health,Summer 2021,Active,1,0,1.2444715539824442,0.20296806621348937
24666,Baubap,Summer 2021,Active,1,0,5.130988099870265,0.1480056459347239
24668,Shape,Summer 2021,Active,1,0,1.6249904164307167,0.08814036731585305
24719,StrideQ,Summer 2021,Active,0,1,4.621123574306474,0.38971893744677916
24725,ContraForce,Summer 2021,Active,1,0,5.827492524835696,0.05256106702169416
24727,Output Biosciences,Summer 2021,Active,1,0,0.9470697690760463,0.2716831832453282
24737,CellChorus,Summer 2021,Active,1,0,0.6996036388003903,0.17314074506682253
24774,Opkit,Summer 2021,Inactive,1,0,5.738409531949815,0.12634209739722277
24787,Squire.ai,Summer 2021,Inactive,1,0,1.212767763429,0.06582966471516591
24795,SFA Therapeutics,Summer 2021,Active,1,0,0.4601364395793721,0.20808740416430108
24816,Spoken,Summer 2021,Inactive,1,0,4.828156117151041,0.0863529016398311
24817,Bytebot,Summer 2021,Acquired,1,1,3.852838350969921,0.10404071375144205
24819,Adravision,Summer 2021,Active,1,0,0.8499562000214678,0.07915457738155776
24820,Medium Biosciences,Summer 2021,Active,1,0,1.3847404930862004,0.25179715102456907
24873,Charge Robotics,Summer 2021,Active,0,1,3.18815850438053,0.42969785160456614
24879,Lightly,Summer 2021,Active,1,0,1.7254261151385442,0.09255612102359402
24892,Safer Management,Summer 2021,Active,1,0,5.743860490781486,0.3676340901752863
24893,Exa,Summer 2021,Active,1,0,1.3727364816411942,0.12663928799832067
24914,Sully.ai,Summer 2021,Active,1,0,4.964383629485139,0.20568093731042375
24926,Revolve Surgical,Summer 2021,Active,0,1,3.5989705915877637,0.20785418165367794
25058,Andi,Winter 2022,Active,1,0,0.19276427777888736,0.17606908736504068
25075,Attack Capital,Winter 2022,Active,1,0,5.989375433773782,0.1536734035296131
25151,Keylika,Summer 2022,Active,1,0,0.7163553836614172,0.20145961841857946
25249,SilkChart,Summer 2022,Active,1,0,6.032321857360008,0.1822118040994589
25262,AstroForge,Winter 2022,Active,0,1,3.3714733265942467,0.17317912098119637
25267,TigerEye,Summer 2022,Acquired,1,0,2.5079529594770964,0.35560703597128573
25275,Strac,Winter 2022,Active,1,0,0.7855701088417489,0.14879186262799737
25279,Moots,Winter 2022,Active,1,0,5.477855162238784,0.2129717867478218
25306,WorldQL,Winter 2022,Active,1,0,0.9962628426332069,0.09536085309149402
25307,Sieve,Winter 2022,Active,1,0,1.5116123539051607,0.09396230376152878
25309,PolicyFly,Winter 2022,Active,1,0,5.964926745398125,0.047988298415308536
25311,Lumina,Winter 2022,Active,1,0,3.9211780896075563,0.13163580219558954
25314,Trellus,Winter 2022,Active,1,0,5.561843591781611,0.25785506788409546
25318,WeReno,Winter 2022,Active,1,0,1.7844041795189307,0.11443551171741176
25321,Rosebud Biosciences,Winter 2022,Active,1,0,0.8290361936332237,0.28866827438904563
25322,VantedgeAI,Winter 2022,Active,1,0,0.5181479503393585,0.09216087221476627
25327,Starling,Winter 2022,Active,1,0,1.47830647914811,0.2257298710874182
25328,Momento,Winter 2022,Active,1,0,0.17371790629034894,0.07476603755115623
25329,PromptLoop,Winter 2022,Active,1,0,5.669161601698456,0.015545443750686725
25333,Shinkei Systems,Winter 2022,Active,0,1,2.8541633147179692,0.38555915707392263
25337,Cherry Recommends,Winter 2022,Inactive,1,0,5.790710511882959,0.1556672070491462
25338,Cozmo AI,Winter 2022,Active,1,0,5.69789918641617,0.0636454989873721
25339,AgentRouter,Winter 2022,Active,1,0,5.398514520263459,0.2691853886583189
25342,Stably AI (Orca),Winter 2022,Active,1,0,4.3700506619946875,0.02744488635541884
25343,CoffeeAI,Winter 2022,Inactive,1,0,5.637777370597663,0.13330343075586076
25348,Sei AI,Winter 2022,Active,1,0,5.165943992367287,0.06285826859970499
25351,Axross Pte Ltd,Winter 2022,Active,1,0,2.046603005095391,0.2566758798646149
25356,Spinach AI,Winter 2022,Active,1,0,0.155469449597892,0.1466280195391375
25358,Nyckel,Winter 2022,Active,1,0,4.030557176981626,0.07079651540187618
25363,Gym Class,Winter 2022,Active,1,0,5.377504398505226,0.26646733692338403
25394,InferEdge,Winter 2022,Active,1,0,1.0065262808278617,0.15570226585102254
25396,HomeRoom,Winter 2022,Acquired,1,0,5.569867209547935,0.3300341607718571
25398,Dynamo AI,Winter 2022,Active,1,0,0.7632289489012385,0.20537510104267598
25399,Invert,Winter 2022,Active,1,0,1.725015878308593,0.4084207478052647
25400,Industrial Next,Winter 2022,Active,1,1,3.178404468387986,0.3347416373255492
25402,Rownd,Winter 2022,Active,1,0,1.9888892418687818,0.016835370700630053
25419,Kaso,Winter 2022,Active,1,0,5.142555876169612,0.15245696362572117
25448,HypaHub,Winter 2022,Acquired,1,0,0.7180182945147713,0.20545895028920352
25486,Dioptra,Winter 2022,Acquired,1,0,0.7845955590992101,0.1227829935019543
25491,Bobidi,Winter 2022,Active,1,0,5.4470394259912505,0.2180260348775017
25512,Ankr Health,Winter 2022,Active,1,0,6.013710088230676,0.2408920287743071
25518,MySivi,Winter 2022,Active,1,0,5.76617690772181,0.25155199628037317
25522,Unlayer,Winter 2022,Active,1,0,3.922041030201515,0.12515802783712712
25529,Criya,Winter 2022,Inactive,1,0,0.6653788373810525,0.03326197364776524
25531,haddock,Winter 2022,Active,1,0,4.3851105316819075,0.08000278832212354
25532,Fintelite,Winter 2022,Active,1,0,1.139740590329278,0.1758481497273866
25537,Cerebrium,Winter 2022,Active,1,0,5.41848693003344,0.08078684398132557
25538,Lexter.ai,Winter 2022,Active,1,0,5.942827931365835,0.3376640518794192
25541,Versable,Winter 2022,Active,1,0,3.0372686926728667,0.283889365577578
25558,MosaicVoice,Winter 2022,Active,1,0,1.4975490301323306,0.11816863063767363
25561,LanceDB,Winter 2022,Active,1,0,6.205473447520247,0.09878102758358638
25575,Beam,Winter 2022,Active,1,0,1.5458653821095392,0.08133083369758541
25582,Sophys,Winter 2022,Active,1,0,6.2580604670709254,0.3325890430231891
25585,Armilla AI,Winter 2022,Active,1,0,1.5718736188905582,0.25354740425419997
25587,Dart,Winter 2022,Active,1,0,0.08612180287464571,0.08914292853503816
25590,Emobi,Winter 2022,Active,1,0,2.793734983965543,0.0818146935189196
25603,Reforged Labs,Winter 2022,Active,1,0,1.20187021470719,0.18429029988979656
25607,Axis,Winter 2022,Active,1,0,0.2614428859051782,0.2059334427032396
25608,Flagright,Winter 2022,Active,1,0,0.8431739033146121,0.12389923699330549
25610,RedBrick AI,Winter 2022,Active,1,0,1.1035509056748514,0.1966785294317527
25614,T3 Chat,Winter 2022,Active,1,0,4.6963870769204,0.06303910794377034
25616,Stackshine,Winter 2022,Acquired,0,1,3.851272948003645,0.1328973450303414
25617,Speechly,Winter 2022,Acquired,1,0,6.064223552327802,0.11219346932374348
25618,Sphere,Winter 2022,Active,1,0,1.8948217967309162,0.03829194361507273
25635,SkyLink,Winter 2022,Acquired,1,0,5.724709811309078,0.17146543727243344
25645,RefineTrain AI,Winter 2022,Active,1,0,0.6556639032850424,0.2087262124029362
25647,PermitFlow,Winter 2022,Active,1,0,2.184909064079183,0.1581808858181699
25650,NearWave,Winter 2022,Active,1,0,1.245720218057289,0.1860709037835249
25656,Siftly,Winter 2022,Active,1,0,0.4930147571712701,0.100859476935925
25663,Velt,Winter 2022,Active,1,0,6.0084885423094985,0.22816094447846744
25672,Cogram,Winter 2022,Active,1,0,1.9629699261630078,0.2416792334107232
25674,Toko,Winter 2022,Active,1,0,5.774856247317009,0.2683396217676789
25680,Cotera,Winter 2022,Active,1,0,4.692077409040182,0.11019599248931243
25684,Curacel,Winter 2022,Active,1,0,5.730858997271834,0.049869776290623946
25691,voize,Winter 2022,Active,1,0,5.3870881444525365,0.31579727527032203
25712,Finnt,Winter 2022,Inactive,1,0,5.797518715820155,0.10097525637798888
25714,Strong Compute,Winter 2022,Active,1,0,1.8050841252117986,0.1218339133808032
25715,SubscriptionFlow,Winter 2022,Active,1,0,5.955154638455217,0.11110342315397558
25724,Lovage,Winter 2022,Active,1,0,4.748157262119492,0.4715134437449888
25727,"Sendme, Inc",Winter 2022,Inactive,1,0,4.464345866051873,0.31951175904025636
25732,Sprites,Winter 2022,Active,1,0,5.514315579090679,0.18826024232793448
25733,SmartHelio,Winter 2022,Active,1,0,1.9709409114271326,0.3461868264163032
25745,goodfin,Winter 2022,Active,1,0,0.09288491377595673,0.12563309335907052
25753,Airwork,Winter 2022,Active,1,0,3.7724018728295503,0.3205788179762776
25763,Cinder,Winter 2022,Active,1,0,5.7444866764627935,0.0048775075125996655
25777,BotCity,Winter 2022,Active,1,0,0.9543291730397876,0.2169760415160358
25817,Lifecast,Winter 2022,Inactive,1,1,2.721370933805866,0.1558569970344972
25818,Vimmerse,Winter 2022,Active,1,0,4.495031155461016,0.10036413260295626
25819,Broccoli AI,Winter 2022,Active,1,0,3.9780902244307947,0.12479925802308572
25825,Bemlo,Winter 2022,Active,1,0,4.940127625072063,0.2155399932069983
25827,Talentropy.ai,Winter 2022,Active,1,0,5.13508475497383,0.05464736774927219
25831,mutable.ai,Winter 2022,Acquired,1,0,2.420437075942218,0.04205615139141354
25849,Theneo,Winter 2022,Active,1,0,5.351153282443466,0.07563036603578133
25866,Ponyrun,Winter 2022,Active,1,0,0.6339802409519646,0.2504430117131072
25870,Top Road,Winter 2022,Active,1,0,5.8600760674277845,0.04958933361886644
25891,PINA,Winter 2022,Active,1,0,5.429317797052854,0.1678336426871583
25892,AvairSense,Winter 2022,Inactive,1,0,1.6137384532797505,0.15963391175648975
25914,IoTFlows Inc,Winter 2022,Active,1,0,2.5373507265837576,0.4080570037793578
25921,Nophin,Winter 2022,Inactive,1,0,0.7303213558682479,0.22034401172981355
25923,HOAi,Winter 2022,Acquired,1,0,5.576170455320529,0.15800123890516976
25948,Spade,Winter 2022,Active,1,0,3.7443836981288707,0.10693861059461135
25954,Status,Winter 2022,Active,1,0,5.925149954245708,0.17260692090901927
25969,Shaped,Winter 2022,Active,1,0,0.3911438606217854,0.09722235641753742
25975,Ploomber,Winter 2022,Inactive,1,0,5.971663606206157,0.07153063095651735
25976,GoJom,Winter 2022,Active,1,0,5.036146512400745,0.19235558349004547
25983,Housewarming,Winter 2022,Active,1,0,5.2894170472606366,0.17242520738286007
25989,Blink,Winter 2022,Active,1,0,3.838864276978659,0.11839629809954523
25991,Humand,Winter 2022,Active,1,0,5.389202381646844,0.19606143300710596
25995,Workflow86,Winter 2022,Active,1,0,4.622766290309274,0.09984985635727653
25999,Codec,Winter 2022,Active,1,0,4.387258893235,0.14561363565297814
26012,Postal,Winter 2022,Active,1,0,5.034519851215388,0.29158996887967703
26016,Finku,Winter 2022,Active,1,0,5.746116148972759,0.12164450256402233
26019,AYC Fund,Winter 2022,Active,1,0,0.2881522541334147,0.19448496193187298
26033,Heptabase,Winter 2022,Active,1,0,6.248170771235168,0.237418939459633
26034,Kenobi,Winter 2022,Active,1,0,5.421094308811179,0.21560330629412547
26035,Darsel,Winter 2022,Active,1,0,5.5164671015030144,0.2949832132710412
26052,Nara,Winter 2022,Acquired,1,0,5.178195297125249,0.3860435898033149
26066,Query Vary,Winter 2022,Active,1,0,2.6751101166782627,0.06263238747407014
26072,Impossible Metals,Winter 2022,Active,1,1,2.2473431446699332,0.30091090906996126
26094,Cellbyte,Winter 2022,Active,1,0,0.390572737825506,0.23361300565443027
26125,GovDash,Winter 2022,Active,1,0,0.6731904893997841,0.14437156237655163
26138,KorrAI,Winter 2022,Active,1,0,1.638700596458602,0.38416068145065774
26144,MSPilot,Fall 2025,Active,1,0,5.8493963099074895,0.15752164970412105
26148,Powerdocs,Winter 2022,Active,1,0,0.9766162023240874,0.108205340985558
26238,Flike,Winter 2022,Inactive,1,0,5.1137599146636585,0.11571829044139259
26254,Eventual,Winter 2022,Active,1,0,1.4946292193427093,0.08639877737367624
26296,Reality Defender,Winter 2022,Active,1,0,0.8903039955854817,0.19332315031016625
26311,WhiteLab Genomics,Winter 2022,Active,1,0,0.9506636127756506,0.24348358364905479
26480,Poly,Summer 2022,Active,1,0,5.705365237474108,0.17791818492075762
26505,Layerup,Summer 2022,Active,1,0,4.923067929453669,0.05847443138515939
26654,Wolfia,Summer 2022,Active,1,0,6.194672136889176,0.3021131291566039
26662,Paces,Summer 2022,Active,1,0,1.903474998382686,0.18750510654038635
26666,Airtrain AI,Summer 2022,Inactive,1,0,1.282882431185278,0.08556793770331059
26667,Star,Summer 2022,Active,1,0,4.933368436633069,0.02489933085863041
26668,Elessar,Summer 2022,Active,1,0,1.9494111891451813,0.25097177376677277
26669,Mercator,Summer 2022,Inactive,1,0,1.8153697546935517,0.09930030737829239
26670,Julius,Summer 2022,Active,1,0,1.3301363904127947,0.2347166252128897
26671,Ciro,Summer 2022,Active,1,0,5.27976421229184,0.24107886562402786
26673,Dialect,Summer 2022,Inactive,1,0,0.4865976575522017,0.0920406624925465
26675,Birch Biosciences,Summer 2022,Active,1,0,2.3363413026330404,0.2391505325625222
26676,Penguin AI,Summer 2022,Inactive,1,0,5.8011516391212865,0.11658669178728355
26690,Truva,Summer 2022,Acquired,1,0,4.597382170192846,0.24837178040258562
26693,SigmaMind AI,Summer 2022,Active,1,0,5.5322629262929555,0.1348144933170507
26704,Two Dots,Summer 2022,Active,1,0,1.1584038946405297,0.12005142165304918
26706,Superpowered AI,Summer 2022,Inactive,1,0,0.643313619947502,0.19389088205514066
26708,Makeasite,Summer 2022,Active,1,0,4.931988477314308,0.22537202866903236
26712,CodeCanary,Summer 2022,Active,1,0,1.5730580608936398,0.3065614080881843
26713,Pasito,Summer 2022,Active,1,0,6.276402746189568,0.21314733101470468
26717,Blitz,Summer 2022,Active,1,0,3.279482315570087,0.041324732030775135
26718,Cerrion,Summer 2022,Active,1,0,2.724805345137154,0.37991888573699306
26722,Boundo,Summer 2022,Active,1,0,4.173217312857453,0.1264811863437653
26723,CustomerOS,Summer 2022,Inactive,1,0,0.8199839811628296,0.16456069384615202
26725,ECSA,Summer 2022,Active,1,0,4.156828410193634,0.10151319004631955
26733,Roxels,Summer 2022,Active,1,0,4.849372475699488,0.20856852727874464
26737,Fetii,Summer 2022,Active,1,0,4.5043793385286985,0.19245917946294272
26739,Craze,Summer 2022,Active,1,0,4.637752448869756,0.12393005147527629
26741,Paragon AI,Summer 2022,Active,1,0,4.912930094668714,0.06823550490592195
26750,NuMind,Summer 2022,Active,1,0,0.44453026662491724,0.16396824699585574
26756,Midplane,Summer 2022,Active,1,0,4.29799059413558,0.08260040681580764
26776,Overwatch,Summer 2022,Active,1,0,1.1563830885044741,0.21937868455540524
26778,Blee,Summer 2022,Active,1,0,1.1774970647012934,0.22693286971817486
26783,Raven,Summer 2022,Active,1,0,3.008338523188345,0.19375378989195943
26784,Seaflight Technologies,Summer 2022,Active,0,1,2.382500077636137,0.2396742695070991
26792,Activepieces,Summer 2022,Active,1,0,3.795160898838846,0.12303839863569178
26796,Popsy,Summer 2022,Active,1,0,5.911049586517772,0.14606706323810092
26800,Juicebox,Summer 2022,Active,1,0,5.037056955904388,0.07544228166170383
26802,Apply Design,Summer 2022,Active,1,0,4.527952555333058,0.09081869906539734
26806,Illuminant Surgical,Summer 2022,Active,0,1,2.2467824031901427,0.1288007259337804
26808,Phind,Summer 2022,Inactive,1,0,0.21021233601697037,0.13524527828101823
26819,Namecard.ai,Summer 2022,Active,1,0,5.955855217058637,0.13228333851979412
26825,Flair Labs,Summer 2022,Active,1,0,4.849659450202959,0.12467903391702476
26837,Unify,Winter 2023,Active,1,0,5.050426223896661,0.3288597001894233
26851,Mistle,Summer 2022,Active,1,0,4.5935305081743785,0.13374722738696132
26859,Typewise,Summer 2022,Active,1,0,4.666442176072175,0.1724793382712392
26860,NewsCatcher,Summer 2022,Active,1,0,0.20022909894860336,0.06915230941654729
26861,100x,Summer 2022,Active,1,0,6.101470852954522,0.24315044073091122
26863,Provision,Summer 2022,Active,1,0,2.4458584789955005,0.23342465954193778
26870,Thera,Summer 2022,Active,1,0,5.837418497878473,0.16536467987521328
26877,Peoplebox.ai,Summer 2022,Active,1,0,6.176309011117778,0.144963276832536
26882,Coris,Summer 2022,Active,1,0,0.06416798109425997,0.07454800407286738
26883,Hedgehog,Summer 2022,Active,1,1,2.9696575249145867,0.14306299784352094
26884,Alphawatch AI,Winter 2023,Active,1,0,6.280775694477165,0.13456713876336915
26885,AnythingLLM,Summer 2022,Active,1,0,0.6450501601243127,0.05779778106676718
26890,Latent Space,Summer 2022,Active,1,0,0.4171370842224516,0.17675937579066936
26897,AviaryAI,Summer 2022,Active,1,0,5.734393707548085,0.2392292958234384
26901,FlyCode,Summer 2022,Active,1,0,6.192375262350853,0.06128032200444922
26902,Maya Labs,Summer 2022,Active,1,1,2.421763431602703,0.17923064891321164
26907,Rima AI (formerly Garage),Summer 2022,Active,1,0,4.319882220767545,0.05251340076987158
26912,Quinn,Summer 2022,Active,1,0,0.8505240880690063,0.24079822362031336
26913,Aurelian,Summer 2022,Active,1,0,5.73727812921385,0.20266927063769463
27037,Metriport,Summer 2022,Active,1,0,0.5451941311867025,0.2920193141806977
27038,Fini,Summer 2022,Active,1,0,4.7682588928247895,0.1025170467796405
27039,Cobbery,Summer 2022,Active,1,0,6.121033630565718,0.17267410479594045
27041,Feather,Summer 2022,Active,1,0,4.812765920752057,0.14097115142720945
27042,Artemis Search,Summer 2022,Active,1,0,0.8619090325192379,0.19080995322272318
27045,Argovox,Summer 2022,Inactive,1,0,5.742009861008336,0.28498133421062194
27046,Atlas,Summer 2022,Active,1,0,5.818861426809336,0.08047792253011768
27051,Unthread,Summer 2022,Active,1,0,4.462114029440601,0.3140313901645475
27092,Lamin,Summer 2022,Active,1,0,0.9864467670181043,0.35817181693746725
27097,Findly,Summer 2022,Active,1,0,0.8074315563858792,0.1951124319803622
27108,Sanifu,Summer 2022,Active,1,0,4.008760649211023,0.21133279577635397
27109,HOMLI,Summer 2022,Active,1,0,4.835345089161293,0.21131221686076265
27140,Boton,Summer 2022,Active,1,0,5.284790278959312,0.1883313034933111
27141,Avina,Summer 2022,Active,1,0,4.43181554426763,0.11904938373557124
27142,Invofox,Summer 2022,Active,1,0,4.638347874290452,0.06679183288406762
27143,TypeLess,Summer 2022,Active,1,0,5.649256151605406,0.13594943785765004
27152,Firecrawl,Summer 2022,Active,1,0,3.07578496988784,0.08102730045899734
27155,Sonnet,Summer 2022,Inactive,1,0,5.779042739250495,0.3036522167894423
27158,Jasmine Energy,Summer 2022,Inactive,1,0,1.8383162927297754,0.1318043788116771
27162,Oneleet,Summer 2022,Active,1,0,1.0422498228432424,0.21214692133563004
27166,Wondercraft,Summer 2022,Active,1,0,4.8885636471942835,0.07567500733562676
27172,Clearline,Summer 2022,Active,1,0,4.057484939034014,0.17598102252780423
27174,Monterey AI,Summer 2022,Acquired,1,0,0.914842933715184,0.3139629034133532
27178,Pump.co,Summer 2022,Active,1,0,4.588669604286425,0.024724543726211547
27185,Knowtex,Summer 2022,Active,1,0,0.28082726121616935,0.2384539409233387
27201,Lavo Life Sciences,Winter 2023,Inactive,1,0,1.0553190728525195,0.4011707004688394
27206,Delfino AI,Summer 2022,Active,1,0,5.68728838386398,0.19309853721186335
27221,CAPSULE,Summer 2022,Inactive,1,0,4.405634594527492,0.09255804124088551
27224,InVision Medical Technology,Summer 2022,Active,1,0,1.2439711789694887,0.3742709464032873
27248,Cambio,Summer 2022,Active,1,0,1.9837510880551432,0.06144506271678541
27250,Axle,Summer 2022,Active,1,0,3.5212425447306703,0.21980698038029775
27252,Landeed,Summer 2022,Active,1,0,1.6812542029466404,0.11086955184606694
27254,Chima,Winter 2023,Active,1,0,2.0215887303310502,0.09311836786138637
27255,Intuned,Summer 2022,Active,1,1,2.9757000915561957,0.22581822652236588
27260,Coverage Cat,Summer 2022,Active,1,0,6.124808014547623,0.12354671914578258
27261,Integrated Reasoning,Summer 2022,Active,1,0,2.2058534460597206,0.1586724072338422
27264,Dev Tools AI,Summer 2022,Inactive,1,0,2.387611467665677,0.14443802022982863
27361,Polymath Robotics,Summer 2022,Active,1,1,2.782083118232584,0.22334359464584413
27491,Sameday,Winter 2023,Active,1,0,3.7525358037744128,0.25350669503253886
27492,zudo.work,Winter 2023,Active,1,0,3.5220981490728547,0.11421409939124495
27583,Rubbrband,Winter 2023,Active,1,0,4.5965455574478415,0.2056452875366686
27666,Middleware,Winter 2023,Active,1,0,2.2477892489175852,0.18774713201276758
27667,StackAI,Winter 2023,Acquired,1,0,3.958345614037671,0.08091626497162335
27668,Designbase,Winter 2023,Active,1,0,2.1738240112852654,0.08315511178905408
27672,Blyss,Winter 2023,Inactive,1,0,0.35136080208017695,0.13423323650240562
27673,Reflex,Winter 2023,Active,1,0,0.9626619983520494,0.07078626513244794
27675,Linum,Winter 2023,Active,1,0,3.236047596715501,0.04852981085964435
27676,Cardinal,Winter 2023,Acquired,1,0,0.039325845864630164,0.17027712423764924
27678,Traceloop,Winter 2023,Acquired,1,0,1.107728301918028,0.18752957994343494
27680,Trigger.dev,Winter 2023,Active,1,0,4.382075222051037,0.045292584374569525
27685,Syncly,Winter 2023,Active,1,0,0.15775878990094272,0.15123976203737283
27687,Layup,Winter 2023,Inactive,1,0,5.051802277697315,0.2831254530296614
27690,Credal.ai,Winter 2023,Active,1,0,0.31756450103653755,0.11635296577065411
27692,Rollstack,Winter 2023,Active,1,0,4.8281806221344405,0.11804934898372631
27694,Paperplane,Winter 2023,Inactive,1,0,1.7851787490818303,0.11700375542608228
27696,Novelcare,Winter 2023,Active,1,0,0.3315810401129455,0.4938038762556046
27697,Lume,Winter 2023,Acquired,1,0,3.315378927555576,0.0443747417256283
27699,Concourse,Winter 2023,Active,1,0,6.253149179418141,0.12730477856888006
27700,Latent,Winter 2023,Active,1,0,0.4893165986985378,0.16138451739883744
27701,Backdrop,Winter 2023,Active,1,0,5.72057478005601,0.11806632925276533
27702,Mulligan,Winter 2023,Active,1,0,3.709423281872869,0.11031020085068319
27705,Indexical,Winter 2023,Inactive,1,0,2.536085571525356,0.26304639320031203
27712,Brewit,Winter 2023,Acquired,1,0,0.617929960342704,0.1716597374475782
27713,Lynx,Winter 2023,Inactive,1,0,1.7406601863508837,0.24421427805555024
27714,Palomma,Winter 2023,Active,1,0,5.4707823518950045,0.16053461443447697
27725,Parabolic,Winter 2023,Inactive,1,0,5.2738377484928325,0.19660367619623903
27734,Rubber Ducky Labs,Winter 2023,Inactive,1,0,2.3320432560246322,0.18826122851698443
27754,Pair AI,Winter 2023,Active,1,0,5.620646234476492,0.30141039953254756
27762,Ohm,Winter 2023,Active,1,0,1.992572735158541,0.4751427486473637
27763,Double – Coding Copilot,Winter 2023,Active,1,0,0.9952251171072577,0.04937936967378037
27766,Glass Health,Winter 2023,Active,1,0,0.44104727425019774,0.3522667569065275
27774,Versive,Winter 2023,Active,1,0,0.9775326304837284,0.2984745254663627
27808,Salient,Winter 2023,Active,1,0,4.196937682741622,0.1678654378436127
27812,Dataglade,Winter 2023,Active,1,0,1.4627980770369493,0.2727880052150588
27814,Narrative,Winter 2023,Active,1,0,1.732752457792734,0.24424174150588485
27815,OfOne,Winter 2023,Acquired,1,0,4.719439951167205,0.28868285086997053
27816,OpenSight,Winter 2023,Inactive,1,0,5.457800576530219,0.1722063526247512
27817,loopfour,Winter 2023,Active,1,0,2.7162573362910525,0.09468998344003572
27818,Gluetrail,Winter 2023,Active,1,0,3.935102945132385,0.09170364936372452
27820,infra.new,Winter 2023,Active,1,0,1.6329815891003383,0.18114678649693938
27821,PoplarML,Winter 2023,Active,1,0,4.365273047296657,0.10630044530595183
27825,CreatorML,Winter 2023,Inactive,1,0,0.4584098755687034,0.1576912497866828
27828,Scanbase,Winter 2023,Active,1,0,1.3344036439482156,0.38269316065589093
27831,Neptyne,Winter 2023,Inactive,1,0,1.3096009995996818,0.07015507096176384
27834,Bluebirds,Winter 2023,Acquired,1,0,4.267137194581865,0.048790036803355204
27836,LinkGrep,Winter 2023,Active,1,0,0.2509087402146668,0.11868726756769118
27839,Cosine,Winter 2023,Active,1,0,4.87567144182159,0.24824622152025827
27843,Gooseworks,Winter 2023,Active,1,0,5.330143906347563,0.04665015711219138
27852,Frigade,Winter 2023,Active,1,0,4.70228941031024,0.13570832960375442
27855,Haven,Winter 2023,Active,1,0,4.472511904027811,0.12806270387694918
27859,No Cap,Winter 2023,Acquired,1,0,0.05716637588231389,0.20116279369441412
27860,Dream3D,Winter 2023,Active,1,0,1.2801752833276367,0.14481452191979918
27867,DataSuite,Winter 2023,Active,1,0,0.080032621008647,0.07249537456272606
27868,Outerbase,Winter 2023,Acquired,1,0,5.1859702189570225,0.16465011024762086
27869,co.dev,Winter 2023,Active,1,0,3.6181612065708872,0.05647995502584878
27870,Langfuse,Winter 2023,Acquired,1,0,1.0770034452959145,0.16150525317692108
27871,Extend,Winter 2023,Active,1,0,2.610524374903986,0.1824612659085524
27873,Floworks,Winter 2023,Active,1,0,4.715038324906201,0.05927265716133238
27875,Iliad,Winter 2023,Active,1,0,2.292023926476367,0.1411237038629506
27881,Inkeep,Winter 2023,Active,1,0,5.556997444104864,0.15713856091457754
27882,Velos,Winter 2023,Active,1,1,3.718212366777549,0.2899960822509537
27883,EzDubs,Winter 2023,Acquired,1,0,4.811822573801212,0.12985921701233558
27890,Wild Moose,Winter 2023,Active,1,0,1.8815448157364931,0.2500026148345307
27892,ShortLoop,Winter 2023,Active,1,0,4.739976251366591,0.22773629394484568
27894,Booth AI,Winter 2023,Acquired,1,0,3.6824540705086886,0.11519550588184789
27896,Truewind,Winter 2023,Active,1,0,1.5468936846107737,0.006559464310408441
27897,TableFlow,Winter 2023,Active,1,0,3.817669128388127,0.09907770792294003
27901,Orchid,Winter 2023,Active,1,0,0.1036657058576443,0.24805590419211423
27902,KV Cash,Winter 2023,Active,1,0,0.2785414687083775,0.10943176469852268
27906,1stCollab,Winter 2023,Active,1,0,0.21087298097894097,0.1463943397381559
27909,Magicflow 𐂂,Winter 2023,Inactive,1,0,1.394730643772333,0.15545745080506498
27919,Helicone,Winter 2023,Acquired,1,0,1.2144453855938149,0.2653818373202065
27923,Ariglad,Winter 2023,Active,1,0,5.554206949668611,0.09256989583236991
27925,222,Winter 2023,Active,1,0,5.487467274158501,0.2916052357354364
27926,Variance,Winter 2023,Active,1,0,1.0604260099175968,0.2479268331819713
27927,Fintool,Winter 2023,Acquired,1,0,1.8567293474153552,0.09995181952563485
27938,Boundary,Winter 2023,Active,1,0,1.4122150715148152,0.0839707581119039
27939,FactIQ,Winter 2023,Active,1,0,1.1284727338516556,0.20737110019938787
27941,Sage AI,Winter 2023,Active,1,0,0.26707380705989414,0.17930079130283294
27942,SensorSurf,Winter 2023,Inactive,1,0,1.8699058759191582,0.17560583537084695
27943,Hadrius,Winter 2023,Active,1,0,0.9606934206739475,0.04922079865594797
27945,Fairway Health,Winter 2023,Acquired,1,0,0.10635050395148894,0.12995766388575083
27947,Shortbread,Winter 2023,Active,1,0,5.008813474868802,0.19642801141941812
27950,Sherloq,Winter 2023,Active,1,0,0.43325817210300493,0.13038340141128313
27952,Finic,Winter 2023,Active,1,0,1.1973744065275789,0.10624113380907405
27956,Hippo Scribe,Winter 2023,Active,1,0,0.03206846258163324,0.21277118765105693
27966,CombineHealth,Winter 2023,Active,1,0,0.9011341901967093,0.03185001337483697
27967,Echo,Winter 2023,Inactive,1,0,5.476998412201896,0.23164919910431278
27978,SuperKalam,Winter 2023,Active,1,0,6.129792502219878,0.3686689270767347
27982,Clueso,Winter 2023,Active,1,0,4.804394950080642,0.11050404002489873
27983,Retape,Winter 2023,Active,1,0,4.7543300385327605,0.10774368553590646
27991,Coldreach,Winter 2023,Active,1,0,0.17920409517984875,0.1423180320762433
28019,inBuild,Winter 2023,Active,1,0,3.624065845456774,0.22937465025937182
28037,Diffuse Bio,Winter 2023,Active,1,0,1.4232862250681038,0.23840735738988017
28069,Pylon,Winter 2023,Active,1,0,5.032374092878437,0.19247556458012632
28071,Epsilon,Winter 2023,Active,1,0,0.3443103439718818,0.40891931085629485
28072,Helios,Winter 2023,Active,1,0,3.8824253656083427,0.14632040131704163
28073,PlayAI,Winter 2023,Acquired,1,0,5.984633486862585,0.1637479268187716
28077,Corgi Labs,Winter 2023,Active,1,0,0.7778757665518683,0.1004299603468199
28081,DAGWorks Inc.,Winter 2023,Acquired,1,0,1.5899419386563591,0.12453138999324691
28089,Maxi,Winter 2023,Active,1,0,5.505528355058065,0.22856849211594862
28091,Hindsight,Winter 2023,Active,1,0,0.5282146330965053,0.21417637859415944
28096,OpenInt,Winter 2023,Acquired,1,0,2.8180862444717776,0.029610437720674596
28097,Decohere,Winter 2023,Active,1,0,1.2027628532668864,0.09460751828694207
28108,CodeParrot AI,Winter 2023,Inactive,1,0,2.6252561970294668,0.09434018799158632
28110,Conduit,Winter 2023,Active,1,0,3.8293442919880922,0.3067613384540703
28111,Berry,Winter 2023,Active,1,0,5.6498977125898655,0.18323602779408502
28112,Persist AI,Winter 2023,Active,1,1,0.8870811588571028,0.18314493874181287
28113,Interlock,Winter 2023,Inactive,1,0,1.2457953424552963,0.019546494833019217
28114,rex.fit,Winter 2023,Active,1,0,1.8811836120480567,0.14759848931936798
28118,Vocode,Winter 2023,Active,1,0,6.000450632029022,0.1720591630800205
28119,Fabius,Winter 2023,Inactive,1,0,0.06768425294330453,0.04860303617599125
28127,Benchmark,Winter 2023,Active,1,0,1.3549905866719025,0.27463907968729556
28129,Luca,Winter 2023,Inactive,1,0,3.6700589688974534,0.09653866655688062
28162,Verata,Winter 2023,Active,1,0,0.9689670840497928,0.2369605120725419
28175,Pier,Winter 2023,Active,1,0,5.374692715612276,0.07841312823294459
28178,Vector,Winter 2023,Active,1,0,4.668985608043881,0.06519244388460971
28183,Metal,Winter 2023,Active,1,0,2.2623066849091993,0.14490458959167793
28218,Kyber,Winter 2023,Active,1,0,0.1634930130296313,0.14524860317609428
28301,Persana AI,Winter 2023,Active,1,0,0.23617877122072234,0.16534133747767907
28329,Type,Winter 2023,Active,1,0,6.032437208565881,0.12657786663310416
28361,Lightski,Winter 2023,Active,1,0,6.060593294592799,0.11090824678854107
28366,Vendora,Winter 2023,Active,1,0,4.671453561108597,0.18241940262807432
28367,Adri AI,Winter 2023,Active,1,0,0.9213466718521386,0.1586818478528853
28368,Second,Winter 2023,Inactive,1,0,1.9956050320197427,0.09916260795485388
28369,Warp,Winter 2023,Active,1,0,4.981243862043385,0.0975271085651819
28371,Fetchr,Winter 2023,Active,1,0,4.597436416410913,0.4196044622602088
28372,Upfront,Winter 2023,Inactive,1,0,4.880537804495819,0.307299780738909
28409,LiteLLM,Winter 2023,Active,1,0,5.879391483606453,0.19794329502820085
28414,Automat,Winter 2023,Active,1,1,3.1807371963793067,0.2287035119227868
28416,Pierre,Winter 2023,Active,1,0,1.9317712992854963,0.12087405693856544
28417,Yuma AI,Winter 2023,Active,1,0,4.846119141529167,0.17717515683562837
28418,Vaero,Winter 2023,Active,1,0,1.0176967846350096,0.038647263979690795
28425,Pando Bioscience,Winter 2023,Active,1,0,1.385448510409729,0.20880355452431676
28663,kapa.ai,Summer 2023,Active,1,0,5.927199097425023,0.13409052246233705
28707,Kino AI,Summer 2023,Active,1,0,4.7360057753043,0.11242753858185893
28744,Reworkd,Summer 2023,Active,1,0,2.932272517004109,0.09440012895965295
28759,Branch AI,Summer 2023,Inactive,1,0,0.04596054724837439,0.1644460506910543
28776,Ora AI,Summer 2023,Active,1,0,6.086567408190475,0.3921196224452317
28778,Xeol,Summer 2023,Acquired,1,0,0.8391713175700902,0.12402340894431448
28779,Metoro,Summer 2023,Active,1,0,2.115356519652932,0.11189604234290369
28780,Clearest Health,Summer 2023,Active,1,0,0.5746645953379789,0.1274940478240233
28784,Elyos AI,Summer 2023,Active,1,0,4.329775574600309,0.11797589677905711
28786,Accend,Summer 2023,Active,1,0,0.47564144228691935,0.05230895490811656
28787,Deasy Labs,Summer 2023,Acquired,1,0,0.9685667774158506,0.2701617722105441
28788,Hyperbound,Summer 2023,Active,1,0,6.173239936089933,0.11319870997694238
28795,Magic Loops,Summer 2023,Active,1,0,4.111916859927815,0.11241598446107415
28799,Remy,Summer 2023,Inactive,1,0,4.942413229151431,0.17490219834923926
28802,Sohar Health,Summer 2023,Active,1,0,0.7961145873838208,0.15149391610811105
28805,Diligent,Summer 2023,Active,1,0,1.3835952815501376,0.14886508335847953
28807,Pointhound,Summer 2023,Active,1,0,5.335074683789425,0.2312854727274096
28808,PropRise,Summer 2023,Active,1,0,1.2716245998026767,0.05722165913204546
28809,Readily,Summer 2023,Active,1,0,0.7580423924882557,0.254894788340686
28811,Casca,Summer 2023,Active,1,0,5.163649153388426,0.10339528073341629
28812,Cedana,Summer 2023,Active,1,0,5.703381626687595,0.018523764923227617
28814,OpenTools,Summer 2023,Active,1,0,2.967393709009132,0.10714106001096883
28815,Atla,Summer 2023,Inactive,1,0,1.4797793914442847,0.3005186626172566
28816,Contour,Summer 2023,Active,1,0,5.494744157627175,0.17112803030043924
28818,Mandel AI,Summer 2023,Active,1,0,3.6944435631447328,0.18364139253762268
28821,Prosper,Summer 2023,Active,1,0,5.752529773090434,0.25489546226193727
28826,Talc,Summer 2023,Active,1,0,0.5694879879574897,0.22267550516227122
28835,Synch,Summer 2023,Inactive,1,0,4.940383082367813,0.2743554819315862
28836,CORE,Summer 2023,Active,1,0,5.244587524187157,0.2551061029518947
28837,Subsets,Summer 2023,Active,1,0,5.452421141354439,0.09057298946565505
28838,GreenTally,Summer 2023,Inactive,1,0,1.6855352241640227,0.18283687289497935
28839,Spine AI,Summer 2023,Active,1,0,5.163605712251108,0.15452298228507294
28841,Baud,Summer 2026,Active,1,0,1.67109828695531,0.11670387787071212
28843,SID,Summer 2023,Active,1,0,0.5832279909022903,0.25189058559916944
28844,Alguna,Summer 2023,Active,1,0,3.99534716128579,0.08096970236042875
28845,Campfire,Summer 2023,Active,1,0,5.657733389769658,0.06851543538808474
28846,Parea,Summer 2023,Active,1,0,1.1509687638179733,0.39099255020664136
28847,Venta AI,Summer 2023,Active,1,0,5.354354558534282,0.21156416388685867
28849,Punchcard,Summer 2023,Active,1,0,1.3849749125970967,0.18622501410029274
28851,Bronco AI,Summer 2023,Active,1,0,1.6293062468792538,0.22923480380702632
28852,Kite,Summer 2023,Active,1,0,0.4287219139198969,0.03589612242303199
28853,Obento Health,Summer 2023,Active,1,0,5.842949909981077,0.18387312964296573
28854,Docsum,Summer 2023,Active,1,0,0.2787919960906719,0.20003861139102955
28857,Arcimus,Summer 2023,Active,1,0,2.900319014728711,0.10112601176125846
28859,MICSI,Summer 2023,Active,1,0,1.7500820785640228,0.2501068417792449
28862,Corgea,Summer 2023,Active,1,0,2.4501253352961143,0.1999716476267175
28863,Serra,Summer 2023,Active,1,0,5.025690636098403,0.11202501098737158
28864,Outset,Summer 2023,Active,1,0,0.8392932428344578,0.24494515630631303
28867,Shasta Health,Summer 2023,Active,1,0,5.863106362777745,0.1878717261722449
28869,Health Harbor,Summer 2023,Active,1,0,5.949184672456275,0.11193564253645516
28880,FleetWorks,Summer 2023,Active,1,0,3.6132259498737684,0.33133736913926903
28882,Repaint,Summer 2023,Active,1,0,3.9040742102821593,0.06580048518434291
28884,Dialtone,Summer 2023,Active,1,0,6.0318550955390515,0.10002263576867729
28886,Cardinal Gray,Summer 2023,Active,1,0,4.558127039303484,0.21993984386441456
28887,Skyvern,Summer 2023,Active,1,1,4.022739599013428,0.06507806673724319
28890,Decoda Health,Summer 2023,Active,1,0,6.03067642192809,0.16859478434581793
28891,Numen,Summer 2023,Active,1,0,1.3792009448304552,0.3049399705099705
28893,VetRec,Summer 2023,Active,1,0,5.932446645620088,0.19237940882133914
28894,Lysto,Summer 2023,Inactive,1,0,5.354086494965633,0.08835702959424435
28900,Epsilla,Summer 2023,Active,1,0,0.14230723793764047,0.14828080504145066
28902,Sidenote,Summer 2023,Inactive,1,0,5.2735163812399835,0.18467098449512684
28920,Unhaze,Summer 2023,Inactive,1,0,6.187274181248964,0.033012822743457654
28921,Surface Labs,Summer 2023,Active,1,0,3.7687764697978974,0.09641077555863649
28923,Maven Bio,Summer 2023,Active,1,0,0.7505556756273052,0.2204759258046811
28928,MediSearch,Summer 2023,Active,1,0,0.10114336321303313,0.2803282812763962
28929,Bretton AI,Summer 2023,Active,1,0,0.768670688063783,0.024504382940873228
28930,Midrender,Summer 2023,Active,1,0,2.643422157088511,0.0971016923761954
28931,Vizly,Summer 2023,Inactive,1,0,0.7737729431370446,0.306271421599831
28932,AgentCollect,Summer 2023,Active,1,0,5.457410106974237,0.09666771135933165
28936,Empirical Health,Summer 2023,Active,1,0,1.0604108477342766,0.4519088673025301
28938,Glade,Summer 2023,Active,1,0,3.871640628552917,0.09231093699599247
28940,Guac,Summer 2023,Active,1,0,4.048402780327784,0.12754417624310352
28957,Continue,Summer 2023,Acquired,1,0,4.619834467948523,0.12949415167616346
28958,Rimward,Summer 2023,Active,1,0,2.3962509425528817,0.2229511949308297
28959,sizeless,Summer 2023,Active,1,0,1.7685147800193348,0.17702744252613936
28966,Pincites,Summer 2023,Acquired,1,0,5.721834564547174,0.06656834687463141
28968,Trainy,Summer 2023,Active,1,0,4.306117865565397,0.07151705603109075
28969,Studdy,Summer 2023,Active,1,0,5.585683879124261,0.3901595708891015
28974,Gleam,Summer 2023,Active,1,0,1.6920697388752268,0.11643985400618835
28976,Bolto,Summer 2023,Active,1,0,5.182398796573132,0.1716525928798166
28978,Khoj,Summer 2023,Active,1,0,1.2136313704793786,0.12533407512854589
28979,Slicker,Summer 2023,Active,1,0,4.461878871017233,0.06902095357995286
28981,CambioML,Summer 2023,Active,1,0,0.23962119135911045,0.06506130567981193
28982,Flint,Summer 2023,Active,1,0,5.898790611324438,0.26263983473935765
28992,Rankai,Summer 2023,Active,1,0,0.23314451245025486,0.08387281685920164
28994,Vango AI,Summer 2023,Inactive,1,0,1.4890110035042112,0.2197885578844236
28996,Sola,Summer 2023,Active,1,1,3.594654350145215,0.16808202804763
28997,Read Bean,Summer 2023,Active,1,0,5.4964344940468735,0.15789939475369433
28998,Automorphic,Summer 2023,Active,1,0,0.2166147605103337,0.06973605201748757
28999,Baserun,Summer 2023,Active,1,0,1.7243524940810109,0.2931358209796612
29001,VectorShift,Summer 2023,Active,1,0,1.9814849228076645,0.03621751860227303
29003,DisputeNinja,Summer 2023,Active,1,0,5.5845924025198315,0.034412944795011
29004,Chatter,Summer 2023,Acquired,1,0,1.531504097754819,0.2320392073848498
29006,Inari,Summer 2023,Acquired,1,0,0.330054807302769,0.1609614320531342
29008,Andromeda Surgical,Summer 2023,Active,1,1,3.114547315520646,0.2096295658486582
29010,Silimate,Summer 2023,Active,1,0,2.354073518562834,0.19050585953219
29013,Sweep,Summer 2023,Active,1,0,4.196639566150601,0.009505867732623656
29018,sudocode,Summer 2023,Active,1,0,5.683856602106095,0.0894166260020465
29040,Inventive AI,Summer 2023,Active,1,0,0.7439312383510691,0.19698044138888074
29041,Langdock,Summer 2023,Active,1,0,5.355703843299599,0.06475116156723493
29045,Movley,Summer 2023,Inactive,1,0,3.1137485311885422,0.19580563440258544
29046,Elythea,Summer 2023,Active,1,0,0.7318140777501411,0.34582621384535467
29051,Nanograb,Summer 2023,Active,1,0,0.9703364498522087,0.10367755732296167
29069,HappyRobot,Summer 2023,Active,1,0,3.3125753115067758,0.16283175678534337
29071,Cedalio,Summer 2023,Active,1,0,4.56053079510046,0.10376603680136329
29073,Terracotta AI,Summer 2023,Active,1,0,1.732455227152538,0.22525905302951965
29074,Fiber AI,Summer 2023,Active,1,0,1.323186742859067,0.044133101387561796
29079,Tiptap,Summer 2023,Active,1,0,5.844743735940121,0.0764626455065451
29081,Minded,Summer 2023,Active,1,0,4.905054152391974,0.13338404158752437
29082,Strada,Summer 2023,Active,1,0,4.240331982688938,0.14045596872170463
29085,Quill Bills,Summer 2023,Active,1,0,5.135531050536269,0.11321142190993089
29088,Cair Health,Summer 2023,Active,1,0,6.124301170902186,0.17629876222560842
29091,Webhound,Summer 2023,Active,1,0,0.8379430645932382,0.3169204305883809
29092,dili,Summer 2023,Active,1,0,2.1665635799685816,0.20950770781953063
29093,Roame,Summer 2023,Active,1,0,5.156373267673135,0.07095396893134001
29102,Kips Health,Summer 2023,Inactive,1,0,5.8692134476386615,0.1840902029119949
29103,Inconvo,Summer 2023,Active,1,0,5.552197215723694,0.15341659558015197
29105,FlowiseAI,Summer 2023,Acquired,1,0,1.2198477042772158,0.17316731149849104
29107,Saatvy,Summer 2023,Inactive,1,0,0.08615559933122337,0.3094458383306438
29108,Giga,Summer 2023,Active,1,0,6.0658197239768805,0.2441147342406589
29110,AiSDR,Summer 2023,Active,1,0,1.057890248374402,0.017885776400369167
29112,Foundation,Summer 2023,Active,1,0,4.508007705841211,0.18071685103721383
29113,Simbie AI,Summer 2023,Active,1,0,5.11401598802289,0.5549871769581324
29115,Mocha,Summer 2023,Acquired,1,0,3.764314552597916,0.09819932619357408
29117,Twine,Summer 2023,Active,1,0,4.440477638350808,0.19618408507478433
29118,Structured Labs,Summer 2023,Active,1,0,0.13718345599186488,0.11895969167319283
29119,Nowadays,Summer 2023,Active,1,0,5.831121094871784,0.1786816549657996
29120,Morph,Summer 2023,Active,1,0,2.115617319026036,0.1401570634918426
29121,Constructable,Summer 2023,Active,1,0,2.5818950337321036,0.15379770267391973
29122,Wattson Health,Summer 2023,Active,1,0,5.7668075595497985,0.16236720275791242
29125,truemetrics,Summer 2023,Active,1,0,3.771458798159031,0.2079069242957236
29134,Cognitio Labs,Summer 2023,Active,1,0,0.937567101382629,0.19354078806826092
29136,Autotab,Summer 2023,Acquired,1,0,3.4314525699461265,0.066427919766984
29137,Opensteer,Summer 2023,Active,1,1,4.335563428344568,0.12179707052586139
29150,Tempo,Summer 2023,Active,1,0,2.8775276016589224,0.07763990712488333
29154,Catamaran,Summer 2023,Acquired,1,0,1.140463158263839,0.155473584257291
29156,CodeStory,Summer 2023,Inactive,1,0,0.34878661576233155,0.12614074346969117
29157,Orbio Earth,Summer 2023,Active,1,0,1.669051353927657,0.3966514643164668
29160,Letterbook,Summer 2023,Active,1,0,5.3121767020847335,0.27490106798354225
29161,Goldbridge,Fall 2025,Active,1,0,4.64963742826818,0.024015513721358146
29177,Onyx,Winter 2024,Active,1,0,5.910522308115139,0.23098890390059035
29178,Lantern,Winter 2024,Inactive,1,0,0.6911776648462107,0.1359594083776145
29181,Event Horizon Labs,Winter 2024,Active,1,0,1.3656100189048472,0.3068171380839612
29182,Upsolve AI,Winter 2024,Active,1,0,0.7672446254306914,0.15122817312600026
29183,Navier AI,Winter 2024,Active,1,0,1.971677181665692,0.28742466032981656
29184,DryMerge,Winter 2024,Active,1,0,4.692949402857692,0.07738964566081369
29187,OpenPipe,Summer 2023,Acquired,1,0,4.292524223003165,0.11874055218624162
29189,RadMate AI,Winter 2024,Inactive,1,0,1.0003531424994938,0.18939092280250133
29196,Scritch,Winter 2024,Active,1,0,5.465528491549745,0.1194382162060045
29201,Legora,Winter 2024,Active,1,0,5.445179949461161,0.14533395178671107
29205,ego,Winter 2024,Active,1,0,0.6399839733263922,0.21751471325103602
29207,Cora,Winter 2024,Active,1,0,6.147585191385533,0.19778369679956573
29226,Greptile,Winter 2024,Active,1,0,1.6339842795659913,0.25973859983858677
29231,Ubicloud,Winter 2024,Active,1,0,5.399464302605185,0.14647654020279255
29233,Happenstance,Winter 2024,Active,1,0,6.183500311230781,0.12822115928953948
29238,Duckie,Winter 2024,Active,1,0,4.8584279263955334,0.16793686872471236
29239,ion design,Winter 2024,Active,1,0,1.2896180097437624,0.1620158232600676
29241,Tekton Dynamics,Winter 2024,Active,1,1,3.090751899694727,0.3373682431225884
29244,Sonia,Winter 2024,Active,1,0,0.15617902482779,0.3058957514015698
29245,Kabilah,Winter 2024,Active,1,0,0.14018186819617937,0.16633314541293812
29246,Tracecat,Winter 2024,Active,1,0,1.3484872158915804,0.15334405234339543
29247,Precip,Winter 2024,Active,1,0,2.07912254651212,0.21026594327728218
29249,Nuanced,Winter 2024,Active,1,0,1.0570690242270318,0.11035194079829862
29251,Poka Labs,Summer 2024,Active,1,0,3.120199724717714,0.06854104603504428
29253,Andon Labs,Winter 2024,Active,1,0,1.2662108377084038,0.110025006404568
29254,Reducto,Winter 2024,Active,1,0,2.0083354655868626,0.06572060872098977
29256,Momentic,Winter 2024,Active,1,0,1.7583002608454812,0.1929008536522686
29257,Tuesday Labs,Winter 2024,Active,1,1,3.828088616468694,0.3633288537099344
29258,Saga AI,Winter 2024,Active,1,0,5.683958367550327,0.3296446946266051
29260,Quary,Winter 2024,Inactive,1,0,1.5563528260094892,0.2849008679873425
29263,Alex,Winter 2024,Active,1,0,0.10986435326813758,0.13969215079913302
29266,nCompass Technologies,Winter 2024,Active,1,0,1.8913982174901822,0.26658424787705726
29270,Keystroke,Winter 2024,Active,1,0,3.8982357323191055,0.11557153181827214
29273,Pivot Robotics,Winter 2024,Active,1,1,3.3408755909774346,0.4064973353276643
29275,Agentic Labs,Winter 2024,Active,1,0,1.8085665608710508,0.24538379931127766
29278,Leaping,Winter 2024,Active,1,0,2.0905714227301164,0.33975847467119386
29284,AveryIQ,Winter 2024,Active,1,0,4.968114862892174,0.2003836358155536
29285,Patchwork,Winter 2024,Inactive,1,0,4.762613654472575,0.13635619067718371
29286,PointOne,Winter 2024,Active,1,0,0.2270009097507075,0.1208075894871125
29288,Arini,Winter 2024,Active,1,0,5.272347205048816,0.24419775360422905
29291,ROE,Winter 2024,Active,1,0,0.9928560206981953,0.2987461695125044
29295,Artisan,Winter 2024,Active,1,0,4.752591200837474,0.10878328770204111
29296,Simplex,Summer 2024,Active,1,1,4.67895398229413,0.14305570717792004
29297,Eggnog,Winter 2024,Active,1,0,4.801890773544269,0.09544288056799716
29298,Greenboard,Winter 2024,Active,1,0,0.7647024683212545,0.06456890132143595
29300,Trellis AI,Winter 2024,Active,1,0,0.31353230010621036,0.2462020585464733
29301,Topo,Winter 2024,Active,1,0,5.8313695449527145,0.09925676447843054
29303,Panelytic,Winter 2024,Active,1,0,3.670574148996041,0.2861592005780326
29306,Copper Health,Winter 2024,Active,1,0,0.6690252897676029,0.21290663120301612
29307,Blume Benefits,Winter 2024,Inactive,1,0,4.64962396341662,0.12488206904294168
29310,Tusk,Winter 2024,Active,1,0,1.6606001880968428,0.2935571236238556
29312,OneGrep,Winter 2024,Active,1,0,1.7707575148728354,0.12309758942630254
29315,Attunement,Winter 2024,Active,1,0,5.418846808446987,0.052334823683357665
29318,StarJar,Winter 2024,Acquired,1,0,4.676558554608978,0.21988204916445309
29319,Meticulate,Winter 2024,Active,1,0,3.738337342777225,0.11570267008419505
29322,Glimmer,Winter 2024,Inactive,1,0,1.3750242248123752,0.1125367614381082
29324,PromptArmor,Winter 2024,Active,1,0,0.18176961441180253,0.381479864317021
29325,Respan,Winter 2024,Active,1,0,1.215490580638978,0.34303665847148923
29326,Monumint,Winter 2024,Active,1,0,5.4700038482995375,0.1765055439865368
29327,Central,Summer 2024,Acquired,1,0,4.9222319330118225,0.22125981453308996
29330,Speck,Winter 2024,Acquired,1,0,5.541693522110679,0.17390137755423649
29332,Polished,Winter 2024,Active,1,0,3.7734994711057293,0.13108024880394525
29333,LemonSlice,Winter 2024,Active,1,0,5.453349897914125,0.1617379088182401
29334,Decipher AI,Winter 2024,Active,1,0,1.971873357654724,0.38364754432556586
29335,Toolify,Winter 2024,Inactive,1,0,2.898668823440367,0.2101003166915859
29339,Clarion,Winter 2024,Active,1,0,5.695350375766895,0.3596680006014654
29340,Tamarind Bio,Winter 2024,Active,1,0,1.1801276436113761,0.2424735040800504
29341,14.ai,Winter 2024,Active,1,0,3.673792752368247,0.10399391820713808
29342,InQuery,Winter 2024,Active,1,0,0.7712045202609918,0.3347430281016387
29345,PandasAI,Winter 2024,Active,1,0,0.6492656651108482,0.2917879057592735
29347,Vibrant Labs,Winter 2024,Active,1,0,1.2376118522586674,0.23261271267273356
29348,Parallel,Winter 2024,Active,1,0,5.721271118687266,0.1474721055232148
29349,Fuse,Summer 2024,Active,1,0,6.096813871490203,0.15618640742705453
29350,Aether,Winter 2024,Active,1,0,3.512858042262889,0.1053136919918177
29352,Firebender,Winter 2024,Active,1,0,2.120368112073507,0.12386158617337316
29353,Resonance,Winter 2024,Acquired,1,0,6.001047046344956,0.1564623055428651
29354,crmCopilot,Winter 2024,Inactive,1,0,5.513395543199614,0.21436213270488116
29355,NanoCorp,Winter 2024,Active,1,0,6.095230700065665,0.03941620315014918
29356,Centralize,Winter 2024,Active,1,0,0.029982312975979697,0.14353415921288512
29357,Salvy,Winter 2024,Active,1,0,5.0372051415968455,0.2505030186340774
29358,Aedilic,Winter 2024,Inactive,1,0,1.497029079369183,0.24636092347013466
29360,Open,Winter 2024,Active,1,0,5.5971530614037555,0.14075000523514122
29362,Pazi,Winter 2024,Active,1,0,4.962435303102598,0.13241913103444333
29363,Solari AI,Winter 2024,Active,1,0,5.170562355570606,0.211321820922038
29365,Ellipsis,Winter 2024,Active,1,0,1.6226658353069212,0.18800597780752054
29367,Draftaid,Winter 2024,Active,1,0,2.5658463226857493,0.17109509008706922
29370,Browser Buddy,Winter 2024,Acquired,1,0,0.18908347547206408,0.30017244803382703
29374,Superagent,Winter 2024,Active,1,0,1.1870054815212134,0.38229275764723153
29375,Preloop,Winter 2024,Active,1,0,1.9102873174745714,0.09830352475802971
29376,Carma,Winter 2024,Active,1,0,3.532466732330874,0.15176334982332143
29377,Toma,Winter 2024,Active,1,0,3.881600649472013,0.054890201085809776
29378,Whip,Winter 2024,Active,1,0,4.6857492162342025,0.16965590465113686
29379,Trieve,Winter 2024,Acquired,1,0,0.30924930070545215,0.07389773532611163
29380,Conduit,Winter 2024,Active,1,0,5.181887604669181,0.15717842275599053
29382,Soundry AI,Winter 2024,Active,1,0,3.517521326208076,0.1204610266511855
29385,Hazel,Winter 2024,Active,1,0,1.2019052935297014,0.1183216778104943
29386,Andy AI,Winter 2024,Active,1,0,6.182162353031851,0.2157938179795425
29390,OffDeal,Winter 2024,Active,1,0,5.3336422129232774,0.0941844895484654
29391,Abel,Winter 2024,Inactive,1,0,0.6860788430339644,0.16435082466887183
29395,Clarum,Winter 2024,Active,1,0,0.9135171244340363,0.1469810586030267
29396,EdgeTrace,Winter 2024,Active,1,0,1.4742639660612977,0.12207178310979096
29397,Manifold Freight,Winter 2024,Active,1,0,3.6433389565987335,0.3367306271378492
29398,ProSights,Winter 2024,Active,1,0,0.4915888512199465,0.23482440103294852
29401,Raindrop,Winter 2024,Active,1,0,1.074328857878903,0.21849038247111888
29402,Yondu,Winter 2024,Active,1,1,3.8767999046736294,0.43012193838740254
29403,HeartByte,Winter 2024,Active,1,0,5.568879705396437,0.1797223499083514
29404,Diana,Winter 2024,Active,1,0,5.094565339448401,0.35647788778879996
29405,Risotto,Winter 2024,Active,1,0,5.598745756005095,0.18239975156105298
29407,JustAI,Winter 2024,Active,1,0,5.672797274511995,0.16856472380243848
29409,BetterBasket,Winter 2024,Active,1,0,5.101470953121544,0.10063969408757065
29410,Model ML,Winter 2024,Active,1,0,4.997081700755718,0.10498258280335623
29412,Ligo Biosciences,Summer 2024,Active,1,0,1.8517081574063439,0.3408646305073438
29416,Focal,Winter 2024,Active,1,0,4.287539782780773,0.07823678390639811
29417,Brainbase Labs,Winter 2024,Active,1,0,1.234164214803421,0.1336841943163756
29419,Lumetric,Winter 2024,Active,1,0,0.947447527041759,0.13804466979018792
29420,Alai,Winter 2024,Active,1,0,5.97946912095562,0.11292335636528987
29421,Thorntale,Winter 2024,Inactive,1,0,6.188838849496253,0.13043173698269328
29422,Deep24,Winter 2024,Active,1,0,0.14523178979857304,0.3181647634318398
29424,Openmart,Winter 2024,Active,1,0,0.6288193654364971,0.09674169793046317
29425,Zep AI,Winter 2024,Active,1,0,5.7763899077758065,0.1393397884756703
29432,Shepherd,Winter 2024,Active,1,0,5.629001611834234,0.4710334798297295
29435,Terrakotta,Winter 2024,Active,1,0,4.4448365192339825,0.24607117674739493
29436,Downlink,Winter 2024,Active,1,0,4.986535227666437,0.06796771462995616
29438,Spark,Winter 2024,Active,1,0,2.0408853565888676,0.29186183744556893
29439,camelAI,Winter 2024,Active,1,0,2.079250955673992,0.11071628545867611
29440,Rove,Winter 2024,Active,1,0,5.447537106884662,0.1864653473361983
29441,Retell AI,Winter 2024,Active,1,0,5.2851890234629355,0.1670138048980494
29442,Ocular AI,Winter 2024,Active,1,0,0.7137853110520521,0.2547083496854836
29443,Adapted,Winter 2024,Active,1,0,0.4456848508776935,0.16504434393907266
29447,Deepnight,Winter 2024,Active,1,0,1.6211616952042698,0.20131011609921942
29450,Aqua Voice,Winter 2024,Active,1,0,4.533781476399489,0.11601074172007074
29451,Basepilot,Winter 2024,Active,1,0,2.423628120671963,0.02788023280084568
29452,Fluently,Winter 2024,Active,1,0,5.7510172915284326,0.27850222654000517
29454,Veles,Winter 2024,Active,1,0,4.220273175902536,0.13366480619194193
29455,CommodityAI,Winter 2024,Active,1,0,2.9923658841593603,0.17556954152964593
29456,Marblism,Winter 2024,Active,1,0,4.589171173218835,0.24704993941984135
29459,Lumona,Winter 2024,Inactive,1,0,1.0863652984516778,0.14020324877590903
29460,Ryse,Winter 2024,Active,1,0,5.087891506657476,0.1465072905749492
29461,Magic Hour,Winter 2024,Active,1,0,3.1994156456166545,0.060246703139718874
29464,Arcane,Winter 2024,Acquired,1,0,0.7976569083017756,0.035722746941086674
29466,OpenFoundry,Winter 2024,Active,1,0,5.120852241556946,0.01483163239420591
29471,Senso,Winter 2024,Active,1,0,0.40540527439661717,0.14305065967002514
29472,Silogy,Winter 2024,Active,1,0,1.802025169138571,0.4573194530105312
29474,Spur,Summer 2024,Active,1,0,1.9616488318444083,0.2307903732703481
29475,Evolvere BioSciences,Summer 2024,Active,1,0,1.0998536275724993,0.32411990633915216
29478,Reform,Winter 2024,Active,1,0,3.663546556757019,0.33494432704405
29496,VoxOps AI,Winter 2024,Active,1,0,4.537284930738914,0.22877308965593035
29498,Integuru,Winter 2024,Active,1,0,1.9667466404894087,0.03235196793200015
29499,Forge,Winter 2024,Active,1,0,3.6345461310394995,0.2502937325620297
29501,Latted,Winter 2024,Active,1,0,4.350520941299118,0.087056718503812
29503,Dragoneye,Winter 2024,Active,1,0,1.7813368384619048,0.1694681030921998
29505,Tower,Winter 2024,Active,1,0,1.961982413365026,0.14598533862638974
29506,Mathos,Winter 2024,Active,1,0,0.2364953073442156,0.17378505557981389
29507,kater.ai,Winter 2024,Active,1,0,0.9409165231170232,0.3073467787170046
29510,Yarn,Winter 2024,Active,1,0,4.399809585177007,0.12742264949703072
29511,InspectMind AI,Winter 2024,Active,1,0,1.9300902773182165,0.34327068445020975
29513,GetCrux,Winter 2024,Active,1,0,0.8513269070000528,0.10204391021341386
29515,NowHouse,Winter 2024,Active,1,0,4.826929579028464,0.35428859536809254
29516,Million,Winter 2024,Active,1,0,2.271995629439945,0.32685816739538764
29517,RetailReady,Winter 2024,Active,1,0,3.5796138357653176,0.31457663850915607
29519,Forge Rewards,Winter 2024,Active,1,0,4.980912944277458,0.40829333812812396
29522,Marr Labs,Winter 2024,Active,1,0,5.2430017191223035,0.11413995513017408
29523,K-Scale Labs,Winter 2024,Inactive,1,1,3.944404485863097,0.24144391986508956
29524,Coval,Summer 2024,Active,1,0,1.1893652358530016,0.29550545045123555
29532,Ångström AI,Summer 2024,Active,1,0,1.425091191193769,0.37978420073865815
29557,Ultra,Summer 2024,Active,1,1,3.28392717445015,0.3833349812711993
29569,Miru,Summer 2024,Active,0,1,3.203345522922464,0.21024920712397102
29571,Apten,Summer 2024,Active,1,0,5.270526075224559,0.24245161669977627
29572,Domu Technology Inc.,Summer 2024,Active,1,0,5.183041942965703,0.18928627754241034
29573,Undermind,Summer 2024,Active,1,0,0.8054890155333345,0.3215136001440494
29574,Superunit,Summer 2024,Active,1,0,0.5061853590716038,0.020389430061302026
29575,Doublezero,Summer 2024,Active,1,0,5.195201456888025,0.04703249500904719
29577,Variant,Fall 2024,Active,1,0,0.4089683940486719,0.22780839186635155
29579,Understood Care,Summer 2024,Active,1,0,5.945565264398505,0.45324543045572874
29582,Cheers,Summer 2024,Active,1,0,0.5349553611562746,0.11168473217647036
29585,Mem0,Summer 2024,Active,1,0,5.7126171285375245,0.20803671724964853
29588,Saphira AI,Summer 2024,Active,1,1,2.329562833561136,0.20889191986303968
29589,Theseus,Summer 2024,Active,0,1,2.5106884954429765,0.1660016537130783
29597,Spaceium Inc,Summer 2024,Active,0,1,3.3352643925367027,0.1866612267476024
29605,Educato,Summer 2024,Active,1,0,0.04805684650896369,0.35157986031374716
29607,ProhostAI,Summer 2024,Active,1,0,5.924303499358053,0.1742992497041052
29623,Entangl,Summer 2024,Active,1,0,2.092351815288869,0.34521299574131226
29627,Codes Health,Summer 2024,Active,1,0,0.5665950166875608,0.07555114682511804
29633,Unsloth AI,Summer 2024,Active,1,0,5.138001029953216,0.09476728189576292
29634,Random Labs,Summer 2024,Active,1,0,1.4550385790261617,0.1109828148482336
29635,DigitalCarbon,Summer 2024,Active,1,0,2.11021755554748,0.14992338076134387
29636,Bayesline,Summer 2024,Active,1,0,1.2432559706012642,0.2032305029784116
29639,Callback,Summer 2024,Active,1,0,4.178998321719718,0.13108582171046387
29641,Invaria,Summer 2024,Inactive,1,0,2.0912881550257025,0.2280403559754868
29643,Sage Care,Summer 2024,Active,1,0,5.478952107592541,0.2507900587216664
29646,Corgi Insurance,Summer 2024,Active,1,0,5.217187465770371,0.06097859953985878
29647,Maitai,Summer 2024,Active,1,0,2.0715281304646447,0.13063425046465665
29649,Wordware,Summer 2024,Active,1,0,5.813321003233979,0.0796953063561188
29650,Sorcerer,Summer 2024,Active,1,0,1.4346158792294403,0.20809951434556198
29651,FirstWork,Summer 2024,Active,1,0,4.345612129402327,0.12356552317682504
29653,ideate.xyz,Summer 2024,Active,1,0,2.1317998305039687,0.06599969711702758
29654,Stardrift,Summer 2024,Active,1,0,5.546584105158582,0.12883989950119015
29655,Decisional AI,Summer 2024,Active,1,0,0.47051596245488553,0.06806881763748893
29659,Unbound,Summer 2024,Active,1,0,1.5345639984783384,0.23389705364925054
29660,Hyrex,Summer 2024,Active,1,0,4.590694913199597,0.09666332474279553
29661,Silurian,Summer 2024,Active,1,0,1.4625393453402293,0.20932756561390176
29663,NetworkOcean,Summer 2024,Active,1,0,2.186655635096632,0.27429219463903476
29665,Cloudglue,Summer 2024,Active,1,0,4.014070501811489,0.03615186057291348
29666,Willow,Spring 2025,Active,1,0,4.800950370860153,0.1279466162139779
29668,Proxis,Summer 2024,Active,1,0,5.594537531099877,0.07732025986143944
29670,Zuni,Summer 2024,Active,1,0,5.358349838753315,0.20708707398548437
29671,Scape,Summer 2024,Active,1,0,5.785283260598363,0.28308766603108104
29672,"DeepSim, Inc.",Summer 2024,Active,1,0,1.885332761775889,0.3533786998266293
29673,Storia AI,Summer 2024,Active,1,0,0.6544681516862179,0.20134270386670103
29676,Elevate,Summer 2024,Active,1,0,2.337672683054361,0.005932148282200016
29679,Dodo,Summer 2024,Active,1,0,5.435748203023202,0.32411684473753727
29682,RunLocal AI,Summer 2024,Active,1,0,1.9946959292236843,0.1960445974807466
29683,CodeViz,Summer 2024,Active,1,0,1.520419236458203,0.2956663224930504
29685,Lore,Summer 2024,Active,1,0,5.621922123623732,0.15658428788513284
29687,MinusX,Summer 2024,Active,1,0,1.0191742995884743,0.13704476233173546
29688,camfer,Summer 2024,Active,1,0,2.5504183811426717,0.3869574753834367
29689,Tivara,Summer 2024,Active,1,0,5.997245782885137,0.2250994386903873
29690,Kenley,Summer 2024,Active,1,0,0.046929117783864986,0.4029603294630678
29693,Gauge,Summer 2024,Active,1,0,1.638003093096259,0.19640583834081032
29695,Dench.com,Summer 2024,Active,1,0,5.760831716061432,0.24426999127815263
29697,Stormy,Summer 2025,Active,1,0,0.23165333450439773,0.13503591192062117
29698,AutoPallet Robotics,Summer 2024,Active,1,0,3.6222093679341327,0.5003895504390993
29701,Plume,Summer 2024,Active,1,0,1.783113604693276,0.29345262014339246
29702,LedgerUp,Summer 2024,Active,1,0,4.730126466285018,0.18557993399841724
29704,Modus,Summer 2024,Active,1,0,5.1475624976280185,0.09541780304372528
29705,Lighthouz AI,Summer 2024,Active,1,0,3.9041437339024014,0.12608601925444932
29706,Mito Health,Summer 2024,Active,1,0,0.936109785724149,0.35850307941033543
29710,TaxGPT,Summer 2024,Active,1,0,0.3248636889784456,0.17368969335570403
29711,Fazeshift,Summer 2024,Active,1,0,4.275710812336738,0.22034757596978288
29712,Benchify,Summer 2024,Active,1,0,0.6072869494879634,0.09005934139961426
29713,Anthrogen,Summer 2024,Active,1,0,1.324704719660145,0.22770626625035886
29716,CreativeMode,Summer 2024,Active,1,0,5.58601863540531,0.06461169400995548
29717,Conveo,Summer 2024,Active,1,0,0.8890079962447712,0.27331081041073185
29719,Manaflow,Summer 2024,Active,1,0,1.795541427921692,0.12058632123906522
29721,Panora,Summer 2024,Active,1,0,4.052822489285654,0.27771575624134004
29723,Aluna,Summer 2024,Active,1,0,0.6147549303065094,0.3783548635653034
29724,Ontra Mobility,Summer 2024,Active,1,0,0.5974084710239287,0.0706728385429299
29727,Overstand Labs,Winter 2025,Active,1,0,0.7072728446572744,0.16463898495588433
29729,Clearly AI,Summer 2024,Active,1,0,1.399610094361357,0.24037183902855574
29730,Saturn,Summer 2024,Active,1,0,0.016983927337322246,0.1504542899143407
29731,Zoa Research,Summer 2024,Active,1,0,0.9948566029239683,0.3018072002874489
29734,Vibe,Summer 2024,Active,1,0,5.253626935501016,0.058719808977861644
29735,FINNY AI,Summer 2024,Active,1,0,6.033770943346282,0.26462022844856764
29736,MagiCode,Summer 2024,Active,1,0,2.039799779511159,0.10890622366732332
29738,Anara,Summer 2024,Active,1,0,0.3513067817674166,0.2963869027096057
29739,Planbase,Summer 2024,Active,1,0,5.7880649360940675,0.25194911125252445
29740,Redouble AI,Summer 2024,Active,1,0,0.5053622090958093,0.15422629978785007
29745,Sharpe,Summer 2024,Active,1,0,1.2562422278021597,0.23425308704933337
29746,Drillbit,Summer 2024,Active,1,0,3.7760894494626607,0.30148701940975764
29747,deepsilicon,Summer 2024,Inactive,1,0,2.082770487174267,0.12097314360312769
29748,Seals AI,Summer 2024,Active,1,0,3.9231206876877085,0.25648578670952327
29750,winfunc,Summer 2024,Active,1,0,1.752722575656361,0.1599726383652747
29751,Opslane,Summer 2024,Active,1,0,2.141302319841088,0.3619576182585811
29753,Autumn Labs,Summer 2024,Active,0,1,2.536881561661898,0.4365228230850806
29754,Conductor Quantum,Summer 2024,Active,1,0,2.02101570778874,0.1705493322419667
29760,Mage Legal,Summer 2024,Active,1,0,1.2916052224921404,0.1819504984443306
29761,Distro,Summer 2024,Active,1,0,3.9539657609833716,0.20070281231056358
29762,Remade,Summer 2024,Acquired,1,0,2.4678749580420964,0.048712580580788534
29763,Piggy Robotics,Fall 2025,Active,1,1,3.7231242772490023,0.31461882269944885
29765,Emergent,Summer 2024,Active,1,0,1.0696708131787576,0.11145882115688568
29766,Kura AI,Summer 2024,Active,1,0,0.5319198030226192,0.1571152631485783
29767,Thunder Compute,Summer 2024,Active,1,0,1.3534135395213527,0.20507168639720852
29768,Ember Robotics,Summer 2024,Active,0,1,2.44643400792073,0.4352268267846628
29772,Parley,Summer 2024,Active,1,0,5.089929605116597,0.20985433688957503
29773,Soff,Summer 2024,Active,1,0,4.672053756632912,0.1751811315995511
29775,Brighterway,Summer 2024,Active,1,0,1.4268497396216993,0.0953759763353339
29777,Zettascale,Summer 2024,Active,1,0,2.129834218073224,0.19042951496945051
29778,Praxos,Summer 2024,Active,1,0,5.400407852450547,0.2702293185933719
29779,The Forecasting Company,Summer 2024,Active,1,0,1.5311639021822558,0.07013158116381313
29780,Presti AI,Summer 2024,Active,1,0,3.7727899442698902,0.10297598970413112
29782,Laminar,Summer 2024,Active,1,0,1.6892206277295503,0.30342456785553906
29784,Sensei,Summer 2024,Active,1,1,3.422169077812003,0.08161679195948174
29785,Simple AI,Summer 2024,Active,1,0,4.861671687943629,0.1684754001400438
29786,Palmier,Summer 2024,Active,1,0,3.9939616273711325,0.12766751996946607
29790,YouShift,Winter 2025,Active,1,0,4.982398444889403,0.22294104770843579
29791,Cartage,Summer 2024,Active,1,0,4.464568551074089,0.29871513099839586
29793,RiskAngle,Summer 2024,Inactive,1,0,0.912028714062805,0.17812684016340213
29794,Baseline AI,Summer 2024,Active,1,0,0.9069201137880969,0.41676913254971715
29795,Odo,Summer 2024,Active,1,0,5.268372185001642,0.35727346962706846
29797,Haystack,Summer 2024,Active,1,0,2.50843768991709,0.1560680112463222
29800,HeroUI,Summer 2024,Active,1,0,5.667666949104383,0.11905176006972609
29801,Rescript,Summer 2024,Active,1,0,0.5921266519203044,0.29060269812656275
29804,Thyme,Summer 2024,Acquired,1,0,5.588682569520879,0.24718479017814676
29805,Handled,Summer 2024,Active,1,0,4.07764183162823,0.4342040754427226
29807,Dataleap,Summer 2024,Active,1,0,4.253996885846719,0.011128977011809841
29808,Starcloud,Summer 2024,Active,1,0,0.5048702470548041,0.08871779052369151
29812,ZeroPath,Summer 2024,Active,1,0,2.053408344772014,0.27085803395537533
29813,Argil,Summer 2024,Active,1,0,3.36202724235776,0.12459031691335129
29815,Propaya,Summer 2024,Active,1,0,0.9280203066122463,0.19379340677024495
29819,Weel,Summer 2024,Active,1,0,2.9872390645636835,0.1303028499863752
29821,Polymet,Summer 2024,Active,1,0,2.240654031541515,0.21922779729623623
29823,autarc,Summer 2024,Active,1,0,2.652672211032992,0.20999607726638453
29824,Assembly HOA,Summer 2024,Active,1,0,5.035443247067071,0.22179346765210262
29825,Sepal AI,Summer 2024,Acquired,1,0,1.004036522800634,0.16945983883522525
29826,Orca Client,Summer 2024,Active,1,0,5.080283588883739,0.13283154159732763
29828,Draft The Record,Summer 2024,Active,1,0,0.24180737924545778,0.15972092962562934
29830,Typa,Summer 2024,Active,1,0,5.042253313377216,0.13033309791837636
29833,Quetzal,Summer 2024,Active,1,0,5.011295806132614,0.06716600916099988
29834,Rastro,Summer 2024,Active,1,0,3.794879414607593,0.15694746778103824
29835,Voker,Summer 2024,Active,1,0,0.2883533738843593,0.08699027552945021
29836,TradeFlow,Summer 2024,Active,1,0,3.939039291623308,0.11931317382945747
29837,RentFlow,Summer 2024,Active,1,0,4.509961913276625,0.10567541993774417
29839,pap!,Summer 2024,Active,1,0,5.669601685312064,0.13323355360738065
29841,Elayne,Summer 2024,Active,1,0,5.896856632251422,0.16575799259259577
29844,Oway,Summer 2024,Active,1,0,3.8741743919974496,0.1961526280657409
29847,Bucket Robotics,Summer 2024,Active,1,1,2.759096135640829,0.5102830682507031
29849,Usul,Summer 2024,Active,1,0,0.8446247110326235,0.08958683558513804
29852,Dayflow,Summer 2024,Active,1,0,2.140746150821725,0.12855061271720591
29853,No Logo,Summer 2024,Active,1,0,3.2580844340581354,0.23408624892198052
29854,Keet,Summer 2024,Active,1,0,5.996291842948593,0.2460258850636737
29856,et al.,Summer 2024,Active,1,0,0.2970622130186558,0.21244732688641335
29857,Pharos,Summer 2024,Active,1,0,0.8278043854911527,0.22283020124409209
29858,Vera Health,Summer 2024,Active,1,0,0.27180693888591767,0.3556066717058555
29950,Pipeshift,Summer 2024,Active,1,0,3.1700202553483727,0.11978565438847838
29951,Rowboat Labs,Summer 2024,Active,1,0,5.421129003961237,0.14688652147204276
29952,Ficra,Summer 2024,Active,1,0,1.826637441239278,0.16658407978307418
29954,Henry,Summer 2024,Active,1,0,4.2727062483186184,0.13810536385625002
29955,BrowserOS,Summer 2024,Active,1,0,6.043100901127768,0.14123273886195917
29957,Anglera,Summer 2024,Active,1,0,3.3885815999930657,0.16452784964529793
29960,Void,Summer 2024,Active,1,0,5.075572356082564,0.12951024488417703
29963,Capitol AI,Summer 2024,Active,1,0,0.8982070830910984,0.2097631178010256
29964,Overlap,Summer 2024,Active,1,0,5.727143716227252,0.03256102176358952
29972,Affil.ai,Summer 2024,Active,1,0,0.47676974609368655,0.1942785163863718
29973,Arva AI,Summer 2024,Active,1,0,1.1714315613198443,0.16240899560551067
29977,Merlin AI,Summer 2024,Active,1,0,2.038756130910274,0.12817576142682252
29978,SimCare,Summer 2024,Active,1,0,6.144600472268725,0.29244193178437244
29983,PathPilot,Summer 2024,Active,1,0,4.567718363971126,0.11999732870680015
29987,Syntra,Summer 2024,Active,1,0,0.6157533645004298,0.2726149959191796
29988,Delineate,Winter 2025,Active,1,0,0.9731310468079816,0.329712093891025
29989,Conductor,Summer 2024,Active,1,0,0.7543823482654056,0.06383808053129703
29990,DreamRP,Summer 2024,Active,1,0,2.1319303918448393,0.06757481698780018
29999,Onlook,Winter 2025,Active,1,0,1.3954192343480383,0.08123045384004554
30016,Zeroframe,Fall 2024,Inactive,1,0,0.9899750327344712,0.1324118822693967
30017,Riveter,Fall 2024,Active,1,0,3.040911395321443,0.20192524028555597
30018,Galini,Fall 2024,Active,1,0,1.302897230879708,0.1706364516320476
30022,Symphony,Fall 2024,Active,1,0,6.086759324691228,0.19815747859380475
30023,Streamable,Fall 2024,Active,1,0,4.4429726982735795,0.20913683917478557
30028,Gait,Fall 2024,Inactive,1,0,1.4840515251806523,0.05557530013950181
30030,Candle,Fall 2024,Active,1,0,5.557329891107232,0.2420110763593681
30032,Darkgrade,Fall 2024,Active,1,0,1.4472898865660526,0.09651297038010703
30033,OpenFunnel,Fall 2024,Active,1,0,1.0336509480794684,0.13396196220164894
30034,HealthSpark,Fall 2024,Active,1,0,5.710059213523978,0.18854625763161836
30039,Raycaster,Fall 2024,Active,1,0,0.8429200913668374,0.2110395609905424
30040,supercontrast,Fall 2024,Inactive,1,0,1.366338322219925,0.11979661735548525
30041,Revyl,Fall 2024,Active,1,0,0.25833514189891676,0.07338754226587792
30042,VortexifyAI,Fall 2024,Active,1,0,3.0246801691966616,0.14895893370480268
30043,Vespper,Fall 2024,Active,1,0,0.25191139720431993,0.18482962045443535
30044,Sandra AI,Fall 2024,Active,1,0,4.3178176025145385,0.1166183690616794
30045,Archil,Fall 2024,Active,1,0,0.8887543880048696,0.05957044436401858
30047,Endstack,Fall 2024,Active,1,0,4.946616742329444,0.1474545539906519
30048,Matcha,Fall 2024,Active,1,0,5.777950336518282,0.1469395672317944
30049,Reticular,Fall 2024,Active,1,0,0.889070267757056,0.2959213488351383
30052,ISSEN,Fall 2024,Active,1,0,5.8239854736953856,0.3251285176054297
30054,CTGT,Fall 2024,Active,1,0,1.401683972025855,0.2691242280553822
30055,RiskCube,Fall 2024,Active,1,0,6.218151318685741,0.0992021980315947
30056,Keye,Fall 2024,Active,1,0,1.218234300549355,0.22697247275897725
30057,Luthor,Fall 2024,Active,1,0,0.4132652421174915,0.1998489925354413
30060,Lingo.dev,Fall 2024,Active,1,0,2.8327641060464654,0.051863713950126705
30063,Freebuff,Fall 2024,Active,1,0,4.510213198508244,0.15506061693853787
30064,HYBRD,Fall 2024,Active,1,0,0.44405150686405664,0.21104123294142718
30066,Unusual,Fall 2024,Active,1,0,0.4991665628454076,0.1833866902251433
30068,Stewdio,Fall 2024,Active,1,0,4.586670080742301,0.07582013248072697
30073,Pearson Labs,Fall 2024,Active,1,0,5.545459126607331,0.1023141850626807
30074,vly.ai,Fall 2024,Active,1,0,3.1427495965921306,0.017568012890474678
30077,AutoComputer,Fall 2024,Active,1,0,3.2849949258673754,0.10445386086411758
30078,Abundant,Fall 2024,Active,1,0,0.7720331551050749,0.23443061257618322
30079,Moonshine,Fall 2024,Active,1,0,5.793836935571303,0.05326991625703952
30087,Gecko Security,Fall 2024,Active,1,0,1.8159458943160462,0.3632969358783286
30088,PermitPortal,Fall 2024,Active,1,0,1.6292246260187537,0.1547584684082884
30095,Consus,Fall 2024,Active,1,0,1.3298665374855525,0.15135579684965647
30096,Capy,Fall 2024,Active,1,0,2.899518528244402,0.02878388953204936
30097,Innate,Fall 2024,Active,1,1,4.041331351880714,0.1581932012140997
30099,Gander,Fall 2024,Acquired,1,0,2.938030514195636,0.1370913574943815
30101,Kilvin,Fall 2024,Active,1,0,2.4683388939747597,0.12144054031894767
30102,Diffusion Studio,Fall 2024,Active,1,0,4.8709309962135,0.034522138083067706
30103,Metreecs,Fall 2024,Active,1,0,2.733670316331991,0.06950223448336346
30105,ArchiLabs,Fall 2024,Active,1,0,2.0166437879307733,0.2302514364293401
30108,Struct,Fall 2024,Active,1,0,1.7651519482214266,0.12834290404067367
30110,Forerunner AI,Fall 2024,Active,1,0,3.016539601389273,0.2810845679472055
30111,x1,Fall 2024,Active,1,0,0.8961671767784047,0.04409115599741614
30113,Melder,Fall 2024,Active,1,0,2.0201950357195977,0.07197833169596267
30115,Laminar,Fall 2024,Active,1,0,1.635188989406057,0.20126365011714917
30116,Freestyle,Fall 2024,Active,1,0,4.879579077013596,0.24436169841674296
30117,Relvy AI,Fall 2024,Active,1,0,1.2158845108583463,0.2886127501343527
30124,Careforce,Fall 2024,Active,1,0,5.278446412772927,0.29370480665013393
30125,Synth,Fall 2024,Active,1,0,5.9182331757648985,0.12137059100637299
30129,HumanLayer,Fall 2024,Active,1,0,3.258407150341518,0.13671347610513426
30160,Quantstruct,Winter 2025,Active,1,0,1.511764237779059,0.354985361606469
30165,Edexia,Winter 2025,Active,1,0,6.050972219594825,0.23951712668505196
30174,Revise Robotics,Winter 2025,Active,0,1,2.8371197938225774,0.36926213898559984
30176,Outship,Winter 2025,Active,1,0,2.758204373990213,0.2137264918184042
30178,Candor,Winter 2025,Active,1,0,0.4376711141716388,0.16899032744648257
30179,Vetnio,Winter 2025,Active,1,0,5.573150293675158,0.21276808169745923
30181,Leaping AI,Winter 2025,Active,1,0,5.387644160795377,0.18316723062628817
30183,Tweeks.io,Winter 2025,Active,1,0,3.8432282269462696,0.1943248309075634
30185,Excellence Learning,Winter 2025,Active,1,0,6.280361864140458,0.38102538841727235
30187,Praxim,Winter 2025,Active,1,0,5.81004985918651,0.03316964975814252
30197,Alice.tech,Winter 2025,Active,1,0,6.161732947831776,0.3884439356169279
30198,Dollyglot,Winter 2025,Active,1,0,5.303064299069532,0.18645361702232374
30199,awen,Winter 2025,Active,1,0,0.06833291920342223,0.034523659497985235
30201,Dartboard Energy,Winter 2025,Active,1,0,1.8171277967416368,0.2762816500778264
30202,Astro,Winter 2025,Active,1,0,1.5549760033881117,0.2603574308231612
30203,Vocality Health,Winter 2025,Active,1,0,6.2332466767128265,0.1719721112791732
30205,Scout,Winter 2025,Active,1,0,5.825683591483284,0.39234086924895023
30207,Promptless,Winter 2025,Active,1,0,5.601490833333443,0.20858726687295445
30209,Closure,Winter 2025,Active,1,0,0.16950960734761117,0.15288326322038537
30212,superglue,Winter 2025,Active,1,0,2.981827454443504,0.21901146948771552
30213,Truffle AI,Winter 2025,Active,1,0,5.372432566239122,0.09869036036005607
30214,Ovlo,Winter 2025,Active,1,0,4.883012374812253,0.22059910559727414
30215,Contrario,Winter 2025,Active,1,0,5.898645540080402,0.10284340013552284
30216,Sublingual,Winter 2025,Inactive,1,0,4.284648011158891,0.10991063215501845
30218,Toothy AI,Winter 2025,Active,1,0,4.668748069158473,0.08713158601934173
30220,Verbiflow,Winter 2025,Active,1,0,5.070726683954909,0.23175694762386773
30223,a0.dev,Winter 2025,Active,1,0,1.8743841371277035,0.0958907878107405
30225,Trava,Winter 2025,Active,1,0,3.0439039051912014,0.10004536001354068
30226,Tejas AI,Winter 2025,Active,1,0,1.269284667361222,0.22600301044021545
30227,Caseflood.ai,Winter 2025,Active,1,0,5.928725640108049,0.3242438225702129
30228,Weave,Winter 2025,Active,1,0,2.3853338336259213,0.3368733129325203
30229,Maive,Winter 2025,Active,1,0,3.868704064641982,0.21974872139799326
30230,SalesPatriot,Winter 2025,Active,1,0,4.912223006710651,0.08608935019734917
30232,careCycle,Winter 2025,Active,1,0,6.051419038282894,0.2967096823183033
30234,Adam,Winter 2025,Active,1,0,2.561983362438566,0.2378555491008033
30235,Rally,Winter 2025,Active,1,0,4.203170216129652,0.184854567730047
30236,Tergle,Winter 2025,Active,1,0,1.512979824743336,0.26541903300702663
30237,Trim,Winter 2025,Active,1,0,2.0228637576246955,0.21034652168792664
30239,Cardamon,Winter 2025,Active,1,0,1.2112366306369433,0.14542574477528114
30240,Bezel,Winter 2025,Active,1,0,3.335576529138417,0.22208719203350566
30242,Oki,Winter 2025,Active,1,0,5.550579254663364,0.1994291863428013
30243,Cifrato,Winter 2025,Active,1,0,5.136895644800337,0.07639414449921962
30246,Swerve,Winter 2025,Active,1,0,4.897909349765742,0.17747527122814333
30247,Osmosis,Winter 2025,Active,1,0,0.3129130681087517,0.09229059902886738
30251,Mecha Health,Winter 2025,Active,1,0,1.7585539679936943,0.3060242447629008
30252,Cuckoo Labs,Winter 2025,Active,1,0,5.232827120102305,0.11619422427619716
30254,hud,Winter 2025,Active,1,0,0.9893493305913336,0.2947231607359234
30255,Olive,Winter 2025,Active,1,0,5.232554493259682,0.28157159575014556
30258,Gale,Winter 2025,Active,1,0,5.631989288788505,0.07779827434473659
30259,Asteroid,Winter 2025,Active,1,1,4.4492199152305085,0.04840589915827709
30262,Pickle,Winter 2025,Active,1,0,5.481877119191879,0.06733153817984514
30264,Stillwind,Winter 2025,Active,1,0,2.4286406331948793,0.40117464579313195
30265,Harbera,Winter 2025,Active,1,0,6.239852059425203,0.1326691107020381
30266,Cenote,Winter 2025,Active,1,1,5.797691486415284,0.24306804297167933
30267,Lopus,Winter 2025,Active,1,0,1.1877649725213404,0.09264294960142291
30269,Pluto,Winter 2025,Active,1,0,0.024593365711274608,0.042130945868374355
30270,G LNK,Winter 2025,Active,1,0,0.36936001896658516,0.3126954175155145
30271,Mundo AI,Winter 2025,Active,1,0,0.07530723982649257,0.09380531717356638
30272,Lucidic AI,Winter 2025,Active,1,0,0.7258835724191922,0.10769595787810554
30273,Candor,Winter 2025,Active,1,0,0.365123346595887,0.18356270699779273
30274,Trata,Winter 2025,Active,1,0,0.481038264611743,0.16629397570848706
30276,General Trajectory,Winter 2025,Active,1,1,1.437737608177409,0.24611391346242692
30278,Agentin AI,Winter 2025,Active,1,0,4.313635381466024,0.0382410586759655
30282,Riviera,Winter 2025,Active,1,0,5.3082789489733795,0.23731530525883285
30283,Confident AI,Winter 2025,Active,1,0,1.2641233897498219,0.43557927983960776
30284,Exla,Winter 2025,Active,1,0,2.2207807300637232,0.11878950290051736
30286,Nitrode,Winter 2025,Active,1,0,1.2188763872059836,0.38632488140462534
30287,Calltree,Winter 2025,Active,1,0,5.166972602645036,0.14528126904573085
30288,Harper,Winter 2025,Active,1,0,5.834526613651759,0.05510590130672569
30291,Outlit,Winter 2025,Active,1,0,5.113901988803532,0.15434693616382483
30292,Mesh,Winter 2025,Active,1,0,3.770598001743201,0.2183254548662577
30294,Sennu AI,Winter 2025,Active,1,0,3.202301023336428,0.052872934028090235
30298,Artificial Societies,Winter 2025,Active,1,0,0.7324122129185799,0.437445215884002
30299,Miyagi Labs,Winter 2025,Active,1,0,0.11420004365461216,0.25272578868886936
30303,AfterQuery,Winter 2025,Active,1,0,1.0092443683515995,0.3864017055109888
30304,Mastra,Winter 2025,Active,1,0,3.613753528734818,0.008989234288937584
30305,Forge Automation,Winter 2025,Active,0,1,3.426614993171058,0.5787461121736318
30314,Pinch,Winter 2025,Active,1,0,6.119206320286894,0.12395559631373392
30315,Optifye.ai,Winter 2025,Active,1,0,2.6082074794569525,0.262616432180567
30317,Permitify,Winter 2025,Active,1,0,1.4064299355492167,0.1620346045307306
30318,Wildcard,Winter 2025,Active,1,0,0.6966159998312671,0.07968534929888155
30320,Proception Inc,Winter 2025,Active,1,1,3.563801816209583,0.3639737877468419
30321,Woz,Winter 2025,Active,1,0,3.0533151387541824,0.09348799214426727
30322,Spott,Winter 2025,Active,1,0,4.874435793053537,0.06843488135252254
30324,Rebolt,Winter 2025,Active,1,0,2.233879639001537,0.13310187350317054
30325,Roark,Winter 2025,Active,1,0,1.487608218423367,0.2972452317094955
30329,Waffle,Spring 2025,Active,1,0,5.6113127221060415,0.08717953587529931
30333,TensorPool,Winter 2025,Active,1,0,3.646057757625161,0.127312603734484
30334,Bluebook,Winter 2025,Active,1,0,0.48594773175600664,0.1366092666600314
30338,CopyCat,Winter 2025,Active,1,0,5.28358922287724,0.040907721604439985
30339,Ergo,Winter 2025,Active,1,0,5.172526212573177,0.06378375113733877
30340,TamLabs,Winter 2025,Active,1,0,0.3431327575572104,0.17548660746029313
30341,Browser Use,Winter 2025,Active,1,0,6.08303384644351,0.09580835959573619
30350,TrainLoop,Winter 2025,Active,1,0,3.4422072732013187,0.0152126365561654
30351,Dex,Winter 2025,Active,1,0,5.340987368715371,0.054957267365767414
30352,Monte,Summer 2025,Active,1,0,0.4064752612890309,0.1753700141963739
30355,assistant-ui,Winter 2025,Active,1,0,5.4204656946701775,0.2710596485415581
30365,Mentra,Winter 2025,Active,1,0,3.7908296699776223,0.08132179771389761
30366,Blaxel,Spring 2025,Active,1,0,3.7151404456628585,0.1069616929851886
30384,Chestnut,Spring 2025,Active,1,0,4.502131224820185,0.19167873738270047
30399,Frekil,Spring 2025,Active,1,0,1.219042655960422,0.3542512165911479
30400,Plexe,Spring 2025,Active,1,0,0.6761390059322422,0.11329601472159484
30402,Kashikoi,Spring 2025,Active,1,0,1.4180078587082983,0.29256884695099405
30405,nao Labs,Spring 2025,Active,1,0,0.7172895255265023,0.18006265464346854
30406,BitBoard,Spring 2025,Active,1,0,0.4814464738676487,0.22193516491864976
30407,Golf,Spring 2025,Active,1,0,0.7210792574550338,0.1847364142709793
30413,Serafis,Summer 2025,Active,1,0,0.7567279412094605,0.2511099403083153
30418,Kanava AI,Spring 2025,Inactive,1,0,4.651875933358716,0.20876941232235618
30421,Synthio Labs,Spring 2025,Active,1,0,0.04906317437674157,0.2899274539440097
30423,neoncoral,Spring 2025,Active,1,0,0.9917630643179268,0.12455420166586559
30425,Auctor,Spring 2025,Active,1,0,1.9192557016607927,0.10611565034231171
30426,Ralo,Spring 2025,Active,1,0,4.8334193873667175,0.09528485180510952
30427,Acolite,Spring 2025,Active,1,0,5.914580809067325,0.04051026409567515
30430,Almond,Spring 2025,Active,1,1,3.3840349814503035,0.29321897605650504
30431,Feyn,Spring 2025,Active,1,0,2.0700017127515027,0.12093054019729654
30432,HelixDB,Spring 2025,Active,1,0,0.42373002768597245,0.1386275775336564
30433,The Robot Learning Company,Spring 2025,Active,1,1,2.6983129580510035,0.14693117711771614
30434,Zeon Systems,Spring 2025,Active,1,1,2.230360007793333,0.22296469581349646
30437,Kaelio,Spring 2025,Active,1,0,0.949735259915059,0.10612067834701941
30438,Beluga,Spring 2025,Active,1,0,6.115080749439967,0.2079406830404183
30439,Clarm,Spring 2025,Active,1,0,1.056481886280502,0.15522653565396669
30440,Sim,Spring 2025,Active,1,0,5.817221101811965,0.07009620437390844
30441,stratify,Spring 2025,Active,1,0,0.7393732961137078,0.22227605909969086
30442,Hanji,Spring 2025,Active,1,0,0.4564256424212914,0.07376061625324146
30443,Units,Spring 2025,Active,1,0,5.430170200990339,0.2809811660758418
30444,Percival,Spring 2025,Active,1,0,0.999310237315347,0.3060054129288751
30445,Mbodi AI,Spring 2025,Active,1,1,3.6670732024499566,0.2828908399627203
30446,Kirana AI,Spring 2025,Active,1,0,5.3319674041411576,0.11706877317297053
30450,Kestral,Spring 2025,Active,1,0,1.0868957837135738,0.1621403398657398
30451,Bluejay,Spring 2025,Active,1,0,1.3185218462871715,0.26771177963494225
30453,Parsewise,Spring 2025,Active,1,0,1.648703135884475,0.16860412420991142
30455,The LLM Data Company,Spring 2025,Active,1,0,0.6080068868792239,0.20744582569150644
30456,Tinfoil,Spring 2025,Active,1,0,0.4563907868543816,0.13278723748955967
30459,Chiron,Spring 2025,Active,1,0,5.708391055677938,0.19867309395308738
30462,Freesolo,Spring 2025,Active,1,0,1.8245933641505911,0.0775477537991082
30463,Tegore,Spring 2025,Active,1,0,5.663657106965565,0.3140393943215605
30464,Sixtyfour,Spring 2025,Active,1,0,1.0643704006668788,0.25397118357082243
30465,Photonium,Spring 2025,Active,1,0,1.723173259990852,0.2694418451387792
30468,Clidey,Spring 2025,Active,1,0,0.4487876820230431,0.20842527521616475
30469,HABIT,Spring 2025,Active,1,1,4.726924824177392,0.3838376081641558
30475,Morphik,Spring 2025,Active,1,0,5.1899625086374215,0.14515815863150267
30476,Nomi,Spring 2025,Active,1,0,5.517620340206708,0.23381264218501702
30479,Crimson,Spring 2025,Active,1,0,0.18311068731310753,0.23567972509531054
30480,Flott HQ,Spring 2025,Active,1,0,3.9789072656968543,0.17236407230672984
30482,Lucis,Spring 2025,Active,1,0,1.1141956822423078,0.33432483317707573
30484,throxy,Spring 2025,Active,1,0,4.850981427848034,0.06870618349377784
30485,Anana,Spring 2025,Active,1,0,5.795093358960165,0.20801612106037617
30487,IRBC,Spring 2025,Active,1,0,5.718199011092098,0.2593210609820861
30488,Theta,Spring 2025,Active,1,0,2.863170938063551,0.06511079608529656
30496,QualGent,Spring 2025,Active,1,0,1.6107941933244192,0.3499885475445405
30497,Human Behavior,Spring 2025,Active,1,0,0.9000852172315497,0.25159241440569424
30498,Alkali,Spring 2025,Active,1,0,2.5445293156648194,0.40333037534474403
30500,Besimple AI,Spring 2025,Active,1,0,0.22732608572073076,0.11624413325714837
30501,Cartpole,Spring 2025,Active,1,0,0.3913965316376353,0.09111186374150836
30509,Boost Robotics,Spring 2025,Active,1,1,2.9836158837172153,0.3539408350564542
30510,Cactus,Summer 2025,Active,1,0,1.7901008100489972,0.10485536368156996
30512,MorphoAI,Spring 2025,Active,1,1,2.6119271745504875,0.3389895005113274
30513,Eloquent AI,Spring 2025,Active,1,0,3.884201956857615,0.16737448032526897
30516,Bramante,Spring 2025,Active,1,0,1.9872071623187306,0.3476891409521689
30518,Orchid,Spring 2025,Active,1,0,5.292276733678499,0.3181238403473621
30519,Hemut,Spring 2025,Active,1,0,3.923289980788889,0.17927797902110304
30521,Kairos,Spring 2025,Active,1,0,1.940491064027483,0.1162105631867425
30522,Naïve,Spring 2025,Active,1,0,4.348066494674282,0.08925264354624718
30523,Mesmer,Spring 2025,Active,1,0,2.451648205461781,0.17084442778295147
30529,Adentris,Spring 2025,Active,1,0,0.4884458556884674,0.2327692672869725
30530,Rimba,Spring 2025,Active,1,0,2.2767471674436908,0.3273834228838418
30531,Moby Analytics,Spring 2025,Active,1,0,1.3552325125648268,0.24434522463417513
30532,Nimbic AI,Spring 2025,Active,1,0,5.97779509761476,0.11784523273473627
30533,Pelica,Spring 2025,Active,1,0,6.18588989937597,0.2058594361338525
30539,mlop,Spring 2025,Active,1,0,1.39855649964993,0.2813594633822508
30540,Lumari,Spring 2025,Active,1,0,3.364081395132748,0.1551022162703621
30541,Code Four,Spring 2025,Active,1,0,4.245153968626216,0.09400244587829823
30542,Vision Lab,Spring 2025,Active,1,1,2.893703886302178,0.3180399955937994
30543,Cactus,Spring 2025,Active,1,0,4.559892246859043,0.21144612375039767
30544,Wavedash,Spring 2025,Active,1,0,4.279351372160202,0.13457597816677563
30545,StarSling,Spring 2025,Active,1,0,2.247415235329354,0.04799054819062314
30547,Text.ai,Spring 2025,Active,1,0,5.468094750032446,0.24470143499044975
30548,Theorem,Spring 2025,Active,1,0,1.8480601233153817,0.4128216895358166
30553,Blueshoe,Spring 2025,Active,1,0,5.718700264181386,0.2070955559696762
30554,Bond,Spring 2025,Active,1,0,5.77851017434716,0.18538372067708345
30558,BitPatrol,Spring 2025,Acquired,1,0,1.0406404658426116,0.21582032392452
30559,Godela,Spring 2025,Active,1,0,1.9106793442416594,0.4102234349808649
30561,Sureform,Spring 2025,Active,1,1,0.8757249090374267,0.14439013957699345
30562,Docket,Spring 2025,Active,1,0,1.8758567420933399,0.1305290600894109
30565,Cohesive,Spring 2025,Active,1,0,4.613254605770203,0.213858912343744
30569,Fifth Door,Fall 2025,Active,1,0,5.360972987177161,0.17964380650260275
30591,Autonomous Technologies Group,Fall 2025,Active,1,0,0.08461335020186807,0.20090944974839384
30592,Prox,Fall 2025,Active,1,0,2.0209657877103293,0.2510341729858011
30596,Adaptional,Summer 2025,Active,1,0,0.7469211221158987,0.14052608199774833
30602,Meteor,Summer 2025,Active,1,0,4.977699912384407,0.020799147724364753
30603,Closera,Summer 2025,Active,1,0,5.332999875525041,0.18583397767279164
30605,Dedalus Labs,Summer 2025,Active,1,0,4.718450105544899,0.06125073375923158
30608,MangoDesk,Summer 2025,Active,1,0,0.5279930867927584,0.09756113422988733
30612,truthsystems,Summer 2025,Active,1,0,0.9778190132637128,0.21529248671871115
30614,Astor,Summer 2025,Active,1,0,6.1005131950030504,0.19019065126834855
30615,Lanesurf,Summer 2025,Active,1,0,4.077357318222777,0.25984205194891935
30620,Bidflow,Winter 2026,Active,1,0,2.6408369891889247,0.3868815824210891
30622,Liva AI,Summer 2025,Active,1,0,0.8640774369237776,0.17016080762590938
30623,Playgent,Summer 2025,Active,1,0,1.4099187744419663,0.26715970322725774
30625,LLM Stats,Summer 2025,Active,1,0,1.1152632447970714,0.3923173151886568
30626,ContextFort,Summer 2025,Active,1,0,0.8406398351303702,0.1119662465761389
30628,Datafruit,Summer 2025,Active,1,0,0.7552306934616452,0.15938962160863057
30629,Topological,Summer 2025,Active,1,1,2.114056495820086,0.3933788835646979
30630,Lark,Summer 2025,Active,1,0,1.4661661203637555,0.2468937432445649
30631,Null Labs,Fall 2025,Active,0,1,1.5118555384105479,0.25952019348648775
30636,EffiGov,Summer 2025,Active,1,0,5.987275445252175,0.12843257919720166
30637,Design Arena,Summer 2025,Active,1,0,1.4782320826202888,0.27234555615563383
30638,Lotas,Summer 2025,Active,1,0,0.8550074752046313,0.20831763412142248
30640,Monarcha,Summer 2025,Active,1,0,1.8488952553390499,0.14590777937399144
30643,Nuntius,Summer 2025,Inactive,1,0,2.1165717384292133,0.11159579920536522
30644,Wafer,Summer 2025,Active,1,0,2.632113987886208,0.16540053782661782
30647,Cyberdesk,Summer 2025,Active,1,1,0.1888182784988288,0.12764979565761936
30649,Lilac,Summer 2025,Active,1,0,4.257803998155211,0.035498288644404484
30651,Alter,Summer 2025,Active,1,0,0.5003061832094746,0.09078116495582826
30652,OnDeck AI,Summer 2025,Active,1,0,1.66428672860631,0.18517290384904886
30653,Async,Summer 2026,Active,1,0,5.839619887990694,0.20789029420279517
30655,Frizzle,Summer 2025,Active,1,0,5.782996268618328,0.23195301697909093
30657,Nori,Fall 2025,Active,1,0,0.13523253586883946,0.2723613756467488
30659,Proliferate,Summer 2025,Active,1,0,5.345698165325709,0.18855106509598257
30660,Magnitude,Summer 2025,Active,1,0,1.26995186423764,0.03328279814022158
30661,Stockline,Summer 2025,Active,1,0,4.0028338801850945,0.19001662394073912
30662,DeepAware AI,Summer 2025,Active,1,1,3.6081422847474833,0.20246369848225104
30663,Tesora,Summer 2025,Active,1,0,0.9668329439583881,0.15135766869308676
30671,Panoptive,Summer 2025,Active,1,0,1.131755291333544,0.456302314485292
30673,Nexa Labs,Summer 2025,Acquired,1,0,1.8171812445708513,0.22688832493834352
30676,Stellon Labs,Summer 2025,Active,1,0,0.8052163865649627,0.051531216266679974
30680,Riverbank,Summer 2025,Active,1,0,1.354035693935493,0.3325067344244741
30681,Parachute,Summer 2025,Active,1,0,0.8039643263084105,0.291102844336549
30684,Doe,Summer 2025,Active,1,0,4.012750960283048,0.2547933635376748
30686,Interface,Summer 2025,Active,1,0,0.5942199105192929,0.09055191153862123
30687,Trace,Summer 2025,Active,1,0,4.164392547732446,0.057926659189618174
30689,b12 Labs,Summer 2025,Active,1,1,1.323152416865759,0.22211459546781803
30691,Embedder,Summer 2025,Active,1,0,2.3618368717026743,0.33197931742725806
30694,Epicenter,Summer 2025,Active,1,0,5.965008010777471,0.14763630550461773
30695,Channel3,Summer 2025,Active,1,0,0.4259544896402404,0.08829272270954673
30696,GhostEye,Summer 2025,Active,1,0,0.7816345727808852,0.18683049072646934
30697,Normal,Summer 2025,Active,1,0,1.9844196659704008,0.534559476749801
30699,VibeFlow,Summer 2025,Active,1,0,5.378214579405841,0.03922606625105273
30700,Nozomio,Summer 2025,Active,1,0,1.14188704379883,0.21551762245766462
30701,Mimos,Summer 2025,Active,1,0,5.9589705163008055,0.18577259192611625
30702,TwentyTwo,Summer 2025,Active,1,0,1.2995137340426552,0.22777629295846932
30703,Physical Turing,Summer 2025,Active,1,1,2.1657432251214312,0.28755953009354496
30707,Phases,Summer 2025,Active,1,0,0.9197449188350985,0.3326444785962029
30710,Manufact,Summer 2025,Active,1,0,3.751724464770744,0.13938414268352528
30711,Char,Summer 2025,Active,1,0,4.981723640909321,0.19438353395858504
30712,Relling,Summer 2025,Active,1,1,3.3280360068703363,0.37388548631035706
30713,Motives,Summer 2025,Active,1,0,0.8931922375754058,0.30039915878474865
30716,Finto,Summer 2025,Active,1,0,3.9804554271858867,0.11604536449367829
30719,ProcIndex,Summer 2025,Active,1,0,5.901905672690393,0.06229963670075712
30720,Autosana,Summer 2025,Active,1,0,1.8712361194584084,0.2610917250835203
30721,Knowlify,Summer 2025,Active,1,0,6.176089492987096,0.1745293806358469
30722,Omnara,Summer 2025,Active,1,0,5.067044723961856,0.10882528516204507
30727,Alara,Summer 2025,Active,1,0,4.690944724523519,0.17979272545971384
30728,OS3,Summer 2026,Active,1,1,3.4383970073459147,0.37085262134479363
30729,Floot,Summer 2025,Active,1,0,3.928145158690582,0.08573233041728019
30731,Maximal,Summer 2025,Active,1,0,3.523434963171795,0.28421239649798946
30732,Humoniq,Summer 2025,Active,1,0,5.715963575082515,0.1281051611532682
30736,PARES AI,Summer 2025,Active,1,0,6.071257264130127,0.14283789355149076
30738,Altur,Summer 2025,Active,1,0,5.605296883133901,0.19899418791854273
30739,Quotain,Summer 2025,Active,1,0,6.076373214996293,0.07959421746061714
30743,Opennote,Summer 2025,Active,1,0,0.032522554937432765,0.17139429950187868
30744,SigmanticAI,Summer 2025,Active,1,0,2.2854081274828193,0.18696253388377562
30747,Convexia,Summer 2025,Active,1,0,0.7787564001030205,0.23032037252828555
30748,Pleom,Summer 2025,Active,1,0,0.5737564597340598,0.1544054321055456
30755,Pally,Summer 2025,Active,1,0,5.222823239848049,0.3091765929927039
30756,Notte,Summer 2025,Active,1,0,2.5792161776897338,0.07421665574246322
30759,Certus AI,Summer 2025,Active,1,0,5.02554267961909,0.232291908508948
30761,Reacher,Summer 2025,Active,1,0,4.206793869878522,0.133374505044351
30762,KERNEL,Summer 2025,Active,1,0,6.012804222717447,0.10341303336591989
30763,Rebulk,Summer 2025,Active,1,0,2.969051211075323,0.3446562998842995
30768,Okibi,Summer 2025,Active,1,0,5.1348674679020245,0.1653207226743332
30771,Flywheel AI,Summer 2025,Active,1,0,2.864800204561975,0.3313329467496546
30774,CLODO,Summer 2025,Active,1,0,0.13368298308104154,0.17464165954228075
30775,Fleetline,Summer 2025,Active,1,0,3.543613184864723,0.17667552728562372
30777,Modelence,Summer 2025,Active,1,0,1.8855222794740087,0.051084819361615005
30782,TectoAI,Summer 2025,Active,1,0,1.5185705232397841,0.13047236162074463
30785,RowFlow,Summer 2025,Active,1,0,4.7540812520573645,0.10920043887024715
30789,Interfere,Summer 2025,Active,1,0,2.178137221212786,0.16870603968214276
30791,Spotlight Realty,Summer 2025,Active,1,0,4.978001269676215,0.21333172220815214
30792,Bizzy AI,Summer 2025,Active,1,0,4.753843590314826,0.35908052542450786
30795,NOSO LABS,Summer 2025,Active,1,0,2.3292992656675175,0.1748796645434568
30796,Outrove,Summer 2025,Active,1,0,0.8604579545832483,0.38580674394923564
30797,Veritus,Summer 2025,Active,1,0,5.960587281862333,0.11689042748766058
30801,burnt,Summer 2025,Active,1,0,4.263802061741835,0.1250364927243014
30804,Luminal,Summer 2025,Active,1,0,2.419426648774245,0.04875052308044397
30806,Uplift AI,Summer 2025,Active,1,0,6.175090019999391,0.1573318947880665
30807,Paloma,Summer 2025,Active,1,0,2.8857229553199337,0.1637498518918045
30812,Mixy,Fall 2025,Active,1,0,4.279913225245143,0.15114057238243875
30813,Blue,Summer 2025,Active,1,0,4.057665855305895,0.11420154824531904
30816,Digipals,Fall 2025,Active,1,0,5.989307849457593,0.15300975532608102
30822,Lapis,Fall 2025,Active,1,0,5.5913102359054285,0.048687615907341567
30832,F2,Summer 2025,Active,1,0,1.4106910799741308,0.054496254265974646
30835,Brickanta,Fall 2025,Active,1,0,2.690148279976084,0.07075633560404475
30844,Uplane,Fall 2025,Active,1,0,0.6116117378221808,0.03533020783802207
30845,Structured AI,Fall 2025,Active,1,0,2.318642190345906,0.3427243077254983
30848,Parrot,Fall 2025,Active,1,0,5.4331036852741965,0.17001534376754804
30849,MOVEdot,Fall 2025,Active,1,0,2.135402038719765,0.441140553912342
30850,Zavo,Fall 2025,Active,1,0,4.770177653529216,0.2410181670047431
30851,Sylvian,Fall 2025,Inactive,1,0,0.1503222735198078,0.160677432225048
30852,Nexus,Fall 2025,Active,1,0,0.18584560962534002,0.07999146313045422
30853,Bolna AI,Fall 2025,Active,1,0,4.5733607112914285,0.14683287504450357
30854,Hyperspell,Fall 2025,Active,1,0,0.058525198154713375,0.10973306219933072
30856,Scoop,Fall 2025,Active,1,0,1.1588289834163348,0.19650716499138673
30859,Locus,Fall 2025,Active,1,0,4.937877395456504,0.12199052899663022
30861,Caddy,Fall 2025,Active,1,0,4.87633341018647,0.36971905840126196
30862,Sorce,Fall 2025,Active,1,0,4.281307749208933,0.1630415436754573
30863,The Context Company,Fall 2025,Active,1,0,1.0731616593579318,0.3450549646077367
30865,Lunavo,Fall 2025,Active,1,0,5.080506079120302,0.2002610702394812
30867,Soren,Fall 2025,Active,1,0,0.5965348328763868,0.19196096335553464
30868,Norra,Fall 2025,Active,1,0,3.415823335735059,0.18456059820323453
30870,Koyal,Fall 2025,Active,1,0,6.233712671952373,0.2018775690776437
30871,Bron,Fall 2025,Active,1,0,6.1923007391656535,0.07119753957874637
30873,Tell if AI,Fall 2025,Active,1,0,5.96967149749648,0.13312056387770216
30875,Veria Labs,Fall 2025,Active,1,0,1.6888382323486826,0.41905740317718265
30876,Velum Labs,Winter 2026,Active,1,0,2.411745776088083,0.22767865263206255
30877,Trelium,Fall 2025,Active,1,0,5.1655586378990055,0.19254550706766493
30884,Flick,Fall 2025,Active,1,0,4.962957840253886,0.05963126934862278
30885,Semble AI,Fall 2025,Active,1,0,2.975763478190005,0.15182840616039833
30886,Mod AI,Fall 2025,Active,1,0,3.7177890757229193,0.21377568938287633
30887,SellRaze,Fall 2025,Active,1,0,4.20746308757023,0.3079085137902163
30889,Terrain,Fall 2025,Active,1,0,2.694813644733938,0.11140064437586517
30894,Unsiloed AI,Fall 2025,Active,1,0,2.545217389595492,0.0968398359276884
30895,Allus AI,Fall 2025,Active,1,0,2.7180852325053224,0.2694040013021297
30899,Sciloop,Fall 2025,Active,1,0,1.0528776317813096,0.20827318601852804
30900,LogosGuard,Fall 2025,Active,1,0,5.441502357248785,0.02241095457953687
30903,Kestrel AI,Fall 2025,Active,1,0,1.8374834371399806,0.058453435428293156
30904,Tensr,Fall 2025,Active,1,1,3.285159574342547,0.414403039480861
30906,Agentic Fabriq,Winter 2026,Active,1,0,5.071195149278841,0.08736943039643444
30907,Logical,Fall 2025,Active,1,0,5.735758293061912,0.16891704783580655
30910,Aleph Lab,Fall 2025,Active,1,0,5.667548536552859,0.3239599066140925
30911,Helonic,Fall 2025,Active,1,0,1.8678461771238122,0.23607962508867064
30912,Redapto,Fall 2025,Active,1,0,1.5711811638392648,0.10391959237210893
30915,FinalDose,Spring 2026,Active,1,0,1.834322725501959,0.08197319545977695
30916,Rovr,Fall 2025,Inactive,1,0,3.7104913407384927,0.09126016050331424
30917,Bravi,Fall 2025,Active,1,0,3.9825976730276307,0.2098719668247925
30918,ComplyDo,Fall 2025,Active,1,0,1.3573694839790043,0.35983262260179305
30919,Codyco,Fall 2025,Active,1,0,5.192959480964207,0.2599989978486324
30920,Lexi,Fall 2025,Active,1,0,0.26677446314298725,0.22434595382524972
30921,Compyle,Fall 2025,Active,1,0,2.2087680494982265,0.037747710242992595
30928,Thesis,Fall 2025,Active,1,0,1.2203693847846326,0.27084749223251786
30929,Sol,Fall 2025,Active,1,0,4.296641026986384,0.08216307020422922
30930,Cortex AI,Fall 2025,Active,1,1,1.366517597556356,0.08618569796210433
30931,Pixley AI,Fall 2025,Active,1,0,5.720076606482895,0.17660344333985303
30932,Leadbay,Fall 2025,Active,1,0,0.20488163311320481,0.035206762002293744
30934,Tornyol,Fall 2025,Active,0,1,2.4156456916724984,0.17255069364009842
30936,Patent Watch,Fall 2025,Active,1,0,1.4928607642264051,0.26583519185066845
30937,Anto Biosciences,Fall 2025,Active,1,0,0.9709953387931554,0.31892441185703113
30938,Imagine AI,Fall 2025,Active,1,0,1.37612664256172,0.13419819445896553
30939,Expected Parrot,Fall 2025,Active,1,0,0.611441337548412,0.22686961465139166
30943,Aside,Fall 2025,Active,1,0,5.0065469188799145,0.10071097730009504
30946,Sourcebot,Fall 2025,Active,1,0,1.4274199300495833,0.13330171598067767
30947,Philon,Fall 2025,Active,1,1,3.6032139401475156,0.3539636877478846
30950,Narrative,Fall 2025,Active,1,0,5.745777428115512,0.04629121359180351
30953,Primer,Fall 2025,Active,1,0,5.348248503412932,0.2195302244494063
30954,Specific,Fall 2025,Active,1,0,3.5651798806929302,0.04503171369630733
30958,Absurd,Fall 2025,Active,1,0,5.682120302265636,0.04322777039941933
30962,Denki,Fall 2025,Active,1,0,1.6007998418954756,0.33624359833546597
30967,Perseus,Fall 2025,Active,1,0,1.2828639190178053,0.22191588646324809
30969,Lemma,Fall 2025,Active,1,0,1.631764354558529,0.35028803581992757
30975,MadeThis,Fall 2025,Active,1,0,5.138960946339812,0.12058528672423427
30981,Freeport Markets,Fall 2025,Active,1,0,4.861161529233351,0.12404281313759045
30982,Boom AI,Fall 2025,Active,1,0,4.698274073903789,0.12326899059159309
30987,Lightberry,Fall 2025,Active,1,1,3.8035588347500937,0.10930932040580192
30991,Forge Robotics,Fall 2025,Active,0,1,3.1479233772910895,0.525362627268498
30993,DiligenceSquared,Fall 2025,Active,1,0,1.250903440050383,0.2609367251810882
30995,Velvet,Fall 2025,Active,1,0,0.6574738850714128,0.18099301901146114
30996,Nerviom,Fall 2025,Active,1,0,1.925743314980156,0.2624697923435338
30997,LunaBill,Fall 2025,Active,1,0,6.0825643571272785,0.25896685466613467
30999,Antigen,Fall 2025,Active,1,0,1.0427827247932417,0.255844086168326
31001,Fastshot,Fall 2025,Active,1,0,4.676466630177968,0.08198971221838869
31002,Clicks,Fall 2025,Active,1,0,4.741806001380187,0.1458092748764813
31005,MarkIt,Fall 2025,Active,1,0,2.849675976178689,0.08431420768854729
31007,Zarna,Fall 2025,Active,1,0,5.904030570179845,0.08785845901434865
31008,Moss,Fall 2025,Active,1,0,0.7002587840390013,0.074737824842463
31009,Specific Labs,Fall 2025,Active,1,0,0.5328936150236523,0.12305359214679928
31010,Amika,Fall 2025,Active,1,0,3.032119963401193,0.1699886951422397
31011,Openroll,Fall 2025,Active,1,0,4.946806255391099,0.15736161104177904
31013,Rivet,Fall 2025,Active,1,0,2.79687168450657,0.2859782910846109
31018,item,Fall 2025,Active,1,0,4.99126929043242,0.23016243494331154
31019,Ndea,Winter 2026,Active,1,0,0.9822318381948533,0.3438714189310538
31025,ClaimGlide,Winter 2026,Active,1,0,0.06554142471758657,0.11880656402986388
31030,Haladir,Winter 2026,Active,1,0,2.7176759333916034,0.05856782371296445
31043,Advanced Metal Research,Spring 2026,Active,0,1,2.849151297895496,0.3473743362855027
31046,Linzumi,Spring 2026,Active,1,0,5.22695005713492,0.1021817727150506
31051,Corvera,Winter 2026,Active,1,0,5.699559994512624,0.1040189208885646
31074,TrustAI,Summer 2026,Active,1,0,3.243590618585592,0.1455251619876791
31076,Imperfect,Spring 2026,Active,1,0,0.684415864952517,0.15425329534773383
31083,Kita,Winter 2026,Active,1,0,0.5421763204177427,0.1288849113111153
31098,10x Science,Winter 2026,Active,1,0,1.2887391666125612,0.3356303889230367
31114,Piris Labs,Winter 2026,Active,1,0,0.874425251470272,0.08615500015217055
31145,RamAIn,Winter 2026,Active,1,1,3.7859295707974967,0.1337822288237359
31147,Salus,Winter 2026,Active,1,0,0.7034087148148891,0.15968466177454407
31152,Fern,Winter 2026,Active,0,1,2.5687216219616134,0.08741181140675698
31155,Q2Q,Winter 2026,Inactive,1,0,5.822477064580232,0.07178565670827235
31165,IncidentFox,Winter 2026,Active,1,0,0.541661123395649,0.045532435825889755
31168,Instinct,Winter 2026,Active,1,0,4.800953502047516,0.08702471358504543
31180,Seeing Systems,Winter 2026,Active,1,0,2.615705303520977,0.1077568721385759
31182,Visibl Semiconductors,Winter 2026,Active,1,0,2.7385984899844367,0.15089581641020025
31187,Fenrock AI,Winter 2026,Active,1,0,6.131538635833352,0.1583472422738263
31189,Revion,Winter 2026,Active,1,0,3.019963881158883,0.13850118166772385
31191,Traverse,Winter 2026,Active,1,0,1.647513260905149,0.25669984045322325
31192,Approxima,Winter 2026,Active,1,0,2.1809087380445646,0.15343298939098995
31197,InventoryQuant,Winter 2026,Active,1,0,3.250246319706718,0.28546895007736767
31200,Ressl AI,Winter 2026,Active,1,0,1.1996431136374972,0.18521579452451145
31203,Sitefire,Winter 2026,Active,1,0,0.1261107732706449,0.12085164511500986
31215,Bubble Lab,Winter 2026,Active,1,0,5.706987050467657,0.13703167719421966
31216,Archal,Summer 2026,Active,1,0,0.8098311968589827,0.15059260528910567
31219,Voxel Energy,Winter 2026,Active,1,0,2.2589870274318953,0.15488778713059295
31222,Superset,Spring 2026,Active,1,0,2.315261552216374,0.12919378789372257
31224,Servo7,Winter 2026,Active,1,1,3.802541492357135,0.5121089097245958
31226,Libra Robotics,Summer 2026,Active,0,1,3.1554338167253055,0.45225259564712517
31241,Corelayer,Winter 2026,Active,1,0,1.7844463308372378,0.12764077257136294
31243,Foreman,Winter 2026,Active,1,0,3.3538488655850736,0.26252220720151315
31246,Inth,Spring 2026,Active,1,0,0.5200204304602188,0.19093209020738375
31255,Grade,Winter 2026,Active,1,0,5.514543088702567,0.16257625967866035
31263,Supafax,Winter 2026,Active,1,0,5.154268991993743,0.30675817128295507
31268,Cova,Summer 2026,Active,1,0,5.589254472335334,0.2462004672135583
31272,Poth Labs,Summer 2026,Active,1,0,0.9223413852825257,0.39560169947732227
31276,Ritivel,Winter 2026,Active,1,0,0.6728015519929084,0.2637384358837892
31283,Ossus,Winter 2026,Active,1,0,6.187702515801147,0.24068887912231213
31285,GrazeMate,Winter 2026,Active,1,0,3.4037759825423763,0.2324755376915367
31295,Carrot Labs,Winter 2026,Active,1,0,0.825617711392651,0.22883879525583453
31300,Shofo,Winter 2026,Active,1,0,5.313603901773776,0.05307964080642931
31327,Korso,Spring 2026,Active,1,0,2.2674836259694686,0.06466697984564251
31341,Instance,Summer 2026,Active,1,1,1.8896377230810149,0.26623292391738806
31342,Osmaura,Summer 2026,Active,1,0,6.194649633560699,0.40108494394500777
31349,Palette,Summer 2026,Active,1,0,3.565066052708903,0.058504295011443816
31359,Twolabs,Spring 2026,Active,1,1,3.7873781014756145,0.20968160598613536
31362,Discovered Materials,Spring 2026,Active,1,0,1.8730700682157733,0.2764671389356954
31368,Zenbu,Spring 2026,Active,1,0,4.4548612538964045,0.054112246347434736
31375,Hub,Spring 2026,Active,1,1,1.3378676261004672,0.02946334070150272
31376,Light Anchor,Spring 2026,Active,1,0,3.976102150401279,0.06485775805795906
31378,GodHands,Fall 2026,Active,1,1,2.67786700088817,0.1864692214548733
31419,StableBrowse,Spring 2026,Active,1,0,5.858501006703377,0.08633911709461456
31424,Lab0,Spring 2026,Active,1,0,2.297756006352678,0.14505797203854542
31428,Ontora,Spring 2026,Active,1,1,0.6079162569303505,0.13488780936014003
31437,Sidekick,Spring 2026,Active,1,0,4.844519531519591,0.31134388478023933
31441,Infera,Spring 2026,Active,1,0,1.9657378401183374,0.35159714182503493
31451,Archer,Spring 2026,Active,1,0,4.910866397575025,0.08551329163841816
31452,Degla Inc,Fall 2026,Active,1,0,3.0801427230554013,0.06572934323604716
31476,Shepherd,Summer 2026,Active,1,0,5.5916267802242,0.16823394670409603
31480,Pops,Spring 2026,Active,1,0,5.785808162199817,0.11394053858719193
31486,Ornadyne,Spring 2026,Active,0,1,2.2953143272152117,0.2594655121834163
31506,Tolmo,Spring 2026,Active,1,0,1.502952992739726,0.11132344170633987
31516,Expanse,Spring 2026,Active,1,0,1.7843241852979823,0.19033069915962347
31526,Uno Wallet,Spring 2026,Active,1,0,4.83099322985565,0.19639653325110581
31527,Revnu,Spring 2026,Active,1,0,5.907292496707993,0.09388776208760223
31532,Atlas Discovery,Summer 2026,Active,1,0,0.8349580099924979,0.3257497079567367
31549,Enjamb Labs,Spring 2026,Active,1,0,0.9187547353469232,0.22191665087150533
31858,Torus,Summer 2026,Active,1,0,2.547671217598878,0.26731063476485944
31989,Pango,Summer 2026,Active,1,0,4.424011501835316,0.25703621452227304
32089,Blueprints,Summer 2026,Active,1,0,0.18483611504498734,0.08007663170761722
32127,Perceptron ML,Summer 2026,Active,1,0,1.8701346675261443,0.06827192824921569
32134,Parasma,Summer 2026,Active,1,0,0.685134350409895,0.13377995469654572
32135,Trope,Summer 2026,Active,1,0,4.928510876728643,0.026553244348950587
32138,Nebula Security,Summer 2026,Active,1,0,1.2301144448234564,0.31936876150549437
32154,Zomma,Summer 2026,Active,1,1,3.8670914528278195,0.11783938657503845
32155,Rex,Summer 2026,Active,1,0,4.8219886634553895,0.12350223931124742
32169,Speko,Summer 2026,Active,1,0,4.7475395861705305,0.16432399062463202
32171,LemonLime,Summer 2026,Active,1,0,1.6175955226915912,0.04046383547623671
32187,Insurf,Summer 2026,Active,1,0,0.6618956802938876,0.2705398224195587
32194,GUILD,Summer 2026,Active,1,0,3.416507468417701,0.08355410728708569
32195,RealPact,Summer 2026,Active,1,0,5.803907861982578,0.09442582387442533
32204,Alloovium,Summer 2026,Active,1,0,2.0987880440750892,0.18890243255615535
32223,Truffle,Summer 2026,Active,1,0,4.136300755857312,0.24405872401099946
32226,Glen,Summer 2026,Active,1,0,5.709066365213927,0.16870437132914232
32227,Context.dev,Summer 2026,Active,1,0,0.3339410169382722,0.14087739542539238
32259,screenpipe,Summer 2026,Active,1,0,2.859349401084748,0.06320385961653419
32262,Alkera AI,Summer 2026,Active,1,0,1.7580354294011316,0.23486874854206427
32286,Definite,Summer 2026,Active,1,0,1.8075749729271462,0.13410393226721612
32520,Cerenovus,Summer 2026,Active,1,0,0.7899079182110239,0.27759927898726067
32526,Talentpluto,Summer 2026,Active,1,0,6.072235777219917,0.20965910938803647
32551,Bloomy,Summer 2026,Active,1,0,5.771991439265429,0.2891764778804571
32552,6thSense,Summer 2026,Active,1,1,2.325156483230157,0.13374009994822122
32553,Nori,Summer 2026,Active,0,1,4.284402894181067,0.23835613301493355
32586,Greypoint Industries,Summer 2026,Active,0,1,2.513317121559196,0.20132273749491977
32617,Whitespace,Summer 2026,Active,1,0,4.07828550884893,0.11990934603095699
32650,Risklytics,Summer 2026,Active,1,0,1.5189213128256627,0.3234540661394936
32682,LATO,Summer 2026,Active,1,0,0.9512744907016102,0.4470804183059135
32781,Isengard Industries Inc,Summer 2026,Active,1,0,2.922621725524181,0.22517385225872208
32782,Denta,Summer 2026,Active,1,0,4.864598603970721,0.1842646494493893
33012,Cosmic Robotics,Summer 2026,Active,0,1,3.014784116549332,0.3266677346444843
33013,Operon,Summer 2026,Active,1,0,2.4741265227407743,0.3178428079384161
33014,Inkbox,Summer 2026,Active,1,0,5.332091138297306,0.2829703165295435
33021,Care GP,Summer 2026,Active,1,0,5.857280715452173,0.1814261437177242
33022,Praxis AI,Summer 2026,Active,0,1,1.5105452097918093,0.10496249461397314
33052,Mireye,Summer 2026,Active,1,0,1.275648852275356,0.13268731136479178
33056,83 Sciences,Summer 2026,Active,1,0,1.576578419225571,0.37549587450701255
33111,Skymerse,Summer 2026,Active,1,0,2.6704852132152173,0.12735158396731744
33249,OpenRelay,Summer 2026,Active,1,0,1.6180284127927893,0.10382458930693658
33282,Florin,Summer 2026,Active,1,0,4.435263957473475,0.2666464923700566
33283,Justinian,Summer 2026,Active,1,0,0.45755215493721957,0.10549308898554048
33315,Amulet,Summer 2026,Active,1,0,5.4920018332027505,0.15922494309602125
33349,Robocurve,Summer 2026,Active,1,1,2.2107489810177943,0.33836086873483756
33408,Salem Robotics Inc,Summer 2026,Active,0,1,2.44420765292857,0.4841659104144887
33738,Coasty,Summer 2026,Active,1,0,2.524239653898875,0.13031839893187572
33805,Edviro,Summer 2026,Active,1,0,1.9446795072662453,0.33601132644749704
33806,Experiential Labs,Summer 2026,Active,1,0,1.8189758824050575,0.20871719400947203
33838,Simantic,Fall 2026,Active,1,0,1.9245983304774104,0.20734919668691665
33936,Conifer,Summer 2026,Active,1,0,0.14954620571332297,0.03560039010893561
