OCC_CODE,proj,bundle,value,strip,cong,reinst,dlnw
11-1011,-0.16087877459548866,-20.62939452638146,-0.7602626715545591,-1.0152506034513191,0.16727988324249354,0.08770804865426651,0.14852887574119844
11-1011,-0.08422122821755353,-46.37571951565445,-1.805526987773597,-2.614789877701334,0.6776196574485986,0.1316432324791379,0.14852887574119844
11-1021,-0.22476006605139032,-16.205681434984843,-0.6174927040639362,-0.7084053795621343,-0.033569532689167625,0.12448220818736577,0.04834778415779395
11-2011,-0.12217207979253393,-16.288929450205472,-0.45063551710068195,-0.5712909230376599,0.06665759409452443,0.05399781184245356,0.062942119956797
11-2021,-0.1549449208416179,-30.96561619396705,-1.162803917890594,-1.5037970172206379,0.22490260698841658,0.11609049234162727,0.1979309677210308
11-2022,-0.110195083851576,-11.296306012104175,-0.3856795192063083,-0.4705607434388184,0.011530205965455398,0.0733510182670547,0.1575468255420711
11-3021,-0.19006369744443352,-27.354709646442547,-1.0163439489297659,-1.3136494473404032,0.20103452375859288,0.09627097465204448,0.17942788526982412
11-3031,-0.21136742664050306,-19.763106265518953,-0.761903902270114,-0.9092249591918271,0.06361030996888872,0.08371074695282443,0.2486598984353785
11-3031,-0.13713506137738765,-17.269263876521634,-0.5202735894609631,-0.6705856772716685,0.06485010214578724,0.08546198566491814,0.2486598984353785
11-3031,-0.17287943345368703,-33.377898533924586,-1.3250388354291744,-1.6694136716608832,0.2413339947132378,0.10304084151847093,0.2486598984353785
11-3051,-0.08549819717081959,-20.445238001771905,-0.5760108262464172,-0.818102127698348,0.16959120403762906,0.07250009741430175,0.1783367661562658
11-3051,-0.041257050537697494,-36.974751460486104,-0.6713263516986565,-1.169781610472504,0.4537317801367564,0.04472347863709114,0.1783367661562658
11-3051,-0.06021791124539945,-19.72645916841347,-0.36837046080346747,-0.5916978202499128,0.18208503465862913,0.0412423247878162,0.1783367661562658
11-3051,-0.06665503473879716,-16.10906056416193,-0.30822523538212554,-0.4755263683125639,0.13531336054001963,0.03198777239041872,0.1783367661562658
11-3051,-0.09646402769732124,-13.92566245120749,-0.2657644381814661,-0.39790142974183285,0.09625327683586571,0.035883714724501026,0.1783367661562658
11-3051,-0.10107750291128598,-19.05931320140512,-0.4206636271359523,-0.5827976208903163,0.11383631703752384,0.048297676716840154,0.1783367661562658
11-3061,-0.2434370308246467,-17.6738228505969,-0.42260972342273995,-0.5463997748998355,0.0803922320604662,0.043397819416629346,0.20095167326675334
11-3071,-0.15144304401192737,-26.867099831413526,-0.8098675342498423,-1.1141543003153376,0.25693204871737585,0.04735471734811947,0.12571939203857152
11-3111,-0.1847242792832006,-22.65569183492318,-0.8118209651615662,-0.9991491178665766,0.12536575169988673,0.061962401005123624,0.1993861936489596
11-3121,-0.17584205875589057,-17.732713316428153,-0.6484980043534039,-0.7945346292537576,0.06645090066119774,0.079585724239156,0.24615251167910035
11-3131,-0.20396329962354168,-26.24319675852952,-0.8415518897445229,-1.1512979411569217,0.2538957956753327,0.055850255737066146,0.15974444196249715
11-9021,-0.15169396694626872,-29.79610042296037,-0.8686671463747295,-1.245907749479049,0.3059100259588998,0.07133057714541957,0.1881270883392756
11-9031,-0.12211769202110159,-13.402174996690896,-0.3638714883965024,-0.5382339990399418,0.15083869438467623,0.023523816258763208,0.20696506501297485
11-9033,-0.1137872749269137,-9.978072364366534,-0.1882654086359672,-0.2296897624926908,-0.0035655869908408633,0.04498994084756447,0.09199494157479293
11-9041,-0.10073786262497743,-40.99220479874801,-1.0645860329363388,-1.7007997640430887,0.5744903696929065,0.06172336141384349,0.16766150738730357
11-9041,-0.04814436327526185,-41.42245792982021,-0.8894156182394268,-1.4256815698085892,0.49059443740835906,0.045671514160803284,0.16766150738730357
11-9051,-0.21231633388905266,-11.868012862270664,-0.4138212723164343,-0.4609514747479895,0.007668838768752018,0.03946136366280317,0.22644636170289223
11-9071,-0.0664952376738035,-4.878421688999217,-0.18045202115469117,-0.2039932287899786,-0.009498188595367107,0.03303939623065455,0.21802503563264386
11-9081,-0.03640076956734622,-3.097479762125029,-0.12301960571810655,-0.09776573791097976,-0.045227906251433136,0.01997403844430634,0.24064333504487934
11-9111,-0.18103381969094523,-22.892993794648653,-0.7393250684535411,-0.9655683097137628,0.13352632759221317,0.0927169136680086,0.20422210106397554
11-9121,-0.13518750625322054,-42.73311595993885,-1.283317152066493,-2.1914095028623386,0.8067342435168905,0.10135810727895489,0.2586270099143082
11-9121,-0.15486195150031304,-32.234417794122095,-1.0895449275112745,-1.6996536257115613,0.5738578513047963,0.03625084689549052,0.2586270099143082
11-9121,-0.11687535238729743,-45.22836211305526,-1.1838634573654288,-1.9537238464553672,0.7190378859875719,0.05082250310236658,0.2586270099143082
11-9131,-0.008350425288506373,-1.2271425078282676,-0.0528491611050641,-0.05794611214377099,-0.016445996504687255,0.021542947543394142,0.22870017014834643
11-9141,-0.1527777963829186,-14.507327488219463,-0.5157461070124687,-0.6228096470607483,0.0585992580122312,0.048464282036048356,0.17491959849828653
11-9151,-0.13747276025215638,-17.175239650587663,-0.5661159712645851,-0.8233308723517427,0.20724812594866426,0.04996677513849335,0.180098931631683
11-9161,-0.11849732465887619,-35.13140198236734,-1.1377734362499314,-1.623368016783759,0.38021800338646994,0.1053765771473576,0.22414695181090538
11-9171,-0.13854602977811525,-8.684907277110199,-0.29197052098559206,-0.2642102614120967,-0.05507006343361187,0.0273098038601165,0.03137407080913457
13-1011,-0.08494388471805746,-9.971520105748114,-0.21485789252021537,-0.2930451514095993,0.048298752936831946,0.02988850595255199,0.11699915225808732
13-1031,-0.11198366876585558,-28.65010011899022,-1.0414166379814724,-1.32556000631866,0.23165072037694867,0.05249264796023878,0.1551734248749428
13-1032,-0.01828584522079764,-4.920440735882781,-0.16050184779053023,-0.16420001137443618,-0.013489754840714685,0.01718791842462064,0.2121696856510984
13-1041,-0.15612692627506736,-36.205575202047754,-1.1795381586903013,-1.571889505811357,0.31070732082869057,0.081644026292365,0.15612806945837177
13-1041,-0.18392533701073832,-30.88734536881493,-1.1157470526923405,-1.369746378667054,0.1728331216364578,0.08116620433825572,0.15612806945837177
13-1041,-0.038114539001261126,-35.56881660086935,-0.9230478653449299,-1.2428816502137199,0.2604667027271823,0.059367082141607685,0.15612806945837177
13-1041,-0.1198529979064957,-16.656134682041216,-0.5308134388595604,-0.6500187623852018,0.08013967649192644,0.039065647033714956,0.15612806945837177
13-1041,-0.04383960821761832,-42.43941458947158,-1.770823526468264,-2.295804263040462,0.404545680834838,0.12043505573735969,0.15612806945837177
13-1041,-0.06183917663236878,-4.1555871523350625,-0.2284465310697561,-0.21593027026532052,-0.05736467026375047,0.0448484094593149,0.15612806945837177
13-1051,-0.07681680187166008,-30.212763303427995,-0.9713694644783057,-1.2788128021568936,0.25495726806760466,0.05248606961098323,0.18804312357859
13-1071,-0.15760095495087173,-16.473608448807827,-0.6606447952389227,-0.7785249282876334,0.058809199215764885,0.059070933832945816,0.20408502063986056
13-1074,-0.026636496459865544,-2.118564754027961,-0.14709329700469453,-0.07684991306028399,-0.1058688791613811,0.03562549521697056,-0.05737579010924421
13-1075,-0.13368660549246217,-24.66924469092047,-0.9484065898343306,-1.1447189433193845,0.1356929574856287,0.06061939599942523,0.3238640238467818
13-1081,-0.15127553404495114,-26.088581557749265,-0.9597458673579524,-1.2039955343725892,0.1706477943044602,0.0736018727101766,0.09647305881900659
13-1081,-0.10753422496503545,-31.524595901937612,-0.7958727476651952,-1.2113116227697693,0.35247070992553775,0.06296816517903636,0.09647305881900659
13-1081,-0.1361629528241977,-20.70444721420674,-0.7101915478369749,-0.9035055740715712,0.15078923602592242,0.042524790208673835,0.09647305881900659
13-1111,-0.1619215571188324,-38.653036123298165,-1.4482548460767433,-1.9178492341979878,0.3113267413048495,0.15826764681639505,0.17787973119797984
13-1121,-0.15763621256021756,-15.099640026347169,-0.5525529134843006,-0.6188285636472743,0.0174940011629654,0.048781649000008365,0.1896245957704723
13-1131,-0.08626845111750103,-11.855117409707903,-0.4489002591969622,-0.5539832860335467,0.06295742313043595,0.042125603706148596,0.22436275754692225
13-1141,-0.2072757065295206,-29.55502023300441,-1.0093626142741106,-1.2446373350051658,0.17236589139386727,0.062908829337188,0.19172735508083072
13-1151,-0.1865165770515832,-22.021851547226877,-0.6784542972523111,-0.8701461662009597,0.11665651553739798,0.07503535341125067,0.12384308996020721
13-1161,-0.1739596960381865,-39.932026073471725,-1.657092367515053,-2.0826475549631147,0.2624565045704078,0.16309868287765372,0.21087426378754293
13-1161,-0.12985159081830705,-30.498062045316022,-1.1505053957808788,-1.4083963491212745,0.16615771232586884,0.09173324101452685,0.21087426378754293
13-2031,-0.13071740807297982,-30.74880180663514,-1.1430554716016244,-1.4167821489845338,0.21988774855418147,0.05383892882872798,0.18005449619931158
13-2041,-0.1528096416867783,-33.29326766786458,-1.3254522060650262,-1.5861427431626218,0.20765618190969715,0.05303435518789845,0.12562817426895867
13-2052,-0.16214369274085985,-24.01490117082454,-0.8298415724156398,-0.9924087813885452,0.10890432147795481,0.05366288749495052,0.1788036970819551
13-2053,-0.08154080565760723,-33.62080366642405,-1.437916995220318,-1.8011650258357217,0.30420163239385345,0.059046398221550334,0.15002661199363354
13-2061,-0.0712886484395029,-39.43901239004565,-1.6132583710916268,-2.1590867460909764,0.4587274220750297,0.08710095292431985,0.14933935845336155
13-2071,-0.08193643817960239,-12.470392441001396,-0.2264971237250606,-0.3308583880922362,0.08066944699833556,0.023691817368840073,0.12814115573746765
13-2072,-0.15362108012958617,-16.51126862073438,-0.6517106381823372,-0.7508192033968264,0.04548191450736905,0.05362665070712014,0.19229792541490642
13-2081,-0.1613426312026805,-16.84463573121184,-0.5689372971882651,-0.6680849919128042,0.06124209324143193,0.037905601483107176,0.1275453421592192
13-2082,-0.07726132569309853,-8.133964759562312,-0.23878756656996014,-0.25279518715352234,-0.015135091018306124,0.02914271160186832,0.24274733474477772
15-1211,-0.08241168012406719,-33.433846728537794,-0.9957521490410031,-1.3778858557680969,0.28816797611231504,0.09396573061477875,0.15208953172551798
15-1211,-0.12148879569513556,-40.43805331495621,-1.2232038618792807,-1.8008020791348405,0.4745097368805582,0.10308848037500162,0.15208953172551798
15-1212,-0.08711339597754383,-32.563269414477396,-1.1474081394361124,-1.5260226727759274,0.3009167294127699,0.07769780392704506,0.2587482052417647
15-1221,-0.19315618008258462,-30.0315803124976,-1.0122298848919722,-1.3374758149659423,0.2190250308151902,0.10622089925877987,0.1328327063379886
15-1231,-0.15706295194308934,-17.90750249445895,-0.38620721687644544,-0.5282703803739603,0.11625781423244419,0.02580534926507072,0.1830860410773516
15-1232,-0.2419774705089363,-21.11451930162808,-0.6655995131792305,-0.8104220996582421,0.07823491106017366,0.06658767541883792,0.16843058947650835
15-1241,-0.12923270096104178,-30.714230476317933,-0.7379739182610563,-1.1530456966869855,0.3692594665872213,0.04581231183870793,0.17357789272824764
15-1241,-0.14720849975572295,-24.159136854752358,-0.5383554752507611,-0.7986032915456702,0.22504003796260097,0.03520777833230815,0.17357789272824764
15-1244,-0.15202690040010713,-20.446266021120685,-0.607702893333057,-0.8050804595275332,0.14158497304201623,0.05579259315245988,0.171470031277825
15-1251,-0.07077492246926609,-26.017251810649043,-0.7459886376795382,-1.0024250787484732,0.20812936071435129,0.048307080354583753,0.14826253720203564
15-1299,-0.10265701604431393,-33.51359391078002,-1.1216422623279123,-1.5393943594774515,0.3603941551934402,0.057357941956099,0.27509436967810785
15-1299,-0.10225073192414415,-34.25904855571343,-1.377728218338833,-1.6722948277404837,0.21757332796782158,0.076993281433829,0.27509436967810785
15-1299,-0.07211629411852166,-42.701037463262864,-1.6446746089988717,-2.2038771703749322,0.44714873924586573,0.11205382213019455,0.27509436967810785
15-1299,-0.14545385118031712,-36.169719698672,-0.8958651559474933,-1.4163828353036831,0.460687333325406,0.059830346030783854,0.27509436967810785
15-1299,-0.12394549338017237,-36.132165738381566,-1.5212093471412718,-1.8954197639803712,0.19433821332360668,0.1798722035154927,0.27509436967810785
15-2011,-0.14829997548881174,-35.51091922517207,-1.3860616180123024,-1.7447264326763026,0.2169027058192725,0.14176210884472762,0.18219356498525574
15-2021,-0.07870260665446424,-34.01885702629577,-1.0167635578178187,-1.3680894878624694,0.3139910888380286,0.037334841206622116,0.18758819174564678
15-2031,-0.09235463890831333,-40.8296248347285,-1.4084570127136367,-1.8799510164057072,0.40346889392003593,0.06802510977203458,0.04741132101053536
15-2041,-0.18714018970471022,-43.9200283828628,-1.094870884198253,-1.9337112992432823,0.8091479554535352,0.029692459591494025,0.1473809703824358
15-2041,-0.1101485390120751,-46.77961484553534,-1.2206552202137715,-2.362781832861751,1.086351918288794,0.055774694359185695,0.1473809703824358
17-1011,-0.11802498049218407,-31.046379984377168,-0.8136992704889479,-1.1882223299358743,0.3210019287747854,0.05352113067214104,0.20662455327694085
17-1012,-0.04170396125432628,-36.830899850458216,-1.2675363015026084,-1.7268336145907537,0.39321668536813514,0.06608062772001011,0.14099968723204803
17-1021,-0.1057391613272189,-24.91541214827509,-0.6239769559598658,-0.8742705188876805,0.2290100203350729,0.02128354259274179,0.2178547251460059
17-1022,-0.11097033831744374,-28.743328736556304,-0.5531055488454681,-0.8320330237637084,0.2507619049026193,0.028165570015620922,0.17359219229464795
17-1022,-0.06617310865091902,-29.45341266515284,-0.4898327105746323,-0.9946358609445083,0.4833235331446182,0.02147961722525782,0.17359219229464795
17-2011,0.05669029132079809,-37.433589112474905,-0.29590821043539073,-0.9207405120395586,0.6034644862660183,0.021367815338149576,0.14716328241133692
17-2021,-0.14250050173775614,-28.616383489108497,-0.4496086075214132,-0.40746025240299577,-0.05506734864702434,0.012918993528606926,0.19994428332021608
17-2031,-0.03495169201679823,-41.668650990088885,-0.9075969330218658,-1.6584181474078115,0.6962668743469851,0.054554340038960536,0.17928319517054936
17-2041,-0.05427195692868132,-20.753951101164617,-0.02883270758092138,-0.43450008783681593,0.39254840190088824,0.013118978355006305,0.13934619381389624
17-2051,-0.07078937642246627,-33.303646420019795,-0.6743380956305525,-1.0431039583708466,0.2999194300405672,0.0688464326997269,0.14682062474320556
17-2051,-0.04730760416194943,-33.45768878007469,-0.6549427490411284,-1.0888376464749308,0.3855137555118411,0.0483811419219613,0.14682062474320556
17-2051,-0.08715156466263196,-36.824783300811674,-0.827365140570711,-1.3250455078030519,0.4291525867145598,0.06852778051778108,0.14682062474320556
17-2061,-0.08439115890459954,-25.897304637131956,-0.5307736745034868,-0.7250627782156629,0.15407651339827577,0.04021259031390034,0.3218674731217037
17-2071,-0.04903788321886977,-27.37616165238248,-0.4730248932694736,-0.7666638100455065,0.25668340387687305,0.03695551289915988,0.20245389361075894
17-2072,-0.04579241470710773,-28.257406893490323,-0.43467902963725846,-0.7740777754224237,0.30594476541519855,0.03345398036996672,0.20965663525986544
17-2072,-0.12089175151556031,-28.593724295889157,-0.6919783818769152,-1.0384566833597266,0.3055158598433816,0.04096244163942986,0.20965663525986544
17-2081,-0.10232074883137271,-40.9843674048191,-0.980303551527856,-1.7028641608131831,0.6890329191199958,0.033527690165331414,0.18691461301775103
17-2111,-0.04653968619102906,-40.24895892356625,-1.105570134537027,-1.791913021907749,0.6287948447908849,0.057548042579837144,0.23080468717822855
17-2112,-0.12822506885681892,-21.803461951303785,-0.4524328528723718,-0.6835349433799567,0.19985506875590886,0.03124702175167604,0.15164958006805396
17-2112,-0.0820303362760337,-40.34819937110122,-0.9005191180482788,-1.474970330075358,0.5190540613139354,0.05539715071314388,0.15164958006805396
17-2112,-0.050161641681821155,-37.28740160209046,-0.5689066299584731,-1.067843587337137,0.4711769792646976,0.027759978113966355,0.15164958006805396
17-2112,-0.06510779738624722,-19.656182818205203,-0.33146711813627006,-0.5322357445693635,0.16196432527787952,0.03880430115521394,0.15164958006805396
17-2121,-0.10526431895357885,-21.15662424909375,-0.29528750636510637,-0.5410413068177888,0.2303550132265091,0.015398787226173383,0.19455321287327365
17-2131,-0.09776577168117323,-28.55942327899678,-0.5559795598127333,-0.9707326127090896,0.38225465237784206,0.03249840051851427,0.18979504601634467
17-2141,-0.037462377631303764,-20.606311063770622,-0.22786878531797683,-0.49028413644419544,0.23495863931930883,0.027456711806909784,0.16328316339053073
17-2141,-0.04461034622661357,-29.2014794028934,-0.44914900713979566,-0.8259734439832895,0.33619932455091117,0.0406251122925827,0.16328316339053073
17-2141,-0.0472167982977514,-33.510289257598586,-0.553701760809139,-1.007257422856152,0.40646223196013276,0.04709343008688016,0.16328316339053073
17-2151,-0.08112823660613916,-30.497196331331125,-0.6113980143798243,-0.9977221991324621,0.3428218907200393,0.04350229403259842,0.1528787262288347
17-2161,-0.14137893053672723,-37.45720988526878,-0.5656931698095926,-1.4570125621198837,0.8700023362761673,0.021317056034123816,0.16615118827971953
17-2171,-0.10936731625444851,-25.455115054086324,-0.10812338895072493,-0.5962222279481448,0.47582113224630973,0.012277706751110173,0.05093830010527256
17-2199,-0.024005113546290858,-39.34339013531386,-0.7963242349604451,-1.260051933327457,0.41976875772676703,0.04395894064024475,0.21597808335333601
17-2199,-0.06109115971949315,-17.563946588200565,-0.22852205461818986,-0.4396964370907188,0.1872080728224228,0.023966309650106155,0.21597808335333601
17-2199,-0.050829483589569485,-27.479677880779743,-0.3585504447140311,-0.7251388233116693,0.3380831255036063,0.028505253094031957,0.21597808335333601
17-2199,-0.10971422678606768,-29.890959685844834,-0.6211679554186365,-1.0520320606582243,0.38626223671565185,0.044601868523935995,0.21597808335333601
17-2199,-0.10381756237262263,-14.260504181514756,-0.26065045833268785,-0.388737791336248,0.09529141643461614,0.032795916568943984,0.21597808335333601
17-2199,-0.030462071910254573,-34.14225525437555,-0.8245350153057935,-1.2164463278203583,0.3165361534102198,0.075375159104345,0.21597808335333601
17-2199,-0.02860244517574302,-17.376599722531804,-0.2108492931871293,-0.41163085985728687,0.18116727669319177,0.019614289976965793,0.21597808335333601
17-2199,-0.06229580582964294,-32.18016703514535,-0.6251559986011559,-1.0714657439367552,0.40973829356533553,0.036571451770263774,0.21597808335333601
17-3012,-0.09356318860584642,-11.555884987107218,-0.22375207693618338,-0.3245239815680159,0.086218810410708,0.014553094221124496,0.22273778949083
17-3013,-0.06479306566633469,-8.7805625736525,-0.19010147213871775,-0.23522641418748957,0.030135915494653442,0.014989026554118379,0.22641925942984065
17-3021,-0.04951070364390865,-12.293478784846101,-0.035381123515545454,-0.16495797491374464,0.11999048555817549,0.009586365840023703,0.22754469013796097
17-3022,-0.09752887970154239,-28.246523137126296,-0.5073121995814738,-0.7870696338750252,0.26368591144046283,0.01607152285308855,0.19566669247322643
17-3024,-0.05803127400014984,-7.735228356357632,-0.11735328566950276,-0.14205319005725858,0.015767846203112335,0.008932058184643488,0.2363887780642302
17-3024,-0.02549701002919326,-3.383481607283054,-0.06118674642275845,-0.08186413643530432,0.003534507857101854,0.017142882155444017,0.2363887780642302
17-3025,-0.19317384694914003,-29.584872097826594,-0.5324328235424733,-1.026845359417241,0.47119367933194933,0.02321885654281841,0.1686014615370559
17-3026,-0.07105002477766426,-11.730938500192782,-0.18783245171509888,-0.3145835523631231,0.10039067894389753,0.02636042170412667,0.1563025162783318
17-3026,-0.1227553038753097,-21.272294104685724,-0.3458793233544366,-0.5381693641986063,0.16757835259716725,0.024711688247002428,0.1563025162783318
17-3027,-0.06796818882896578,-11.13501220270583,-0.052321388398805624,-0.3711973729772815,0.3081981581272579,0.010677826451217953,0.2679633832385413
17-3027,-0.07544751109324327,-15.209575401167022,-0.1291630965331736,-0.38910894779394223,0.24897445468483959,0.010971396575929049,0.2679633832385413
19-1011,-0.057654588394507864,-41.732945383204544,-1.5734678882930981,-2.081397955643686,0.4111727768460487,0.0967572905045393,0.1337900690648528
19-1012,-0.09670914087673131,-37.14229232556777,-0.9682812389412372,-1.5252149936434218,0.5119534935988934,0.04498026110329123,0.25168294367059385
19-1013,-0.042591152752502935,-45.64502148285638,-1.13001220236748,-1.90532653889302,0.7201804825073537,0.05513385401818649,0.2211013225995413
19-1021,-0.08416878076601311,-38.169461289209806,-0.8841267679842182,-1.3647391714313115,0.4317756237048367,0.04883677974225664,0.29895442163331687
19-1022,-0.06257082751783388,-39.604047681781346,-0.8190729619758752,-1.3925052858922569,0.5296549623861235,0.04377736153025813,0.1510428270533346
19-1023,-0.19663517308682774,-36.93545625722081,-0.8994581183802559,-1.7493451382218983,0.8275808546446273,0.022306165197015115,0.1933822302107604
19-1029,-0.06558460049768441,-42.476449924473684,-1.7118228786737992,-2.304760831576403,0.4699273911652937,0.12301056173731029,0.184932194513987
19-1029,-0.0797165854444381,-38.96512304493191,-1.1576769141650267,-1.5670151143922304,0.3036152990744365,0.10572290115276717,0.184932194513987
19-1029,-0.07730548399551512,-41.5221865598326,-1.4969388450499483,-1.8615952170413712,0.25767670640087736,0.1069796655905455,0.184932194513987
19-1029,-0.1041246814200087,-40.47472034586382,-1.3764800018697967,-2.0091296113277703,0.5477612685741378,0.08488834088383612,0.184932194513987
19-1031,-0.10226287491204474,-41.710481335848826,-1.2576434565383203,-1.9336874708339047,0.6478009418381276,0.02824307245745672,0.15301172754012704
19-1031,-0.06797969606116838,-33.53854361021202,-1.272970920726781,-1.5452870800854113,0.21259358711995313,0.05972257223867716,0.15301172754012704
19-1031,-0.13017823794986,-12.872826372982733,-0.4971668416397743,-0.6016629477853552,0.07072342649663588,0.033772679648945036,0.15301172754012704
19-1032,-0.11134195400404262,-27.250839119324414,-0.7350802340190237,-0.8953845157026437,0.12342753910203585,0.03687674258158413,0.2121101703570596
19-1041,-0.1932120514148623,-37.94093650532461,-0.547416498563333,-1.9735211496003129,1.4097930449585134,0.01631160607846649,0.20582479826405553
19-1042,-0.14283329875455955,-38.14712892631586,-1.1147031736598607,-1.6313273199802825,0.4322131092624999,0.08441103705792186,0.15244256587264005
19-2011,-0.15548586429275343,-30.564399190631047,-1.1786334036412356,-1.5073014773554194,0.22311493744611188,0.10555313626807195,0.11719796306043229
19-2012,-0.052241576753702015,-40.08115924508504,-0.8092546859293792,-1.4929425791698767,0.632211493104629,0.051476400135868516,0.3379949507298319
19-2021,-0.12757405356860338,-35.96488686901002,-0.8341561030444744,-1.5553600948875057,0.7001849137318619,0.02101907811116943,0.03786953738301069
19-2031,-0.1337898177093651,-29.852158441560675,-0.36477240044994197,-0.8202627568512537,0.43200434483267447,0.023486011568637277,0.16170133919897944
19-2032,-0.04240841619065572,-26.295368861122558,-0.17705752282337794,-0.5506355492682493,0.3645224433513601,0.009055583093511288,0.19622672225156812
19-2041,0.010912085103885827,-51.547287531101965,-0.5840592618848324,-2.2860463904199806,1.6820694844621173,0.01991764407303087,0.1416230204382356
19-2041,-0.07652825401201542,-46.63932557913696,-1.760773212264671,-2.4580170994043202,0.626152382704533,0.07109150443511592,0.1416230204382356
19-2041,-0.020332589920465598,-48.27095129815633,-1.378016582140285,-2.1743160907172374,0.7312339529528225,0.06506555562412997,0.1416230204382356
19-2041,-0.015562596067260567,-49.026386605309156,-0.5135814097399258,-1.8804895111375943,1.3508672626693388,0.01604083872832973,0.1416230204382356
19-2042,-0.04574028799707083,-42.64184411881554,-0.8968709955205649,-1.4833525843778324,0.5649779949579394,0.02150359389932799,0.10196492665668799
19-2043,-0.05821733758925253,-43.34616756875248,-0.9943170085263877,-1.757086996337656,0.7210777991067077,0.041692188704560706,0.17280624776271125
19-2099,-0.06873413923059771,-37.18319673329072,-0.8714161140271015,-1.304983601390553,0.3900271531155961,0.043540334247855306,0.10908181919569726
19-3011,-0.1580323160145908,-39.961886955709005,-1.5383218880928098,-2.2637921489795074,0.6739761487459888,0.05149411214070909,0.17190237636357253
19-3011,-0.0315240788632482,-51.55786826529098,-1.0004992900829413,-2.5699341040882633,1.5511321075309898,0.018302706474332187,0.17190237636357253
19-3022,-0.08395285956778342,-40.616481091786945,-1.326435269901161,-2.117443149040459,0.7470207722754312,0.04398710686386664,0.1604077394103145
19-3032,-0.13744751515297593,-33.80362285156906,-1.2409225677500908,-1.6524691478070737,0.2844595756529751,0.12708700440400778,0.7360985677555445
19-3039,-0.1972252419786955,-31.17227738310193,-0.9083124478967339,-1.2782277585785535,0.3298802737584161,0.04003503692340349,0.08515363829416556
19-3039,-0.18601764509271676,-32.17397321621748,-0.7859300544638552,-1.1023966483311307,0.2739612299107539,0.0425053639565216,0.08515363829416556
19-3041,-0.17312242354502747,-38.76347528100957,-0.971655258087095,-1.54435850092678,0.5583617100717198,0.014341532767965237,0.24005706463544607
19-3051,-0.04063625881849195,-47.48197787047486,-1.371227258504601,-2.292823706231488,0.8544258367885529,0.06717061093833365,0.1832535233106185
19-3091,-0.16933768906146934,-32.34016094296438,-1.1243229124390033,-1.6118361359053566,0.45923799771881546,0.028275225747537824,0.10562183401039471
19-3092,-0.11937539377898945,-35.086108017886936,-1.5867656447192409,-2.237315424824574,0.6246471583406481,0.02590262176468494,0.22436729203392636
19-3093,-0.17195246076483786,-26.467968902212615,-0.9891435539153002,-0.7653741516644201,-0.2450017229074506,0.021232320656570547,0.18655816081694399
19-3094,-0.251620659021635,-34.68900000984117,-0.8517817595025563,-1.724778606235922,0.856996962780749,0.015999883952616756,0.15059481743808156
19-3099,-0.09917066028212247,-44.22594435220469,-1.3011871647827,-2.0162992517593787,0.6581189966782863,0.05699309029839217,0.19345094081969183
19-4021,-0.28238257189649585,-20.77694299811979,-0.6542695210895633,-0.9100305872007359,0.22780856507477276,0.0279525010363999,0.22631312607548848
19-4031,-0.17957118126641655,-24.429871212884784,-0.4479086670287282,-0.7950953214270231,0.32421412317131315,0.02297253122698173,0.2036989680207335
19-4042,-0.09054043696676324,-32.79047604218531,-0.752587934562734,-1.0199439490627968,0.23329569324361543,0.03406032125644742,0.16859960040019928
19-4051,-0.10153920111404455,-16.71182283253276,-0.3618411645321591,-0.4922456388333871,0.10971510813643759,0.020689366164790446,0.29500441295765256
19-4061,-0.11325122499526304,-29.79972368301064,-0.8361305372869312,-1.2312205330444663,0.3653064059594411,0.029783589798094035,0.2663305229021704
19-4071,-0.0621535236809954,-20.210619797774537,-0.45648398990815897,-0.628036282627336,0.14520656735765414,0.02634572536152291,0.18178795919010593
19-4092,-0.1739840028947351,-25.88862443571748,-0.5826285689134285,-0.8087613531103703,0.20035481399197907,0.025777970204962752,0.19750112070087233
19-4099,-0.14276217104420302,-36.079058578598755,-0.6463973579133611,-1.1969204806840827,0.5332966861893702,0.01722643658135148,0.2087190286449796
19-4099,-0.12207942031077774,-26.602797290408027,-0.42317467707030776,-0.7615010171728493,0.3137438394860115,0.024582500616530112,0.2087190286449796
19-5011,-0.11274157379655778,-34.95339971411966,-0.9718707895044854,-1.3832909505500357,0.3613984565865147,0.05002170445903564,0.1958880164904686
19-5012,-0.13015260746203391,-29.87829430529161,-0.6574537693858336,-1.139499098759026,0.46441030082921486,0.017635028543977693,0.17699612036501922
21-1012,-0.056031312529218835,-5.976050906717439,-0.1529954105209601,-0.15072914997788622,-0.030316634345206595,0.02805037380213271,0.12045391256281013
21-1013,-0.11711298281427619,-19.824068737032036,-0.5740368928968791,-0.7463566222264904,0.13162012638763487,0.04069960294197639,0.2995609242298869
21-1015,-0.14441886697402623,-21.231884746555,-0.6091460211606026,-0.7951590952556673,0.13987339033872237,0.046139683756342365,0.2648540398955799
21-1021,-0.1207136783095175,-14.844585716715432,-0.5400630180540658,-0.6527015958167701,0.06473781508053822,0.04790076268216614,0.22857216109098788
21-1022,-0.15068878340009795,-20.956769516667748,-0.7509360792766824,-0.963862038470404,0.16493602903040605,0.04798993016331554,0.17871177588498233
21-1023,-0.12066383710411899,-18.389847805320837,-0.5095376993433156,-0.7383298629612058,0.19316342172369128,0.035628741894198956,0.2562065883604192
21-1091,-0.09882660393241613,-19.9093233922645,-0.5325520155403947,-0.9120918034622121,0.3597527201075734,0.019787067814243997,0.14848494229158105
21-1092,-0.1386757234790003,-16.99962610707476,-0.5207277266770567,-0.6430480131073719,0.07937479140038839,0.04294549502992684,0.19941599015325462
21-1093,-0.1448574850566441,-14.380328653588622,-0.47564096614211504,-0.5556726005211985,0.031791972752479136,0.04823966162660431,0.2703215646105237
21-1094,-0.11677615691593084,-17.90702719118417,-0.47715872231030954,-0.7340720402451324,0.23752808915193535,0.01938522878288751,0.2502835003545476
21-2011,-0.019732293976299296,-2.4699703800641792,-0.08087109361044398,-0.08203489682151144,-0.031740775510023855,0.032904578721091315,0.18794610005314327
21-2021,-0.06928147535466174,-7.818206264751593,-0.21488080191678982,-0.2847485336414506,0.043507424715515164,0.0263603070091456,0.17207483304019044
23-1011,-0.15318005597372092,-22.707259542081232,-0.8116463498000828,-1.0128750127536483,0.1034047462806591,0.09782391667290646,0.261283556303221
23-1012,-0.08259284288489331,-12.86214936653646,-0.36988746926565286,-0.5716238941527125,0.17790575935457253,0.02383066553248714,0.18379653060803092
23-1021,-0.1976618066324476,-27.429167083945476,-1.0477842064555376,-1.230247825380253,0.12139512442883671,0.06106849449587859,0.18603410415013988
23-1022,-0.18676295846234758,-22.212836913826603,-0.7734360100104158,-0.8499923107197764,0.029169807036274698,0.047386493673085894,0.16652844731579464
23-1023,-0.07289110007037204,-10.040537886235942,-0.2809757479916959,-0.3588701966579353,0.02632883343994452,0.05156561522629488,0.11754667293981313
23-2011,-0.19435895860807248,-17.0621520737455,-0.6814534001336714,-0.7492642804640961,0.022327150625736536,0.04548372970468817,0.19550329349601903
23-2093,-0.041757719231671646,-21.14634932078376,-0.6410762238989367,-0.8644227057980558,0.2045481348108953,0.01879834708822381,0.19646363949978296
25-1194,-0.09358355261841726,-11.18115714822874,-0.2661004294813538,-0.3207768111897038,0.028559255684148965,0.02611712602420102,0.15556410762440542
25-2011,-0.05674429005711639,-4.327692318979536,-0.2630982377053934,-0.25300459693397803,-0.04473851552029373,0.03464487474887834,0.22327987467342814
25-3011,-0.06155198245652275,-5.860105848688525,-0.17792465152631376,-0.19104676885088478,-0.01419817033537285,0.027320287659943876,0.12435238687959727
25-3021,-0.08505566930840672,-7.570930222952365,-0.2681698391606502,-0.27022634689815783,-0.026671792688644835,0.028728300426152487,0.1775330400621571
25-3031,-0.0057342144867892535,-0.43130169788626227,-0.08700685470010017,-0.026709534948867297,-0.08934100034459469,0.02904368059336182,0.3696681994882032
25-4011,-0.12370877126310968,-14.511528560889074,-0.49411850852951966,-0.5810828453798833,0.058415309034433704,0.02854902781592994,0.17916829957199099
25-4012,-0.15247062322800672,-13.475264673937092,-0.557815145505109,-0.7891039346742268,0.20096946097034651,0.030319328198771256,0.15011379692427518
25-4013,-0.6143394856363261,-10.666207744922302,-0.34377718558334536,-0.3788546555966459,0.009149781591224926,0.0259276884220756,0.14649706744133084
25-4022,-0.05878311128893675,-6.342095822444245,-0.15240300798938788,-0.167206724220891,-0.009325427178684453,0.02412914341018757,0.13728177859992607
25-4031,-0.040828483285850044,-2.9227613033621562,-0.18310399436937175,-0.13880155239730385,-0.0658754763029532,0.02157303433088531,0.24460410844642544
25-9021,-0.19379020215420592,-22.472806675207238,-0.7486296945006874,-0.910866530157656,0.11104555659197857,0.05119127906498999,0.1916917450815392
25-9031,-0.10113575220787305,-12.001199798330509,-0.29037466437809734,-0.372046057409126,0.0413337387402799,0.04033765429074876,0.1554497594553803
27-1011,-0.07812939521991605,-17.832798072751945,-0.4588200086720211,-0.5980706924408761,0.10566745894740137,0.033583224821453594,0.19801817401302024
27-1012,-0.07008705421057429,-9.244720159829901,-0.28194822429381405,-0.2345542705067638,-0.06142915897475554,0.01403520518770529,0.2830277588174006
27-1013,-0.19602429716606018,-8.603641238604915,-0.23967937019194885,-0.23589639275671948,-0.01901962757388187,0.015236650138652497,0.09343787070092002
27-1014,-0.22480360912722747,-7.64667799304356,-0.2736825567752028,-0.3063796067462117,0.0019468639241200236,0.03075018604688884,0.3042612012546919
27-1021,-0.17515546204067128,-28.52269745668676,-0.8054315509672145,-1.1109149065202284,0.2603856026498259,0.04509775290318796,0.19720620300900693
27-1022,-0.25792634459413144,-13.641169346477339,-0.39871006806879494,-0.5693813531075187,0.14809602736279182,0.022575257675931937,0.09253909987642572
27-1023,-0.019558605342945082,-1.5006520277434685,-0.13733738083602764,-0.06623852196275726,-0.09370158630081837,0.022602727427547986,0.28693995738989253
27-1024,-0.07115284541904233,-13.43063995843459,-0.4981869033435964,-0.6371703370886208,0.10389352467251056,0.03508990907251386,0.18928329550275347
27-1025,-0.1077005298334745,-24.442925863007414,-0.8471168231732564,-1.1549648375637123,0.2715561744778814,0.03629183991257445,0.18176460885418866
27-1026,-0.049322659349762224,-3.756246124860888,-0.18655402487543338,-0.1506619667916591,-0.06218680102386198,0.026294742940087712,0.2908549994923586
27-1027,-0.7544259932647276,-13.949330874641769,-0.3430601070874957,-0.5016563167362671,0.13530468760371495,0.023291522045056468,0.3205640569263739
27-2011,-0.03192014277274146,-2.914767749865478,-0.17473831011504348,-0.13950594464246846,-0.06038692064726847,0.02515455517469345,0.3520140744683897
27-2012,-0.12929658196282975,-12.113784838653187,-0.3744014435042051,-0.46499445285712016,0.048437119383778704,0.04215588996913633,0.19399159754510675
27-2012,-0.16152434405024496,-11.783100700343718,-0.5046471221777034,-0.581593392508065,0.0358196647695328,0.04112660556082881,0.19399159754510675
27-2012,-0.06663054822003743,-7.725494837768255,-0.2648595258517714,-0.2598499652499453,-0.04370184379304476,0.038692283191218646,0.19399159754510675
27-2012,-0.07171550039199805,-7.186186597671059,-0.23258701378514113,-0.2530510141020721,-0.011449379831793838,0.0319133801487248,0.19399159754510675
27-2031,-0.10045614249977416,-7.555916008993375,-0.21664816316662794,-0.23645954010533554,-0.005090599616721647,0.02490197655542925,0.34921436414042617
27-2032,-0.10236622359191454,-10.370196794506423,-0.29509723794220566,-0.26234167637804706,-0.05517938254351051,0.022423820979351916,0.17729472398565216
27-2041,-0.16392768142694117,-10.539089586373366,-0.42923911412775695,-0.509021700771576,0.04908122226990397,0.03070136437391513,0.35538586867160227
27-2042,-0.05029559769350988,-5.76255308701276,-0.1758282458284417,-0.21892609267458862,0.022420803724557015,0.02067704312158991,0.45291203256870816
27-3011,-0.048654918225678676,-5.049398496808859,-0.16497641861195245,-0.15107192976098727,-0.04273291237659249,0.02882842352562731,0.31259439283167767
27-3031,-0.12682906188740845,-17.9152607013346,-0.7291261724306541,-0.9305033216485081,0.15306221963740096,0.048314929580453025,0.2008562070107769
27-3041,-0.0833171654849548,-12.180168197943573,-0.34131535908031285,-0.3794294609478941,0.0036324766152153742,0.034481625252365866,0.23888343367016818
27-3042,-0.10717629223957235,-17.480693676107567,-0.46603231780199206,-0.5969096141744741,0.11192101420605871,0.01895628216642331,0.21563613761888822
27-3043,-0.11473991195346785,-23.190030450319604,-0.8195589485725652,-0.9833908657202692,0.12886144939052935,0.03497046775717472,0.1962636190302769
27-3043,-0.09869632297042057,-13.962174095242382,-0.4313430798076463,-0.5350769308248071,0.07823066200315765,0.02550318901400317,0.1962636190302769
27-3091,-0.11004598091741262,-21.00374298119948,-0.5619541384103579,-0.7119870587478498,0.12773517422737424,0.0222977461101177,0.14920842506879106
27-3092,-0.017849404081216654,-2.2168177277470575,-0.16980629162469718,-0.18414787391733745,0.00017804239841900937,0.014163539894221255,0.18600437831178818
27-4011,-0.039150222516497815,-6.138585389034708,-0.15411869695355307,-0.17720402158205406,-0.00034559912356613154,0.023430923752067123,0.23548215968844044
27-4012,-0.025152788284276188,-3.142193936721476,-0.15325973593424447,-0.11760422698279838,-0.05687697644352241,0.021221467492076318,0.3838771874574247
27-4014,-0.020945686110551753,-2.8984819896464034,-0.03029208377053605,-0.0659339269208723,0.01827893399375391,0.01736290915658234,0.28957996635985994
27-4021,-0.04551818139141906,-5.8933974799561275,-0.17588968505797942,-0.14310079706787437,-0.050744903537168984,0.01795601554706394,0.20789019340985604
27-4031,-0.045586090156362544,-5.140056396525644,-0.17889570670524302,-0.20211480215304034,-0.0011551923486328164,0.02437428779643014,0.3070076984132961
27-4032,-0.06281009363291018,-8.447632731836732,-0.2618916304489116,-0.259040290056777,-0.024451633026546737,0.0216002926344121,0.16775633188303685
29-1011,-0.14196714271393807,-18.61338856344046,-0.4059465130200075,-0.5323248184157698,0.09930579536591244,0.027072510029849894,0.11863686645272997
29-1021,-0.48662596127426805,-10.95495823960226,-0.5985696602191872,-0.684113251575686,0.03515999392165181,0.050383597434846994,0.09408207427609483
29-1031,-0.15178258517043805,-28.81907644556478,-1.116551050771763,-1.4849498711823226,0.2857181929509469,0.08268062745961258,0.22056044879709136
29-1041,-0.14808179867508467,-16.967749875411684,-0.9054596813776179,-1.1022302137811923,0.15352291178068844,0.04324762062288601,0.16972982919418822
29-1051,-0.16918532375223552,-15.324112755703858,-0.44278159629008407,-0.567377069512006,0.07630517617439958,0.0482902970475223,0.09548731726345583
29-1071,-0.13326908544420724,-19.4125790097333,-0.6064003726120859,-0.7574140971833891,0.09504725548846915,0.05596646908283409,0.1910230122221077
29-1071,-0.04454150415504042,-12.221256706266123,-0.3315296914518946,-0.38828729394826267,0.021586530698484374,0.0351710717978837,0.1910230122221077
29-1081,-0.1241795579802874,-7.92991735323107,-0.2880992139362939,-0.29260292516059305,-0.026672850019267003,0.03117656124356616,0.23893515994213743
29-1122,-0.1621113521309123,-18.733113731431352,-0.7061004562477988,-0.880439848451485,0.12762925520086954,0.046710137002816676,0.1665265591224654
29-1122,-0.11819402150715712,-16.581971052037467,-0.4775397584186343,-0.5990601308842809,0.08877889392041016,0.03274147854523646,0.1665265591224654
29-1123,-0.11977833826775787,-21.46304759470459,-0.8202698543667037,-1.0308698704468577,0.16414314786121098,0.046456868218943015,0.13875030850031456
29-1124,-0.24366303884453094,-10.647246359595535,-0.34054016078564375,-0.400595265010836,0.03524915812435614,0.024805946100836085,0.20756340175700672
29-1125,-0.12993754559274784,-22.257719492416435,-0.5437162899874703,-0.7230336272216245,0.1481004144946314,0.0312169227395227,0.2508829288135854
29-1126,-0.09649361394611307,-14.180140027135211,-0.4855961895310186,-0.5975021032140053,0.07282746475836799,0.03907844892461876,0.29410643943337567
29-1127,-0.17292169823518894,-22.282593835545004,-0.6079458308231116,-0.7773393263642676,0.12201846742849787,0.047375028112658146,0.21257262835419866
29-1128,-0.06956310692469167,-24.718128067399846,-0.733886670411871,-1.0605581312960637,0.29665242487329957,0.030019036010893174,0.19011681379632295
29-1129,-0.1727805948492783,-21.902612511912068,-0.8201628933792526,-0.9566541192424949,0.08469624272579379,0.05179498313744846,0.39234103824856303
29-1129,-0.1491656418058189,-28.88977469343161,-1.0044090146121252,-1.2631003710504585,0.22614496130899964,0.03254639512933366,0.39234103824856303
29-1131,-0.14172493858763524,-17.194030643833788,-0.44403350927368956,-0.6136541415780683,0.13220660848990606,0.037414023814472674,0.3095011198464208
29-1141,-0.15013998593436123,-22.22421460394675,-0.7754901437707644,-0.9177217224793808,0.04215187139480592,0.10007970731381044,0.28583587438425484
29-1141,-0.15708236428714015,-19.771990582116807,-0.6712395841905241,-0.8065589183961546,0.04221480109346065,0.09310453311216982,0.28583587438425484
29-1141,-0.1690804759102045,-26.557659591986546,-0.9441638181387637,-1.1581278829872403,0.07787030162390574,0.1360937632245709,0.28583587438425484
29-1141,-0.09100087233668566,-22.820442728637616,-0.7352530912595394,-0.8826234901521555,0.055496054029544384,0.09187434486307167,0.28583587438425484
29-1141,-0.159017877106961,-24.865429674079635,-0.8153206186233422,-1.0394120726345046,0.12095473565794856,0.10313671835321392,0.28583587438425484
29-1151,-0.070601694350952,-13.943882577688832,-0.43426284919442937,-0.515696287062116,0.04371868672995172,0.037714751137734925,0.3028291798909324
29-1161,-0.13363024322965933,-17.398218162953086,-0.652129246083244,-0.7622453894187764,0.08835518586362356,0.02176095747190887,0.24376122202745965
29-1171,-0.11898183697406667,-22.506587141885497,-0.8338700866138766,-1.0297285671438892,0.11706527174519143,0.0787932087848211,0.186259499978497
29-1181,-0.13844037792838512,-21.821450935433752,-0.49946730305513976,-0.7549065542023574,0.2257636267854055,0.029675624361812147,0.21046637546824964
29-1215,-0.15951213427242916,-21.782582238316262,-0.7709438264452055,-0.9770456634199522,0.1274324203766537,0.07866941659809301,0.1719993437700218
29-1216,-0.14689049004809993,-23.495561674045863,-0.934174374084848,-1.110068961356626,0.10252773738381338,0.07336684988796449,0.24113994702704034
29-1221,-0.13560823267937952,-20.168595018434722,-0.5802705150951337,-0.6750458890277948,0.040353887385483844,0.05442148654717727,0.18077788849478083
29-1292,-0.2528636347260816,-11.268052894291559,-0.37601007667475894,-0.4269245167058058,0.014658102685937813,0.036256337345109024,0.25213264733650975
29-2031,-0.20849130787114906,-17.860882452260267,-0.5641973622685419,-0.718903266011266,0.11988921524547758,0.034816688497246506,0.25275483184287495
29-2032,-0.06879200382530784,-14.07690426664703,-0.3992437273805258,-0.47694455348231557,0.04815552968955039,0.029545296412239352,0.262170484794372
29-2033,-0.09697228784111651,-19.053321500986563,-0.4224537646840316,-0.624971349993015,0.1815469804101406,0.020970604898842726,0.26269259082683893
29-2034,-0.6539000797016287,-10.608732338892047,-0.32990625880224167,-0.37746526396191804,0.019704323469480478,0.027854681690195893,0.28078311442281434
29-2035,-0.12037857556799654,-10.78255374353097,-0.21101195730833266,-0.3230121241933577,0.09396950995862907,0.018030656926395938,0.2627999943218797
29-2051,-0.14227581291191702,-21.22303259263228,-0.6205803521683091,-0.7253635090062875,0.06835107382417593,0.03643208301380252,0.2808874452645598
29-2052,-0.003295997790732316,-0.3287967858645684,-0.06624408542879223,-0.018512775922314706,-0.08629610966234758,0.03856480015587005,0.29865110382235516
29-2053,-0.045476259577812005,-5.501481546592135,-0.2298319396167794,-0.24592705765964284,-0.01303507911829982,0.029130197161163274,0.28983492581288184
29-2055,-0.03783350682245886,-4.349098309197652,-0.1894610110272068,-0.14319781567645107,-0.07613329825703774,0.029870102906282003,0.29155054922970125
29-2056,-0.07526546387209564,-4.676277590551211,-0.15914673681204272,-0.12840166781799,-0.05385073629057624,0.023105667296523524,0.2938467771358346
29-2057,-0.32307070104359137,-11.218839197302877,-0.3776514821111068,-0.46351406123825756,0.06487131843779137,0.020991260689359414,0.2099944160433509
29-2061,-0.12714961093140795,-7.218771385922261,-0.3217633985037036,-0.3294524343682075,-0.04075947948892056,0.048448515353424426,0.30462058817982207
29-2081,-0.0636181583810689,-5.449044542947304,-0.20987363031490203,-0.1793301239071723,-0.06620235266534902,0.03565884625761928,0.2223736013229196
29-2091,-0.18479318818827467,-10.633292699567724,-0.26108643886096816,-0.3474245973032182,0.05517975536954589,0.03115840307270412,0.17013654279354018
29-2092,-0.04681260169023737,-13.846203131922454,-0.4722103822149144,-0.530749334797807,0.025104905326607696,0.03343404725628485,0.19886362614233954
29-9092,-0.17230963442224934,-32.91840179243469,-1.1256234498034328,-1.7465173550673088,0.586533104180178,0.03436080108369799,0.20032418310551847
31-1131,-0.08045053039275987,-5.06769568738499,-0.2503965267912931,-0.21920730614640105,-0.07002064974108446,0.038831429096192416,0.354147207724131
31-1132,-0.002037065658134922,-0.08836336497650997,-0.09875846071756467,-0.0033278102717333446,-0.1169095474556161,0.02147889700978478,0.278849207453272
31-1133,-0.029426141633230034,-2.7717619745439737,-0.10914742356441387,-0.09770507291650876,-0.03149556617495364,0.02005321552704853,0.3668502719803848
31-2011,-0.11982195289579568,-11.212444048032658,-0.32795405838043523,-0.4022343597826734,0.04645686380909009,0.027823437593148093,0.16170696653280547
31-2012,-0.08244209478182692,-5.85805795967791,-0.23504647842193682,-0.1446787905756648,-0.10153397885776405,0.011166291011492024,0.29282894688930616
31-2021,-0.1680872310342818,-8.11656175743638,-0.3201817279537531,-0.3962198600154152,0.04160549108443323,0.03443264097722887,0.15141719293159772
31-2022,-0.08551971748311145,-5.458314005338293,-0.22190513207048923,-0.1948756250167527,-0.05217523520862821,0.02514572815489169,0.2662679779479644
31-9011,-0.12085709365675215,-10.698587353187872,-0.4690416128116759,-0.5193654956378131,0.027085445226161298,0.023238437599975903,0.3109640553000017
31-9091,-0.0052175756866738995,-0.4825628741180574,-0.10123024217543053,-0.025831308826486765,-0.11417021481185285,0.03877128146290909,0.1817159418600145
31-9092,-0.04240098481513788,-3.3163036046713956,-0.1635368706202729,-0.1185957386753076,-0.08937784071104504,0.04443670876607975,0.2724743713977862
31-9093,-0.004882957303343588,-0.8838333090144124,-0.08537465981061887,-0.026865283290680164,-0.07260021802558825,0.014090841505649543,0.24207433897364838
31-9094,-0.22719825137089386,-17.70467400967634,-0.6217709740693507,-0.6725455036513828,0.02736365838855015,0.023410871193481952,0.19110941381332358
31-9095,0.00029669059277479356,0.11127830412941184,-0.10413523030824479,-0.0005573196959236526,-0.12383854560958785,0.020260634997266713,0.30250814091175204
31-9096,-0.09113507060585188,-6.1963446779702664,-0.2628274333288769,-0.2797274094813793,-0.010880638545881727,0.02778061469838411,0.2880456427157383
31-9097,-0.17843595214124366,-13.932329082623886,-0.40207830473031025,-0.5234491203610978,0.09845831955002149,0.022912496080766065,0.24229122072834386
31-9099,-0.15047114959225313,-17.551273482442596,-0.46089277599912704,-0.5275410215051091,0.03412705168500896,0.03252119382097307,0.2303645774642038
31-9099,-0.02154585234511505,-6.288371099884136,-0.28813433779289577,-0.33150896550562914,0.016259054491027047,0.027115573221706324,0.2303645774642038
33-1011,-0.11004598334058781,-7.199535980748775,-0.3342318724174076,-0.33865409279819714,-0.031359801659952335,0.03578202204074188,0.20176788587543015
33-1012,-0.07439286941658457,-8.959456316288161,-0.2966940379098282,-0.4060496819600745,0.06865604082852128,0.040699603221725056,0.15202791813466243
33-1021,-0.0769010432739397,-13.480687309314904,-0.39414972285402294,-0.504627679983348,0.084715044698215,0.025762912431110063,0.1841025011649493
33-2011,-0.030405991973935977,-5.469760764349406,-0.22552941108728142,-0.22272582187308032,-0.04005249976242942,0.03724891054822832,0.15327387135372383
33-2021,-0.07298990792187272,-25.88929598263853,-0.733087392310896,-0.988620590591291,0.2224466232541844,0.033086575026210596,0.2078501351447115
33-2022,-0.3632624426541968,-12.721331750733723,-0.35233933059798783,-0.5203448404879274,0.14310900526236336,0.0248965046275762,0.22781795604934763
33-3011,-0.0032933770029811007,-0.12675987618354995,-0.11655469068278412,-0.005891698646074417,-0.1274069929830004,0.016744000946290694,0.1685252140200646
33-3012,-0.04152957937414683,-3.057891109789608,-0.13641454766743077,-0.07355903806843944,-0.09311455665095902,0.03025904705196769,0.2660407391967996
33-3021,-0.11974097609452998,-20.12151616232562,-0.7049584862127647,-0.8500967015511054,0.10689329583787588,0.038244919500464825,0.1200310695742659
33-3021,-0.05481641757354667,-14.720508192303672,-0.42056167268801836,-0.5147126377355478,0.06466383173450962,0.029487133313019775,0.1200310695742659
33-3021,-0.05756950203413974,-39.23209146504291,-1.4797213723585143,-1.9198426566370417,0.38358653544669163,0.056534748831835735,0.1200310695742659
33-3031,-0.19534437149095413,-22.331489363442845,-0.7305941745164661,-0.8143404693618295,0.05135912828909195,0.032387166556271385,0.25308163895851576
33-3041,-0.010545595449216159,-1.0072263840266256,-0.12024024046291792,-0.03759816566872898,-0.09607465076951183,0.01343257597532288,0.13308645379626993
33-3051,-0.17527181113007562,-12.8290254037573,-0.503784148544518,-0.5594191367263948,0.004583876942338971,0.05105111123953776,0.1880145872785004
33-3051,-0.02245128902900194,-14.457440021168177,-0.5966969945046492,-0.6824028323505344,0.017863531676975075,0.06784230616891018,0.1880145872785004
33-3052,-0.10142787050353251,-16.869357578037842,-0.29944143209399643,-0.419249682847584,0.10682639286476503,0.012981857888822557,0.22816999399682736
33-9011,-0.1269223020879425,-9.76630520628592,-0.39363394503674254,-0.46281472637575094,0.04485361080378292,0.024327170535225484,0.1945140349170429
33-9021,-0.09761332031346912,-32.11931469888845,-1.2642401604328817,-1.5282866554207761,0.21232889392710352,0.05171760106079093,0.013906154565010098
33-9031,-0.02349307342596101,-25.180128379571634,-0.8067527699007737,-0.9894086762831149,0.1564265004309373,0.026229405951403884,0.23763655861677657
33-9032,-0.011001267894050617,-1.393852205982231,-0.12593127440109697,-0.052987817508643786,-0.11197294641917166,0.039029489526718475,0.24764813453725898
33-9091,-0.0327168840395043,-2.903649215613362,-0.16553026411697624,-0.11075767265885128,-0.07009121108008065,0.015318619621955687,0.2470347656776246
33-9092,-0.0591417903439767,-7.771397417203207,-0.2580682266655687,-0.29175088574137753,0.015037675877640932,0.018644983198167875,0.3600440401302585
33-9093,-0.013721643904694613,-1.7270003522338562,-0.09948960337839852,-0.06713321650926529,-0.05083619355641211,0.018479806687278888,0.469131735312442
35-1011,-0.14921186518148713,-7.384205661801054,-0.2701460877377886,-0.29632055293845916,-0.00890218072674287,0.03507664592741344,0.19216000579424275
35-1012,-0.15011019554155441,-7.622588290275479,-0.32442308442685475,-0.32614522387410627,-0.04989654788196285,0.051618687329214374,0.27719766376159205
35-2011,-0.0047268094487357545,-0.2559282022372307,-0.09512508976011658,-0.015418709830566701,-0.1161818649868187,0.03647548505726883,0.2731971395304136
35-2012,-0.027291224463614698,-2.8187298718364207,-0.15415627531304388,-0.10556106663438314,-0.0857835987275366,0.03718839004887586,0.30016011870038684
35-2013,-0.007459685719498005,-0.6812434766332731,-0.11619750687814179,-0.04440354412154468,-0.09346539618633809,0.021671433429740983,0.23569487570314118
35-2014,-0.015398995868437161,-1.402804913077754,-0.13665867008601706,-0.07067254547717994,-0.10814424686555668,0.042158122256719555,0.2969948609349746
35-2015,0.0006343830104266772,0.1047629453799337,-0.09126147530114181,-1.9522424492990353e-05,-0.11610787905966147,0.024865926183012643,0.3554334788506677
35-2021,-0.001093117624856066,0.012290403067422885,-0.0795988425685561,-0.002373302982557668,-0.11147352123606602,0.034247981650067594,0.3538185192459977
35-3011,-0.0040787414384281725,-0.3236855453482599,-0.09655956989776726,-0.0158535820107244,-0.12027276072823012,0.03956677284118726,0.3712304804729456
35-3023,-0.00042135197800051216,0.04439199672490863,-0.06937900590782808,-0.0013635976289820828,-0.13333744000601788,0.06532203172717188,0.31653889891376297
35-3023,-0.0003003453135199031,0.0650474689727452,-0.08191497884259191,-0.003489595983369842,-0.1353024244162493,0.05687704155702722,0.31653889891376297
35-3031,-0.003408096615563554,-0.1538543828182452,-0.08564887753053485,-0.010222117565707567,-0.12957965863259857,0.05415289866777129,0.4317824164255377
35-3041,-0.024785635533828603,-1.8563386130157626,-0.15953648248659968,-0.08918275346631699,-0.1025498315269231,0.0321961025066404,0.3702115296562658
35-9011,0.00034421312066742305,0.07390232322376913,-0.0861288531079012,-5.9344964422614055e-06,-0.12194190327200793,0.035818984660549,0.37058484336194386
35-9021,-0.0001431773926335963,0.051539504922032124,-0.07940332978677711,-3.130656244465513e-05,-0.12198040480314365,0.042608381578811194,0.3722511807177651
35-9031,-0.004300413267215133,-0.1733810716320737,-0.08510901302411611,-0.016256169458366276,-0.09895868601897151,0.030105842453221676,0.3011050927839216
37-1011,-0.12187804928728768,-7.16638611278527,-0.23367157549249473,-0.265084043923276,0.004601666814630256,0.026810801616151014,0.18563071088916638
37-1012,-0.47433406165730047,-10.538269605761663,-0.3682106429459382,-0.4585744017928346,0.056019890040362785,0.03434386880653362,0.1686735706684801
37-2011,-0.002256277972933666,-0.08581946615026072,-0.08947891557660537,-0.005456872557211057,-0.128991348637989,0.04496930561859469,0.2946704850655193
37-2012,-0.00038267066309415564,0.052095042175341805,-0.08527437344622824,-0.0012268565412103527,-0.12513595522033194,0.04108843831531406,0.3565912584288293
37-2021,-0.13989281362086833,-9.388773806638138,-0.38768408355497863,-0.44082087068937215,0.021585228674696477,0.03155155845969704,0.19202364260040516
37-3011,-0.004544425893414746,-0.40709393378827075,-0.1043460293375853,-0.02122122233786472,-0.11356925951628227,0.030444452516561693,0.2518459191252007
37-3012,-0.04321477978844275,-4.558358211938284,-0.24050169376235253,-0.22966141529290285,-0.031118597566077266,0.020278319096627584,0.25703736451924497
37-3013,-0.0327473117363467,-2.8841704178953442,-0.1935305101028777,-0.13207919919374067,-0.08499707798684142,0.023545767077704394,0.24272171400853493
39-1013,-0.04107923985312757,-3.697128110271853,-0.17361419545045198,-0.12935541590473987,-0.06700837618504352,0.022749596639331404,0.2298478524459302
39-2011,-0.24502512362231546,-14.4416643531738,-0.48443574556518065,-0.5480358722660497,0.028410812049239897,0.03518931465162911,0.27287718851011356
39-2021,-0.06370596542693603,-4.3030513013595675,-0.18415868301511473,-0.13986396580657567,-0.06473049875072112,0.020435781542182063,0.3558349606890072
39-3011,-0.004277944166856668,-0.24666429339242144,-0.09155997867567,-0.013155657544372534,-0.09610026925780657,0.017695948126509098,0.4790137961309764
39-3012,-0.008273357246560423,-0.6416345249117688,-0.15995833385471014,-0.022027531374706477,-0.15709080450620272,0.019160002026199052,0.34603025442731816
39-3021,-0.012443872460690892,-1.2484972232374243,-0.08704032931381889,-0.02652444966436729,-0.07359608882010704,0.013080209170655444,0.41997199998823875
39-3031,-0.006664930851020472,-0.3885323204789002,-0.09324294122460852,-0.01131712048532485,-0.10251757083519975,0.020591750095916073,0.33647223662121295
39-3091,-0.004368393503196978,-0.26525171260876645,-0.09468322658241668,-0.012927761216663392,-0.106838848051658,0.02508338268590471,0.31966727440892395
39-3092,-0.052777499368770804,-4.7453897572714006,-0.2144307431438759,-0.16398332035543328,-0.07416468105564267,0.02371725826720006,0.19636941675232933
39-3093,-0.027650669029885507,-1.8139165408567195,-0.1460926939356515,-0.06926166681963242,-0.09534503374127112,0.018514006625252044,0.3686166135389959
39-4011,-0.0061230319289556304,-0.6473453972980352,-0.30216672047849924,-0.0330351449734656,-0.28581873303795247,0.016687157532918828,0.2076938058050155
39-4021,-0.0005947197912485628,0.05147979801086781,-0.10809177342556087,-0.001181307177925195,-0.12559182628825294,0.018681360040617268,0.2450900835246701
39-4031,-0.005215983109011963,-0.47281582346313433,-0.08350710553797258,-0.015144445633851866,-0.0903453248799968,0.021982664975876087,0.015622340963940218
39-5011,-0.008582968054022307,-0.5824351911878826,-0.10502070047611545,-0.02221479240474933,-0.10473231997078791,0.021926411899421794,0.23657024980050556
39-5012,-0.03307489857522844,-2.945354584955183,-0.16393170044423622,-0.10452928778653625,-0.08733794816885121,0.027935535511151244,0.31656707501867354
39-5091,-0.03815857571515887,-8.523484096973693,-0.3285186147274879,-0.3508188540381165,-0.00034134573844957217,0.022641585049078206,0.24911481232667443
39-5092,-0.000867369554544725,0.043974923296512626,-0.07364548498419987,-0.0015610612577603433,-0.09262789849297359,0.020543474766534064,0.3274381237537072
39-5093,-0.01000559609108904,-0.9515568222048792,-0.10830627112397728,-0.017878954507979827,-0.10178375649247595,0.011356439876478497,0.3685050603564295
39-5094,-0.14064136920300782,-7.316276868632243,-0.2697524528349411,-0.28505275487915727,-0.01903776428093673,0.034338066325152905,0.2847797562007899
39-6011,5.22411146559679e-05,0.08930255155956218,-0.09832792081736352,-0.00045926564609954923,-0.12092389197325826,0.023055236801994283,0.3712831694966767
39-6012,-0.0003302554745053049,0.03115489742367414,-0.10372991949825172,-0.0029290066751244126,-0.11802297632302006,0.017222063499892748,0.21609424367623964
39-9011,-0.03752071772820624,-2.7185812537953087,-0.1325586425729992,-0.08598760366404745,-0.07494525312819889,0.02837421421924713,0.36726247453309213
39-9011,-0.024710430079311514,-2.5261756326213898,-0.11877222702295143,-0.0933973794362637,-0.061010942361379605,0.03563609477469187,0.36726247453309213
39-9031,-0.13346854644718464,-10.758231058832505,-0.31759729091926303,-0.34926555312591745,0.004258261620624815,0.027410000586029604,0.15473900165625887
39-9032,-0.12440736470958176,-9.845993141081602,-0.3847543498965029,-0.42872151209251275,0.008040729005221792,0.03592643319078803,0.3275248979239831
39-9041,-0.0326337984647109,-2.7806254656815934,-0.15864506896533026,-0.12863514664554287,-0.04802241907838534,0.01801249675859795,0.36069228732671954
41-1011,-0.10762225082744567,-8.060576151049965,-0.31803851203736544,-0.31963269318889953,-0.05291033556201308,0.05450451671354717,0.18446701996405634
41-1012,-0.10992744670279171,-10.023495014562831,-0.3265910169210904,-0.3741187776467987,0.00027835304475143374,0.04724940768095687,0.15772168707404166
41-2011,-0.00233970256013415,-0.07254317172694254,-0.08599657371351821,-0.007960869270480453,-0.1314640178323201,0.053428313389282334,0.32966434345893614
41-2012,-0.02344188024988629,-2.1870393434659885,-0.18665801349446598,-0.1603198609933485,-0.044286444064149944,0.01794829156303246,0.34338869070611144
41-2021,-0.021481273764162888,-1.146902516237807,-0.14806929861626195,-0.08077140606968847,-0.10115966655066444,0.03386177400409096,0.3597006648552692
41-2022,-0.002646982207086837,-0.19861348228430117,-0.08049724998656815,-0.013843710525864417,-0.09290378879918837,0.026250249338484632,0.1976238251061142
41-2031,0.0005208549082287069,0.08148646508778061,-0.06898801597475468,-0.003631677544840395,-0.13545841242270296,0.07010207399278867,0.3384707090432446
41-3011,-0.09718059855001342,-9.85674301404089,-0.39953089140644416,-0.4386779008800161,0.003414444741996814,0.035732564731575156,0.19537168062656773
41-3021,-0.08740803510854775,-14.437274963241784,-0.5189800228449704,-0.608445065325538,0.04758709600384803,0.04187794647671961,0.20093050802740597
41-3031,-0.18215822344388918,-16.009012718622444,-0.5371278029017081,-0.6167571341050784,0.028509791977300747,0.05111953922606949,0.23364268423882928
41-3041,-0.0011968125193694162,-0.13805006343566883,-0.05608354627119372,-0.011621145496883756,-0.0791194251904015,0.03465702441609153,0.2096514057617047
41-4011,-0.1296204837971645,-18.166259253306745,-0.6218869238801927,-0.7553626857337683,0.09457446457295005,0.038901297280625524,0.2585057387799612
41-4011,-0.06424255714728208,-21.96310520150131,-0.6314072096975325,-0.8243608716002191,0.14850471665988563,0.044448945242800963,0.2585057387799612
41-4012,-0.10182374639435722,-6.492154933574038,-0.3101755967683495,-0.30259136563765976,-0.06616407146070857,0.05857984033001884,0.1845751765394752
41-9011,-0.14323697380071518,-8.045098700520969,-0.3669641175752778,-0.41381002733536,0.018682721931905455,0.028163187828176728,0.24034512219830262
41-9012,-0.0030400481942730517,-0.33191728169775825,-0.16137862714673767,-0.008688148810076957,-0.1627836336053088,0.010093155268648069,0.5361801148632135
41-9021,-0.22046502522658018,-15.096092320198096,-0.5717961768793138,-0.7032048509839215,0.09633889946839824,0.035069774636209416,0.20380058847107874
41-9022,-0.09659629737943061,-9.886217323595607,-0.40303909127337656,-0.44225596497206743,-0.006571428562398118,0.04578830226108899,0.07647297128521968
41-9031,-0.07122669758094623,-18.176741621672296,-0.46693448759085276,-0.5648900858038068,0.05120774500329128,0.04674785320966279,0.18415504343142963
41-9041,-0.04697562075772289,-2.8403011100427595,-0.22821934676874855,-0.21800902792015542,-0.03924162776738305,0.02903130891878991,0.2986971326824581
41-9091,-0.024746549113521477,-1.7765069098901172,-0.07836531242394429,-0.04761453286409312,-0.05817801086258667,0.0274272313027355,0.4107581261366575
43-1011,-0.17366255416685605,-15.231633815128646,-0.6044459243677438,-0.6833568488035475,0.008035719426183974,0.07087520500961975,0.20490325914534502
43-2011,-0.015245196902272131,-1.117387117329059,-0.09787047276084948,-0.05719891873612504,-0.06070565545860651,0.020034101433882068,0.23234026206388414
43-2021,-0.005634398940486209,-0.4560598094545482,-0.12329487310155818,-0.06701285857235328,-0.074378278037591,0.018096263508386112,0.15489834341348852
43-3011,-0.016201992644728387,-1.9809318747356057,-0.09956930068024805,-0.09189213189721368,-0.04187558673787706,0.034198417954842686,0.23975578461213498
43-3021,-0.02882667560106594,-3.8079696915586383,-0.19333490156435706,-0.14929580780425056,-0.07227749256102456,0.028238398800918052,0.22453817686879463
43-3031,-0.04213127674272323,-4.451442761927931,-0.22041756479896923,-0.17921295687719851,-0.08550005010168071,0.044295442179909994,0.20625091393985429
43-3041,-0.05608327232855958,-3.896853509800621,-0.2136727136238763,-0.1464714329916479,-0.08853566937445656,0.02133438874222815,0.2930459991199763
43-3051,-0.06135719124850367,-4.8556097272939045,-0.21188677802021516,-0.22224905256868066,-0.013806335873826736,0.024168610422292236,0.23246930039378322
43-3061,-0.06982619905335345,-4.809479887631688,-0.2471835186937974,-0.26730424770794503,-0.004800632423531681,0.024921361437679312,0.15538499391114335
43-3071,-0.01642089652099584,-1.3871247159796938,-0.10116462265231796,-0.05160893960476054,-0.08228140454617261,0.03272572149861519,0.32026784542146336
43-4011,-0.011922338261439194,-1.3114748932838185,-0.10509896853689016,-0.05221539683217502,-0.08402952094259053,0.031145949237875392,0.2203003966585011
43-4021,-0.0607394025822113,-6.155394550787794,-0.2135256781645558,-0.23393937641602358,-0.00430244101902888,0.02471613927049665,0.20443084238205556
43-4031,-0.09259394668307426,-7.492748603644763,-0.2535414017405295,-0.2939987405786133,0.015245625527150253,0.025211713310933526,0.21241531628158805
43-4051,-0.21880631723002378,-13.331533549037195,-0.5830680163300055,-0.6096654062301339,-0.05430684306182365,0.08090423296195204,0.25463757370252793
43-4061,-0.14985561674297215,-15.505807070434496,-0.608395629228407,-0.6736851869052112,0.026448810868368255,0.038840746808435966,0.1513406128357051
43-4071,-0.02055268052465256,-2.197207906172385,-0.17216014182135853,-0.11777379096800233,-0.07213071786516823,0.017744367011812034,0.28704614238265513
43-4081,-0.0012032936349660659,-0.06675256828364129,-0.08032453147806384,-0.007963614273629016,-0.10062586525012973,0.028264948045694904,0.3602400101032286
43-4111,-0.24334887569108243,-18.148855517040264,-0.5374059295919609,-0.6315089182846383,0.05871111315007882,0.035391875542598594,0.2726982739883703
43-4121,-0.00835508956511524,-0.5075766116043865,-0.09253825924206183,-0.01943163785182911,-0.09750128170552586,0.024394660315293137,0.2940911424578929
43-4131,-0.059362689946587194,-6.171980567644223,-0.19933732180234776,-0.1848936430552932,-0.054487796545364287,0.04004411779830974,0.20767134993713343
43-4141,-0.033195979462375416,-2.4818283368516405,-0.11381496286807469,-0.06239744123638502,-0.07935753756124742,0.02794001592955775,0.26581698964753286
43-4151,-0.01245471754825192,-1.139929592185225,-0.08023090483148021,-0.07869408396164745,-0.026331469947826758,0.024794649077994002,0.29915909362931004
43-4161,-0.05597529229859373,-7.456816179127808,-0.280146902014379,-0.31975174460736433,0.008500925830066564,0.031103916762918793,0.19998590463897914
43-4171,-0.03909154479710209,-1.8552215090333812,-0.16280341054586867,-0.10885367497829623,-0.09561969208661525,0.04166995651904282,0.23456595583147433
43-4181,-0.004045472377758005,-0.2972471872889328,-0.07505331497746948,-0.02086699861047414,-0.08280132720648092,0.02861501083948559,0.14551887538707087
43-5011,0.0001947655395478306,0.07536365383688147,-0.060354689427148056,-0.0038652024946927988,-0.08288861368207412,0.026399126749618862,0.1781123618408924
43-5011,-0.050453595408144813,-6.009772130813434,-0.19557382077864194,-0.18603039782314612,-0.038031632308914265,0.028488209353418448,0.1781123618408924
43-5021,-0.0001347797975783261,0.09316792184631352,-0.07983364006131355,-0.0004548439345111177,-0.10841445282946172,0.029035656702659285,0.27765295698258186
43-5031,-0.1284240479564405,-11.042419565121042,-0.40199452352994225,-0.4444454370290525,0.008477625654756071,0.03397328784435416,0.23547416377168862
43-5032,-0.016451188588254163,-1.4742643010097725,-0.12267632152787211,-0.08644821983409345,-0.07075204770124621,0.034523946007467554,0.2252118043782687
43-5041,-0.03569112438181633,-2.473199331427749,-0.13408209292767026,-0.14370994626840838,-0.0009759787329959302,0.010603832073734054,0.1298971528919881
43-5051,-0.0013425496320321048,-0.01406249777091828,-0.08112163343193446,-0.0036486467378602505,-0.09886940430697067,0.021396417612896457,0.25141008544570065
43-5052,-0.0008431598329872517,0.049103240708656806,-0.0789218112743657,-0.0008948304324571943,-0.10957871451914336,0.03155173367723485,0.1654938272162667
43-5053,-5.4109658315815645e-05,0.0856844936015063,-0.07394737010976016,-0.00018169488631070152,-0.09709213339639566,0.023326458172946207,-0.028062171109814127
43-5061,-0.2094268692437759,-8.044119063856064,-0.2627409010769828,-0.2519923554113186,-0.04150876850133356,0.03076022283566937,0.21204773705915514
43-5071,-0.0299032169723091,-3.302238011467158,-0.2138802387837555,-0.16082972783306282,-0.09511286033848876,0.04206234938779607,0.2803560323597081
43-5111,-0.025426868383156966,-1.833394091608968,-0.09404694021120275,-0.07885609399682947,-0.02886963886003846,0.013678792645665183,0.28023602166770223
43-6011,-0.11083446013446814,-6.620254433102855,-0.28953557636176175,-0.2838324923662974,-0.04660598655326975,0.040902902557805376,0.22947807510113716
43-6012,-0.06691790017558896,-4.304576834833634,-0.1900959095078898,-0.1823515246957177,-0.03718870194888346,0.029444317136711362,0.16128686034605488
43-6013,-0.025714603166417972,-2.1626560693818644,-0.1513322114843163,-0.1000526732071636,-0.09303204319774583,0.041752504920593125,0.2273416626594278
43-6014,-0.06300806255591837,-4.1995810016068,-0.21425868025982808,-0.18081957966949336,-0.08230824045842589,0.04886913986809116,0.23237235775183107
43-9021,-0.017020703729201232,-1.739978082649863,-0.09070160499873703,-0.0609194115317635,-0.0552998757779255,0.025517682310951972,0.21089492923801068
43-9022,-0.01686556440988772,-2.222935982867308,-0.06143070039555498,-0.08368974270683704,0.003495265276600712,0.01876377703468135,0.20029554891613355
43-9031,-0.00452861562874063,-1.6621964667568943,-0.16578009972885654,-0.15258403753041483,-0.03234011361121869,0.019144051412776975,0.19733207288017462
43-9041,-0.19230800604697385,-10.459140303406658,-0.4476063741812979,-0.4907647873508503,0.009283762237229709,0.03387465093232267,0.18918919156944325
43-9051,1.5320273260626484e-05,0.09177292415182062,-0.08698635231536223,-0.0008698175812140718,-0.10352428563023208,0.01740775089608393,0.23794283481750078
43-9061,-0.04369516923777262,-2.5990241985410965,-0.15190721065148893,-0.09544584624672203,-0.11513849803806475,0.05867713363329785,0.2790930625952375
43-9071,0.0005134976163185115,0.11322012853995805,-0.08411307165410298,-0.0017273012826044543,-0.09963518469861876,0.017249414327120238,0.20253462890021412
43-9081,-0.4851331957675953,-10.83663879778439,-0.33047216743083796,-0.3963737323395047,0.055348369520408,0.010553195388258718,0.2294694575232521
43-9111,-0.09319515404937612,-22.540305943894886,-0.5967775453282456,-0.7975017088383467,0.17387681209283112,0.026847351417270016,0.009549584716348036
45-1011,-0.08472852481843489,-9.522240880248832,-0.24765606008294894,-0.31539757928965706,0.03727819909625163,0.030463320110456493,0.20602237525974987
45-2011,-0.0795843485899817,-26.585259067674986,-0.4536883587184146,-0.7015806915824507,0.2302203177701596,0.017672015093876503,0.09335457554448556
45-2021,-0.0753248812905345,-7.150071048087925,-0.5029226830048246,-0.30582943027420617,-0.20642981066434762,0.009336557933729228,0.17470216352452672
45-2041,-0.0013292231935242427,-0.04978743932945665,-0.07300335338415342,-0.0037511863400983003,-0.07825535843980047,0.009003191395745347,0.33089989807886777
45-2091,-0.000694935615114031,0.04963529969764538,-0.08788540482491758,-0.001449364973259648,-0.10060173133735573,0.014165691485697796,0.2669610548142636
45-2092,-0.06293648474605125,-7.5563633497794696,-0.3615390073527429,-0.359695805279582,-0.028343952935792505,0.026500750862631595,0.3381062239128676
45-2093,-0.03236525037837642,-3.264566924599395,-0.1488960816201712,-0.11362718696520613,-0.05293549521647467,0.017666600561509593,0.27584094170969653
45-4011,-0.002104368246226421,-1.030202717276648,-0.12906660980400986,-0.03479438592305284,-0.10551968874167228,0.011247464860715262,0.31863231849288187
45-4021,-0.004588277943505631,-0.3146560621082102,-0.053288331036231096,-0.025918004941775763,-0.04255675989759933,0.015186433803143995,0.15468309032832117
45-4022,-0.0006519580344560047,0.051479813918167,-0.051413343997317895,-0.0030097562707140924,-0.06890258601955779,0.020498998292953985,0.1825725293137812
45-4023,-0.0543433637828936,-5.383382197240044,-0.2604944806202494,-0.06642092207857608,-0.2056163965022253,0.011542837960552,0.21732307372249204
47-1011,-0.11575330107106059,-7.4554220751515174,-0.28079661430428526,-0.2984514851278308,-0.038007691630088214,0.05566256245363377,0.18816891604640906
47-1011,-0.08816023355465852,-25.56710120754308,-0.7091744480406161,-0.9602327765405465,0.1742564932822468,0.07680183521768358,0.18816891604640906
47-2011,-0.00657576405608121,-0.519907141900243,-0.07137567937964029,-0.025712917767326093,-0.05747341186674726,0.011810650254433064,0.19139910586659337
47-2021,-0.009876311973984028,-0.6988063037757168,-0.10530558253866307,-0.03533774474601348,-0.09078626466438067,0.020818426871731077,0.15700040097462598
47-2022,0.0010483829500599455,0.12982287152793792,-0.08015714655343009,-9.476474729641637e-05,-0.1009616925483261,0.020899310742192423,0.28201974782365147
47-2031,-0.016960579536384374,-2.0431873216563154,-0.13423732454385284,-0.08542756657078465,-0.08251880539189749,0.0337090474188293,0.2255502913447751
47-2041,0.00011317976250413273,0.09574457500909268,-0.06620968266373772,-0.0018779687455721117,-0.08317444110511785,0.018842727186952235,0.2278031507363658
47-2042,-0.000611857915540023,0.07716271298833956,-0.09028230274428317,-0.0021655976016043965,-0.10242710151724355,0.014310396374564771,0.24407941716779868
47-2043,-0.000391456304025898,0.08576201337376715,-0.08208681700184917,-0.0008557742727379747,-0.09586110579273477,0.014630063063623577,0.24187458802027262
47-2044,-0.0006109100481292189,0.04373736390746706,-0.09038563189340953,-0.006384232746826424,-0.10398902617558026,0.019987627028997146,0.257148157260938
47-2051,-0.0027346463328210197,-0.0815398032779988,-0.07124615946962276,-0.011260937219866651,-0.07859555752456338,0.018610335274807266,0.24099623858645192
47-2053,-0.000208648914714218,0.09307793833113857,-0.10144157636187723,-0.00010170203604031869,-0.11920582824639459,0.017865953920557676,0.37812517886803354
47-2061,-0.01346855224305362,-1.2140916367088548,-0.1293674289134188,-0.05880205030252528,-0.09421936673943199,0.023653988128538472,0.24590731042292546
47-2071,7.459371808322146e-05,0.08723292379790923,-0.0738235150372546,-0.0004072451092218543,-0.08496871441073628,0.011552444482703539,0.28456680513483157
47-2072,-0.0012110459071282419,0.020236790826997086,-0.08177447387845937,-0.003399285918222361,-0.09155021982803735,0.013175031867800335,0.15765662931314894
47-2073,-0.02441565361144838,-2.0642073222918227,-0.12799534857093597,-0.08736942220470434,-0.06795965478305055,0.027333728416818914,0.20055488099679497
47-2081,-0.000979101664836524,0.06593177891057575,-0.07110403233093487,-0.0026242623808685472,-0.08692647027719014,0.01844670032712381,0.25424342744590644
47-2082,-0.0052065271364721616,-0.26870952593842135,-0.11219747929373147,-0.019449853106952908,-0.10768138418959072,0.014933758002812159,0.14464894049478438
47-2111,-0.02092906473568634,-2.536572366356039,-0.10250915631313662,-0.08427876183144623,-0.05404672233215324,0.03581632785046285,0.11757732936310239
47-2121,-0.00904087624357319,-0.8629717125693834,-0.1023020933043064,-0.04368539900357238,-0.0797640876487673,0.021147393348033283,0.24581106565513178
47-2131,-0.003243731111888182,-0.13388383171332408,-0.0652809396944618,-0.009693739357056419,-0.07594789696823945,0.020360696630834063,0.19630541358829756
47-2132,-0.008021283626386726,-0.5947408377368717,-0.05310697013085974,-0.028165650803283704,-0.03634505225112816,0.011403732923552123,0.1808253504658861
47-2141,-0.0008597952469667151,0.08071521281640393,-0.08293062111098415,-0.0007320928255181158,-0.10315247793764737,0.020953949652181336,0.20385705306174584
47-2142,-0.0012542882527772064,0.025718369329986786,-0.06521187095375724,-0.0026700979337448416,-0.08053924763489295,0.01799747461488055,0.2522836139558131
47-2151,-0.0022199136325320654,-0.0539907571410012,-0.06906501127810483,-0.010098794051750293,-0.07055964323101671,0.011593426004662177,0.233168163364188
47-2152,-0.012013704594285862,-1.165704013101356,-0.09776766430968031,-0.0512902895006353,-0.0693294137804763,0.022852038971431288,0.14538581280849838
47-2152,-0.03172629208685142,-3.780228330924517,-0.1334385902982591,-0.12646664605860236,-0.040674282544366225,0.03370233830470948,0.14538581280849838
47-2161,-2.9035426673237034e-05,0.11943553218859217,-0.07588135506898164,-0.00019751401131129498,-0.09950801213775096,0.023824171080080614,0.23795325278010315
47-2171,-0.000637684818612944,0.06697127233185343,-0.07141887686518889,-0.0010750045639329464,-0.09039350813580649,0.02004963583455055,0.18338031814219669
47-2181,-0.013908730773698013,-1.090617072439941,-0.10195821890376822,-0.050792705223309476,-0.07203941777305012,0.020873904092591378,0.27512830619258866
47-2211,-0.015516309591596139,-1.1265064482872147,-0.09557785745000213,-0.054530987100389616,-0.05902532326204213,0.01797845291242961,0.2038921546460819
47-2221,0.0004318053319667207,0.09826183587278411,-0.07716439681611753,-0.0021873766452040755,-0.0931330293521575,0.01815600918124405,0.13154529465289322
47-2231,-0.07574008561069645,-11.717753967120723,-0.24739467563679618,-0.35494472289471357,0.09389219772548518,0.013657849532432209,0.16887035681972495
47-3011,-8.150979553465314e-05,0.09736664325851196,-0.08076810266731282,-0.00027294877591232947,-0.0942902036553912,0.013795049763990708,0.2949995352214363
47-3012,0.00017246086677968274,0.1046659554201779,-0.08243036921856373,-6.738254048421766e-05,-0.09902750117541581,0.016664514497336302,0.2812105795797657
47-3013,-0.0009492552112686342,0.041636454587881094,-0.0768225297428966,-0.003231604986764225,-0.08801077778299504,0.014419853026862661,0.262169256666561
47-3014,-0.00016438128941332448,0.07192284183937024,-0.13932283950819357,-3.2649099914294766e-05,-0.15113051049683923,0.011840320088559952,0.25565506411945504
47-3015,-0.0008227101158379568,0.0662236125979778,-0.07765150662523279,-0.0005632264588397717,-0.08952314968875585,0.012434869522362835,0.2772585253072526
47-3016,-0.0055646557158447706,-0.3266482330587771,-0.080554149356729,-0.021159356256212014,-0.07727683123002604,0.01788203812950906,0.3184537311185349
47-4011,-0.0803379923906443,-23.181299183335888,-0.3955897267848125,-0.6538984234051539,0.24297383726452138,0.015334859355820019,0.2071896233719679
47-4011,-0.05489262129793976,-30.809298874189576,-0.4393937309345608,-0.8355028765417787,0.37668011898674125,0.01942902662047663,0.2071896233719679
47-4021,-0.016002896078972245,-1.868331228691332,-0.08646276825537047,-0.06588471514959338,-0.03236638986757878,0.011788336761801688,0.25711689026464857
47-4031,-0.0007014328629083948,0.04294090891704759,-0.06216196529722362,-0.0026343999179054833,-0.08188624173424053,0.02235867635492239,0.29304246196221406
47-4041,-0.03668025731397881,-4.27728276279191,-0.16827698670679236,-0.16702024877301547,-0.02519768393258648,0.023940945998809582,0.11909802940240644
47-4051,-0.000921613618338927,0.05801876323595402,-0.061370018773036605,-0.004143876329049334,-0.08183397535023351,0.02460783290624624,0.21018973596424972
47-4061,2.9911299404972703e-05,0.0959760208007729,-0.06983972550533935,-0.0009736261525601364,-0.08784172695592085,0.018975627603141643,0.22247592026682295
47-4071,-0.0018081873109477198,-0.05131682723530426,-0.07147711953148672,-0.008983438064349425,-0.07486628922719607,0.012372607760058774,0.22387359254181494
47-5011,-0.000970297179974357,-0.08138335125761081,-0.06655638385584028,-0.009639940872194774,-0.07077742872471093,0.013860985741065424,0.22110517599062263
47-5012,-0.002362642547918123,-0.2301402487236007,-0.05975923775622238,-0.013132353636878147,-0.06371785603180635,0.017090971912462116,0.21103880147970866
47-5013,-0.01835956737273629,-1.7604473014360795,-0.08718692563300223,-0.0668284014781011,-0.03657620635930092,0.016217682204399786,0.21859383116837172
47-5022,-0.0005543075121815043,0.018345431664627154,-0.07739050937435188,-0.006365493694319824,-0.08717524061535764,0.016150224935325586,0.2482663542138206
47-5041,-0.03938305757408222,-2.992641460728779,-0.20205224788562504,-0.19994343038723006,-0.01173814717367394,0.009629329675278964,0.1116611665644589
47-5043,-0.019223214237250326,-1.2361964118494455,-0.09799808704011426,-0.06360171698084471,-0.045438632775701926,0.011042262716432383,0.2845091454112034
47-5044,-0.00044487342305292427,0.05713335128464519,-0.08085343336559259,-0.0016321324833428186,-0.09538534661645359,0.016164045734203825,0.31810482493586667
47-5051,-0.001087614220464992,0.03301186924430806,-0.08688498610316442,-0.002220872031949206,-0.10014960263892281,0.015485488567707595,0.3014279933564161
47-5071,-0.0012882118732842666,0.023566469889375413,-0.08944625473893231,-0.0012185504969779437,-0.1005495324162835,0.012321828174329141,0.18800641843551746
47-5081,-0.008768427615421796,-0.5538502590458915,-0.04670149912043353,-0.036756467303662,-0.019946768003682003,0.01000173618691047,0.25131442828090567
49-1011,-0.20680961942543624,-13.397811238509673,-0.36941020339996467,-0.45185240165756335,0.03437866763067765,0.048063530626921036,0.16840477976549417
49-2011,-0.018841821998294858,-1.4097389855349622,-0.08036974079243464,-0.06715594670845171,-0.026398020594175176,0.013184226510192243,0.1900941822747524
49-2021,-0.021863688425875043,-3.120171199407308,-0.0781867121415094,-0.07185679246531196,-0.022806834249916808,0.01647691457371936,0.13737448682352094
49-2022,-0.033630182100543526,-3.5609072234899846,-0.11515824868133606,-0.1200797136594205,-0.015840508415249754,0.020761973393334188,0.0984400728132524
49-2091,-0.04138176258154959,-3.76903775967916,-0.09140535211786549,-0.07415750037451074,-0.033978060892652096,0.016730209149297348,0.22497789194051787
49-2092,-0.0010837367318481629,-0.05630407048786948,-0.10873915792483047,-0.014549792945278028,-0.10336489779239155,0.009175532812839116,0.24304796025184494
49-2093,-0.01622325396642845,-1.6974375610004797,-0.13660423012792222,-0.13240415745003453,-0.017650970442451897,0.013450897764564207,0.3057317650928857
49-2094,-0.03348820783127372,-5.541660369550037,-0.07505879583928454,-0.09508652056155587,0.007032711685221571,0.012995013037049752,0.2226523749369349
49-2095,-0.05737085917640676,-5.849732186999272,-0.11262543544148507,-0.1922055666521194,0.06690033651223093,0.012679794698403413,0.21871163430975438
49-2096,-0.05178213220569926,-5.23956886324016,-0.168313818414084,-0.18781052052821678,0.007817289996975951,0.01167941211715684,0.25889092206776976
49-2097,-0.010306844088980902,-1.2952565658395845,-0.08154093086819358,-0.04831753622045154,-0.04817729880551358,0.014953904157771536,0.2864965358576792
49-2098,-0.08794692548934033,-8.575303849619944,-0.2112172312957039,-0.25270517326462016,0.02360975387742492,0.01787818809149133,0.20444821219249487
49-3011,-0.018339684957550745,-2.4177563472737913,-0.10838454080514914,-0.10317048832001685,-0.021004130125028997,0.015790077639896705,0.22021814698510456
49-3021,-0.013674108698773765,-1.0818533740523566,-0.07144210134676898,-0.04270003048257731,-0.05076810831586043,0.022026037451668756,0.23084650414708596
49-3022,-0.0005203229403855582,0.0923503492881064,-0.06112268331335846,-0.0019734819311354457,-0.07646147550389326,0.017312274121670246,0.2862275267407868
49-3023,-0.007673887802054724,-1.5687200554550862,-0.09567997985531207,-0.04612635352000982,-0.07359796196487567,0.02404433562957342,0.18446024314011655
49-3031,-0.008638288530147283,-1.2434858153931816,-0.08788610723641055,-0.046840214102354505,-0.05986186066039467,0.01881596752633863,0.24183568432636227
49-3041,-0.0065052017445968524,-0.503305105657027,-0.06571936890535879,-0.025490830193627634,-0.05361214034467521,0.013383601632944053,0.29272110480665603
49-3042,-0.003143390170545851,-0.2686228438678576,-0.06800191041078207,-0.014005714317967044,-0.07227729218976853,0.018281096096953497,0.2050541866440967
49-3043,-0.002064464194532776,-0.07616828062705175,-0.0647325166104804,-0.008163919886678528,-0.07156435808824524,0.01499576136444336,0.18010589857587123
49-3051,-0.010469679475654883,-1.2303806131896244,-0.08561378282478183,-0.0395242793301116,-0.05809613067759667,0.012006627182926444,0.3311377372351094
49-3052,-0.007086707640755462,-0.5712356179937285,-0.09344503371820867,-0.024974598663118464,-0.08200736715286139,0.013536932097771182,0.255790629150876
49-3053,-0.0026899322713678365,-0.11876464621136221,-0.07901441401361353,-0.013734765080627653,-0.07657918380160345,0.011299534868617567,0.2821946940615323
49-3091,0.001018134690085538,0.09544614769714457,-0.07241986915058085,-0.002173078231822334,-0.09254800755845105,0.022301216639692534,0.3441829770843534
49-3092,-0.004110914302597619,-0.4758827752772219,-0.06639788121922008,-0.022472980279814703,-0.05839370864931892,0.014468807709913545,0.29894526473049154
49-3093,-0.0005307749696396295,0.05922546559519351,-0.08376032375977704,-0.0034347751718804,-0.09876653692534854,0.01844098833745189,0.27507571202619596
49-9011,-0.001923955590648864,-0.11501543176966583,-0.06428349444132575,-0.008978879746847301,-0.07724841648726688,0.02194380179278843,0.29279653504420855
49-9012,-0.004928343943285913,-0.5602330059361341,-0.06946283422820043,-0.02239731069855999,-0.056601291285508726,0.009535767755868285,0.24656912977419676
49-9021,-0.012145961043340021,-1.0102686599919661,-0.09842022741867673,-0.06074730522254157,-0.06301941404761591,0.025346491851480746,0.2245936304696552
49-9031,-0.013369523284859564,-1.4901875542940295,-0.1235771137414603,-0.11220868880844437,-0.027332397543654352,0.01596397261063842,0.23587211569159017
49-9041,-0.008564245991562284,-0.6705299906572364,-0.0865082616437487,-0.0340490034149874,-0.07612361952608149,0.02366436129732019,0.18542113308411912
49-9043,-0.00043822247786434395,0.04885362680401933,-0.06718388042811085,-0.0033893670187752356,-0.07591295938191545,0.012118445972579828,0.2469284563376517
49-9044,0.00023400736298871368,0.04529037128938716,-0.07129745694816947,-0.0024999069068760704,-0.07952809886637757,0.010730548825084174,0.1678025876921243
49-9045,0.00019774956768656973,0.10591774898660411,-0.07846265011736442,-9.50279782330199e-05,-0.0979106459811625,0.019543023842031104,0.12720118713770567
49-9051,-0.00793877466183849,-0.5439675948283288,-0.09356242085361233,-0.03948412620496056,-0.0730262257188854,0.018947931070233626,0.27359885842915777
49-9052,-0.018897001644588688,-1.3113116555636786,-0.07937291380640099,-0.08113547061598014,-0.016117414962125043,0.017879971771704195,0.26947033731507153
49-9061,-0.022370459050098417,-2.5661468577998705,-0.329446190764652,-0.06713506730186314,-0.2673517712316116,0.005040647768822737,0.30479010856972044
49-9062,-0.05607568973970808,-6.462773625042802,-0.13862190153136877,-0.2375637716465806,0.08518311814469381,0.013758751970518013,0.22407178225719182
49-9063,-0.007754302808011729,-0.5366701391729297,-0.2300817474763064,-0.07935462157971163,-0.1636299235245655,0.012902797627970752,0.23644851700507674
49-9064,-0.010823780151953026,-1.529739876247526,-0.062439553275106086,-0.04898791467346664,-0.031185615167872882,0.017733976566233434,0.4581924683173906
49-9071,-0.0011569541872192975,-0.041284604991648155,-0.08011712351064881,-0.007584349512035793,-0.10636841143014131,0.03383563743152829,0.238040028771775
49-9081,-0.034685453482314645,-5.379624298470042,-0.08034415576892417,-0.1292093783133943,0.041918360264443955,0.006946862280026167,0.1921655034261378
49-9091,-0.002555651027791839,-0.13402862492626755,-0.0828841941967462,-0.008100962084234276,-0.08550981315330608,0.010726581040794159,0.2922225416216997
49-9092,-0.033623889295636755,-5.253058194708949,-0.11319550550112378,-0.13731813185337804,0.004963080672706788,0.019159545679547474,0.37861313984674627
49-9094,0.0006856067442558281,0.11583948570232186,-0.0774852064645728,-0.0003927673852897051,-0.09880087448563923,0.02170843540635614,0.2022927558340193
49-9095,-0.004003639519514546,-0.2780590145356044,-0.10500504952517353,-0.05329788330525442,-0.06079921699739277,0.00909205077747366,0.3054785722554012
49-9096,-0.0016927921843868708,-0.03771970303793756,-0.08357350985557144,-0.010512932594541002,-0.08567478350048896,0.012614206239458525,0.2085591870108119
49-9097,-0.002806551386978328,-0.24192919910681515,-0.029566209947881728,-0.015481443985096988,-0.0269570554558336,0.01287228949304886,0.22426904383594426
49-9098,-0.003303681224521285,-0.13577682738491054,-0.07778133179962676,-0.013385458387090932,-0.07417504828253652,0.009779174870000684,0.26058107838634026
49-9099,-0.042905071143477705,-7.105659821493227,-0.13772102103080686,-0.1927772487441053,0.03476010628865378,0.020296121424644653,0.21190570789923768
51-1011,-0.18415964776324634,-8.971205057965529,-0.2814115064261906,-0.3136021326223952,-0.01386415159944443,0.04605477779564904,0.19395645745679868
51-2011,-0.005997166835465794,-0.4227732074180959,-0.09214041279501961,-0.025152865749796582,-0.07832659076571691,0.01133904372049388,0.187361279112777
51-2021,-0.0028410580200685515,-0.08811572062603047,-0.09263099515147655,-0.011345205685816762,-0.08744394205999573,0.006158152594335942,0.27766624970463516
51-2031,-0.002882375211374915,-0.09567218763064891,-0.07774630249702286,-0.01450991249054523,-0.07446021344970477,0.011223823443227143,0.1623822458973163
51-2041,-0.0015205105960545892,-0.004288715616925107,-0.06836618838049446,-0.0032853110254538187,-0.07467555775810375,0.009594680403063105,0.23968973617400824
51-2051,-0.0013789920674053542,0.030623842245205854,-0.08950829283582795,-0.0056097690754408625,-0.09900982017588156,0.015111296415494468,0.2785549665480973
51-2061,-0.003305545813642845,-0.17339277830815786,-0.0683428126836434,-0.014912065275369368,-0.06753569568969198,0.01410494828141795,0.5793204459357657
51-3011,-0.01861192274619622,-1.8890533617096272,-0.10527501625977731,-0.06645621314914552,-0.058852250656405314,0.02003344754577352,0.2932969103361103
51-3021,0.0005837784858272213,0.09843555179847205,-0.08418263217295507,-0.0021935081011061897,-0.11079904719872058,0.028809923126871695,0.21155295149929998
51-3022,-0.0002042996236181739,0.09788459486277888,-0.08566660705383145,-0.00012029409899394494,-0.11292573254321958,0.02737941958838208,0.3094638432728791
51-3023,-0.0007366559469695892,0.021346667687976873,-0.08224357026897211,-0.0005015640833234691,-0.10248495878094754,0.020742952595298902,0.31696443113788275
51-3091,-0.015579223142514522,-1.0198355082369965,-0.07925771617080457,-0.039214753179525275,-0.05019462505956174,0.010151662068282441,0.34927435512056126
51-3092,-0.03542056510272188,-3.458481793434871,-0.12923560877057572,-0.12326712449805965,-0.02122023050612354,0.015251746233607477,0.3174704468701859
51-3093,-0.015123369916215483,-0.981946568043558,-0.11428605723838148,-0.06965932807647679,-0.057977654594264294,0.013350925432359606,0.29035230100765963
51-4021,-0.0039386203144135224,-0.16745825128058972,-0.0849819956273059,-0.019384618279132848,-0.07957482692171602,0.013977449573542966,0.2729695612897687
51-4022,-0.0005014181906398757,0.06931513549940344,-0.12169200855344942,-0.002974205193279289,-0.12758567671854681,0.008867873358376688,0.21185829733571193
51-4023,-0.0033338768891117746,-0.16258608228306115,-0.06259661330931943,-0.02280327147884531,-0.055211752514475965,0.015418410684001849,0.2133370211125012
51-4031,-0.00015095146735244025,0.08102966353643792,-0.07469695179152458,-0.0011636804571044657,-0.0864082946640945,0.012875023329674384,0.2629931105556804
51-4032,6.439327695269975e-05,0.09129476823811836,-0.0752327495454157,-0.0013825656502670647,-0.09231260439435962,0.018462420499210985,0.23218857174556629
51-4033,-0.0006024533516234375,0.056597567641582004,-0.0735864101006749,-0.002909405464936121,-0.0810736253308244,0.010396620695085623,0.25399899365157497
51-4034,-0.0008306582459811692,0.053867455742879905,-0.06534844772305792,-0.003043340629590663,-0.07215527960738033,0.00985017251391307,0.23305279837698167
51-4035,-0.0005970726187849546,0.07037961500989527,-0.09199939643754096,-0.0018260087022676785,-0.09721874836740252,0.007045360632129238,0.20084575782856584
51-4041,-0.020417070698466263,-2.7702184743843508,-0.10330007428148225,-0.07533367391968548,-0.046334780046724866,0.018368379684928104,0.27921939853304734
51-4051,-0.00464134812157842,-0.3072595384050649,-0.0700043145259559,-0.01963451104621905,-0.06541322613988054,0.01504342266014369,0.25350034094976115
51-4052,-0.0030010502308691115,-0.13397163343107688,-0.1570523066539482,-0.008029222824499804,-0.15665398171424094,0.007630897884792542,0.29372195390947464
51-4061,-0.04673383754003578,-4.21034811134031,-0.001994674949294506,-0.08552209941142763,0.07689039991282254,0.006637024549310588,0.1051780838412113
51-4062,-0.00205558604035118,-0.026025155730380667,-0.1316554097395466,-0.0054500793499574485,-0.13835418363153718,0.012148853241948032,0.2125331356907103
51-4071,-0.0002502441828663706,0.07298205123638685,-0.09708027901872684,-1.9384814062384237e-05,-0.10786316394934348,0.010802269744679016,0.3014673883392458
51-4072,-0.0008508420996857704,0.038653670978504695,-0.07504665606737548,-0.0031598900488325476,-0.08501462015552175,0.013127854136978812,0.3220365959538891
51-4081,0.0006582896091572004,0.09568480550175903,-0.07094603895600393,-0.001175712818565433,-0.086746940233843,0.016976614096404496,0.2609983547135859
51-4111,-0.002549723436258489,-0.17831510223359504,-0.0790773697494509,-0.015186543464116742,-0.07616384974439505,0.012273023459060894,0.17217509045233514
51-4121,-0.003811834257445237,-0.24518405004592536,-0.0880238687140813,-0.013741146282932881,-0.08755295857862277,0.013270236147474357,0.23491927008487057
51-4122,-0.0013837061622561553,0.022720436207186084,-0.08822747561428201,-0.007254122924350792,-0.089368037306222,0.008394684616290782,0.22379480500052962
51-4191,-0.0021860711304536426,-0.09184054434538377,-0.056307963652189486,-0.010251082814360046,-0.0603676024746882,0.014310721636858759,0.24263692609258225
51-4192,-0.0005496077441688935,0.08257447108489066,-0.08631558189054722,-0.0034331093230344223,-0.09494847651347582,0.012066003945963022,0.2461179242195688
51-4193,-0.005569450513407674,-0.29531377295850014,-0.06532661772039727,-0.017516534216152735,-0.05677950897148376,0.008969425467239223,0.27234770845167455
51-4194,-0.00014753888844154788,0.07788251380774414,-0.08604290101513046,-0.00133289616918697,-0.09392362902657547,0.009213624180631985,0.24127536912461434
51-5111,-0.030171560301506205,-3.3772217092698007,-0.14935040463375904,-0.16460690410723755,-0.0031734961997744726,0.018429995673252986,0.18377498328843034
51-5112,-0.010324304220798488,-0.8749084749086593,-0.059552158056781934,-0.0370320026439952,-0.04729620259535583,0.024776047182569094,0.2156749186569371
51-5113,-3.9991439786792064e-05,0.0347835742281003,-0.08796836023715127,-0.004028208822020929,-0.09989633996897007,0.015956188553839734,0.24640764709163054
51-6011,-0.00711051581528937,-0.42271806210076224,-0.09296515876935763,-0.030093813586000717,-0.07977736818433101,0.016906023000974102,0.36574025873576854
51-6021,-0.0008915583389109317,0.016433781289536636,-0.08180292548735135,-0.002867871733649441,-0.09285505731323562,0.013920003559533711,0.3707626902677976
51-6031,-0.0010236214134348887,0.029619637521780116,-0.08222261323796864,-0.001493202112663905,-0.09347733532425284,0.012747924198948102,0.32800000294523324
51-6041,-0.0036138366882707313,-0.1462781203809433,-0.08179030056271186,-0.008281792067388327,-0.0893631556073915,0.015854647112067966,0.24582594029907057
51-6042,-0.0028195461608675016,-0.08657440021152109,-0.1957662833926186,-0.01646606690485264,-0.18315425721934897,0.0038540407315830194,0.153567419384943
51-6051,-0.00033762364636781247,0.07985084987273285,-0.08557330108035899,-7.545307931655643e-05,-0.10634337792807624,0.020845529927033812,0.19725578036208224
51-6052,-0.006267615815917759,-0.5649904178781855,-0.1340977082910717,-0.02441584119550244,-0.12272353503276401,0.013041667937194745,0.27873124193169607
51-6061,-0.005105317397562338,-0.45627525018132553,-0.051645242911920075,-0.029575901685714,-0.032163139142474595,0.010093797916268521,0.2597532969267706
51-6062,-0.010110008711470558,-1.1912842588780412,-0.1334185907649914,-0.029565650113826614,-0.11293354659306454,0.009080605941899744,0.29991684183624434
51-6063,-0.0026060559805292506,-0.43456730737875043,-0.062453654909865985,-0.013560853190084377,-0.05777154435863219,0.008878742638850579,0.2770427464889069
51-6064,-0.0017419303217717768,-0.02544961791111333,-0.0901822368915206,-0.004784977042775473,-0.0941767838477312,0.008779523998986072,0.26096664020085303
51-6091,0.0001499171018345424,0.10780936344423406,-0.07118573784908877,-0.0007759766268096158,-0.08310792212756724,0.01269816090528808,0.24996943816557327
51-6092,-0.0077242610328599895,-0.8756544401543125,-0.07098293894880214,-0.048787712548501894,-0.045555024799805555,0.023359798399505305,0.33091923762270214
51-6093,0.0005197223862377592,0.05650308571009331,-0.06349427421967713,-0.0029448529996294326,-0.08401145172630109,0.023462030506253395,0.27696768423937446
51-7011,-0.016032212245409738,-1.6961937825538864,-0.08986851323635392,-0.03894522909989151,-0.07219134857306342,0.02126806443660101,0.26535447043104776
51-7021,-0.008310807857943655,-0.977188466150505,-0.018865653479795075,-0.04677725383081999,0.007091550664803936,0.020820049686220976,0.3153059581900517
51-7031,-0.002030443299490443,-0.06397304484484967,-0.02232580873527512,-0.007944826050908294,-0.02848564891424621,0.014104666229879381,-0.046703889865437276
51-7032,-0.0004790441522936452,0.047398646444740206,-0.0626733060310003,-0.003500343835160624,-0.07758637224076192,0.01841341004492225,-0.267894113949942
51-7041,-0.0014224056870173049,-0.003580105517438717,-0.07235016423892082,-0.004355146470196303,-0.07953882882756558,0.011543811058841058,0.3409569862653319
51-7042,-0.0009410594394375961,0.02543143866586134,-0.08361829012235544,-0.0033828990233693013,-0.09289851023615192,0.01266311913716578,0.33647223662121295
51-8011,-0.12078915839736709,-12.955160723005822,-0.32649749878220646,-0.4148563153880698,0.06459212772531275,0.023766688880550557,0.2008399718061864
51-8012,-0.007204681012971046,-1.870859181017007,-0.013061126928947342,-0.07980213229379984,0.04918691656172891,0.01755408880312359,0.16259918309919819
51-8013,-0.011114509259859755,-1.3978502410312816,-0.056162908009065315,-0.06720399588712622,-0.0018131233048941375,0.012854211182955044,0.218770737105769
51-8013,-0.029337463048396878,-2.9642491806630424,-0.07789567203053593,-0.08365641556088921,-0.009914112999233726,0.015674856529587,0.218770737105769
51-8013,-0.010933832291079736,-1.4276944843051849,-0.057840610737918574,-0.04435258002410114,-0.02965934809041526,0.016171317376597827,0.218770737105769
51-8021,-0.05217106247314515,-5.572741800530608,-0.13440950307700295,-0.15762688661511426,0.007304774849148821,0.015912608688962493,0.2351197423609257
51-8031,-0.045707019315277424,-3.7357172173936335,-0.15435997473652963,-0.15510438433191753,-0.01965499927654868,0.020399408871936586,0.2287029818943589
51-8091,-0.035512320683827835,-4.191068467592501,-0.10745535018781949,-0.1099251445996412,-0.010245124594618016,0.012714919006439729,0.22241165733962465
51-8092,-0.03166898684537639,-3.963984872373463,-0.06864150877561315,-0.12168554123326158,0.03628055588338519,0.016763476574263247,0.2165335178040131
51-8093,-0.03221764546932715,-3.69955545489155,-0.07981618387244627,-0.14630349516581465,0.0464897258753707,0.019997585417997676,0.26542270015831626
51-8099,-0.04856756196595872,-6.605044738531139,-0.1298307071605631,-0.13166753429476685,-0.010277155289851514,0.012113982424055258,0.06749549162144808
51-9011,-0.0383451893979735,-4.105688331007294,-0.14839076054146627,-0.16239515271879368,-0.003402388101776399,0.017406780279103806,0.16653287805810368
51-9012,-0.02195526452259293,-1.9369677667269416,-0.06616920829584583,-0.08109756019498437,-0.00231579110900082,0.017244143008139368,0.22203574113998448
51-9021,-0.011706066233469944,-1.04170041270851,-0.06706561926458976,-0.04238997809003964,-0.03812957297219066,0.01345393179764054,0.2564690788695705
51-9022,-0.0005609442174604579,0.06148422848851988,-0.08444699844455705,-0.004092786510791591,-0.08872017269193533,0.008365960758169866,0.33238503747094317
51-9023,-0.009885434137817372,-0.6757417971909343,-0.10126967648415253,-0.042310861390413734,-0.07357675943950825,0.014617944345769462,0.25935393805434703
51-9031,-0.0005334494605574786,0.06889167386766738,-0.11203762571727172,-0.0002098702081787529,-0.12298880405877322,0.011161048549680253,0.2302805566293542
51-9032,-0.0010721309089222664,0.003517596788888064,-0.07483796479961491,-0.0046615773353679835,-0.0793726267645809,0.009196239300333975,0.2689513427065613
51-9041,-0.017420909648773342,-1.3799608362145646,-0.09804708457816513,-0.036635068795638936,-0.0729734981961978,0.011561482413671609,0.2543059112947832
51-9051,-0.01789282256725582,-1.1854446405878387,-0.08300280823507666,-0.04405142230737891,-0.04604572462659551,0.007094338698897751,0.18128313510147276
51-9061,-0.04709703475856459,-6.425552203356291,-0.14338617814822774,-0.16519112595471608,0.007976011487969448,0.013828936318518892,0.21567684995767245
51-9071,-0.03682238774211597,-2.9320716619541023,-0.20149690415259558,-0.18814648076920149,-0.029318977780817157,0.015968554397423063,0.25114477860707485
51-9071,-0.026041848615043273,-4.151593317134122,-0.12944779513683446,-0.1485860628809461,0.007394517934128153,0.011743749809983495,0.25114477860707485
51-9081,-0.015593868566145691,-1.2316946366634658,-0.06791916889571814,-0.053657441676539186,-0.03750237054110572,0.02324064332192677,0.1825731607706249
51-9082,-0.001296172949783315,-0.11680981855890937,-0.07571199288074881,-0.013323160357911146,-0.08175172898747096,0.019362896464633295,0.16591295875973255
51-9083,-0.006180252602094297,-0.432164033882575,-0.0932801451764087,-0.016491485346686208,-0.09120261006730157,0.014413950237579076,0.19047276902466104
51-9111,-0.0009237526940826905,0.04674992339086115,-0.08286350393749542,-0.0030367513726967665,-0.09797152247005414,0.018144769905255487,0.3326297727196681
51-9123,-0.0014463798380799314,0.03938297999268303,-0.07862859192625171,-0.004034912953268854,-0.08324303220694329,0.008649353233960433,0.23319388716771128
51-9124,-0.010594335869886048,-0.6592899874844638,-0.07370420353109575,-0.04323204759250476,-0.044134547023594095,0.013662391085003112,0.23506781184394576
51-9141,-0.006451208992457134,-0.5283881238061531,-0.07045189946713215,-0.030609213004454627,-0.051334322317379666,0.011491635854702142,0.3011160216859494
51-9151,-0.028210309009768186,-2.342030423741627,-0.12625444165312238,-0.16160622702368022,0.015944232918276846,0.019407552452280985,0.22931006622987393
51-9161,-0.0008786908440312246,-0.052644840007342736,-0.06907323600972548,-0.00892095350110278,-0.07860899290954082,0.01845671040091812,0.20716600692665565
51-9162,-0.040324914288947515,-4.136472313650877,-0.11047021439062688,-0.10231544313612284,-0.022786753945392313,0.014631982690888279,0.18789430767453785
51-9191,-0.006172187308262559,-0.3446373360959328,-0.06686794261623685,-0.02490303316559972,-0.05113299984404884,0.00916809039341171,0.30241253570901794
51-9192,-0.012434248772591592,-0.89927312133842,-0.09877703790145231,-0.037071669959123366,-0.06913800027752526,0.00743263233519631,0.3126773267883163
51-9193,-0.00811507602526099,-0.6093595594881991,-0.1061822326663906,-0.03529178579733161,-0.08393412914187959,0.0130436822728206,0.1577639773175905
51-9194,-0.0040188988095925015,-0.18701281829637786,-0.1312655396984086,-0.020661018641880968,-0.1197360822221949,0.009131561165667268,0.34670694988609263
51-9195,-0.003403774211351215,-0.18925881181323906,-0.08136346702963237,-0.016432951530953588,-0.07671358371511827,0.011783068216439485,0.3052529577036327
51-9195,-0.005378623318238828,-0.36322433397845844,-0.04967134635881143,-0.0250783213382757,-0.03929200190322035,0.014698976882684622,0.3052529577036327
51-9195,-0.006076449140212519,-0.34092482221100806,-0.08263343643381527,-0.029423300735865965,-0.06210660336192397,0.008896467663974672,0.3052529577036327
51-9196,-0.0002866777187451935,0.06845737165914545,-0.07524122622054952,-0.0018102109640607544,-0.08471590766100334,0.01128489240451458,0.2485992808213715
51-9197,-0.000811319240262003,0.041392192517220136,-0.08218597177450171,-0.0022723632354511025,-0.09212766902142944,0.01221406048237883,0.2209712115750606
51-9198,-0.01488946340518958,-0.9320827982593805,-0.12883740997418602,-0.06727869108891005,-0.07379527201728964,0.012236553132013661,0.2944496851027272
53-1041,0.0007117447331727365,0.07131251890202708,-0.05441214493627289,-0.004787306027020488,-0.08067786918415543,0.031053030274903026,0.07727571345042206
53-2021,-0.14825781440091917,-9.648578995179669,-0.3247332573057715,-0.42114989911922374,0.0697597717502334,0.026656870063218818,0.1856139492830433
53-2022,-0.10999470155281753,-7.492360608387511,-0.29305611257875386,-0.32917730311332427,0.014035259165399161,0.022085931369171252,0.07678542538294364
53-3011,-0.0378373299652484,-3.0230367485336656,-0.14951533051025878,-0.07820541527623082,-0.09331762285268841,0.022007707618660444,0.3138428984904529
53-3031,-0.017088644282369492,-1.3045042610646873,-0.12932263805682132,-0.060995985427917176,-0.1109637425117107,0.04263708988280657,0.4051969037348253
53-3032,-0.004317478198553945,-0.37552943059117194,-0.09487375658801733,-0.017887687722171197,-0.11432393103242156,0.03733786216657542,0.258893883138279
53-3033,-0.0012940402692372855,-0.021301414075797553,-0.08549361456582272,-0.004091307908179687,-0.1181138416345644,0.03671153497692137,0.25589474097835563
53-3052,-0.008944773038737882,-0.8741004688837443,-0.1088759525580425,-0.028131241200404666,-0.10830774832212642,0.027563036964488585,0.316386478727428
53-4011,-0.01368262627398965,-2.5321592524208585,-0.08146411301382672,-0.049345294155681785,-0.05011303020806057,0.017994211349915634,0.19331688927086743
53-4013,-0.0025751737036631382,-0.1109379397654151,-0.020733852526755303,-0.015158454597911764,-0.019101349362234288,0.013525951433390748,0.20579322663753397
53-4031,-0.00902627041254253,-1.4278908770305538,-0.09448044090709518,-0.055780082087770744,-0.06475995951678337,0.02605960069745894,0.16707832738126083
53-4041,-0.04659552515021894,-3.496863355204817,-0.1802468074779826,-0.1758676726686823,-0.02064017275309693,0.01626103794379663,0.24118394703743284
53-5011,-0.00917792316361941,-1.3559987711819663,-0.12077174373987676,-0.03536646100966001,-0.09943965702944801,0.014034374299231267,0.1698840845305032
53-5021,-0.01031478967804206,-2.4201597794150516,-0.1552545028630159,-0.17524864886903213,-0.004654220029703726,0.02464836603571996,0.24532245303377698
53-5022,-0.015997446206602012,-2.355632621530096,-0.2692182335175519,-0.07496325116954283,-0.2106183564728683,0.01636337412485922,-0.015201161332050628
53-5031,-0.026200181642701926,-3.3117111855590324,-0.043822487046734526,-0.11297920163551334,0.05455122882768615,0.014605485761092663,0.3839548625239724
53-6011,-0.020210927467431326,-2.8968239261927913,-0.09579378867068788,-0.08877148933717027,-0.020196620255148456,0.013174320921630844,0.14107859825990543
53-6021,-0.0007676851102956677,0.04824627677087331,-0.08077934042169899,-0.002406467153421854,-0.10231963888735329,0.02394676561907616,0.33493495730232636
53-6031,-0.0015928391091652003,-0.07319045358197167,-0.08010685684457064,-0.013246786963735158,-0.08428078901264024,0.017420719131804763,0.3479666160469477
53-6041,-0.2143564002287839,-15.452499960449314,-0.39709250447654787,-0.4126054997402,-0.006077540212453769,0.0215905354761059,0.21866573532439215
53-6051,-0.054241953137747975,-16.122143663947533,-0.22605428705988562,-0.36092646197159484,0.11441734637659184,0.020454828535117375,0.19459164938576867
53-6051,-0.050312382958084725,-16.136914552012342,-0.1896333690940839,-0.2881713198637499,0.09332597312500912,0.005211977644656862,0.19459164938576867
53-6061,-0.0010699561345111207,0.04938324499542529,-0.053295064826189176,-0.004731801821230341,-0.06459850405528655,0.01603524105032772,0.35023799573760206
53-7011,-0.009077614288729479,-0.5866828725594775,-0.09398727050645483,-0.033932438877599225,-0.0749021618121537,0.01484733018329809,0.20203394784766715
53-7021,-0.0005949389782798773,0.05127155792575283,-0.07961190637001447,-0.002820604237491864,-0.09126729261268807,0.014475990480165457,0.18287166224470264
53-7031,-0.00025408392498591956,0.08158793876053175,-0.06788028861232354,-0.0026308596345918644,-0.08722863127062253,0.021979202292890854,0.053368945981795424
53-7041,0.0005799984754060734,0.10148742563783313,-0.06806533348729893,-0.00018997011577548406,-0.07861197924510321,0.010736615873579769,-0.0562368397262496
53-7051,2.851281625356752e-05,0.08759724166549153,-0.08441721353396403,-0.000156791865637107,-0.11723545790296441,0.03297503623463749,0.24901293129262703
53-7061,-0.0020795178868185577,-0.05684265276786027,-0.08141231012725081,-0.006461603323136611,-0.09342301952778476,0.01847231272367056,0.3289555779288471
53-7062,-0.000527807508988138,0.06269075057524762,-0.08061417394153203,-0.0012990283745129005,-0.13144008821755349,0.052124942650534356,0.31015492830383984
53-7062,-0.0041630796490610715,-0.2326022787106129,-0.09582573773267256,-0.017142721486356427,-0.12742283537488297,0.04873981912856684,0.31015492830383984
53-7063,-0.005771201882945429,-0.2825417003660632,-0.08692375687615916,-0.023539585301359356,-0.07073438428195544,0.0073502127071556345,0.27930821678733553
53-7064,-0.004990708404270462,-0.2737674062767619,-0.10237961834112586,-0.014618497125083785,-0.11080760114539023,0.023046479929348163,0.33624290512152655
53-7065,-0.0017127633773067607,-0.055148838474524065,-0.08572974896408225,-0.0042712333495675825,-0.12956024420315249,0.048101728588637815,0.3104081890371164
53-7071,-0.01508590246436447,-2.031694926453697,-0.1058661537138712,-0.06425849254075189,-0.05507982061415495,0.013472159441035636,0.15572127854810836
53-7072,-0.010490359975063292,-1.1476497211792915,-0.05122311907133703,-0.09234067444568606,0.02827791080636155,0.012839644567987474,0.31614159136015507
53-7073,-0.0074441086741619845,-0.5588023057182581,-0.09212660016602436,-0.030280139941068818,-0.07052620636261375,0.008679746137658206,0.23978436706536854
53-7081,-0.013389687032257656,-1.608884432511238,-0.11339362975018341,-0.05668156107382849,-0.07649932686954752,0.019787258193192603,0.2725879688076871
53-7121,-0.009914004630393061,-0.6852895162580374,-0.08708037328737461,-0.0450711381082316,-0.05744220721040394,0.015432972031260928,0.32928961296686987
